"presLevel","model","gridID","refit","n_points","Mu1","Mu2","Sigma1","Sigma2","Nu1","Nu2","Theta","Rho","Kappa1","Kappa2","sigma_e1","sigma_e2","rho_e","Time","TimeCV","cv_status","RB","n","conv"
1000,"gauss_indep",100,TRUE,392,NA,NA,0.0157432326503475,0.101419519304458,NA,NA,0,-0.55763201112201,1.42594101159818,1.61431736082605,0.00835599288797071,0.0439177366225856,0,1.13550366939494,0,"CV_done",TRUE,1440,TRUE
1000,"gauss_indep",101,TRUE,410,NA,NA,0.0129765265621616,0.0863335022477891,NA,NA,0,-0.0800036365462796,1.2912220174037,1.3718493112918,0.00822665226247603,0.0441317503823162,0,1.5522135050374,0,"CV_done",TRUE,1668,FALSE
1000,"gauss_indep",102,TRUE,442,NA,NA,0.0122582157423731,0.08604561684469,NA,NA,0,0.070566383417086,1.3437986363591,1.41379146962909,0.0071904213311291,0.039569294053806,0,1.7832919732702,0,"CV_done",TRUE,1478,FALSE
1000,"gauss_indep",103,TRUE,408,NA,NA,0.0120183655833065,0.0940829238793296,NA,NA,0,0.166458375055472,1.39930129812449,1.35486459675503,0.00616797251663775,0.0378485722267541,0,1.40177674057031,0,"CV_done",TRUE,1413,FALSE
1000,"gauss_indep",104,TRUE,538,NA,NA,0.0111081172738012,0.0991923316122963,NA,NA,0,-0.175319504420893,1.42067304021212,1.43458625786236,0.00420419552797135,0.0419989191012204,0,8.03824073745145,0,"CV_done",TRUE,1444,TRUE
1000,"gauss_indep",105,TRUE,228,NA,NA,0.00911431997152032,0.11329790389833,NA,NA,0,-0.430330335540722,1.38061760278991,1.67218748572033,0.00352775577980005,0.0426079778450057,0,1.50301324169669,0,"CV_done",TRUE,803,FALSE
1000,"gauss_indep",107,TRUE,310,NA,NA,0.0144402685060706,0.304271919740152,NA,NA,0,-1.66297173246279,1.50807524707207,1.20320432073078,0.00381035920779229,0.0978268656786476,0,21.5164436780744,0,"CV_done",TRUE,596,FALSE
1000,"gauss_indep",108,TRUE,360,NA,NA,0.0445441580997779,0.792735158936884,NA,NA,0,1.65667035909228,1.51621313738947,1.42511400975806,0.00917944492125227,0.165245358891281,0,1.25859847732716,0,"CV_done",TRUE,1297,FALSE
1000,"gauss_indep",109,TRUE,610,NA,NA,0.0513504447994342,0.845820488166212,NA,NA,0,1.84020103509999,1.28336858813047,1.24884288952737,0.0114408174741664,0.185978065794741,0,8.54122444106473,0,"CV_done",TRUE,2069,TRUE
1000,"gauss_indep",110,TRUE,540,NA,NA,0.0570138047501333,0.804947385121222,NA,NA,0,1.72145556696988,1.02933851788995,1.4466713235672,0.0127740745762876,0.147277732080001,0,1.41193483088579,0,"CV_done",TRUE,1828,FALSE
1000,"gauss_indep",111,TRUE,373,NA,NA,0.0639569750888234,0.618318464086929,NA,NA,0,1.49323802511633,1.44329049316075,1.28341932054687,0.0125794964131696,0.112951026738364,0,3.43049075729317,0,"CV_done",TRUE,1604,TRUE
1000,"gauss_indep",112,TRUE,421,NA,NA,0.0990946360933404,0.528767062584907,NA,NA,0,2.68058791001316,2.75084731423632,1.89642451312525,0.0160499126190113,0.0995743416942772,0,4.95535335699717,0,"CV_done",TRUE,1679,TRUE
1000,"gauss_indep",114,TRUE,182,NA,NA,0.404960500158569,3.22861548724374,NA,NA,0,8.44853734006839,11.7045230846576,28.7018802385135,0.0303213843441679,0.128731162279528,0,1.31888370106066,0,"CV_done",TRUE,811,FALSE
1000,"gauss_indep",120,TRUE,836,NA,NA,0.0613132011158377,0.346058364763527,NA,NA,0,3.48690400034375,2.210021904381,2.47616456427197,0.0253289708301283,0.129830784230816,0,5.97529290848308,0,"CV_done",TRUE,2152,TRUE
1000,"gauss_indep",121,TRUE,713,NA,NA,0.0437740315608738,0.254105532970495,NA,NA,0,2.32987261563451,2.12223383020972,1.98015989203314,0.0198360747073027,0.106611306888389,0,1.22380562265714,0,"CV_done",TRUE,1869,TRUE
1000,"gauss_indep",123,TRUE,340,NA,NA,0.0108369206224754,0.172852152736992,NA,NA,0,1.21465830895706,1.7723298199386,1.66469278885471,0.00324750215239386,0.0726247303847837,0,1.2732615741977,0,"CV_done",TRUE,983,FALSE
1000,"gauss_indep",125,TRUE,290,NA,NA,0.0156295061339897,0.196108826367309,NA,NA,0,-0.798132951434393,1.47674454655619,1.63188457355542,0.00707032333864006,0.107713728063941,0,1.26422293219577,0,"CV_done",TRUE,750,FALSE
1000,"gauss_indep",126,TRUE,858,NA,NA,0.0221708835481567,0.244417718185217,NA,NA,0,-0.659497610275386,1.45850764205442,1.23093587019354,0.0105408202750677,0.100990474587041,0,4.47387744492955,0,"CV_done",TRUE,2395,TRUE
1000,"gauss_indep",127,TRUE,949,NA,NA,0.0232815366976667,0.22165317711835,NA,NA,0,-0.653108707059248,1.34035446439351,1.3115524492115,0.0112685033002491,0.0918734994690336,0,6.68248160825835,0,"CV_done",TRUE,3079,TRUE
1000,"gauss_indep",128,TRUE,476,NA,NA,0.0207507568433826,0.182077033107266,NA,NA,0,-0.698476315708965,1.65275960640179,1.56611287372673,0.0101061409948364,0.0830625467087193,0,1.5395498696963,0,"CV_done",TRUE,2188,TRUE
1000,"gauss_indep",129,TRUE,337,NA,NA,0.0223205759874155,0.155781047897431,NA,NA,0,0.12092775336355,0.0581137341024242,1.34620441233433,0.0129941879427631,0.0755264646170115,0,1.27346502784778,0,"CV_done",TRUE,1519,FALSE
1000,"gauss_indep",130,TRUE,330,NA,NA,0.0132274603908978,0.138378923596298,NA,NA,0,-0.347652274736177,1.55476106782967,1.07853476284995,0.00780664815476609,0.0577014834888502,0,1.35021710236315,0,"CV_done",TRUE,1265,FALSE
1000,"gauss_indep",131,TRUE,282,NA,NA,0.0122299439889537,0.123439820216285,NA,NA,0,-0.220811697254208,1.47704482005878,1.32924646354076,0.00705501441073776,0.0563434344691187,0,1.20626341748293,0,"CV_done",TRUE,1225,FALSE
1000,"gauss_indep",132,TRUE,353,NA,NA,0.0105566640733524,0.135123040971772,NA,NA,0,-0.34079447291587,1.02744510176427,0.972568404725966,0.00642895025387376,0.062944026883549,0,1.27822546393507,0,"CV_done",TRUE,1342,FALSE
1000,"gauss_indep",133,TRUE,631,NA,NA,0.0109529543690143,0.138391417349779,NA,NA,0,-0.156040986591701,1.184496339947,1.08413797954172,0.00615257749334234,0.0613736721972522,0,1.27519473784776,0,"CV_done",TRUE,1706,FALSE
1000,"gauss_indep",134,TRUE,326,NA,NA,0.00974456377180465,0.131488248512216,NA,NA,0,-0.297446979141303,1.29960264506551,1.08203915776208,0.00577008142154962,0.0615218636127141,0,1.26940140414017,0,"CV_done",TRUE,1501,FALSE
1000,"gauss_indep",135,TRUE,278,NA,NA,0.0076540627622238,0.122087775964338,NA,NA,0,-0.288728196738753,1.08909675723523,1.34548461255381,0.00397840633377641,0.0472606771766658,0,1.26989308481967,0,"CV_done",TRUE,1088,FALSE
1000,"gauss_indep",136,TRUE,250,NA,NA,0.0081707420215854,0.104296426608092,NA,NA,0,-0.283566511379978,1.2276540940038,1.35445971200766,0.00304225551225002,0.0420688637897253,0,1.33701347683039,0,"CV_done",TRUE,1185,FALSE
1000,"gauss_indep",137,TRUE,241,NA,NA,0.00765800011077609,0.114630277587427,NA,NA,0,-0.330527251289353,1.38767618838972,1.5978069085698,0.00275524331358084,0.0462649652376147,0,15.659068071776,0,"CV_done",TRUE,1109,TRUE
1000,"gauss_indep",138,TRUE,151,NA,NA,0.00899472057139353,0.146653779881802,NA,NA,0,-0.608358617978582,0.912073048463585,1.95151175413909,0.00221950180338034,0.0700579797055016,0,1.34228897608817,0,"CV_done",TRUE,682,FALSE
1000,"gauss_indep",139,TRUE,209,NA,NA,0.0145332019986655,0.262821603800375,NA,NA,0,-1.59906029438535,1.22618075081511,1.17926446473707,0.00338200397904196,0.0921738448326396,0,1.27028392595273,0,"CV_done",TRUE,758,FALSE
1000,"gauss_indep",140,TRUE,163,NA,NA,0.0261336265838808,0.459773402268503,NA,NA,0,0.449934180089454,1.54440798723496,1.41792617537059,0.00644482723501821,0.138253278405232,0,15.0656867545181,0,"CV_done",TRUE,915,TRUE
1000,"gauss_indep",141,TRUE,243,NA,NA,0.0320240907620847,0.441290911406652,NA,NA,0,0.534101420103744,1.32128168313294,1.34801848839997,0.009968814056459,0.145834348495979,0,23.0667567229271,0,"CV_done",TRUE,1089,TRUE
1000,"gauss_indep",142,TRUE,325,NA,NA,0.0371004731588472,0.281143306071555,NA,NA,0,0.493449719243828,1.48814967604249,1.12673350910769,0.0126522050430496,0.0952057732907614,0,3.00557904601097,0,"CV_done",TRUE,1378,TRUE
1000,"gauss_indep",143,TRUE,415,NA,NA,0.0361611090748655,0.199820517444988,NA,NA,0,0.807763225636331,1.48941305018963,1.30073158523858,0.013008253022197,0.0838833387224761,0,1.0357725458675,0,"CV_done",TRUE,1565,TRUE
1000,"gauss_indep",144,TRUE,477,NA,NA,0.0360356662080189,0.180026688595044,NA,NA,0,1.28618908951412,1.37180736858442,1.77137869802906,0.0102127646114469,0.0798617003720814,0,2.2603723547856,0,"CV_done",TRUE,1549,TRUE
1000,"gauss_indep",145,TRUE,520,NA,NA,0.0432660008027594,0.200380791076481,NA,NA,0,1.81378786165116,1.76655058796915,1.95947312404248,0.0127248232913474,0.0772937598012199,0,47.9443635821342,0,"CV_done",TRUE,1944,TRUE
1000,"gauss_indep",146,TRUE,327,NA,NA,0.0520605471177894,0.235393749089744,NA,NA,0,2.12346505149941,2.65542871220539,2.33343731139428,0.0148352123200433,0.0827053832104021,0,7.96183930973212,0,"CV_done",TRUE,1321,TRUE
1000,"gauss_indep",152,TRUE,153,NA,NA,0.157763254126051,0.668138748843351,NA,NA,0,6.72358849136642,4.73329029825787,3.35890482409491,0.0424380747576957,0.210427812485916,0,1.36161455346478,0,"CV_done",TRUE,584,TRUE
1000,"gauss_indep",153,TRUE,452,NA,NA,0.0725606185944588,0.393737484194321,NA,NA,0,8.07318344598381,2.1601430567746,2.20834439896903,0.0293391571958352,0.158809771923511,0,4.76252133667469,0,"CV_done",TRUE,1640,TRUE
1000,"gauss_indep",154,TRUE,592,NA,NA,0.0473964468784509,0.27169751480144,NA,NA,0,3.24065113835332,2.29178920253844,2.60411904150848,0.0122560482293023,0.0973970012435999,0,1.60244281715817,0,"CV_done",TRUE,1835,TRUE
1000,"gauss_indep",155,TRUE,130,NA,NA,0.0290606656790777,0.192410290195824,NA,NA,0,1.63014040653477,1.48330622941869,1.94709792866189,0.00995652892719047,0.0957819360063269,0,6.32278992394606,0,"CV_done",TRUE,1478,TRUE
1000,"gauss_indep",156,TRUE,842,NA,NA,0.0116915411825445,0.190070142152399,NA,NA,0,1.71767637158785,1.74583171478835,1.5766839537116,0.00408190715787003,0.0811042520314133,0,21.6916700163152,0,"CV_done",TRUE,1847,TRUE
1000,"gauss_indep",159,TRUE,191,NA,NA,0.0134264410031987,0.217628634737443,NA,NA,0,-0.589434521702391,1.54184170895765,1.24356029770206,0.00707782717840262,0.0940708904361252,0,1.22628910013095,0,"CV_done",TRUE,1011,FALSE
1000,"gauss_indep",160,TRUE,481,NA,NA,0.0115670976635418,0.189130248296694,NA,NA,0,-0.418931145687934,1.77630799803328,1.22942297723727,0.00713593597619589,0.0963121846985333,0,1.23684091969497,0,"CV_done",TRUE,1600,FALSE
1000,"gauss_indep",161,TRUE,416,NA,NA,0.00932403527397858,0.1546218780989,NA,NA,0,-0.238193866872759,1.84225396227907,1.27820727081011,0.00574979681003805,0.0923364521419339,0,6.59692668577035,0,"CV_done",TRUE,1718,TRUE
1000,"gauss_indep",162,TRUE,313,NA,NA,0.00814949029850953,0.125418433925971,NA,NA,0,-0.296964825564415,1.53204812051796,1.11329506656811,0.00518370352982581,0.090103333161539,0,1.24169909520006,0,"CV_done",TRUE,1328,FALSE
1000,"gauss_indep",163,TRUE,295,NA,NA,0.00740565505143347,0.124646115144559,NA,NA,0,-0.625490754684431,1.63497053402058,1.03103232461115,0.00313821249089887,0.077609552831482,0,1.20236894241638,0,"CV_done",TRUE,1375,FALSE
1000,"gauss_indep",164,TRUE,313,NA,NA,0.00556401888930562,0.127285601692951,NA,NA,0,-0.667134521924983,1.20861048456237,1.16681270025521,0.00269371661257805,0.0679017825132351,0,1.24071687405032,0,"CV_done",TRUE,1410,FALSE
1000,"gauss_indep",165,TRUE,435,NA,NA,0.00561444218762091,0.116863029766669,NA,NA,0,-0.775177216685229,1.19455277079917,1.07609023946844,0.00260700720048507,0.0711245771523417,0,1.24536450818733,0,"CV_done",TRUE,1468,FALSE
1000,"gauss_indep",166,TRUE,369,NA,NA,0.00558741894305117,0.140637134211399,NA,NA,0,-0.654882711362946,0.934954899298408,1.21625370055034,0.00252031002869153,0.0713945304387764,0,1.23625618379977,0,"CV_done",TRUE,1512,FALSE
1000,"gauss_indep",167,TRUE,327,NA,NA,0.00689893694127254,0.141373920331274,NA,NA,0,-0.898235395984728,1.41129231253466,1.21631032376233,0.00292172627470007,0.0771759486991634,0,1.23995910786368,0,"CV_done",TRUE,1610,FALSE
1000,"gauss_indep",168,TRUE,356,NA,NA,0.00635609082852971,0.136162882197181,NA,NA,0,-0.813842880640682,1.46332017531507,1.34773894725063,0.00303148972146194,0.0821502682007447,0,1.26717619960507,0,"CV_done",TRUE,1465,FALSE
1000,"gauss_indep",169,TRUE,245,NA,NA,0.00529390999837425,0.138804111482062,NA,NA,0,-0.728979124006704,1.04960717622096,1.84713758689288,0.00220321348061085,0.0786937579388678,0,1.2042998173143,0,"CV_done",TRUE,1220,FALSE
1000,"gauss_indep",170,TRUE,260,NA,NA,0.00556139349124554,0.109166129340445,NA,NA,0,-0.739268307310322,0.960277059615235,1.80319213236044,0.00228314673150359,0.0800106323007288,0,1.23731067454097,0,"CV_done",TRUE,1173,FALSE
1000,"gauss_indep",171,TRUE,345,NA,NA,0.00537252721760191,0.0975494339625307,NA,NA,0,-0.705251684435429,1.07523460011884,0.872758902886987,0.00202122661107776,0.0830307421980229,0,1.2735519408407,0,"CV_done",TRUE,1227,FALSE
1000,"gauss_indep",172,TRUE,379,NA,NA,0.00572252411450938,0.115748310757002,NA,NA,0,-0.516159963441312,1.06885359977162,2.06379096309213,0.00177833179263591,0.0784123285656108,0,1.23456365295306,0,"CV_done",TRUE,1324,FALSE
1000,"gauss_indep",173,TRUE,366,NA,NA,0.00704892545915109,0.146596325953824,NA,NA,0,-0.860673007826959,0.742039849279768,3.46831537762822,0.00208001123750098,0.0757000183193753,0,14.8682805607716,0,"CV_done",TRUE,1140,TRUE
1000,"gauss_indep",174,TRUE,143,NA,NA,0.0200526515946211,0.131762017275283,NA,NA,0,-0.278508007607221,0.744447692590989,2.11348989376642,0.00336587669957117,0.0798910000251354,0,5.96955987777975,0,"CV_done",TRUE,838,TRUE
1000,"gauss_indep",175,TRUE,134,NA,NA,0.0295370944005059,0.181292305089495,NA,NA,0,-0.424739450905807,0.860072842060407,1.94091883704589,0.0049993522091963,0.080421725483956,0,1.2147607024014,0,"CV_done",TRUE,499,FALSE
1000,"gauss_indep",177,TRUE,175,NA,NA,0.0390194665002676,0.126671281932812,NA,NA,0,0.42425380127676,1.4415921480211,1.24850414758496,0.0194297411851396,0.0635367869823515,0,11.0600896192259,0,"CV_done",TRUE,643,TRUE
1000,"gauss_indep",178,TRUE,256,NA,NA,0.0354046041928665,0.101931472165,NA,NA,0,0.666930289487017,1.75948683567802,1.58604089060895,0.0129133520075349,0.0447558842826362,0,2.5659779062536,0,"CV_done",TRUE,971,TRUE
1000,"gauss_indep",179,TRUE,262,NA,NA,0.0263648889738564,0.089267368349986,NA,NA,0,0.40299518382493,1.71304453289606,1.23804329392554,0.0110207855277068,0.0463722213528963,0,2.29578735146258,0,"CV_done",TRUE,1290,TRUE
1000,"gauss_indep",180,TRUE,570,NA,NA,0.0225943217796801,0.0943957401538613,NA,NA,0,0.365804625207222,1.77736893983337,1.58807588940261,0.0104619476959377,0.0527520031650118,0,48.1397740284602,0,"CV_done",TRUE,1739,TRUE
1000,"gauss_indep",181,TRUE,221,NA,NA,0.0209763514442684,0.0891972865477922,NA,NA,0,0.358669385132997,2.19401946912272,1.95825771197145,0.0106332051745691,0.0531853820928687,0,17.0254253878858,0,"CV_done",TRUE,1197,TRUE
1000,"gauss_indep",187,TRUE,113,NA,NA,0.00376722618640832,4.84885325109211,NA,NA,0,4.17167502062384,0.0956422116722979,1.61875278108131,0.0510107894969855,0.147497953943341,0,1.40265923771041,0,"CV_done",TRUE,494,FALSE
1000,"gauss_indep",188,TRUE,266,NA,NA,0.0548012171796816,0.312248687291843,NA,NA,0,3.4988990142364,2.42125836941376,2.12189994940505,0.0185955821928208,0.13480504246076,0,23.0494618013832,0,"CV_done",TRUE,983,TRUE
1000,"gauss_indep",189,TRUE,335,NA,NA,0.0424051616868321,0.294870948573459,NA,NA,0,2.14630909827742,1.64321331852802,1.72840270660205,0.0121739912242146,0.106355038939718,0,7.15687746253279,0,"CV_done",TRUE,1185,TRUE
1000,"gauss_indep",190,TRUE,304,NA,NA,0.0302665546849188,0.22488535368138,NA,NA,0,1.83609638152637,1.75672770033389,1.25622124102451,0.00951446192185326,0.100620289360938,0,1.2783680497717,0,"CV_done",TRUE,1354,FALSE
1000,"gauss_indep",191,TRUE,580,NA,NA,0.0193261966882967,0.176448564164353,NA,NA,0,1.87326628168239,1.32295139982042,1.08067615993991,0.00683104189838787,0.0991031610470648,0,1.27613936750701,0,"CV_done",TRUE,1720,FALSE
1000,"gauss_indep",192,TRUE,359,NA,NA,0.0212110456462515,0.224192928237071,NA,NA,0,1.60573980667101,1.1109702571108,1.02353602646825,0.00754487582248359,0.0951932777425174,0,1.39625835756185,0,"CV_done",TRUE,1269,FALSE
1000,"gauss_indep",196,TRUE,170,NA,NA,0.00552310585724293,0.17079535216819,NA,NA,0,-0.945139290274433,1.28071173742156,1.48705352853239,0.00347342348941359,0.0902068739793837,0,1.94265370069003,0,"CV_done",TRUE,760,FALSE
1000,"gauss_indep",197,TRUE,277,NA,NA,0.00598408797053345,0.100029265936692,NA,NA,0,-0.713632277384053,1.05319102712809,0.579534074324371,0.00299722188588852,0.0872292097918067,0,1.31177995331034,0,"CV_done",TRUE,913,FALSE
1000,"gauss_indep",198,TRUE,392,NA,NA,0.00615387010482186,0.112536000900501,NA,NA,0,-0.417167788118219,1.12723880837814,1.18732606787017,0.0029648971393726,0.0798132049452394,0,1.28161997715356,0,"CV_done",TRUE,1283,FALSE
1000,"gauss_indep",199,TRUE,420,NA,NA,0.00607177561703894,0.107757711077621,NA,NA,0,-0.638960869669944,1.18326231169045,1.27094808942322,0.00266189553184143,0.0802421515403263,0,1.27720541449057,0,"CV_done",TRUE,1624,FALSE
1000,"gauss_indep",200,TRUE,460,NA,NA,0.00545215283766162,0.105578246057578,NA,NA,0,-0.880934564232597,1.47646724151063,1.31811415954265,0.00227353260518007,0.0755666623587969,0,1.3140955689715,0,"CV_done",TRUE,1680,FALSE
1000,"gauss_indep",201,TRUE,418,NA,NA,0.0054106613394189,0.109253968177566,NA,NA,0,-0.841838255129883,1.3213808505391,1.41653235579836,0.00206414846067597,0.0758241213129941,0,1.34013104150969,0,"CV_done",TRUE,1600,FALSE
1000,"gauss_indep",202,TRUE,399,NA,NA,0.00536625055716756,0.113865325844925,NA,NA,0,-0.759073223937976,1.41356754401351,2.059970397627,0.00206097519539773,0.0818466143274774,0,14.3615474904246,0,"CV_done",TRUE,1550,TRUE
1000,"gauss_indep",203,TRUE,445,NA,NA,0.00557992988862902,0.102795062118768,NA,NA,0,-0.705170925423539,1.49702756087491,1.06363872308839,0.00200466450723023,0.088949067610187,0,1.27752508697962,0,"CV_done",TRUE,1492,FALSE
1000,"gauss_indep",204,TRUE,419,NA,NA,0.00504880303813839,0.112405099415157,NA,NA,0,-0.625040020339167,1.41433827909811,2.06932869779321,0.00191682018596757,0.0858763552030451,0,1.27238644142946,0,"CV_done",TRUE,1511,FALSE
1000,"gauss_indep",205,TRUE,480,NA,NA,0.00466412903075107,0.142304009894888,NA,NA,0,-0.837010775128279,1.41613421957991,3.74796527870999,0.00192171902807801,0.0834626851357858,0,1.27115635393118,0,"CV_done",TRUE,1599,FALSE
1000,"gauss_indep",209,TRUE,451,NA,NA,0.00665357669862208,0.0976225928746235,NA,NA,0,-0.382470257468012,0.843918487660551,0.771172868439266,0.00201451738889426,0.0864595516511859,0,1.01429330392016,0,"CV_done",TRUE,1566,TRUE
1000,"gauss_indep",216,TRUE,421,NA,NA,0.0196314592503908,0.0602640517213425,NA,NA,0,0.160154923007385,1.41492510937682,1.36461605365056,0.0125518588405515,0.0302554613657925,0,8.0719429397583,0,"CV_done",TRUE,1490,TRUE
1000,"gauss_indep",217,TRUE,413,NA,NA,0.0190233399079584,0.0494582081691611,NA,NA,0,-0.0406645942439284,1.84119154769707,1.302028486458,0.0121985073426844,0.0284557737553394,0,10.2731379580498,0,"CV_done",TRUE,1457,TRUE
1000,"gauss_indep",218,TRUE,364,NA,NA,0.104227470183276,0.0372112498024241,NA,NA,0,-0.401271041448834,26.7599309047555,1.10081929264897,0.0110051652214039,0.0206527811282989,0,12.8047920793295,0,"CV_done",TRUE,1127,TRUE
1000,"gauss_indep",233,TRUE,204,NA,NA,0.0110831425316557,0.160028200531229,NA,NA,0,-0.890375704109453,1.53397531150561,1.34302731456903,0.00391110124094354,0.0709542356108164,0,13.8685359176662,0,"CV_done",TRUE,922,TRUE
1000,"gauss_indep",234,TRUE,485,NA,NA,0.00956580129074099,0.13347644475554,NA,NA,0,-0.518181367669565,1.42032303685053,1.39585914860293,0.00449333483429479,0.0803024131767197,0,9.27166581908862,0,"CV_done",TRUE,1617,TRUE
1000,"gauss_indep",236,TRUE,301,NA,NA,0.00892451544062283,0.117916690957616,NA,NA,0,-0.694872809220673,1.47244699599404,1.34090756747278,0.0044041370776892,0.0764067804727301,0,15.3973067126009,0,"CV_done",TRUE,1536,TRUE
1000,"gauss_indep",237,TRUE,366,NA,NA,0.00861238949234578,0.120576363753598,NA,NA,0,-0.622277733856855,1.49774990327404,2.24251201695138,0.00409878616897528,0.0737903334144259,0,5.00175596151087,0,"CV_done",TRUE,1427,TRUE
1000,"gauss_indep",238,TRUE,429,NA,NA,0.00632545615338965,0.111527386668258,NA,NA,0,-0.317112153232982,1.35346133750372,2.92915943418486,0.00335367917474951,0.0737242795501962,0,3.50293606897195,0,"CV_done",TRUE,1526,TRUE
1000,"gauss_indep",250,TRUE,117,NA,NA,0.0269852896467827,0.0883196216275625,NA,NA,0,-0.243635549779941,1.36543466221171,1.87091769003876,0.0104967205070077,0.019161222725106,0,19.2985339332289,0,"CV_done",TRUE,655,TRUE
1000,"gauss_indep",251,TRUE,362,NA,NA,0.0200537815971252,0.0605029820616086,NA,NA,0,0.128537043738123,1.12109560897008,1.4210969732433,0.0112460667803891,0.0215186403224784,0,2.00427275439103,0,"CV_done",TRUE,1228,TRUE
1000,"gauss_indep",252,TRUE,300,NA,NA,0.0186073595140095,0.0526348994146765,NA,NA,0,-0.250548889942004,1.81897873826052,1.09540893840047,0.0111854832579942,0.0233355233484538,0,19.9878431887759,0,"CV_done",TRUE,1307,TRUE
1000,"gauss_indep",253,TRUE,335,NA,NA,0.0169054148697294,0.0520721964835205,NA,NA,0,-0.5827494893902,1.92946188738219,1.15879594269663,0.0101814979698578,0.0231179915409941,0,2.69313181685077,0,"CV_done",TRUE,1307,TRUE
1000,"gauss_indep",26,TRUE,244,NA,NA,0.0591332455064181,0.172975287317561,NA,NA,0,-4.02035429729999,8.7492229885569,3.91846052297372,0.00294540540082695,0.0118982707521984,0,2.96714031345314,0,"CV_done",TRUE,580,TRUE
1000,"gauss_indep",261,TRUE,271,NA,NA,0.0220048954955835,0.264171199600006,NA,NA,0,0.353208690387483,1.16055527674541,0.94580846683487,0.00729162010903228,0.0815000763210972,0,1.27583828718574,0,"CV_done",TRUE,1093,FALSE
1000,"gauss_indep",262,TRUE,298,NA,NA,0.0214173647892197,0.2304987424272,NA,NA,0,0.261055286947615,1.16253064556945,1.21619995328518,0.00745004227525924,0.0772503123432703,0,15.6844795113802,0,"CV_done",TRUE,1161,TRUE
1000,"gauss_indep",264,TRUE,321,NA,NA,0.0217852520759682,0.172434909451537,NA,NA,0,0.338971757611243,1.524333768306,1.36903652810512,0.00574209420959036,0.0862241242691337,0,6.59720260580381,0,"CV_done",TRUE,1007,TRUE
1000,"gauss_indep",268,TRUE,319,NA,NA,0.0127537020269576,0.198353260251908,NA,NA,0,-0.626342082686167,1.80986004281945,1.48222864937669,0.00470181381482523,0.0823045936928338,0,6.52010080178579,0,"CV_done",TRUE,1141,TRUE
1000,"gauss_indep",269,TRUE,328,NA,NA,0.0141956880209838,0.165291089708987,NA,NA,0,-0.440514178625141,1.59160798529365,1.48649923381394,0.00563147334292548,0.0886156287880266,0,2.27158551951249,0,"CV_done",TRUE,1442,TRUE
1000,"gauss_indep",270,TRUE,383,NA,NA,0.013796388961898,0.15989601780123,NA,NA,0,-0.541254345060966,1.36007927994912,1.74532263750971,0.00625959188515787,0.0782991849583401,0,6.07523290713628,0,"CV_done",TRUE,1324,TRUE
1000,"gauss_indep",273,TRUE,246,NA,NA,0.0087783113849079,0.0989179090142089,NA,NA,0,-0.386614120239753,1.63693976829775,1.95082284408948,0.00402971913911081,0.0676642794112669,0,11.1108929882447,0,"CV_done",TRUE,1016,TRUE
1000,"gauss_indep",28,TRUE,140,NA,NA,0.0263555440196356,0.101988531550307,NA,NA,0,-1.52535088064241,5.62907693273904,2.30759544660888,0.0053810980076187,0.0260393400691062,0,4.78642172932625,0,"CV_done",TRUE,631,TRUE
1000,"gauss_indep",284,TRUE,436,NA,NA,0.0200672870761462,0.0938738570701947,NA,NA,0,-0.318985940934096,1.4751880670645,1.37356373129412,0.00760100095285773,0.0368927557330313,0,4.3393681204319,0,"CV_done",TRUE,1460,TRUE
1000,"gauss_indep",287,TRUE,428,NA,NA,0.0187356764602719,0.122428974505458,NA,NA,0,-0.766238760673619,1.48954398690236,1.39465497268075,0.00703621075707486,0.0307195037914368,0,2.70730042656263,0,"CV_done",TRUE,1439,TRUE
1000,"gauss_indep",290,TRUE,291,NA,NA,0.0817934151752749,1.13520742280131,NA,NA,0,2.95967741233719,1.72533031293925,0.991634473232562,0.0293935819565369,0.271594015652073,0,1.31185136680526,0,"CV_done",TRUE,859,FALSE
1000,"gauss_indep",291,TRUE,231,NA,NA,0.068458916564718,0.81349861830847,NA,NA,0,3.02111283965459,1.78999910188053,1.26267005275255,0.0179087121418238,0.243312077646239,0,1.23322604476302,0,"CV_done",TRUE,1028,FALSE
1000,"gauss_indep",307,TRUE,229,NA,NA,0.0100506005072528,0.129979873628801,NA,NA,0,-0.727232066996914,1.10451121220918,1.10897730579361,0.00407926933449184,0.0509089684613692,0,1.30176957816161,0,"CV_done",TRUE,715,FALSE
1000,"gauss_indep",32,TRUE,742,NA,NA,0.0126085237641764,0.203874841087936,NA,NA,0,1.10633198975531,0.63351266042359,0.685575583246611,0.00768845037532847,0.0597319423054871,0,2.17047884720619,0,"CV_done",TRUE,1281,FALSE
1000,"gauss_indep",320,TRUE,510,NA,NA,0.0653379064883471,0.916023933611085,NA,NA,0,0.856159251734606,1.41397704112135,1.20972217215404,0.0263535258402056,0.236678964033951,0,1.35884769345599,0,"CV_not_done",TRUE,1064,FALSE
1000,"gauss_indep",323,TRUE,310,NA,NA,0.0561130276451813,0.764084359262875,NA,NA,0,1.26650302822161,1.22747718450455,1.15118195605279,0.0173835304660523,0.2114794988757,0,1.73335324023333,0,"CV_done",TRUE,1089,FALSE
1000,"gauss_indep",33,TRUE,1151,NA,NA,0.0443086649646054,0.414540729894153,NA,NA,0,3.8181757940878,1.79619088022953,1.4052020776334,0.00774787992831296,0.0679988960478732,0,22.6233737330304,0,"CV_done",TRUE,2306,TRUE
1000,"gauss_indep",339,TRUE,304,NA,NA,0.0420733562442617,0.105813595001742,NA,NA,0,-0.909064235025989,11.9839292285797,2.07940812415812,0.00410555036798879,0.0249476055880802,0,1.76873274127642,0,"CV_done",TRUE,736,TRUE
1000,"gauss_indep",34,TRUE,470,NA,NA,0.0783546531486604,0.751280632603165,NA,NA,0,3.36644807492362,2.01852348607679,1.65896941518696,0.01275225429833,0.120027808184044,0,1.29132553133424,0,"CV_done",TRUE,1021,TRUE
1000,"gauss_indep",346,TRUE,655,NA,NA,0.0496250565268481,0.40482750972097,NA,NA,0,-0.0223596064409779,2.04455409087657,1.33777969622227,0.0216605334504965,0.17823994363498,0,1.35518150818845,0,"CV_not_done",TRUE,1611,FALSE
1000,"gauss_indep",352,TRUE,392,NA,NA,0.0906890787574277,0.415437808398977,NA,NA,0,-0.305409949478223,0.363643856313037,1.0330919612478,0.0128164184300994,0.0599603034297456,0,44.7511591831843,0,"CV_done",TRUE,527,TRUE
1000,"gauss_indep",371,TRUE,154,NA,NA,0.00921658380725462,0.13449880006046,NA,NA,0,0.145286397196252,0.641079532964327,0.754828771589857,0.0056435517710246,0.030873413571412,0,3.62692154294915,0,"CV_done",TRUE,207,FALSE
1000,"gauss_indep",373,TRUE,304,NA,NA,2.08413802640404,0.158423241286407,NA,NA,0,-0.0854436282195511,2.12976765265957,1.14500099947142,0.016039574424968,0.0482442926863184,0,22.2105059464773,0,"CV_not_done",TRUE,745,TRUE
1000,"gauss_indep",374,TRUE,487,NA,NA,0.0748585307840594,0.119468517316824,NA,NA,0,-0.0345362265788622,0.338366791537546,1.22761987180624,0.00377090797272246,0.0394372899390459,0,2.37927523195744,0,"CV_done",TRUE,563,FALSE
1000,"gauss_indep",386,TRUE,233,NA,NA,0.0152243316491395,0.180966294981625,NA,NA,0,0.517454673539308,0.96995748728224,1.00790578263699,0.00264232355411302,0.0294841229074725,0,1.97967869575653,0,"CV_done",TRUE,524,FALSE
1000,"gauss_indep",45,TRUE,434,NA,NA,0.0231477290341718,0.108177756353898,NA,NA,0,-2.28589511996502,1.58731251809242,1.34445854134015,0.00517221002371179,0.0246868651249574,0,9.88210659166177,0,"CV_done",TRUE,1303,TRUE
1000,"gauss_indep",46,TRUE,422,NA,NA,0.0744059697354698,0.166488472684841,NA,NA,0,-2.90554027395627,15.6685741821505,6.71143413306307,0.00424752496224306,0.0204987698985395,0,2.27921729094452,0,"CV_done",TRUE,1346,TRUE
1000,"gauss_indep",47,TRUE,597,NA,NA,0.0393853631077044,0.21421196473951,NA,NA,0,-3.85499346424424,7.65488574911024,8.4400580429548,0.00385730822948744,0.0183784898896547,0,5.02584165321456,0,"CV_done",TRUE,1433,TRUE
1000,"gauss_indep",48,TRUE,591,NA,NA,0.0152695465636768,0.082452173077719,NA,NA,0,-0.816269103216033,1.790409230908,1.57171988131157,0.00467431337049686,0.0235127747116222,0,5.62279872940646,0,"CV_done",TRUE,1550,TRUE
1000,"gauss_indep",49,TRUE,367,NA,NA,0.0140986909507901,0.0917663599570964,NA,NA,0,-0.365701027723174,1.55964532954457,1.53589353054178,0.0063183413926205,0.0316089438439302,0,1.0093459139378,0,"CV_done",TRUE,936,TRUE
1000,"gauss_indep",54,TRUE,329,NA,NA,0.035923862831811,0.45953333763722,NA,NA,0,1.61013617122915,1.68194769559316,1.36475639243046,0.00939208934586575,0.0685578598786898,0,4.89647872388363,0,"CV_done",TRUE,1770,TRUE
1000,"gauss_indep",55,TRUE,843,NA,NA,0.0613820354591059,0.517049801278562,NA,NA,0,2.34873015998388,1.43927364783496,1.47157350031685,0.0174100226735072,0.106009313784194,0,7.50770296163029,0,"CV_done",TRUE,2529,TRUE
1000,"gauss_indep",56,TRUE,760,NA,NA,0.108365589405729,0.762038282987327,NA,NA,0,3.34088096628802,1.92783517190815,1.8917173924123,0.0262401054990266,0.147716071500292,0,3.38520516938633,0,"CV_done",TRUE,2300,TRUE
1000,"gauss_indep",57,TRUE,173,NA,NA,0.117541054956958,0.739431367643853,NA,NA,0,2.3043848661498,1.88401309107058,1.40555527778711,0.0179504820054851,0.100217317974384,0,17.9016911151674,0,"CV_done",TRUE,1100,TRUE
1000,"gauss_indep",59,TRUE,214,NA,NA,0.0705793861640713,0.285598188400866,NA,NA,0,6.61885002591846,3.09373874589117,4.78203348447616,0.00654656010498558,0.02401505711182,0,1.02402600838078,0,"CV_done",TRUE,359,TRUE
1000,"gauss_indep",68,TRUE,1003,NA,NA,0.0466171891435956,0.349959038801722,NA,NA,0,-1.68597826381655,0.988359616885009,0.960335928900651,0.0132583300960832,0.0746880394963117,0,1.46469705875273,0,"CV_done",TRUE,2054,FALSE
1000,"gauss_indep",69,TRUE,634,NA,NA,0.0354956298695255,0.211452591669809,NA,NA,0,-2.58274409699592,1.09556818263518,1.19521450426316,0.00792986409941398,0.0451760959694389,0,1.34819826501663,0,"CV_done",TRUE,2011,FALSE
1000,"gauss_indep",70,TRUE,380,NA,NA,0.028322071984401,0.146435938585873,NA,NA,0,-3.53721750088722,1.39259121171081,1.26424081173852,0.00558101226378151,0.0299405699971596,0,3.10150920563274,0,"CV_done",TRUE,1533,TRUE
1000,"gauss_indep",71,TRUE,374,NA,NA,0.0519547709368323,0.101000994843705,NA,NA,0,-2.42139415025582,12.1197796659704,2.74362018528679,0.00640776081091854,0.0287671892998815,0,2.95971407360501,0,"CV_done",TRUE,1653,TRUE
1000,"gauss_indep",72,TRUE,479,NA,NA,0.0114392157790308,0.0552616416118391,NA,NA,0,-0.770453603927512,1.2850014224993,1.19926340182245,0.0066947963682484,0.0309774493840638,0,10.6039563734664,0,"CV_done",TRUE,1724,TRUE
1000,"gauss_indep",73,TRUE,378,NA,NA,0.012674410888417,0.0657140740178309,NA,NA,0,0.0794733788150959,1.5346017314718,1.47338491147283,0.00615386160037003,0.0300689693013865,0,1.35892993269971,0,"CV_done",TRUE,1579,FALSE
1000,"gauss_indep",74,TRUE,544,NA,NA,0.013454319737815,0.0915655708686447,NA,NA,0,0.030398606518521,2.01436546202572,1.41536309271052,0.00609499559133801,0.0354382647409435,0,1.66083694505747,0,"CV_done",TRUE,1683,FALSE
1000,"gauss_indep",79,TRUE,486,NA,NA,0.0593497585920194,1.07726403850416,NA,NA,0,2.82897465524814,0.777199133520456,1.5295127330223,0.0129033326060926,0.183202781896742,0,1.47496175608701,0,"CV_done",TRUE,1377,FALSE
1000,"gauss_indep",80,TRUE,496,NA,NA,0.0686125102297822,0.919123624360688,NA,NA,0,2.11904569190675,1.36078553214086,1.36923565936692,0.0131610871833042,0.160868012455978,0,1.69412696613482,0,"CV_done",TRUE,1409,FALSE
1000,"gauss_indep",81,TRUE,400,NA,NA,0.0710933041525755,0.729058724696327,NA,NA,0,1.98289168456325,1.60057336740652,1.34925065873658,0.0190779882319218,0.157507309124019,0,10.0342501100567,0,"CV_done",TRUE,1505,TRUE
1000,"gauss_indep",82,TRUE,496,NA,NA,0.134729075920875,0.724587746621891,NA,NA,0,3.5360371538823,2.65960088796464,1.98843176783455,0.0310700789485624,0.163247280411317,0,2.36966904520988,0,"CV_done",TRUE,1977,TRUE
1000,"gauss_indep",83,TRUE,589,NA,NA,0.160149653088133,0.773737407002898,NA,NA,0,4.14856151509103,2.8144217329972,2.40003323110484,0.0369449690650698,0.167582767228901,0,1.92400563352638,0,"CV_done",TRUE,1807,TRUE
1000,"gauss_indep",84,TRUE,483,NA,NA,0.0955600549451205,0.328940418455484,NA,NA,0,3.28039846456035,2.06162537086786,2.09170460810362,0.0239005336180107,0.101183308764811,0,16.3930849156115,0,"CV_done",TRUE,1107,TRUE
1000,"gauss_indep",85,TRUE,436,NA,NA,0.0468101084189447,0.132443211849658,NA,NA,0,1.38845943777119,1.58017759196949,2.49888143183558,0.00697891046556387,0.0260743494854785,0,2.30051298081875,0,"CV_done",TRUE,836,TRUE
1000,"gauss_indep",86,TRUE,368,NA,NA,0.0987999878172632,0.471811462778394,NA,NA,0,7.06707138228344,2.9763585294875,3.92444972634368,0.00317859175849617,0.0106706098785154,0,57.5063554008802,0,"CV_done",TRUE,542,FALSE
1000,"gauss_indep",95,TRUE,563,NA,NA,0.0357739540497527,0.348431632506182,NA,NA,0,-1.2239478203618,1.11723174803571,1.07753179775586,0.0134691044598954,0.105366026650991,0,1.68901558807879,0,"CV_done",TRUE,2045,FALSE
1000,"gauss_indep",96,TRUE,880,NA,NA,0.0420193530725128,0.325488215920024,NA,NA,0,-1.37596212470317,1.09966675039127,1.25479854095016,0.0126529775124858,0.0896248380443799,0,1.85840639630953,0,"CV_done",TRUE,2873,TRUE
1000,"gauss_indep",97,TRUE,552,NA,NA,0.0404100633601691,0.262841212993645,NA,NA,0,-1.57791830371392,1.16323379711646,1.33843488400445,0.0106935684183918,0.065751824047393,0,7.70065881325139,0,"CV_done",TRUE,2208,TRUE
1000,"gauss_indep",98,TRUE,440,NA,NA,0.0338520304999669,0.198319232703831,NA,NA,0,-1.86616579529478,1.15932363773919,1.23800586289405,0.00729205032790246,0.0421300902777261,0,4.91852948420578,0,"CV_done",TRUE,1503,TRUE
1000,"gauss_indep",99,TRUE,316,NA,NA,0.0263720555407294,0.142481269038203,NA,NA,0,-1.33038014974744,1.44261007936293,1.1812663296681,0.00783293197395493,0.0441954638011613,0,6.22148936695523,0,"CV_done",TRUE,1252,TRUE
1000,"gauss_cor",100,TRUE,392,NA,NA,0.0149751103492572,0.100172560033798,NA,NA,0,-0.404378679726646,1.29494709757509,1.36373311511951,0.00864939987214667,0.0464371944747336,-0.770095824651325,1.71464754126138,0,"CV_done",TRUE,1440,FALSE
1000,"gauss_cor",101,TRUE,410,NA,NA,0.0131281020165534,0.0870453572860442,NA,NA,0,0.225564296650134,1.37874787708178,1.25383551521119,0.00819511676199997,0.0444944967668671,-0.714065612657841,1.77958140444976,0,"CV_done",TRUE,1668,FALSE
1000,"gauss_cor",102,TRUE,442,NA,NA,0.012192636221363,0.0884863442022954,NA,NA,0,0.293358935888423,1.30740315268895,1.43985803156786,0.0071519017042469,0.038953357571252,-0.562988697838145,1.41947610510444,0,"CV_done",TRUE,1478,FALSE
1000,"gauss_cor",103,TRUE,408,NA,NA,0.0121604977417499,0.09531867083289,NA,NA,0,0.309960740069446,1.59368276581162,1.35581314506842,0.00609124728244389,0.0377662589859898,-0.383200451260947,18.3332355248266,0,"CV_done",TRUE,1413,TRUE
1000,"gauss_cor",104,TRUE,538,NA,NA,0.0112443525198945,0.0978697054994939,NA,NA,0,-0.141459189344567,1.5560799373543,1.39629670088752,0.0041726249007499,0.0421180919934178,-0.410059305775231,1.13726227482988,0,"CV_done",TRUE,1444,TRUE
1000,"gauss_cor",105,TRUE,228,NA,NA,0.0085893688838737,0.110238686652234,NA,NA,0,-0.0415426150424316,1.4523934590797,1.89115377939375,0.00354833965797685,0.0434308774104987,-0.632627909738427,1.50649734958178,0,"CV_done",TRUE,803,FALSE
1000,"gauss_cor",107,TRUE,310,NA,NA,0.0122644518741938,0.306019072130057,NA,NA,0,-1.47697133660243,0.996923320581435,1.57031935698761,0.00436249606597243,0.101952942902838,-0.758980594672781,21.5513532294167,0,"CV_done",TRUE,596,FALSE
1000,"gauss_cor",108,TRUE,360,NA,NA,0.0406220680274417,0.798305111366275,NA,NA,0,1.47439085329932,1.6863834522551,1.14368843412421,0.0100004593585649,0.186458079501779,0.529363657369878,1.35903492083428,0,"CV_done",TRUE,1297,FALSE
1000,"gauss_cor",109,TRUE,610,NA,NA,0.0467069631508402,0.866698405722184,NA,NA,0,1.53296478429579,1.28763328573587,1.17523731074895,0.0132067430761509,0.208825542972575,0.708543224366849,11.5810381598605,0,"CV_done",TRUE,2069,TRUE
1000,"gauss_cor",110,TRUE,540,NA,NA,0.0578467221973909,0.737067728859996,NA,NA,0,1.34195705993678,1.14958631747688,1.20863105844699,0.0138125738468917,0.175214962206544,0.720288891554824,1.25392083937371,0,"CV_done",TRUE,1828,FALSE
1000,"gauss_cor",111,TRUE,373,NA,NA,0.0566743252581778,0.571253731008665,NA,NA,0,1.12885592141994,1.16034146882858,1.18607539387842,0.0164892161721745,0.134990217997622,0.700628500499334,47.1881400505702,0,"CV_done",TRUE,1604,TRUE
1000,"gauss_cor",112,TRUE,421,NA,NA,0.0642872701373553,0.397717472576802,NA,NA,0,1.59403488655568,1.41417732178454,1.151144845885,0.0269799757145123,0.153269220132903,0.849785311671191,3.33727672020594,0,"CV_done",TRUE,1679,TRUE
1000,"gauss_cor",114,TRUE,182,NA,NA,0.147444223057618,0.546917326620732,NA,NA,0,3.82747573670562,3.28968190127109,3.26503186829817,0.0429131639510785,0.166004099457835,0.923232159745151,6.3682735672262,0,"CV_done",TRUE,811,TRUE
1000,"gauss_cor",120,TRUE,836,NA,NA,0.0490168373942399,0.283572096954943,NA,NA,0,2.12890009311621,1.59564687888545,1.65468290810079,0.0290028499102867,0.14788965226992,0.752391277013618,15.3122690868378,0,"CV_done",TRUE,2152,TRUE
1000,"gauss_cor",121,TRUE,713,NA,NA,0.0380184889271004,0.237071852611667,NA,NA,0,1.57738594816507,2.3853993466761,1.83603673182726,0.0211112640208194,0.113448517961792,0.590832295549537,10.3765950869852,0,"CV_done",TRUE,1869,TRUE
1000,"gauss_cor",123,TRUE,340,NA,NA,0.00934628410911279,0.140220398320641,NA,NA,0,0.709104766026966,1.58229474879914,1.30894784059274,0.00360605390441783,0.0811901488445648,0.83404994498329,12.3531151894066,0,"CV_done",TRUE,983,TRUE
1000,"gauss_cor",125,TRUE,290,NA,NA,0.0148520129117297,0.181501082753324,NA,NA,0,-0.223718634097746,1.78268954611837,1.46845274974959,0.00720507165408584,0.110650080080981,-0.545955377322115,1.27825810410634,0,"CV_done",TRUE,750,FALSE
1000,"gauss_cor",126,TRUE,858,NA,NA,0.0215895826960615,0.227829212175938,NA,NA,0,-0.364970471763555,1.4203925448137,1.20114114277301,0.0107500526550785,0.103183024501065,-0.537761205340669,1.18167021670551,0,"CV_done",TRUE,2395,TRUE
1000,"gauss_cor",127,TRUE,949,NA,NA,0.0222523359444523,0.213525306011827,NA,NA,0,-0.38442561764773,1.26648561460031,1.32777550401389,0.0117380096229401,0.0942760867708843,-0.63873847200028,3.89283590435982,0,"CV_done",TRUE,3079,TRUE
1000,"gauss_cor",128,TRUE,476,NA,NA,0.0185544457834704,0.180537513022693,NA,NA,0,-0.343343667978515,1.51240547152115,1.63798782012542,0.010853650664309,0.0846544619730272,-0.683995967560891,1.92957831336392,0,"CV_done",TRUE,2188,TRUE
1000,"gauss_cor",129,TRUE,337,NA,NA,0.014176959184151,0.158979695900269,NA,NA,0,-0.0510754313168236,1.18213514774076,1.60695844524327,0.00895105195346219,0.0742618251366847,-0.653919360225591,1.2319928065853,0,"CV_done",TRUE,1519,FALSE
1000,"gauss_cor",130,TRUE,330,NA,NA,0.0126719718772776,0.127543369212728,NA,NA,0,-0.0233676460175859,1.24474533672234,1.03684667122949,0.00815921093364611,0.0604562622282276,-0.630672234372939,1.19237484595842,0,"CV_done",TRUE,1265,FALSE
1000,"gauss_cor",131,TRUE,282,NA,NA,0.0118130866072988,0.120809301211299,NA,NA,0,-0.0127458275746006,1.44859810245315,1.2082438339883,0.00718208036692828,0.0575319697452399,-0.63769573797375,1.27618225543311,0,"CV_done",TRUE,1225,FALSE
1000,"gauss_cor",132,TRUE,353,NA,NA,0.0102202192038141,0.132080416676744,NA,NA,0,-0.0351694036596428,0.783056285063272,1.00293736857192,0.00668603011560602,0.0634617692165558,-0.593774621691833,1.27436259382853,0,"CV_done",TRUE,1342,FALSE
1000,"gauss_cor",133,TRUE,631,NA,NA,0.0112741485977781,0.1400623036356,NA,NA,0,-0.152746451969972,1.35111448496578,1.03093000256676,0.00615191947097405,0.061276437023289,-0.473506599990415,1.27904766699506,0,"CV_done",TRUE,1706,FALSE
1000,"gauss_cor",134,TRUE,326,NA,NA,0.00960985958886512,0.133277638830133,NA,NA,0,-0.176076630915665,1.30231332061129,1.13459049466498,0.00583130590312647,0.060671729202366,-0.398064768604919,1.34952646175744,0,"CV_done",TRUE,1501,FALSE
1000,"gauss_cor",135,TRUE,278,NA,NA,0.00748038163970643,0.1260541473433,NA,NA,0,-0.21192399362537,1.04068121182291,1.24198707943795,0.00401429198541307,0.0472364777419442,-0.464917050497666,1.27190398521445,0,"CV_done",TRUE,1088,FALSE
1000,"gauss_cor",136,TRUE,250,NA,NA,0.00752890401608657,0.104301831234303,NA,NA,0,-0.039104838383,1.17294050292542,1.34154534216098,0.00317116272388001,0.0429563550757502,-0.510365416156706,1.2773901467522,0,"CV_done",TRUE,1185,FALSE
1000,"gauss_cor",137,TRUE,241,NA,NA,0.00733939527701651,0.117547811091434,NA,NA,0,-0.196688177631013,1.20565011418953,1.51786073602614,0.00290160313018518,0.0469293286482673,-0.501768691594831,1.26577174426229,0,"CV_done",TRUE,1109,FALSE
1000,"gauss_cor",138,TRUE,151,NA,NA,0.00759103826742909,0.186665606595243,NA,NA,0,-0.659718989160047,0.677679827873369,2.09800343538541,0.0024048653019667,0.0696459287331162,-0.659465478302015,1.30055584796601,0,"CV_done",TRUE,682,FALSE
1000,"gauss_cor",139,TRUE,209,NA,NA,0.0127820258426027,0.219330334893257,NA,NA,0,-0.849626543621377,1.17755411125427,1.27105435080314,0.00375248570379625,0.0987525395184487,-0.772194459225368,1.36221191915097,0,"CV_done",TRUE,758,FALSE
1000,"gauss_cor",140,TRUE,163,NA,NA,0.026264466400944,0.476481789829629,NA,NA,0,0.526682027125938,1.40282283136008,1.54241522777803,0.00666078821138277,0.138080018749055,0.103445216728306,1.26486734200131,0,"CV_done",TRUE,915,FALSE
1000,"gauss_cor",141,TRUE,243,NA,NA,0.0336886235994121,0.438865538075621,NA,NA,0,0.643757667631425,1.32720042568226,1.22429812600032,0.00998265063009374,0.150047094169052,0.28478899551389,1.35592170980242,0,"CV_done",TRUE,1089,FALSE
1000,"gauss_cor",142,TRUE,325,NA,NA,0.0352564446488216,0.285259406845952,NA,NA,0,0.330536647957287,1.40322987723216,1.14527196161825,0.0132121199198293,0.0953641291586325,0.32310773733245,11.934344039162,0,"CV_done",TRUE,1378,TRUE
1000,"gauss_cor",143,TRUE,415,NA,NA,0.0342335583680362,0.195457036289049,NA,NA,0,0.517481612492389,1.41978306217398,1.36634385969098,0.0134815702652312,0.0862778040099471,0.469273250735005,9.72765930347972,0,"CV_done",TRUE,1565,TRUE
1000,"gauss_cor",144,TRUE,477,NA,NA,0.0344988839686047,0.171059568107613,NA,NA,0,1.01917585473553,1.41101829306901,1.61859431036317,0.0105058589232551,0.0849630261987982,0.489026702955682,2.88216874652439,0,"CV_done",TRUE,1549,TRUE
1000,"gauss_cor",145,TRUE,520,NA,NA,0.0392151207454198,0.176359474470248,NA,NA,0,1.33676916633734,1.71288701756279,1.53403963166023,0.0142126376052269,0.0877054913467642,0.61624667022352,2.78417410466406,0,"CV_done",TRUE,1944,TRUE
1000,"gauss_cor",146,TRUE,327,NA,NA,0.0449918422033478,0.196159100628231,NA,NA,0,1.44577200905693,2.08418266511995,1.76750543706504,0.0174703398588118,0.0970020261734112,0.679430712645612,9.02771050870419,0,"CV_done",TRUE,1321,TRUE
1000,"gauss_cor",152,TRUE,153,NA,NA,0.078559956095499,0.376826941531028,NA,NA,0,2.15656243845369,1.44516093987064,1.09506193258942,0.0598086883008684,0.30025971631334,0.954089871222546,1.23443055017127,0,"CV_done",TRUE,584,FALSE
1000,"gauss_cor",153,TRUE,452,NA,NA,0.053108025663319,0.314718805926777,NA,NA,0,2.38524968712757,1.36294007629777,1.28994102610439,0.0360238447669869,0.194848102262459,0.921215393543896,15.0701408818033,0,"CV_done",TRUE,1640,TRUE
1000,"gauss_cor",154,TRUE,592,NA,NA,0.0376254321370957,0.210831983702042,NA,NA,0,1.75152122250915,1.54026932278756,1.56507090351453,0.0155010007517849,0.121602840627097,0.891061778383284,3.27928883817461,0,"CV_done",TRUE,1835,TRUE
1000,"gauss_cor",155,TRUE,130,NA,NA,0.0261618182564843,0.17186257528502,NA,NA,0,1.02439141092779,1.42929913167682,1.49935434201253,0.011011627188971,0.106945268764713,0.794070328660108,3.89366860012213,0,"CV_done",TRUE,1478,TRUE
1000,"gauss_cor",156,TRUE,842,NA,NA,0.00997232727470351,0.148204093637185,NA,NA,0,0.812679872886958,1.44671857134053,1.17785964822237,0.00472237477319542,0.0947052047511983,0.861068729768294,1.2371854379442,0,"CV_done",TRUE,1847,FALSE
1000,"gauss_cor",159,TRUE,191,NA,NA,0.0127856522334779,0.20185980343016,NA,NA,0,-0.335861741328182,1.50813706055672,1.23430566450795,0.00716852095677921,0.0965174491559393,-0.467668100645952,1.23392439370906,0,"CV_done",TRUE,1011,FALSE
1000,"gauss_cor",160,TRUE,481,NA,NA,0.0110027973226937,0.187052785731936,NA,NA,0,-0.197478579537576,1.76300441664916,1.29066202994671,0.00736071861805967,0.0967415250690291,-0.449909587752878,7.90852158930567,0,"CV_done",TRUE,1600,TRUE
1000,"gauss_cor",161,TRUE,416,NA,NA,0.015694604198879,0.153800903878018,NA,NA,0,0.286244985064454,0.295575878455764,1.4758195202206,0.00678369119152607,0.0954091926872923,-0.618243336449563,1.31790848939231,0,"CV_done",TRUE,1718,FALSE
1000,"gauss_cor",162,TRUE,313,NA,NA,0.00843331011131123,0.131097548381628,NA,NA,0,-0.0537921679941279,1.72419454440596,1.26952407919585,0.00504260141957093,0.0880423665939801,-0.591421806784891,1.236619911238,0,"CV_done",TRUE,1328,FALSE
1000,"gauss_cor",163,TRUE,295,NA,NA,0.00681683363000232,0.116453942050006,NA,NA,0,-0.0839573446792122,1.40808330611751,1.04821362727573,0.00335939704202711,0.0795355780048766,-0.667230534334069,1.63964868139338,0,"CV_done",TRUE,1375,FALSE
1000,"gauss_cor",164,TRUE,313,NA,NA,0.00538217525500645,0.111125649005074,NA,NA,0,-0.253389241000087,1.05603975595827,1.03117355537147,0.00284839129219256,0.0738916507584716,-0.672981813221319,1.25065259309003,0,"CV_done",TRUE,1410,FALSE
1000,"gauss_cor",165,TRUE,435,NA,NA,0.00488278174727348,0.110837140624663,NA,NA,0,-0.262659681381443,1.00399469497464,0.910370856402417,0.0028211447092875,0.0762270638900431,-0.662643534787194,1.19751474147869,0,"CV_done",TRUE,1468,FALSE
1000,"gauss_cor",166,TRUE,369,NA,NA,0.00540468010165344,0.115001308661196,NA,NA,0,-0.299320110590572,0.832217734452851,0.828033835185554,0.00288244090058429,0.0828119527251189,-0.724358247137079,1.24161802679576,0,"CV_done",TRUE,1512,FALSE
1000,"gauss_cor",167,TRUE,327,NA,NA,0.00694555498418084,0.134955182625803,NA,NA,0,-0.723237594878625,1.79060710117737,0.821785287977608,0.00297030360221666,0.084920424958283,-0.582825516921404,1.31402832457589,0,"CV_done",TRUE,1610,FALSE
1000,"gauss_cor",168,TRUE,356,NA,NA,0.00607984830203504,0.122053216932826,NA,NA,0,-0.402338180267523,1.56051970185536,0.998189163550846,0.00320105856886609,0.0885510017111227,-0.579391367034079,1.30738102433858,0,"CV_done",TRUE,1465,FALSE
1000,"gauss_cor",169,TRUE,245,NA,NA,0.00522125992769981,0.126577101908544,NA,NA,0,-0.628010761484759,1.02153059302022,0.984646209620053,0.0023076614997629,0.0883961336558684,-0.623209820046696,1.27228693901665,0,"CV_done",TRUE,1220,FALSE
1000,"gauss_cor",170,TRUE,260,NA,NA,0.00500032848184669,0.0855897915086681,NA,NA,0,-0.0217279448283204,0.939140066999358,0.781211951586142,0.00257034281533714,0.090415273264712,-0.726036145546859,1.18700807944492,0,"CV_done",TRUE,1173,FALSE
1000,"gauss_cor",171,TRUE,345,NA,NA,0.0051233981298429,0.0868991095873821,NA,NA,0,-0.17316473071274,0.995442727828888,0.769474382800763,0.00212213995201677,0.0859701549938685,-0.740160020519024,1.30909762303034,0,"CV_done",TRUE,1227,FALSE
1000,"gauss_cor",172,TRUE,379,NA,NA,0.00515550758492978,0.101820338566555,NA,NA,0,-0.198631699974152,1.03025179279004,1.18953009168565,0.00188502685401841,0.0857134668243476,-0.721801621752062,1.18754926488355,0,"CV_done",TRUE,1324,FALSE
1000,"gauss_cor",173,TRUE,366,NA,NA,0.0064183182500156,0.112346993021803,NA,NA,0,-0.494612514997477,0.732834908572394,1.25227971024104,0.00226691343460427,0.0838433152949919,-0.502714089389555,1.242659315064,0,"CV_done",TRUE,1140,FALSE
1000,"gauss_cor",174,TRUE,143,NA,NA,0.0201513138646685,0.123264617819588,NA,NA,0,-0.124756701665809,0.726940163217437,1.57968726837147,0.00344331354677155,0.0831583574636879,-0.553008462776183,1.20194412621083,0,"CV_done",TRUE,838,FALSE
1000,"gauss_cor",175,TRUE,134,NA,NA,0.0291934474834953,0.185315139560519,NA,NA,0,-0.44773025143609,0.796803218130885,1.77633035346729,0.00503427492592413,0.0821990616623382,-0.666969040314402,1.2065793340598,0,"CV_done",TRUE,499,FALSE
1000,"gauss_cor",177,TRUE,175,NA,NA,0.0398305479135753,0.122493051729384,NA,NA,0,0.304458509586555,1.36201775902449,1.05488371675546,0.0191186266461192,0.0663889706549354,0.285593381293544,1.25266924343175,0,"CV_done",TRUE,643,FALSE
1000,"gauss_cor",178,TRUE,256,NA,NA,0.0339841592250304,0.106662472217055,NA,NA,0,0.594504510414318,1.73151882247411,1.64872826892058,0.0131181691579936,0.0423773585721265,-0.0320084039423514,1.24830126286933,0,"CV_done",TRUE,971,FALSE
1000,"gauss_cor",179,TRUE,262,NA,NA,0.0263076856649988,0.088639799975317,NA,NA,0,0.505785295280856,1.614797202094,1.23702035790602,0.0111891187287337,0.046630719451332,-0.144810584340054,2.93966836988926,0,"CV_done",TRUE,1290,TRUE
1000,"gauss_cor",180,TRUE,570,NA,NA,0.0222040453313239,0.0970537131463197,NA,NA,0,0.3474192390451,1.81834251764694,1.62877259527609,0.0104286968244848,0.0518572636529079,-0.0384414057816177,2.32706877979967,0,"CV_done",TRUE,1739,TRUE
1000,"gauss_cor",181,TRUE,221,NA,NA,0.0205905023829669,0.090158812751348,NA,NA,0,0.197652195899816,2.09787123663698,2.01826437000993,0.0105367564047039,0.0527310154552802,0.0162663127561798,1.32990510861907,0,"CV_done",TRUE,1197,FALSE
1000,"gauss_cor",187,TRUE,113,NA,NA,0.0161412627455909,0.372236345030761,NA,NA,0,2.49786139795048,0.307970913770483,2.10994030359563,0.0451310064262887,0.245913004078601,0.920749188236722,1.32402231999569,0,"CV_done",TRUE,494,FALSE
1000,"gauss_cor",188,TRUE,266,NA,NA,0.0388644978988392,0.264000531480903,NA,NA,0,1.72593717732538,1.01308770942339,1.19623505600141,0.0257772405976024,0.167188013550118,0.777793259165904,1.32729340995903,0,"CV_done",TRUE,983,FALSE
1000,"gauss_cor",189,TRUE,335,NA,NA,0.0341139455528815,0.230402808443488,NA,NA,0,1.28849962362147,1.13730478023383,0.908260824213574,0.0172900275627837,0.142745659369722,0.794876990310968,1.27723661625275,0,"CV_done",TRUE,1185,FALSE
1000,"gauss_cor",190,TRUE,304,NA,NA,0.026541060702688,0.200476559193782,NA,NA,0,1.24554948381043,1.25072139280861,0.948194542025988,0.0117650912490063,0.11937590259015,0.754220246768681,1.36467128586714,0,"CV_done",TRUE,1354,FALSE
1000,"gauss_cor",191,TRUE,580,NA,NA,0.0162783042374173,0.158934333295454,NA,NA,0,1.09936385759617,1.2486115048254,0.705595669320488,0.00791923646544008,0.113286132637338,0.795761402300351,3.25882200519244,0,"CV_done",TRUE,1720,TRUE
1000,"gauss_cor",192,TRUE,359,NA,NA,0.0192245536530276,0.175875999676177,NA,NA,0,1.07429397528341,0.86798515947992,0.662902982178118,0.00898114660462224,0.117241275289623,0.794105980816808,1.31874282471008,0,"CV_done",TRUE,1269,FALSE
1000,"gauss_cor",196,TRUE,170,NA,NA,0.00603335758246023,0.130177784420027,NA,NA,0,-0.511022038852524,1.30261156435112,1.06062213059298,0.00361759951409092,0.102409427154153,-0.663101600745924,2.16447956124941,0,"CV_done",TRUE,760,FALSE
1000,"gauss_cor",197,TRUE,277,NA,NA,0.005406993993264,0.0999854715770943,NA,NA,0,-0.28885486106803,0.965194584406172,0.439241558037146,0.00304496878281877,0.0917183315846836,-0.742094722928805,1.27208635419883,0,"CV_done",TRUE,913,FALSE
1000,"gauss_cor",198,TRUE,392,NA,NA,0.00648442435496293,0.103913035123674,NA,NA,0,-0.409705931927268,1.07775096279244,0.876896798175023,0.00313884239039308,0.0864703400650833,-0.647175186685081,1.28382855032053,0,"CV_done",TRUE,1283,FALSE
1000,"gauss_cor",199,TRUE,420,NA,NA,0.00557739309660913,0.102120564942353,NA,NA,0,-0.360162368300902,0.991401404921625,1.13552863513329,0.00291788733867078,0.0853277554533126,-0.647168828302365,1.27395670591405,0,"CV_done",TRUE,1624,FALSE
1000,"gauss_cor",200,TRUE,460,NA,NA,0.00475194247183396,0.0986351673096375,NA,NA,0,-0.4354214829236,1.17048809921903,0.946023820797168,0.00260791328431052,0.0812744666263051,-0.625365846613958,1.27640296412287,0,"CV_done",TRUE,1680,FALSE
1000,"gauss_cor",201,TRUE,418,NA,NA,0.00467000901567027,0.0922371189981209,NA,NA,0,-0.38509317384471,1.05427874642951,0.834456242468771,0.00245126116010383,0.0866483917548599,-0.703048023591422,1.30182987750404,0,"CV_done",TRUE,1600,FALSE
1000,"gauss_cor",202,TRUE,399,NA,NA,0.00479250549548092,0.0909938695550449,NA,NA,0,-0.338725330711733,1.25314824007508,1.00132788193243,0.00232229273357589,0.093714718857074,-0.749527054346612,1.27816803809393,0,"CV_done",TRUE,1550,FALSE
1000,"gauss_cor",203,TRUE,445,NA,NA,0.00518342041243142,0.0845159536391482,NA,NA,0,-0.32189840375579,1.28853492569056,0.732388551499618,0.00239138733408259,0.0977903889262052,-0.756977307762022,1.2296041562629,0,"CV_done",TRUE,1492,FALSE
1000,"gauss_cor",204,TRUE,419,NA,NA,0.00467713601282234,0.0765777987749471,NA,NA,0,-0.173128280155296,1.02654394252209,0.53537650141538,0.00223968975615074,0.100218177953444,-0.77312998176368,1.27428212876121,0,"CV_done",TRUE,1511,FALSE
1000,"gauss_cor",205,TRUE,480,NA,NA,0.00409028360600731,0.0706804213857762,NA,NA,0,-0.110953751685215,1.17228472128941,0.628536126451225,0.00217915993638286,0.101304130334455,-0.775079287776144,1.29138737156159,0,"CV_done",TRUE,1599,FALSE
1000,"gauss_cor",208,TRUE,492,NA,NA,0.00405959330599547,0.0900710199713785,NA,NA,0,-0.228954276355252,1.23933644191457,0.706570763343405,0.00225367519284487,0.0935140533203249,-0.656039227332158,1.24631259684485,0,"CV_done",TRUE,1783,FALSE
1000,"gauss_cor",216,TRUE,421,NA,NA,0.0198670932923689,0.0608998026754719,NA,NA,0,0.324005775491933,1.40970497955245,1.32002975854554,0.0125819702522569,0.0298797797686751,-0.254421300061456,5.44827141933971,0,"CV_done",TRUE,1490,TRUE
1000,"gauss_cor",217,TRUE,413,NA,NA,0.0188245811670113,0.0504066044266652,NA,NA,0,0.137309040565287,1.75344350203851,1.30967328166728,0.0121816714875606,0.0281953841245426,-0.33080442455264,20.5242561812533,0,"CV_done",TRUE,1457,TRUE
1000,"gauss_cor",226,TRUE,293,NA,NA,0.0251408358701293,0.246829582619499,NA,NA,0,1.17454196778941,1.43075544490099,0.836089516387643,0.00948939356581203,0.0999863752094767,0.659446649258517,10.0941449209054,0,"CV_done",TRUE,1272,TRUE
1000,"gauss_cor",237,TRUE,366,NA,NA,0.00845180716098678,0.113822985016559,NA,NA,0,-0.379440977685978,1.37261560524054,2.06068481599234,0.00418739394245893,0.0761540948616525,-0.516073922021767,4.30951492216852,0,"CV_done",TRUE,1427,TRUE
1000,"gauss_cor",253,TRUE,335,NA,NA,0.0163586112122656,0.0487911680131822,NA,NA,0,-0.23504421900655,1.9048043578517,1.22764042016857,0.0104831286681623,0.0236120637297596,-0.605442530980504,10.4420696600278,0,"CV_done",TRUE,1307,TRUE
1000,"gauss_cor",26,TRUE,244,NA,NA,0.0236925390301016,0.107542944947801,NA,NA,0,-2.81266810438664,1.2235096451759,1.18513979628553,0.00699025729220079,0.0293473544743269,-0.948219543500151,2.16098949511294,0,"CV_done",TRUE,580,FALSE
1000,"gauss_cor",261,TRUE,271,NA,NA,0.0224846690764747,0.266701792026673,NA,NA,0,0.469348288163091,1.13256821229089,0.892778985846344,0.00758463552998439,0.0844824201246956,0.29211598328038,1.23186665171274,0,"CV_done",TRUE,1093,FALSE
1000,"gauss_cor",270,TRUE,383,NA,NA,0.0133508687843908,0.15578047543895,NA,NA,0,-0.440653680894994,1.25841959451224,1.37908226707598,0.00660760187612314,0.083833130748009,-0.519189380923852,3.81973182472918,0,"CV_done",TRUE,1324,TRUE
1000,"gauss_cor",28,TRUE,140,NA,NA,0.0167668639819479,0.0860283650852092,NA,NA,0,-1.03724142142883,1.98220277653357,1.5549989153508,0.00598726826833914,0.0309586277176904,-0.719349764680791,20.0110913932986,0,"CV_done",TRUE,631,TRUE
1000,"gauss_cor",287,TRUE,428,NA,NA,0.017217824984023,0.122101242824519,NA,NA,0,-0.49312389806133,1.36917416019668,1.57241759655801,0.007554402656912,0.0317248794111366,-0.576845405495776,1.03441683073839,0,"CV_done",TRUE,1439,TRUE
1000,"gauss_cor",290,TRUE,291,NA,NA,0.068770190334807,1.08103717879901,NA,NA,0,1.59069065438144,1.12063079883912,1.03122362400042,0.0366209952368112,0.313581154853794,0.831726476488106,1.29255269909071,0,"CV_done",TRUE,859,FALSE
1000,"gauss_cor",291,TRUE,231,NA,NA,0.0503512063942717,0.841976062721865,NA,NA,0,1.79311801398925,1.08972472622039,1.10200583283665,0.0286069925465872,0.313594512568948,0.854063155730484,1.2877254159307,0,"CV_done",TRUE,1028,FALSE
1000,"gauss_cor",307,TRUE,229,NA,NA,0.00972394041749808,0.111166792587347,NA,NA,0,-0.294618998304203,1.00875453983404,0.864696398507484,0.0043208440715234,0.0559881164890231,-0.687144781551112,1.25455179651026,0,"CV_done",TRUE,715,FALSE
1000,"gauss_cor",32,TRUE,742,NA,NA,0.0135139915640747,0.185679329454284,NA,NA,0,1.00628733627257,1.26782013089207,0.673897735906549,0.00741665730566485,0.0665687324440045,0.574772764169056,2.15829277237808,0,"CV_done",TRUE,1281,FALSE
1000,"gauss_cor",320,TRUE,510,NA,NA,0.0598878102841012,0.92046706009418,NA,NA,0,0.594600010391069,1.3146970545513,1.1704734534836,0.0302342698446679,0.271729330603837,0.848010558762321,1.76985429160297,0,"CV_not_done",TRUE,1064,FALSE
1000,"gauss_cor",323,TRUE,310,NA,NA,0.0559384347089017,0.727141581711155,NA,NA,0,0.892087065617247,1.36331594210532,1.03308365094858,0.0180460266174936,0.234625238350892,0.746549927149903,1.35125709968309,0,"CV_done",TRUE,1089,FALSE
1000,"gauss_cor",33,TRUE,1151,NA,NA,0.0333580951125044,0.352021802664156,NA,NA,0,2.37812705166922,0.744756269814004,0.896163488192846,0.0155373415850474,0.126203840071225,0.887529941444916,2.46535442620516,0,"CV_done",TRUE,2306,FALSE
1000,"gauss_cor",34,TRUE,470,NA,NA,0.0642866426391753,0.614728696784691,NA,NA,0,2.31482628200467,1.2417409992172,1.06262486190223,0.0232954870979336,0.217255573512907,0.869603348614767,2.42655731696773,0,"CV_done",TRUE,1021,FALSE
1000,"gauss_cor",346,TRUE,655,NA,NA,0.0491666213625486,0.397234041055906,NA,NA,0,-0.300098606687748,1.81065666963773,1.18984804832072,0.0224392924486045,0.189710788842966,0.530991828990636,1.40828732077998,0,"CV_not_done",TRUE,1611,FALSE
1000,"gauss_cor",352,TRUE,392,NA,NA,0.090818793260328,0.403481696853757,NA,NA,0,-0.243494265847288,0.382172745828575,1.07409724031141,0.012235627058812,0.0571414573367447,-0.0310983035394283,44.8766496340434,0,"CV_done",TRUE,527,TRUE
1000,"gauss_cor",371,TRUE,154,NA,NA,0.0100302510166017,0.13376152917041,NA,NA,0,-0.301246715114152,0.929419804937339,0.702610496085576,0.00510807338752014,0.0308953553477883,-0.0594295779092232,3.4038621462716,0,"CV_done",TRUE,207,FALSE
1000,"gauss_cor",373,TRUE,304,NA,NA,2.04128059221738,0.158671269459445,NA,NA,0,-0.0424937785323463,2.12220045670736,1.11538140635668,0.0182183135246671,0.0481344721333891,-0.196813683814388,22.5060417668687,0,"CV_not_done",TRUE,745,TRUE
1000,"gauss_cor",374,TRUE,487,NA,NA,0.0737450278747324,0.120406212643614,NA,NA,0,0.0140290841190546,0.347762831265753,1.16442896999881,0.00372262967446109,0.039304958157014,0.445903775865475,2.05155541009373,0,"CV_done",TRUE,563,FALSE
1000,"gauss_cor",386,TRUE,233,NA,NA,0.0149982231710627,0.17824236135661,NA,NA,0,0.442018577393955,0.92600817831168,0.967569579865684,0.00281323817469426,0.0317114349796157,0.344786240020602,1.92428724630011,0,"CV_done",TRUE,524,FALSE
1000,"gauss_cor",45,TRUE,434,NA,NA,0.0213721741554815,0.1014082309332,NA,NA,0,-1.85535596340821,1.34125306070908,1.26852764570837,0.00639557144716675,0.0296634867120533,-0.676613028239254,6.26322790225347,0,"CV_done",TRUE,1303,TRUE
1000,"gauss_cor",46,TRUE,422,NA,NA,0.0178985966784402,0.079581507153619,NA,NA,0,-1.84183186615876,1.40215216696411,1.32086878686484,0.00579014182162692,0.0285670346574024,-0.929148652388752,2.77750713215934,0,"CV_done",TRUE,1346,TRUE
1000,"gauss_cor",47,TRUE,597,NA,NA,0.0176027381278764,0.0816058706975366,NA,NA,0,-2.46785729116761,1.55041063170507,1.42306631147988,0.00528655800783816,0.0258353128766186,-0.962124119559321,2.17828288522032,0,"CV_done",TRUE,1433,TRUE
1000,"gauss_cor",48,TRUE,591,NA,NA,0.0145652606938971,0.0768276998961598,NA,NA,0,-0.595660031217764,1.63359096275903,1.45717248833003,0.00515503272847654,0.0255477064920281,-0.862209441735758,1.85015077458488,0,"CV_done",TRUE,1550,TRUE
1000,"gauss_cor",49,TRUE,367,NA,NA,0.0137350572822581,0.0908898718219188,NA,NA,0,-0.240639827244841,1.36138228636314,1.3764918545497,0.00652086973552943,0.0330240193982973,-0.602777694283081,1.6630015030862,0,"CV_done",TRUE,936,FALSE
1000,"gauss_cor",54,TRUE,329,NA,NA,0.0321856670361376,0.414052570405577,NA,NA,0,1.21831282330062,1.56394082455176,1.110735078631,0.0132228702993243,0.103434360824783,0.876990941120173,1.79913949802794,0,"CV_done",TRUE,1770,FALSE
1000,"gauss_cor",55,TRUE,843,NA,NA,0.0542942023300213,0.470168234004211,NA,NA,0,1.6715319246255,1.07540795167791,1.1687886495548,0.023322235308912,0.146447942536643,0.872008416811762,1.45214691632876,0,"CV_done",TRUE,2529,TRUE
1000,"gauss_cor",56,TRUE,760,NA,NA,0.0901517768730492,0.653112782052259,NA,NA,0,2.20584223987016,1.48422957438894,1.41233410613482,0.0368330625102304,0.212991343199136,0.863630763075573,17.7218990629249,0,"CV_done",TRUE,2300,TRUE
1000,"gauss_cor",57,TRUE,173,NA,NA,0.100261763387387,0.633301244747476,NA,NA,0,1.4956429201536,1.34941394808515,1.41399630734324,0.023924965006567,0.127136243985211,0.839266499592703,6.17289932257599,0,"CV_done",TRUE,1100,TRUE
1000,"gauss_cor",59,TRUE,214,NA,NA,0.0751666955543465,0.25584332024697,NA,NA,0,4.54336232977814,3.80999958039285,4.45539515826987,0.00699730209639989,0.0263612355137398,0.938529828339739,23.9689355452855,0,"CV_done",TRUE,359,TRUE
1000,"gauss_cor",68,TRUE,1003,NA,NA,0.0476734802121705,0.326773362209215,NA,NA,0,-1.53714703640582,0.980964616319727,1.02186142203812,0.0135817140376452,0.0775179971727922,-0.317984890274603,1.42766597857906,0,"CV_done",TRUE,2054,FALSE
1000,"gauss_cor",69,TRUE,634,NA,NA,0.0347358131203233,0.196788418314561,NA,NA,0,-2.08651348801926,1.12835662276607,1.15306211452398,0.00859998785680992,0.0492830721899909,-0.491628578370372,12.1354634734657,0,"CV_done",TRUE,2011,TRUE
1000,"gauss_cor",70,TRUE,380,NA,NA,0.0248841825194053,0.135838343739082,NA,NA,0,-2.45951915611844,1.21264243757758,1.16138252480769,0.00709451651428393,0.036485291215989,-0.800463419331217,15.2632551612457,0,"CV_done",TRUE,1533,TRUE
1000,"gauss_cor",71,TRUE,374,NA,NA,0.0153093445162982,0.081035783462732,NA,NA,0,-1.25701982546073,1.14160447867922,1.13973030494633,0.00728242182279654,0.0344885187323869,-0.889427648601121,3.84123066696856,0,"CV_done",TRUE,1653,TRUE
1000,"gauss_cor",72,TRUE,479,NA,NA,0.0104264463050869,0.0535066306363023,NA,NA,0,-0.355790333251481,1.15785040441031,1.18874906499655,0.00705907704917855,0.0318842504124655,-0.921544001304641,1.17476911036505,0,"CV_done",TRUE,1724,TRUE
1000,"gauss_cor",73,TRUE,378,NA,NA,0.0133132396019976,0.0679846054134345,NA,NA,0,0.362620927325982,1.71318850133201,1.43617235082354,0.00612627189516859,0.0295681234733278,-0.741030356855908,6.4233706323968,0,"CV_done",TRUE,1579,TRUE
1000,"gauss_cor",74,TRUE,544,NA,NA,0.0134714290892231,0.0913704735409366,NA,NA,0,0.157111737259803,1.96436262328515,1.34283969259385,0.00604915839656314,0.0356186435036809,-0.428453269180163,18.3878111830023,0,"CV_done",TRUE,1683,TRUE
1000,"gauss_cor",79,TRUE,486,NA,NA,0.0566379897258223,0.953474392056802,NA,NA,0,1.92324192841901,0.774935590424405,1.2270955252302,0.0158583775398285,0.229605823693245,0.848688903310088,1.69770342548964,0,"CV_done",TRUE,1377,FALSE
1000,"gauss_cor",80,TRUE,496,NA,NA,0.0638196974413889,0.884188494690536,NA,NA,0,1.70688224617512,1.2590401612603,1.33700163824725,0.0169365630211642,0.189896569277198,0.7236864742325,1.68583443264994,0,"CV_done",TRUE,1409,FALSE
1000,"gauss_cor",81,TRUE,400,NA,NA,0.062614167227013,0.64842366711681,NA,NA,0,1.37888541582127,1.22400615289703,1.17701491014626,0.0255743431832473,0.203798668315152,0.822581594733983,1.32577291241399,0,"CV_done",TRUE,1505,TRUE
1000,"gauss_cor",82,TRUE,496,NA,NA,0.103834400803399,0.635893430616501,NA,NA,0,2.14284158551953,1.7980572895906,1.67515198159118,0.0440689245750946,0.225629849755052,0.904404026308386,4.56401444911957,0,"CV_done",TRUE,1977,TRUE
1000,"gauss_cor",83,TRUE,589,NA,NA,0.118660321255769,0.663711098346892,NA,NA,0,2.49576182480176,1.84231674904363,1.8262001524801,0.0529239918981841,0.234260304291328,0.916482187978506,6.51044131504165,0,"CV_done",TRUE,1807,TRUE
1000,"gauss_cor",84,TRUE,483,NA,NA,0.0799872759134247,0.265118353278566,NA,NA,0,1.7576454336098,1.62537060624377,1.70515406829891,0.0281390844686737,0.119727316450815,0.930355193813423,6.3629681545496,0,"CV_done",TRUE,1107,TRUE
1000,"gauss_cor",85,TRUE,436,NA,NA,0.0459299289842059,0.12800501629599,NA,NA,0,1.39770792398304,1.43789547931421,2.53222276383749,0.0075487349407354,0.0285775957311756,0.914236080794794,5.29295910398165,0,"CV_done",TRUE,836,TRUE
1000,"gauss_cor",86,TRUE,368,NA,NA,0.0414414366315738,0.140535664543802,NA,NA,0,2.55896252620528,1.35868994868589,1.48183847711845,0.0062298819303531,0.0231640027764148,0.928960028650044,31.7964768131574,0,"CV_done",TRUE,542,TRUE
1000,"gauss_cor",95,TRUE,563,NA,NA,0.0361020339255441,0.32111318987917,NA,NA,0,-0.888602209013379,1.14424377738863,1.07990073052625,0.0137004763229857,0.110516598707633,-0.591148797295409,1.49169323975841,0,"CV_done",TRUE,2045,TRUE
1000,"gauss_cor",96,TRUE,880,NA,NA,0.0397153227571568,0.307045872437315,NA,NA,0,-0.960354183834085,1.1413697410122,1.29266310334261,0.0134188714812342,0.0936352715568488,-0.611411387564079,5.21300492876106,0,"CV_done",TRUE,2873,TRUE
1000,"gauss_cor",97,TRUE,552,NA,NA,0.0370540483218442,0.254366720830093,NA,NA,0,-1.13088622051865,1.19502568899648,1.42194588735696,0.0115592811100867,0.0677408701612236,-0.603823903536286,1.85858942435847,0,"CV_done",TRUE,2208,TRUE
1000,"gauss_cor",98,TRUE,440,NA,NA,0.0313569239466449,0.185829578092764,NA,NA,0,-1.47225482149479,1.09197296246629,1.07465593540027,0.00856269196445416,0.0501625173485756,-0.735481623074161,19.1509964234299,0,"CV_done",TRUE,1503,TRUE
1000,"gauss_cor",99,TRUE,316,NA,NA,0.0237353004628577,0.138344653237665,NA,NA,0,-0.981244470869322,1.27233448508929,1.10803508696479,0.00887491667649128,0.0483136065670206,-0.77232925163584,3.69296650562021,0,"CV_done",TRUE,1252,TRUE
1000,"nig_cor",100,TRUE,392,-0.243133755570624,0.23694642865844,0.014739965861524,0.0996671751093693,0.741675405218058,0.821667379626369,0,-0.355538543534313,1.42489809981602,1.49561960139978,0.00857100776008432,0.0504747845015018,-0.764015782018016,3.6652636524345,0,"CV_done",TRUE,1440,FALSE
1000,"nig_cor",101,TRUE,410,0.0253920731812736,0.286298595957538,0.013446405880979,0.102895844899799,1.65410539989191,0.851819043849493,0,0.243117565664675,0.991855573169312,1.30917744466857,0.00831930799080939,0.0426087065836147,-0.722911592957234,3.67377336049797,0,"CV_done",TRUE,1668,FALSE
1000,"nig_cor",102,TRUE,442,0.0544492129427897,0.213526066925182,0.0124001959874857,0.0934175879710921,1.26656915244007,0.559917551764519,0,0.296416737661201,1.20832676560364,1.33765993042031,0.00706519354369601,0.0394094331688354,-0.529157881960471,3.68224802339519,0,"CV_done",TRUE,1478,FALSE
1000,"nig_cor",103,TRUE,408,-0.015438902505749,0.13357447989581,0.0120761536064828,0.131599992911899,0.340657294364664,0.404698191636268,0,0.481066230800621,1.52042764502953,2.00630895868443,0.00617971771922044,0.0329816508545663,-0.322190098556404,9.23690338406298,0,"CV_done",TRUE,1413,TRUE
1000,"nig_cor",104,TRUE,538,0.042873204165194,0.174874397026371,0.0122659619111928,0.107428826496404,0.423633884797369,0.589572597569815,0,0.0302034387197584,1.83139730672348,1.42975350357,0.0039474321434328,0.0394178550255136,-0.482482286338552,3.67447280536647,0,"CV_done",TRUE,1444,FALSE
1000,"nig_cor",105,TRUE,228,0.0820992820893893,-0.391455525955464,0.010373035667093,0.137843631364147,0.562035320494487,1.73194013413355,0,-0.311346593095619,1.42057385932031,3.38298086237341,0.00357246226963785,0.04038434682404,-0.565684839526534,3.61692696849229,0,"CV_done",TRUE,803,FALSE
1000,"nig_cor",107,TRUE,310,0.0390705885973747,1.90763091503981,0.0215084390245177,0.166466066711774,0.0734980569122813,1.83270964802021,0,-0.290884584265005,0.944222786167386,0.960477225398406,0.0046309537042191,0.129073692020226,-0.910647248870916,2.6322253489246,0,"CV_done",TRUE,596,FALSE
1000,"nig_cor",108,TRUE,360,0.0739820643332532,0.0872239815404067,0.0437437645554021,1.06664761001103,0.155908862415516,0.198069880289801,0,1.33588658205752,1.6653885837346,1.51325166613293,0.00912659471733576,0.146373658500453,0.442402466631651,3.66067695755374,0,"CV_done",TRUE,1297,FALSE
1000,"nig_cor",109,TRUE,610,0.0542285170000101,0.0525441546782292,0.0635694030511663,1.23362316179405,0.0624785458234282,0.19383738481572,0,0.72297496273417,0.444464174421323,0.496619789454071,0.0148878055541456,0.236322515377892,0.757886026216727,3.72292374501626,0,"CV_done",TRUE,2069,FALSE
1000,"nig_cor",110,TRUE,540,0.0235408134372302,-0.0492768093767302,0.0619521954213962,0.742558995106717,0.0577101200337589,0.782316611940474,0,0.87155008900231,0.701541817221851,1.03090819774041,0.0128460239608607,0.157212223801355,0.687290439633772,3.68419903986708,0,"CV_done",TRUE,1828,FALSE
1000,"nig_cor",111,TRUE,373,0.0203867943459645,0.0208572666376284,0.0908280033455171,0.579054124622792,0.102352472120104,0.108216255018176,0,0.772037934214989,1.99737992294998,0.688948056699162,0.0142831053531944,0.132267695727799,0.740932175546712,3.6818150499877,0,"CV_done",TRUE,1604,FALSE
1000,"nig_cor",112,TRUE,421,0.00351559408801148,-0.00265977679703803,0.121707609253354,0.741972356141523,0.043526803867425,0.196781090451243,0,2.68999599270458,0.850973689782809,0.683296110458286,0.0143473889670623,0.106097316305324,0.600129285673445,3.64707147525968,0,"CV_done",TRUE,1679,FALSE
1000,"nig_cor",114,TRUE,182,0.0844705122021885,0.0151395017153405,0.17083717301683,1.07978828506269,0.680766290119933,0.0104478927599922,0,0.584658604392436,2.73514802107465,4.17978750598416,0.0414487216012981,0.158733119470102,0.932430017897418,3.71625100803872,0,"CV_done",TRUE,811,FALSE
1000,"nig_cor",120,TRUE,836,-0.000110781998615539,-0.000541152018493412,14.7179769301142,91.2907147269305,6.49784480946307e-12,3.42370802147712e-05,0,13.0096713318978,2.2792475160593,2.51127660088944,0.0813463136119691,0.111836689446382,0.585076264755233,4.5726683047469,0,"CV_done",TRUE,2152,FALSE
1000,"nig_cor",121,TRUE,713,-0.0383051345303556,0.0567864471565366,0.064923695627163,0.261730950417158,0.132699733339658,0.22910085019345,0,1.96310374735938,3.23538567493085,1.77452926073378,0.0203647172711194,0.123351594571,0.616355368967751,12.8323843780491,0,"CV_done",TRUE,1869,TRUE
1000,"nig_cor",123,TRUE,340,0.209360886455908,0.333518849967673,0.00892411255304686,0.212591714939772,0.408076469159227,3.89103205568218,0,-0.53543463944155,4.1152585042031,0.572605924698937,0.00469255356227809,0.0979537320364887,0.903009529552106,3.59652346634754,0,"CV_done",TRUE,983,FALSE
1000,"nig_cor",125,TRUE,290,-0.0385894317854255,0.0696571464642363,0.0183259800366239,0.323209630363825,0.0166822028910716,0.139621281589097,0,-0.56547614688474,1.47620391948843,0.754569275884039,0.00637978282121591,0.108248384072645,-0.756352322140866,4.41153303162643,0,"CV_done",TRUE,750,FALSE
1000,"nig_cor",126,TRUE,858,-0.0199167903808939,0.0942165334514138,0.0229060274271312,0.260835411044756,0.250474349991872,0.240930511219607,0,-0.309633965522101,1.29031763459866,1.09445321737998,0.0105114704322992,0.0962741825956066,-0.52356168225112,3.60476762680544,0,"CV_done",TRUE,2395,FALSE
1000,"nig_cor",127,TRUE,949,-0.0159405455422763,0.27037418910911,0.024123489862118,0.223826189057177,0.25469465717836,0.655651370896579,0,-0.371555096685522,1.31316956567398,1.52669647807864,0.0114203935936693,0.08543517905786,-0.57759691332317,3.62527548679875,0,"CV_done",TRUE,3079,FALSE
1000,"nig_cor",128,TRUE,476,-0.160192703844462,0.0119289573296128,0.0178469846625498,0.229779265480686,1.37071331699125,0.186775629543834,0,-0.275331184941877,0.930746128697576,0.940289202608236,0.0110591794266155,0.0851463548018228,-0.646708432282954,3.61436240964742,0,"CV_done",TRUE,2188,FALSE
1000,"nig_cor",129,TRUE,337,-0.102609926760642,0.264526059087597,0.0130077726680911,0.19350812716739,0.212214103366553,0.313641001033721,0,-0.115566664493989,0.993630231436503,1.79767089804306,0.00929885736526607,0.0696010388361282,-0.713665144133699,3.59319727182112,0,"CV_done",TRUE,1519,FALSE
1000,"nig_cor",130,TRUE,330,-0.0224033458769922,0.213202467779218,0.0138756549131631,0.139612821713085,0.346988476474507,0.528185413470939,0,-0.187809689201843,1.38214295612384,1.10751614257201,0.0072081154412268,0.0570584966677258,-0.581630597384072,3.59366258139688,0,"CV_done",TRUE,1265,FALSE
1000,"nig_cor",131,TRUE,282,-0.00588181188787545,0.0069961856474949,0.0150389354276814,0.117721273671474,0.195394400939448,0.469662864286953,0,0.0242756571026164,1.49314218521347,1.33192337105606,0.00636456731086045,0.0580432094752136,-0.611090304977699,3.55734640139397,0,"CV_done",TRUE,1225,FALSE
1000,"nig_cor",132,TRUE,353,0.111208775927623,0.0577788710028455,0.00890952497837868,0.23406935435597,0.359294560525318,0.254102260110935,0,-0.298553979183074,2.19367215488234,1.69945579318414,0.00631341993918395,0.0502420643770762,-0.280143734960981,2.92511567877399,0,"CV_done",TRUE,1342,TRUE
1000,"nig_cor",133,TRUE,631,0.0391244188236567,0.168888899614133,0.0153509813926447,0.16946938540969,0.170182615337351,0.706784292685301,0,-0.20052539848826,2.41454010754272,1.9008783881047,0.0056171727747944,0.0468126235710148,-0.348342816746674,4.10382019610869,0,"CV_not_done",TRUE,1706,FALSE
1000,"nig_cor",134,TRUE,326,0.0544976503311942,0.0250051969456782,0.00956684218118328,0.202953039640669,0.335634091436721,0.13494567740867,0,-0.173139634646163,1.40659026721871,1.52929909087302,0.00545554115046344,0.0505970138958659,-0.344986626121653,15.5815187171433,0,"CV_done",TRUE,1501,TRUE
1000,"nig_cor",135,TRUE,278,-0.0515816458206854,0.192979051921338,0.00763550055070831,0.156121009110431,0.479277732472584,0.671158137922878,0,-0.420536947297884,0.900849360838357,1.20204694000855,0.00397038727602797,0.0400489695076238,-0.384145438940785,3.57125506198793,0,"CV_done",TRUE,1088,FALSE
1000,"nig_cor",136,TRUE,250,0.0162635058910496,0.145036519749793,0.00804401688194522,0.120389371493651,0.668272777763868,1.08092680678579,0,-0.159498498880146,1.29771297328644,1.79312360462655,0.00310370027155925,0.0376384422842736,-0.45731428873861,3.57369486169131,0,"CV_done",TRUE,1185,FALSE
1000,"nig_cor",137,TRUE,241,0.0631052627900699,0.241211447552833,0.00779073925573496,0.123351074417536,0.648535660226098,1.8570587500635,0,-0.160349615524621,1.13714811250496,1.79254727161376,0.00268673329868685,0.0423714646583744,-0.490312205470518,3.60126355215907,0,"CV_done",TRUE,1109,FALSE
1000,"nig_cor",138,TRUE,151,0.0425515461720955,-0.09841918702321,0.0224645587724865,0.61227441186476,0.020575034435376,0.115956999959128,0,0.950763451017839,3.16269984700257,4.11920966502841,0.00211776646655119,0.0762218492170807,-0.694559303899452,3.55221260218433,0,"CV_done",TRUE,682,FALSE
1000,"nig_cor",139,TRUE,209,0.00241047062849037,2.57640075580841,0.0184065248379185,0.216872112949591,0.112470610606639,4.25143138377988,0,-1.28357961536794,0.608568242682497,0.550827409774456,0.00314596180286682,0.10687264034011,-0.894644244094062,3.59454537276317,0,"CV_done",TRUE,758,FALSE
1000,"nig_cor",140,TRUE,163,0.0192956532120968,0.189110797098048,0.0253201177538618,0.528335037396898,0.161723242114384,0.407326955786497,0,0.377446088046185,2.47415239319528,1.72305748394709,0.00553809458974521,0.10807722445753,-0.0567386780743886,4.49572431372272,0,"CV_done",TRUE,915,TRUE
1000,"nig_cor",141,TRUE,243,0.0215447174111796,0.0524516801933333,0.0321326239688104,0.517793615228671,0.221004703024167,0.153224614191578,0,0.181949914068407,1.32196469948712,1.2122571699957,0.00919601743076841,0.123297230842747,0.16685586272308,2.6555499431822,0,"CV_done",TRUE,1089,TRUE
1000,"nig_cor",142,TRUE,325,0.00729701848050065,0.0208841753566765,0.0417333575368403,0.362205789346459,0.50373130776287,0.0631398347169221,0,0.164770853518812,2.27681758163693,1.84316255026266,0.0109860334284946,0.0808890742314913,0.264017447998278,14.1891318203343,0,"CV_done",TRUE,1378,TRUE
1000,"nig_cor",143,TRUE,415,0.0681306446575296,0.0212301561423907,0.0405448268049029,0.228360733267738,0.312191292519208,0.0800012747828036,0,0.446413538034301,1.58231038447429,1.50369695675585,0.012147767354364,0.075032800519599,0.30356427206212,7.34043427447478,0,"CV_done",TRUE,1565,TRUE
1000,"nig_cor",144,TRUE,477,0.0884130672732868,-0.0917205611103557,0.0427180419216411,0.211595684974736,0.272998059559226,0.748366802999316,0,1.30073361956228,1.82023664082023,1.76448495965375,0.0101411865904328,0.0736853216541636,0.32005906788301,2.48622616085741,0,"CV_done",TRUE,1549,TRUE
1000,"nig_cor",145,TRUE,520,0.0253867639878132,0.0676825436225292,0.0585563541861698,0.231743214709576,0.0688844810524532,0.718503242248977,0,1.5852946965863,1.57322646725038,1.52941308981145,0.0109502102792177,0.0681485164271103,0.331761232369755,2.8606291935179,0,"CV_done",TRUE,1944,TRUE
1000,"nig_cor",146,TRUE,327,0.0237600691950489,0.0470867562825489,0.0809063188006547,0.249136163825961,0.220878581057263,0.573368854486912,0,1.88243103795537,4.40296355232883,2.39478053687785,0.014437058313424,0.0797615038008121,0.54722345992567,3.66269294684132,0,"CV_done",TRUE,1321,FALSE
1000,"nig_cor",152,TRUE,153,0.116631905674679,-0.863715275098009,0.0271339498487003,0.432939470427436,0.271438828603713,4.57736847870831,0,3.51152353389343,0.851909533564574,2.19561019808023,0.083670211372223,0.393192830178246,0.976775121595442,3.2500040851699,0,"CV_done",TRUE,584,TRUE
1000,"nig_cor",153,TRUE,452,0.00524985589114503,-0.105644426171077,0.062964781005579,0.633094468907149,0.0410431221506875,0.983199703774136,0,2.92409013798622,1.16793622299532,0.558636881192595,0.0354121159639112,0.19955288854984,0.912617261239439,3.54106544307261,0,"CV_done",TRUE,1640,FALSE
1000,"nig_cor",154,TRUE,592,0.00264656122181551,0.0185145418302462,0.127620221283182,0.784133762132092,0.0264415924396102,0.0359638998309851,0,1.4015269487275,2.91462810237048,5.67389477277757,0.0161360434385083,0.128601143138745,0.92266786596462,3.48434884890914,0,"CV_done",TRUE,1835,FALSE
1000,"nig_cor",155,TRUE,130,0.0955724946478403,-0.0473426291947713,0.0307489497027876,0.209407703322717,0.13622447615258,1.06656545564229,0,1.3119450718941,2.03802507772321,1.8299537444814,0.00945151209747246,0.0996076136710939,0.778513408701657,3.72163016050778,0,"CV_done",TRUE,1478,FALSE
1000,"nig_cor",156,TRUE,842,0.0936356805085893,0.336491491888842,0.012075117547753,0.153560512753763,0.311076702124016,0.746620970703457,0,1.14784027206882,2.12189833946156,1.11615833498473,0.00351370582297574,0.104434595864248,0.768642463574745,2.82159563216898,0,"CV_done",TRUE,1059,FALSE
1000,"nig_cor",159,TRUE,191,-0.108124870918749,0.0258419424243236,0.0134729383178966,0.249968271125661,0.388383737643584,0.438535731035864,0,-0.488822900513461,1.67266623858058,1.18893344615834,0.00682129993266611,0.0972868303558418,-0.449125128454068,3.44639666035771,0,"CV_done",TRUE,1011,FALSE
1000,"nig_cor",160,TRUE,481,0.0107943115879015,0.0272365922120206,0.0148303411884196,0.221141870250411,0.282911309684714,0.277717923606627,0,-0.157808396350156,3.53778956278061,1.43963511037539,0.0068121055646946,0.0907516657198269,-0.426515399557567,3.71444895286251,0,"CV_done",TRUE,1600,FALSE
1000,"nig_cor",161,TRUE,416,-0.540764737202385,0.128349548668312,0.0285070054358709,0.183506562015318,0.719563121677984,0.446325058280972,0,0.246807317296229,0.0261488214610658,2.11397451400952,0.00792048874616641,0.0959943911983685,-0.628099640008062,3.45192172839962,0,"CV_done",TRUE,1718,FALSE
1000,"nig_cor",162,TRUE,313,0.00923522346278111,0.0589478133903305,0.0105994962383735,0.134917939296653,0.077809009911751,0.501922255896982,0,-0.0679789512765686,1.84233736993392,1.11483273589025,0.00436398309784151,0.08782751289114,-0.612107617026581,3.49723269394426,0,"CV_done",TRUE,1328,FALSE
1000,"nig_cor",163,TRUE,295,-0.0427415417568753,0.074769799644415,0.00775313003140033,0.12632609613456,0.0977040089798686,0.469619668616236,0,-0.112942079681185,1.33078916106894,1.23712917009758,0.00305456015427535,0.0762430510516325,-0.681128140749704,3.48518959209047,0,"CV_done",TRUE,1375,FALSE
1000,"nig_cor",164,TRUE,313,0.0269746309212882,0.569210992915134,0.00886501618016282,0.102982812381047,0.243326552249363,0.735597422474008,0,-0.341823539244834,0.303760926053008,1.34914200329798,0.00304251492374374,0.0652546726734983,-0.515829797198519,4.24425604198542,0,"CV_done",TRUE,1410,FALSE
1000,"nig_cor",165,TRUE,435,0.195638628810088,0.187452688049237,0.00663839154220354,0.125571539727499,0.409473266621675,0.41517281089453,0,-0.795741757506946,2.13545279121408,1.11816274968028,0.00242985584455874,0.0675249187151127,-0.509551660526921,3.13610940006044,0,"CV_done",TRUE,1468,TRUE
1000,"nig_cor",166,TRUE,369,0.557835154729254,0.0828454219819827,0.00517734595330483,0.185940622988732,0.541718982399169,0.144962718710611,0,-0.468737284685862,1.51026752716343,1.06565514474135,0.00276070369388634,0.0765363168942945,-0.670602116023378,3.47348288589054,0,"CV_done",TRUE,1512,FALSE
1000,"nig_cor",167,TRUE,327,0.0289360574222724,0.0791445398757746,0.00746616294940954,0.199049473056181,0.0729823433822174,0.486482022056026,0,-0.723145408913626,1.13247104294685,1.16583234409128,0.00271955207629601,0.0776384818449784,-0.646698793791269,3.49293623278814,0,"CV_done",TRUE,1610,FALSE
1000,"nig_cor",168,TRUE,356,0.00646038292455181,0.0277778044616551,0.0112346183045149,0.148478778664476,0.0794882029568999,0.187929576512552,0,-0.270381925432444,0.206947557804219,1.23552666318647,0.00348047522377045,0.0911808911899988,-0.651175193876963,3.48175309348989,0,"CV_done",TRUE,1465,FALSE
1000,"nig_cor",169,TRUE,245,-0.374503298980811,0.209600858176574,0.00470564151079668,0.110976397726007,1.7692543270075,3.69521347139493,0,-0.139627235197222,1.20305275173443,0.715459157980923,0.00272842795221483,0.0982732448879406,-0.768443797003016,3.73517954359728,0,"CV_done",TRUE,1220,FALSE
1000,"nig_cor",170,TRUE,260,0.0285642321288112,0.225990995774263,0.00620621024708256,0.100664809988788,0.257473948358231,0.542375256535631,0,-0.58937079564361,0.626334516760016,1.03638072400499,0.0025950890782275,0.0873339515666461,-0.663781438050886,3.49806798572618,0,"CV_done",TRUE,1173,FALSE
1000,"nig_cor",171,TRUE,345,0.162892368947798,0.470869668556683,0.00747843372043618,0.0664986969600853,0.608992167967007,0.224912594436873,0,-0.0372716527527921,0.389809870172264,0.493598302102053,0.00190717771639988,0.0912971605713251,-0.740404383131444,3.47415254035206,0,"CV_done",TRUE,1227,FALSE
1000,"nig_cor",172,TRUE,379,0.0116439871578559,0.695054763919998,0.0043783650592788,0.101686263253354,0.726740995515336,0.934153229888842,0,-0.339980572393729,1.9376451600486,1.04329226633302,0.00168823502315337,0.0805135285283801,-0.687684194448953,3.50163583621659,0,"CV_done",TRUE,1324,FALSE
1000,"nig_cor",173,TRUE,366,0.0489350169946115,0.921659852960289,0.00652256372323623,0.0713326263420467,0.173445455997933,0.944738902193938,0,0.0188345874088139,2.55371195798945,0.988589467419611,0.00200568806222794,0.0953091729900945,-0.647012801932789,3.47803535397682,0,"CV_done",TRUE,1140,FALSE
1000,"nig_cor",174,TRUE,143,-0.0183814678406561,0.181435224378164,0.0181212745380136,0.116133405907828,0.027787519013775,0.470798604543486,0,-0.00470448508653216,0.594458148678375,1.0327207760926,0.00326670214460514,0.0853536762001223,-0.546038184179576,3.50886571675815,0,"CV_done",TRUE,838,FALSE
1000,"nig_cor",175,TRUE,134,-0.16179569397631,0.676542530322518,0.0344418981252195,0.179199868120237,0.462266148128516,1.19171160451495,0,-0.468857052454157,0.493080537813603,1.25039983284245,0.00516519180973453,0.0872339301539461,-0.600298992203276,3.49769196815513,0,"CV_done",TRUE,499,FALSE
1000,"nig_cor",177,TRUE,175,-0.0622744480852835,0.085177785211086,0.0462322508515049,0.135357244150863,0.409004204513067,0.481412273766261,0,0.527957592223359,1.69380985305415,1.58029923482476,0.0167284523142244,0.0536606664251107,0.161927578371002,3.4823609730077,0,"CV_done",TRUE,643,FALSE
1000,"nig_cor",178,TRUE,256,-0.00216060271062895,0.129858651054849,0.0372887178928078,0.14841887948075,0.710327319602995,0.431407463481176,0,0.587804236054213,1.79078089162401,3.43805657904153,0.0123097879025477,0.0300729270606904,-0.207863535353944,3.51926761024528,0,"CV_done",TRUE,971,FALSE
1000,"nig_cor",179,TRUE,262,0.145851291205157,0.174521730095676,0.0297907739179203,0.0935748992480445,0.94864204476832,0.441547995021335,0,0.359284443885212,2.00231435896836,1.24918995496786,0.00974850577968855,0.0425697223866287,-0.0948861856545124,3.48514733119143,0,"CV_done",TRUE,1290,FALSE
1000,"nig_cor",180,TRUE,570,0.177075007295744,0.0652525978748411,0.0239865865214257,0.109530830050082,0.891009114765707,0.226777191063731,0,0.313489848333043,1.81523090105512,1.72938675936017,0.0100130048484675,0.0505720315791808,-0.0444457138445363,3.48295854923074,0,"CV_done",TRUE,1739,FALSE
1000,"nig_cor",181,TRUE,221,0.122339364669548,0.0124483574647391,0.0221363832820653,0.108168819241937,0.838775124156394,0.19404416724134,0,0.233802092011415,1.92329770237345,2.4305241725833,0.00973645588757874,0.0474123589546033,-0.0021665121079388,3.50651946311196,0,"CV_done",TRUE,1197,FALSE
1000,"nig_cor",187,TRUE,113,0.0115692306783057,-0.0120144929386848,0.115371630566428,1.03724757421003,0.163119862965485,0.808545834910965,0,3.93659139430384,2.0632347652388,2.66189409355116,0.0205099688444724,0.0683779123420899,0.359850273431057,4.82749889855308,0,"CV_done",TRUE,494,FALSE
1000,"nig_cor",188,TRUE,266,-0.150107515607247,-0.166128468977306,0.0204346345342384,0.243791561475914,0.259993783379076,2.22766476741375,0,2.13127164348447,0.475525447224305,0.611641103302033,0.0318110011570757,0.179069319574671,0.761221949453523,4.62587029788229,0,"CV_done",TRUE,983,FALSE
1000,"nig_cor",189,TRUE,335,0.0378971937165412,-0.0554495024864206,0.0274511244342498,0.297984435661777,0.963378806553987,0.229921556885022,0,0.363465268199356,0.991304317829712,1.31821956595205,0.0157203075078451,0.141626902793146,0.761529098298072,4.68814089994188,0,"CV_done",TRUE,1185,FALSE
1000,"nig_cor",190,TRUE,304,0.184382235729173,0.21348447210889,0.0274120037125182,0.124273134625704,0.152099164731443,0.160845220515971,0,-0.393321079734315,1.37918374436635,1.17575222327207,0.0164120028740476,0.147896126848213,0.803635417558816,4.66013466573424,0,"CV_done",TRUE,1354,FALSE
1000,"nig_cor",191,TRUE,580,-1.14470791090482,0.107542724406066,0.0144705177697488,0.20160723876415,0.516092035522275,0.256667743021862,0,0.150948053845878,0.306424765959796,0.35377969854245,0.0100208649626122,0.125845586403673,0.795106567063019,4.42144568292355,0,"CV_done",TRUE,1720,FALSE
1000,"nig_cor",192,TRUE,359,0.217397154539354,-0.197413188142224,0.0182631509434742,0.131703594883551,0.226469656966344,0.432032716910917,0,0.61402560830989,0.616999239388587,0.194080922600936,0.0134582181881051,0.135782075618446,0.771815211307847,5.01928754272284,0,"CV_done",TRUE,1269,FALSE
1000,"nig_cor",196,TRUE,170,0.0181002449712152,-1.10162958846699,0.00625219603675816,0.130599307397091,0.524367686711336,1.61597410154009,0,0.0206179828974603,1.20149092308687,0.535485386784521,0.00343827902329211,0.106542788146181,-0.760254323411833,3.40583845889679,0,"CV_done",TRUE,760,FALSE
1000,"nig_cor",197,TRUE,277,-0.121840893046162,0.0175943917514831,0.00635083369673761,0.196766202367571,0.18664168802461,0.172203411877618,0,0.232198257436322,0.447784037544152,1.99697164244785,0.00343952262217314,0.0824139142175398,-0.73743453062497,4.85104718617543,0,"CV_done",TRUE,913,FALSE
1000,"nig_cor",198,TRUE,392,0.0575446068379715,-0.000133963667522628,0.00627861167153845,0.130862230582225,0.199837303124927,0.422654741830613,0,-0.469770403171738,0.844827496974636,0.56536085034437,0.00301421805861751,0.0743162322986906,-0.552270731250433,4.54143064409494,0,"CV_done",TRUE,1283,FALSE
1000,"nig_cor",199,TRUE,420,0.00275270489002377,0.336050554789553,0.00708658035989317,0.093938630392765,0.179944333444654,0.187780496744655,0,-0.139923350587966,0.528635683117592,1.28655194238993,0.00311684160293384,0.0843221708193644,-0.590964069532534,4.40437323971755,0,"CV_done",TRUE,1624,FALSE
1000,"nig_cor",200,TRUE,460,0.104510113049861,0.0867144226607316,0.00468274351237885,0.143905840107741,0.840479516430191,1.20887914590031,0,-0.33516755273716,0.98573825996866,0.323297674812331,0.00290752197060599,0.084269022408186,-0.554737087488323,4.76222252305183,0,"CV_not_done",TRUE,1680,FALSE
1000,"nig_cor",201,TRUE,418,0.0683705033048551,-0.0644943087613549,0.00477673347077384,0.0726945661721834,0.0785167648407528,0.295745518185496,0,1.38760694667482,1.67088894020693,0.261377100569068,0.00198076036138709,0.0958956675344601,-0.713466152891895,4.42894307305967,0,"CV_done",TRUE,1600,FALSE
1000,"nig_cor",202,TRUE,399,0.0742599865719489,-0.559958572775843,0.00669878991717189,0.0238152057792903,0.153970033245381,0.549050326988441,0,0.436434704308675,1.36869943987116,0.344386326726443,0.00198338037675221,0.116296655426832,-0.812075428938327,4.60367438713985,0,"CV_done",TRUE,1550,FALSE
1000,"nig_cor",203,TRUE,445,0.0235948536104447,0.482667900004593,0.00529296583109932,0.0172121124665007,0.201840187015189,2.87445467552105,0,-1.03585570343605,0.815478049523933,0.0968961246050619,0.00201236325699612,0.116472042856051,-0.770940939745668,4.59631155976267,0,"CV_done",TRUE,1492,FALSE
1000,"nig_cor",204,TRUE,419,0.173509020252559,0.61336476858519,0.00689366606683781,0.0861449382868858,1.02163386587286,0.346880612497575,0,-1.27609989501149,2.78490080001545,0.674085813315276,0.00211755647311018,0.0852360042848227,-0.683303691617668,4.72846446425826,0,"CV_done",TRUE,1511,FALSE
1000,"nig_cor",205,TRUE,480,-0.00743379882230721,-0.172397134406931,0.00776732169309276,0.130931626757545,0.0287674538627329,0.107172913286805,0,0.674109876744649,1.94859524328817,0.453182597366416,0.00185556993362815,0.103656759727572,-0.789815904426577,4.65896097773479,0,"CV_done",TRUE,1599,FALSE
1000,"nig_cor",206,TRUE,415,-0.0106547579501668,-0.0346830550720851,0.00319577407729127,0.115421070030577,1.77560392117715,3.01039193639046,0,0.562189040616905,2.38476437285769,0.44555661511594,0.00250132347188817,0.113796425868898,-0.777964579047336,4.73590148611753,0,"CV_done",TRUE,1569,FALSE
1000,"nig_cor",207,TRUE,472,0.1587854169623,0.694495411609586,0.00458400997582224,0.0795897031763956,1.84994510705613,0.556443216129416,0,-0.0280890558798508,0.516277603149543,2.02634524097814,0.0025913412433171,0.0912523555548897,-0.677723182479362,4.81312781832836,0,"CV_done",TRUE,1619,FALSE
1000,"nig_cor",208,TRUE,492,0.204385132676198,0.231249942661059,0.00404523023791364,0.100176504516116,1.55017928173192,0.108536157116965,0,-0.247476743012724,1.0124060953792,0.512034458303511,0.00254273118972894,0.0908363208672216,-0.546735506877269,4.59781338504895,0,"CV_done",TRUE,1783,FALSE
1000,"nig_cor",209,TRUE,451,0.0535374658921059,0.135164131588572,0.00662791376381682,0.0717021608108162,0.277008336597538,0.425330911468295,0,0.326252222951091,2.82264407694251,0.296438997979501,0.00189365722492503,0.0865099971969955,-0.523781740999427,4.72481555849038,0,"CV_done",TRUE,1566,FALSE
1000,"nig_cor",210,TRUE,237,-0.00962638535985949,0.0205629144424768,0.0121123956146864,0.12842281975907,0.0322313219192434,0.828411736773375,0,0.19586423581136,0.953569649150598,0.660277254290032,0.00183131308059499,0.0835980264319788,-0.501674464179571,4.63868643571657,0,"CV_done",TRUE,921,FALSE
1000,"nig_cor",215,TRUE,233,0.0211462822734964,0.220283832317194,0.0308689968638549,0.0830710439628464,0.549074620238111,0.64980325750666,0,0.0214157771405718,1.76548435479981,1.96199381152969,0.0119607905751892,0.0184345851679505,-0.1193300340254,4.01894336677812,0,"CV_done",TRUE,950,FALSE
1000,"nig_cor",216,TRUE,421,0.00971031591663939,0.110103302681253,0.0273601586095689,0.0811051968302424,0.443554476161584,0.527653291816396,0,0.101024174210339,2.08207975004599,2.16328964410364,0.0106523910118339,0.0241514307163049,-0.102673456988991,3.77025370863301,0,"CV_done",TRUE,1490,FALSE
1000,"nig_cor",217,TRUE,413,0.0994733729119187,0.0336599530054987,0.0245936338339366,0.0613832603920743,0.636972452352217,0.650353091728086,0,0.0140006990138523,2.41836709076022,1.93649046953343,0.0118047877564265,0.0213757028253966,-0.304864151889083,3.7640035993054,0,"CV_done",TRUE,1457,FALSE
1000,"nig_cor",218,TRUE,364,0.18046158984248,0.00548396145456463,0.0185644032423535,0.0457943005265891,0.441857496569683,0.274569317605853,0,-0.162594550899322,1.55109830365107,1.31280231103307,0.0097387939433267,0.0191540131852031,-0.395896426322051,3.74634126079855,0,"CV_done",TRUE,1127,FALSE
1000,"nig_cor",219,TRUE,266,0.0236042179112481,0.0352993553581938,0.0158250524686115,0.0394858471100886,0.474286124060988,0.51249580129229,0,-0.367062162909616,0.912631371123306,1.22133972915085,0.00862106886024953,0.015958464887597,-0.49367823575351,4.05142219298968,0,"CV_done",TRUE,717,FALSE
1000,"nig_cor",223,TRUE,164,-0.00916133077299796,0.041836882409214,0.0381840326538471,0.288288707989357,0.688967293816882,0.605979431875337,0,1.0607046731762,1.21096656607075,1.1981939098329,0.0159825792420503,0.145163020128338,0.427654549981045,3.48251371269149,0,"CV_done",TRUE,583,FALSE
1000,"nig_cor",224,TRUE,255,-0.063498898680406,0.0629086616316005,0.0306893503951421,0.286666340449453,0.585660205487512,0.294196417798287,0,0.644852379804935,0.965324450700089,0.946442485461465,0.0142896643168868,0.108438620257355,0.439483454467666,3.48609893049079,0,"CV_done",TRUE,895,FALSE
1000,"nig_cor",225,TRUE,311,0.156395702569384,0.144055913244036,0.0236788581966916,0.351246851611304,0.580568559130022,0.727403048268126,0,0.736434752673737,2.15356034988481,1.13134967689468,0.0104485648735297,0.0878137602069317,0.361754908879842,4.55471079604493,0,"CV_done",TRUE,998,FALSE
1000,"nig_cor",226,TRUE,293,0.0413710555447832,0.104278819799256,0.0273975767713943,0.263142961419092,0.413423358262981,1.25934112183495,0,1.11056557597511,1.17708973082831,0.982810708159305,0.00869887572716143,0.0730499345786502,0.460432233643182,3.20842654827844,0,"CV_done",TRUE,1272,FALSE
1000,"nig_cor",227,TRUE,363,-0.177226243600951,-0.0131735791624825,0.023599616918375,0.197510692429585,0.514258122233167,0.786124742251551,0,0.98921535217791,1.95330626069462,1.33337481701854,0.0083146208204308,0.0776956927205746,0.526643231655732,4.52979002209449,0,"CV_done",TRUE,1381,FALSE
1000,"nig_cor",228,TRUE,338,-0.300818750189792,0.432806275968926,0.0221627361296229,0.186563992775176,3.32684244073966,0.674081331391732,0,1.18613507721005,0.889309498679185,1.59369876374226,0.00768569430997186,0.083786097846062,0.492276811355356,4.23401617954727,0,"CV_done",TRUE,1194,FALSE
1000,"nig_cor",229,TRUE,293,-0.0250772726332913,0.158571386491077,0.0347864565026715,0.230319182445643,0.113187588394758,0.464127107498547,0,1.14988753382745,3.9252821691791,1.63903379736272,0.00337286217969669,0.0634649641423708,0.252240573095349,4.15225054259929,0,"CV_done",TRUE,925,FALSE
1000,"nig_cor",230,TRUE,122,0.241941704311574,0.161009623465457,0.00938380081014979,0.119122267981039,1.0357855319373,0.358492258077832,0,0.42947406505585,1.86378484734602,2.40466169063766,0.00263513901972277,0.07530332594439,0.0159037201674708,4.74279349467821,0,"CV_done",TRUE,413,FALSE
1000,"nig_cor",233,TRUE,204,-0.122503289943892,0.091715388244142,0.00735718928298648,0.205596606784414,0.988862710772779,0.107016439434647,0,-0.200582825394299,4.59098591401219,1.66175151584699,0.00580565232842689,0.100778116562749,-0.841667001520853,4.46220226098818,0,"CV_done",TRUE,922,FALSE
1000,"nig_cor",234,TRUE,485,-0.0720961989423918,1.25786038406683,0.0110935115664779,0.120532855749949,0.634383082608164,0.998202308642502,0,-0.634702899761663,0.981563938060494,3.3291248924163,0.00462689184759461,0.0700198919945707,-0.605863697187411,4.57120652928948,0,"CV_done",TRUE,1617,FALSE
1000,"nig_cor",235,TRUE,459,-0.0933944079911393,0.0887614406338269,0.00869602019724744,0.15415277339428,0.502469288095469,0.443376225120608,0,-0.536417630238056,1.47444836359878,0.78990666188231,0.00405182868859684,0.0736127275317656,-0.474944767177916,4.318268278633,0,"CV_done",TRUE,1702,FALSE
1000,"nig_cor",236,TRUE,301,0.0248143106178739,0.0198254822348566,0.00886589213369506,0.122725606591322,0.0800644996749181,0.923874283445848,0,-0.30883730666637,1.12009089140805,0.939648851234488,0.00409488703512241,0.0704637089822629,-0.492831167024523,4.23818646263193,0,"CV_done",TRUE,1536,FALSE
1000,"nig_cor",237,TRUE,366,-0.0132693929294926,0.166469387704516,0.00974972540121666,0.169669102855117,0.11668738390578,0.495295354228402,0,-0.297303489180737,1.42737511868345,2.64801137902533,0.00397425213189227,0.0550220838136493,-0.374628758193144,3.72380726301008,0,"CV_done",TRUE,1427,FALSE
1000,"nig_cor",238,TRUE,429,0.0250334176977419,0.282087440833902,0.00590845163787462,0.0780416932305886,0.420357340881272,0.26870580721693,0,0.406923876068807,1.53252882840942,0.624922036130508,0.00347628971638419,0.0944447103534702,-0.567177861742082,4.25212290125589,0,"CV_not_done",TRUE,1526,FALSE
1000,"nig_cor",239,TRUE,307,0.0678737365046028,0.228001038455937,0.00591941094718861,0.11904620431181,0.126569647881124,0.375739944378957,0,0.093844257580477,1.43086650395128,1.63770954193813,0.00292027263081703,0.0734373223237389,-0.551210699661469,4.24108706259893,0,"CV_done",TRUE,1523,FALSE
1000,"nig_cor",240,TRUE,390,0.0784526755674657,-0.165065700431907,0.0063625185764039,0.0463758140139004,0.167702905494651,1.48116767310186,0,-1.25511138313445,0.679055993658311,0.341817108889302,0.00214736849551033,0.0969766678018342,-0.543808733134499,3.49892029853331,0,"CV_done",TRUE,1368,FALSE
1000,"nig_cor",241,TRUE,356,0.137547208716577,0.068473918269904,0.00591205665310479,0.157836253509742,0.347926682702754,0.528042082373235,0,-0.298374348603205,1.8317224169554,3.4269624478647,0.00225129557335252,0.0803999124063853,-0.654151808739798,3.64343952142254,0,"CV_done",TRUE,1389,FALSE
1000,"nig_cor",242,TRUE,267,0.0594863932303436,0.107750074721292,0.00423288986523107,0.237349557785295,1.60915360830191,0.150071288813743,0,0.295166075518137,1.04763461216959,4.7161510017375,0.00258296582894473,0.0680544479747309,-0.615549646150604,3.5095660733266,0,"CV_done",TRUE,1379,FALSE
1000,"nig_cor",243,TRUE,274,-0.0106635706874053,0.084292051869768,0.00561580592218985,0.193241348197503,1.40551225082587,0.337699063176069,0,-0.495572991470409,2.58412481255586,3.28114983343814,0.00196112872691287,0.054055246948564,-0.438496780853841,3.85840128594803,0,"CV_done",TRUE,1395,FALSE
1000,"nig_cor",244,TRUE,355,0.125913221355362,0.142756662107298,0.00685924518940216,0.118740849489318,0.59518714250372,0.379149365589264,0,0.0229127686953552,0.393216433642396,0.90799471245944,0.00226984064172281,0.060420696777556,-0.536980049248278,3.51851622893854,0,"CV_done",TRUE,1436,FALSE
1000,"nig_cor",245,TRUE,375,-0.0299682826873784,0.185848960562782,0.00647366032549308,0.138337363725554,1.04572862146086,0.936590367952926,0,-0.104308816809912,1.16766216041679,2.1967337803319,0.00179642912643577,0.0550665174539161,-0.356324240724782,3.48642390526279,0,"CV_done",TRUE,1314,FALSE
1000,"nig_cor",246,TRUE,177,-0.146575696779752,-0.0948015057716592,0.00730204219532823,0.178819467158076,0.476033596348058,0.941132034857512,0,-0.478766642615778,1.02166694376464,1.48484181290988,0.00176540413005257,0.0421787287823069,-0.260637635814935,3.47629349411086,0,"CV_done",TRUE,679,FALSE
1000,"nig_cor",250,TRUE,117,0.306750596731272,0.199547908762857,0.0291355965761372,0.107822965432891,1.0087447219328,0.810139629674839,0,-0.196798412648098,1.5366079381593,2.35665392356062,0.00791791467058866,0.0112154911289276,-0.14292689547035,3.50305410932336,0,"CV_done",TRUE,655,FALSE
1000,"nig_cor",251,TRUE,362,0.106627605784956,0.0047443844581061,0.022945641501848,0.0771281337278616,0.503519462333132,1.27027046975888,0,0.0532145028923682,1.39251275858478,2.38101258932655,0.0106436446489669,0.0141961434457347,-0.113636089521485,3.51557117143715,0,"CV_done",TRUE,1228,FALSE
1000,"nig_cor",252,TRUE,300,0.0901903689239978,-0.124234707700917,0.0220668081865837,0.0587998495069849,0.665272930734256,1.2444284683905,0,-0.0638849212075487,2.21846656471384,1.51907694954672,0.0101867208536402,0.0200560320076336,-0.332193691885024,3.6230922041861,0,"CV_done",TRUE,1307,FALSE
1000,"nig_cor",253,TRUE,335,0.0793439630461464,0.0544502722663596,0.0194864499326562,0.0813527829655695,0.719967172443766,0.239962884865544,0,-0.28162635872253,2.24260325283397,2.27758847197996,0.00851250727585546,0.0192512703468029,-0.395204540170962,3.50740605786443,0,"CV_done",TRUE,1307,FALSE
1000,"nig_cor",254,TRUE,352,-1.26561508398781,0.0764305187505323,0.00576058109636694,0.0587505058723116,0.357207778163467,0.550028906265516,0,-0.0561658301141086,0.407451620195549,2.06820656154206,0.00998383205461557,0.0223130257881638,-0.470360202996631,3.48664139352463,0,"CV_done",TRUE,1060,FALSE
1000,"nig_cor",257,TRUE,126,1.23712141266668,-0.739786514222139,0.00482498829353423,0.144784322111751,0.549367401282105,2.39505186337152,0,0.67942018502346,0.0860514392293988,0.461599327057069,0.0580996349321567,0.428781674518188,0.723006289338881,3.57672413716714,0,"CV_done",TRUE,359,FALSE
1000,"nig_cor",258,TRUE,146,0.232005225174776,0.056898643904561,0.0589487457005223,0.654380652240342,0.600514940477963,0.275957076740587,0,0.594808868777173,3.07478182347379,3.48409841665726,0.0198007473656824,0.136214064936176,0.4467194096208,3.81430939730119,0,"CV_done",TRUE,858,FALSE
1000,"nig_cor",259,TRUE,259,0.107636669236033,0.0768061385586385,0.0335217639502578,0.46520543672326,0.668455156049214,0.382295366454272,0,0.730201342735369,2.12458879905962,1.88316272726434,0.00854284578342095,0.0843669992428833,0.208368736307217,3.58673932132622,0,"CV_done",TRUE,1047,FALSE
1000,"nig_cor",26,TRUE,244,-0.201790787559678,0.158571774653238,0.0219583453204543,0.0872038830276321,0.680473013566989,0.386174709698406,0,-1.628575079197,1.21186079117586,1.21659912765968,0.00617030596174076,0.0235817343950536,-0.945748582570751,4.13830141703288,0,"CV_done",TRUE,580,TRUE
1000,"nig_cor",260,TRUE,240,0.141693683591575,0.0171709308393962,0.025941919005107,0.351526053676147,0.376804592131044,1.09551857512761,0,0.73027408233284,1.13298481786944,1.13033128592343,0.00750579601735282,0.0715815075911319,0.201344495494098,3.6385407271181,0,"CV_done",TRUE,1040,FALSE
1000,"nig_cor",261,TRUE,271,0.0285898804647194,0.0459783478443144,0.0257897177688065,0.399175984674047,0.281720085525242,0.31524458862401,0,0.661775057275112,1.14044411659752,1.36810375807233,0.00609071741491685,0.0486111665609303,0.108156261816269,3.59471141982134,0,"CV_done",TRUE,1093,FALSE
1000,"nig_cor",262,TRUE,298,0.0835503283591719,0.0242959582482609,0.0261660003975701,0.351798203002185,0.371548138092654,0.264674198418912,0,0.49024074441173,1.85585961517461,2.41660761004189,0.00601672491202654,0.045806813395849,0.135706459498933,3.55528261538733,0,"CV_done",TRUE,1161,FALSE
1000,"nig_cor",263,TRUE,376,0.0189991935113343,0.0493375031299906,0.028763731442129,0.269036187983298,0.0973543155243489,0.396746106508057,0,0.350887523037556,1.43109009094636,2.18311766770251,0.00531771643671669,0.053856522496921,0.126174929342374,3.5966581685372,0,"CV_done",TRUE,1408,FALSE
1000,"nig_cor",264,TRUE,321,-0.00208923115410095,0.0240045840345385,0.0287304565235748,0.260619253676008,0.0808900154787792,0.185962463065127,0,0.412010385632247,1.75043901110931,2.18843810393672,0.00380913351721165,0.0557467271344255,0.0797845740625612,3.59615825332149,0,"CV_done",TRUE,1007,FALSE
1000,"nig_cor",268,TRUE,319,-0.426968277698408,0.0467997168444865,0.00697150743693827,0.18474368757087,0.600897387453689,0.0769736668344159,0,-0.507121323414151,0.565011966146971,2.1721235086537,0.00687977330081235,0.0833705689256579,-0.668449543750972,3.62481085979276,0,"CV_done",TRUE,1141,FALSE
1000,"nig_cor",269,TRUE,328,-0.222959827160727,0.0646873108353343,0.0144665535645728,0.233175904292806,0.769045967124987,0.233730425276399,0,-0.54990383601896,1.44112899755702,1.41240198802134,0.00586223380851678,0.0687992532255964,-0.534195563113558,3.59616352507086,0,"CV_done",TRUE,1442,FALSE
1000,"nig_cor",270,TRUE,383,-0.0527402918566297,0.00477467693490888,0.0136271926281803,0.199598943124401,0.370640679980558,0.31939248721313,0,-0.340693150947561,0.874548534329728,1.08298117337466,0.00685914448412806,0.0662648719341814,-0.428430963089667,3.30326701819069,0,"CV_done",TRUE,1324,FALSE
1000,"nig_cor",271,TRUE,364,0.00238515011176716,0.119201078037281,0.011551038521488,0.164641604437322,0.517749981205922,1.04159525345725,0,-0.153773747927945,1.47152016721377,2.42921410105332,0.00556701619366721,0.0547269120595526,-0.327198616082745,3.67869803149115,0,"CV_done",TRUE,1174,FALSE
1000,"nig_cor",272,TRUE,344,-0.0156430695547208,0.335251403217453,0.0121724177853629,0.101862755412532,0.29398436080272,1.06514678890511,0,-0.322152141591557,1.92795196923024,1.3910320580865,0.00441577932611369,0.0628306583286733,-0.43842465442514,3.34553360355949,0,"CV_done",TRUE,1178,FALSE
1000,"nig_cor",273,TRUE,246,0.100345791001848,2.53531079342875,0.0122615210726964,0.0275326022673309,0.284316003731148,0.296349411580219,0,0.801395610371332,2.06973022456071,4.00803011931524,0.00376410931454912,0.096312148287265,-0.489463998358286,3.59793750507412,0,"CV_done",TRUE,1016,FALSE
1000,"nig_cor",274,TRUE,180,0.0710334828496091,0.43035916458727,0.008723636629172,0.12194884833389,0.270170325381345,1.73850728764707,0,0.282179708711509,1.43597101324184,1.00990502679217,0.00487144043962805,0.0583207635694854,-0.597501345828459,3.57389365099646,0,"CV_done",TRUE,848,FALSE
1000,"nig_cor",275,TRUE,209,0.137003923273238,0.108996850715716,0.0103741627649616,0.0846388336606042,0.927007187096035,0.775356229945799,0,-0.31280415985539,1.63788242025572,1.67800946182724,0.00301204461672192,0.0499920543501356,-0.530754945186046,3.58542341379656,0,"CV_done",TRUE,919,FALSE
1000,"nig_cor",276,TRUE,249,0.0311706263772846,0.290520332174198,0.0106472933121375,0.113295242254833,0.368597242518275,0.748691212531249,0,-0.421388017973679,1.17133259962227,2.5096101040139,0.00337410385439499,0.0350706827674523,-0.517655522681345,3.61500236626852,0,"CV_done",TRUE,923,FALSE
1000,"nig_cor",277,TRUE,315,0.0520497310609183,-0.143975400559812,0.0305043319721036,0.13698711388006,0.135245522762623,0.302789280124466,0,2.12741457910389,0.09909956617747,1.12157288367312,0.00549592002219387,0.0383107362033326,-0.455570421315185,3.60071338969248,0,"CV_done",TRUE,994,FALSE
1000,"nig_cor",278,TRUE,287,-0.00353537636473648,0.000242168603354933,0.00875289348874337,0.125698096275617,0.354378645318322,0.78897149641644,0,-0.260478947926547,1.58866865499076,1.64822006513238,0.00329506718913243,0.0321993166255545,-0.374664308826193,3.82365041691396,0,"CV_done",TRUE,1224,FALSE
1000,"nig_cor",279,TRUE,292,-0.237984625268147,0.417932996476489,0.010327978480707,0.153681380366953,0.771837101072132,1.76462230883979,0,-0.392825726643883,3.19144621787589,2.17810233610367,0.00266665874082602,0.0325055671636587,-0.298754452918529,3.58608462192946,0,"CV_done",TRUE,1131,FALSE
1000,"nig_cor",28,TRUE,140,-0.303546908120009,0.0466788200198143,0.0016483302986764,0.0809177584741047,0.797784895607031,0.0739207281336668,0,-0.317199696018725,1.05001881854131,0.385966343201679,0.0154707643843572,0.0654987771338738,-0.941143578572986,5.2781182052333,0,"CV_done",TRUE,631,FALSE
1000,"nig_cor",280,TRUE,124,-0.665046789013543,0.638824780924275,0.00809142385808299,0.117676433006207,0.858917641075764,1.82015792240836,0,-0.0406315022510425,0.579338290754991,1.65009235101974,0.00282873245879901,0.0347812244112193,-0.235637975367298,3.59141496687576,0,"CV_done",TRUE,506,FALSE
1000,"nig_cor",283,TRUE,154,0.0851875322765809,0.209727848038656,0.0251140088745483,0.141621601084233,0.785643069043189,0.325288536881795,0,-0.280418870336748,1.64448914811352,1.94275182848742,0.00751327369313539,0.0410701430023163,-0.146844621244389,3.56795427628413,0,"CV_done",TRUE,743,FALSE
1000,"nig_cor",284,TRUE,436,-0.0725899707075419,0.0914816482803367,0.0206331591694055,0.115823983062697,0.346400341052195,0.285976948485288,0,-0.106785887227075,1.26732701757676,1.69144208854975,0.00720457645070819,0.0313752979350138,-0.312619804059668,3.60727882602425,0,"CV_done",TRUE,1460,FALSE
1000,"nig_cor",285,TRUE,250,-0.480217921137699,0.0466535863853728,0.0135720173994798,0.126686793466293,1.71034758345856,0.0687989849778372,0,-0.0148605132117429,0.993806960289185,0.845747190455336,0.0080065625653749,0.0301631978877734,-0.515944717982773,3.62226640337595,0,"CV_done",TRUE,1340,FALSE
1000,"nig_cor",286,TRUE,319,-0.204631219831861,0.0405732356785545,0.0192449797344935,0.152007418964983,0.686398506919465,0.054469742904729,0,0.0847903959310961,0.527293677837617,0.972823987870448,0.00753873717922322,0.0299079152718673,-0.624173812348031,3.61364530453527,0,"CV_done",TRUE,1210,FALSE
1000,"nig_cor",287,TRUE,428,-0.175049114257319,0.0168805202849173,0.0185336612677544,0.340211340313266,0.466497661037376,0.122192515563266,0,-0.345778721403092,1.8904058348759,6.51418194354797,0.00636083521227318,0.0182563612350458,-0.292557537596932,3.57124519226728,0,"CV_done",TRUE,1439,FALSE
1000,"nig_cor",290,TRUE,291,0.226317402442969,-0.107357444614868,0.0745025314261649,1.39156774850381,0.454254197673114,0.533459238212378,0,0.797582897080152,1.68774819607451,0.670552298824256,0.0306248521069005,0.243172981999992,0.762679789461032,3.65288640618876,0,"CV_done",TRUE,859,FALSE
1000,"nig_cor",291,TRUE,231,0.286711172314193,-0.0232366462975947,0.0386302170673062,0.892697242713523,0.521797481032193,0.187183778590355,0,0.518524890471087,2.05003551040126,0.425893615531242,0.0321032040785428,0.344276879091397,0.928634821424708,3.64775824036587,0,"CV_done",TRUE,1028,FALSE
1000,"nig_cor",292,TRUE,284,0.0544143268450459,-0.141380096465802,0.0465923277423516,0.726194776219736,0.0373445513227337,0.830905885056647,0,2.13648190511941,1.0162626084714,0.792200871510758,0.0134066972673883,0.157036648250469,0.67676961983825,3.67105260039645,0,"CV_done",TRUE,1053,FALSE
1000,"nig_cor",293,TRUE,260,0.0932582138957105,0.0192837620590954,0.0426425374639952,0.49308151067036,0.123125437733553,0.50186955960774,0,0.862359096566241,1.77695824775159,1.61036927205939,0.00642942044900313,0.0843167308163805,0.294223353869794,3.67194416240685,0,"CV_done",TRUE,1062,FALSE
1000,"nig_cor",294,TRUE,284,0.131579755388109,-0.0921976612760258,0.0248276763251843,0.512134025066311,0.259824435259291,0.0975435070812587,0,0.462440635299274,1.55482118391265,1.04958831957491,0.00704733587233565,0.0991718467313818,0.264555570211849,4.61292458123907,0,"CV_done",TRUE,1104,FALSE
1000,"nig_cor",295,TRUE,354,0.238044496255261,-0.0215795765263666,0.0351707926731054,0.533675330420811,0.334879352729859,0.400521091427636,0,0.0659948926724718,2.64214790370746,2.17329313040655,0.00633667355163879,0.0581845926527067,-0.0600505831793412,3.67225803346822,0,"CV_done",TRUE,1316,FALSE
1000,"nig_cor",296,TRUE,364,0.319548835105764,-0.00790405684120191,0.0285158063534948,0.571229059302554,0.34423941784936,0.0916647022591029,0,0.0243339657331621,1.62344761621879,1.46372218850362,0.00971179738654333,0.0967323830235161,0.0485691959987412,3.69029847155567,0,"CV_done",TRUE,1337,FALSE
1000,"nig_cor",300,TRUE,210,0.14739912650543,-0.390233818637729,0.0122985212606574,0.541008620178125,0.129578560447835,0.290848483163066,0,0.870316594306468,0.640180195201558,2.35197260913272,0.00746351614254875,0.0985685838897529,-0.0858598098836171,3.68733959707121,0,"CV_done",TRUE,728,FALSE
1000,"nig_cor",301,TRUE,257,0.0928240483199292,-0.0843531101074186,0.0153016471301027,0.433351732443456,0.374925236666273,0.596334341009682,0,0.0834544231434673,2.20573086817292,2.67014210233937,0.00648713956531666,0.0869188520816642,-0.0392735596594047,3.7003734058942,0,"CV_done",TRUE,1099,FALSE
1000,"nig_cor",302,TRUE,261,0.0837340844096263,0.0367896750635536,0.0202878000860911,0.254520359424887,0.487240027655102,0.420717378583474,0,-0.101593955571473,1.65697248671289,1.97069434389811,0.00754275726124256,0.0932242085062564,0.0273848784152495,3.67395126637485,0,"CV_done",TRUE,983,FALSE
1000,"nig_cor",303,TRUE,229,-0.00643266819300599,0.0823580066478851,0.0216057873940837,0.227325796021373,0.185030095568834,0.487299474643372,0,0.0810345831231381,0.195999731778421,2.03059647828264,0.00668609891709363,0.0564037117736312,-0.118557519535479,3.64299164540514,0,"CV_done",TRUE,1087,FALSE
1000,"nig_cor",304,TRUE,286,0.00156231902526753,-0.00101360267361614,0.00950983979556497,0.177909498469086,0.377514369199053,0.628606362291813,0,-0.113974878763248,1.53303836109671,1.58460931578117,0.00336537133167778,0.0495321656004212,-0.360776258634147,3.69087127438574,0,"CV_done",TRUE,981,FALSE
1000,"nig_cor",305,TRUE,147,0.277716389596494,-0.0654596007052271,0.00723891815677052,0.211069247304358,1.0682311880469,0.469433578563596,0,-0.315555235968717,1.14213623284191,1.24244321846184,0.00413280590549746,0.050995401678422,-0.488359075091495,3.66615173492995,0,"CV_done",TRUE,797,FALSE
1000,"nig_cor",306,TRUE,161,0.678777754924161,-0.00521359714404932,0.0092145924383331,0.269107552871466,3.44109165018743,0.314918732978897,0,-0.768239271293048,0.717700531823137,0.597049479225651,0.00398883929295758,0.0550253104889155,-0.61802013397814,3.65276683128542,0,"CV_done",TRUE,733,FALSE
1000,"nig_cor",307,TRUE,229,-0.151996623526777,0.0784379245126758,0.0120783724864439,0.15732293171061,0.237643707519959,1.69503588376584,0,-0.659945003380741,1.73859382110539,2.19338672253757,0.00403857310052327,0.0481737405723034,-0.458844827276612,3.68044501275652,0,"CV_done",TRUE,715,FALSE
1000,"nig_cor",308,TRUE,242,-0.375753729841986,-0.0137188036461422,0.0126717609951649,0.141230219141594,0.767352498719223,1.43284466604037,0,-0.834066882529697,1.91916277372652,1.88597590912316,0.00429844911933916,0.0277530619671511,-0.439530538212617,3.66547138148988,0,"CV_done",TRUE,834,FALSE
1000,"nig_cor",309,TRUE,242,0.138939091305631,0.0510779623472998,0.0103306533349869,0.133026993759947,5.86293974514599,0.766334483217886,0,-0.203010613602106,1.29891043545219,1.59052572730121,0.0046218712498095,0.0233823073635872,-0.477215468833664,3.87326423376523,0,"CV_done",TRUE,913,FALSE
1000,"nig_cor",310,TRUE,240,-0.0498792139296176,0.0519135826283703,0.0110095619727271,0.145684443800891,0.308221058693688,0.127446684225308,0,0.0625589566138167,1.14414684284406,1.15148978821426,0.00450009527563876,0.0351390368445604,-0.412195580825555,3.68260615276242,0,"CV_done",TRUE,954,FALSE
1000,"nig_cor",311,TRUE,269,-0.117271425130323,0.12649240901055,0.0152080678659675,0.194844134193604,0.324003398839924,0.502663356576999,0,-0.421838571114009,3.47896838980051,2.79628153480314,0.00406228260366967,0.0282109880789898,-0.327305213165194,4.79183047352842,0,"CV_done",TRUE,822,FALSE
1000,"nig_cor",314,TRUE,402,0.0219560457963286,0.0537604431879777,0.0606212241421724,0.439452273832269,0.132052046952616,0.0819161059876315,0,-0.502315789859036,3.35364909952124,1.93989680014146,0.00802647435649822,0.0603659787087955,0.138345389359416,4.63017259438005,0,"CV_done",TRUE,1053,FALSE
1000,"nig_cor",315,TRUE,448,-0.0375117024204107,0.0888536828097008,0.0217765665457515,0.273405859145956,0.358515280924019,0.165504047022771,0,-0.299211764707688,1.29885730610472,2.20760543858277,0.00696906853770487,0.0420172419714664,-0.121164225541997,4.54958614234019,0,"CV_done",TRUE,1608,FALSE
1000,"nig_cor",316,TRUE,404,-0.120240364838545,0.276675362404885,0.0197940506706512,0.219413120365764,1.10994469723589,0.4215490137362,0,-0.168454292965053,1.49335644071964,2.71927626016531,0.00704084982843806,0.0434508820299475,-0.135986469141793,4.56432614540888,0,"CV_done",TRUE,1517,FALSE
1000,"nig_cor",317,TRUE,474,0.235353693982856,0.176118401056074,0.020097655615732,0.224052656455851,2.99215514104185,0.180954022450971,0,-0.0508416246857843,1.58541332344961,1.87206731470707,0.00709127537645757,0.0421656121600198,-0.132321648234515,4.3271601435073,0,"CV_done",TRUE,1389,FALSE
1000,"nig_cor",318,TRUE,476,0.0338508358023916,0.0579256462226322,0.0438504826944015,0.392755317579565,0.118471451808831,0.0442808713950169,0,0.069159370530545,1.91807483622814,1.73456873647794,0.00944721999602723,0.0750067906172849,-0.00686071049946764,4.24736284129873,0,"CV_done",TRUE,1862,FALSE
1000,"nig_cor",319,TRUE,384,0.108393198049712,0.0425604433332101,0.0454210480860496,0.556841161339216,0.362564017037495,0.0339966597378163,0,-0.138559160040863,1.84179514544345,1.43875800735025,0.0164964247392886,0.122002287659698,0.271031519922256,9.59413384232256,0,"CV_done",TRUE,1260,TRUE
1000,"nig_cor",32,TRUE,742,0.437906525082039,0.0511454125255117,0.0119657973353364,0.183293455736189,0.645726438540177,0.0487992889723386,0,0.331774957192526,1.67250259397784,0.890957797957622,0.00727923568416461,0.0528865005352941,0.734887059869348,5.25461504361972,0,"CV_done",TRUE,1281,FALSE
1000,"nig_cor",320,TRUE,510,0.0812449431381365,0.00210804895638875,0.0641637071853084,1.25051562840745,0.243082787502949,0.0330319575230296,0,0.178229234147748,1.17770706228088,1.12731105701845,0.029290328238655,0.211468454946129,0.590490689370108,4.66840382295626,0,"CV_done",TRUE,1064,FALSE
1000,"nig_cor",321,TRUE,427,0.0995742562251743,0.00145899669535866,0.0672233661031623,0.890124624971341,0.405877456775496,0.148591573435979,0,0.535388677051264,1.43891542731216,1.28906113242589,0.0187902132048209,0.120426618093682,0.287116905702692,12.1945868503385,0,"CV_done",TRUE,1328,FALSE
1000,"nig_cor",323,TRUE,310,0.109668411668338,0.0137559819077218,0.0616975761686218,1.05553759839931,0.220177363395103,0.0623466374007609,0,0.610587965524695,1.44232829769398,1.31626395668416,0.0109477475296737,0.134399676144336,0.257140475793122,5.16183232473003,0,"CV_done",TRUE,1089,TRUE
1000,"nig_cor",324,TRUE,367,0.0720705300974246,0.032950270273242,0.0434402891335778,0.572493488976505,0.176417322751379,0.243354445778898,0,0.0352410441495265,1.00274585431696,1.17312421518121,0.0109265397991095,0.100373017705335,0.203230543640785,4.73343463583953,0,"CV_done",TRUE,1140,FALSE
1000,"nig_cor",325,TRUE,355,0.0643882297390794,0.0438814672417118,0.0602795765310815,0.737594658067017,0.0689723798158314,0.274620115864178,0,-0.719327537681808,1.82753832244779,2.47595775147276,0.00725765352492158,0.0532976569228521,0.150118004098864,4.88965715544367,0,"CV_done",TRUE,1264,FALSE
1000,"nig_cor",326,TRUE,475,0.193901061326133,0.0115287817813179,0.0441988343274752,0.695269590005149,0.19340433887005,0.200259901017633,0,-0.115331316149037,2.2960984924666,1.2953387494119,0.0073031183970703,0.0745914901988576,0.142169733899864,4.93891322556469,0,"CV_done",TRUE,1440,FALSE
1000,"nig_cor",327,TRUE,453,0.120633183139331,-0.0429783896377708,0.0313928418057364,0.686216156430878,0.300765912747523,0.181047360567455,0,0.181018903033496,1.84873986060962,1.1785251087688,0.00620528367442344,0.0690678449220031,0.19731106177641,9.2778756590022,0,"CV_done",TRUE,1273,TRUE
1000,"nig_cor",328,TRUE,513,0.0510978257899143,0.00607085919720395,0.027011177391081,0.740407390218791,0.150074043851053,0.113640633600652,0,0.204209312270284,0.46100545731738,1.32309453212371,0.00884747824780356,0.0894266922136751,0.286690916341662,4.85725700110473,0,"CV_done",TRUE,1187,FALSE
1000,"nig_cor",329,TRUE,319,0.178844774820448,0.013760471705399,0.0251019561094612,0.824649141839909,0.444159215753464,0.341545775487721,0,0.39820623219897,1.03139116768348,2.35168280858635,0.0107783664598034,0.0763403887422427,0.225182903625502,10.3229301851326,0,"CV_done",TRUE,1224,FALSE
1000,"nig_cor",33,TRUE,1151,0.0205257777069729,0.0429681417150534,0.0562971245581594,0.368485991583599,0.00550291134942637,0.0160975217398351,0,0.199070610046147,0.316102580342387,0.942811286156029,0.0136387122209137,0.114266927494212,0.91718074442171,5.30885772260527,0,"CV_done",TRUE,2306,FALSE
1000,"nig_cor",330,TRUE,499,0.174862089145546,-0.0801310824749304,0.0165621595437945,0.769982284511378,0.168386328234692,0.153850457974066,0,0.683712890102153,0.972502783098348,2.08386478352141,0.0098138898689895,0.0767214071359033,0.0861452994115488,4.8473798153853,0,"CV_done",TRUE,1262,FALSE
1000,"nig_cor",331,TRUE,119,0.0886975089359111,0.038532359537393,0.0247386467992942,0.447524741582848,0.608625530578221,0.367515169487161,0,0.304028219199842,1.0403888341492,1.11965279967079,0.00838955271543869,0.107113839188604,0.143215640858723,4.81287336573281,0,"CV_done",TRUE,833,FALSE
1000,"nig_cor",332,TRUE,349,-0.0055275499387735,2.04100535754455e-05,0.0253597924984382,0.474520252127346,0.114546779358708,0.154858405311007,0,0.361387889272517,1.15544180799423,0.873929709429475,0.00544925512224952,0.0797317262293929,0.115019574786498,4.66676877944834,0,"CV_done",TRUE,1167,FALSE
1000,"nig_cor",333,TRUE,399,0.00726039069970082,0.00408122337858667,0.0168261169479661,0.348608612647764,0.0358075416946926,0.0899285898696764,0,0.157297246150616,0.929843754495034,1.49654215349834,0.00190809032883376,0.0544679983995523,-0.133480919000137,4.77818435162858,0,"CV_not_done",TRUE,1294,FALSE
1000,"nig_cor",334,TRUE,347,0.0366699029332084,0.238664945654388,0.0093107985792135,0.252535054367238,0.192728167738231,0.649131090315026,0,0.187083265502096,1.1554597190692,2.38533431872367,0.00147832791528999,0.040511714426913,-0.183172552951631,4.65517647352484,0,"CV_done",TRUE,1090,FALSE
1000,"nig_cor",335,TRUE,293,-0.0759413467624957,0.0250719471301981,0.0133136549019395,0.26400792254547,0.180005192748531,0.0895103953918266,0,-0.53351051707879,2.07990581230356,0.804266909151253,0.00143885432680836,0.0567829379216763,-0.732499896257562,4.62405130791719,0,"CV_done",TRUE,889,FALSE
1000,"nig_cor",336,TRUE,170,-0.149799492132796,-0.0110336830991195,0.0102696677864814,0.235189857438752,0.271279376963951,0.317143701750871,0,-0.627193801454655,1.18614111324069,0.813904603704481,0.00254850637477907,0.0458671402672672,-0.576463131263103,4.91688329938109,0,"CV_done",TRUE,759,FALSE
1000,"nig_cor",337,TRUE,298,-0.00384910634559046,-0.0894137138909723,0.0129170244829333,0.148668492023692,0.0703499489181,0.502275395502817,0,0.16212970105933,0.84389101717501,1.3297990699667,0.00335769623436768,0.028951436508819,-0.537243594072394,4.93258119904333,0,"CV_done",TRUE,957,FALSE
1000,"nig_cor",338,TRUE,339,-0.0451828544008023,-0.00667838067693315,0.0162099006310359,0.159063274627202,0.0623480146590434,0.260291499268182,0,0.364656606147291,0.639561905037419,1.50097960716093,0.00373688768988302,0.0295096518511821,-0.868777924141931,4.97028013120371,0,"CV_done",TRUE,1011,FALSE
1000,"nig_cor",339,TRUE,304,-0.037503790769899,0.000603543867171503,0.0167102705933325,0.244695371657292,0.138458479366933,0.0333319141979027,0,-0.602366285312564,0.783168448602394,2.25760557371361,0.00606292290667058,0.0308652555786602,-0.903701489938285,5.02502107223703,0,"CV_done",TRUE,736,FALSE
1000,"nig_cor",34,TRUE,470,0.112471996868763,0.330010758992657,0.0544712590340768,0.377509044772802,0.292202017489902,0.441024761659649,0,1.04993022298768,1.0804363384654,1.15700826477059,0.0236860485943337,0.236011163445192,0.949349620149077,5.77704474537461,0,"CV_done",TRUE,1021,FALSE
1000,"nig_cor",341,TRUE,329,-0.0359068963373755,0.0360355752408581,0.0841058233947109,0.492394767505867,0.078178431962961,0.0391527199914136,0,-0.939529983569907,0.753000905037053,1.01643175787066,0.0247173760352503,0.0697503374459222,-0.163616783667553,4.89450845675888,0,"CV_done",TRUE,879,FALSE
1000,"nig_cor",342,TRUE,415,0.0346389098621993,0.0415113422408588,0.0561001187472172,0.450642202869955,0.167370318434817,0.028715280535209,0,-0.301087173941173,0.950310102052044,2.3024271542857,0.0155555606185927,0.0694682432353471,-0.110976445465335,4.89841602740188,0,"CV_done",TRUE,1660,FALSE
1000,"nig_cor",343,TRUE,464,0.0161395574452489,0.0602060293904819,0.0603998074896821,0.259611277009539,0.0777681192279444,0.0676427133976892,0,-0.437539340410995,1.75179974475942,1.92343156463783,0.00762938271368874,0.0436241020183347,-0.00793144569744919,4.96603706430506,0,"CV_done",TRUE,1539,FALSE
1000,"nig_cor",344,TRUE,248,-0.0143242658167402,0.0842880216644346,0.0355849505168012,0.20431772852782,0.607487445630746,0.090098077242033,0,-0.321903676305349,1.18991235204171,1.18022838482285,0.00731794016572479,0.0513313680825502,-0.140197291722118,4.95994072993596,0,"CV_done",TRUE,1391,FALSE
1000,"nig_cor",345,TRUE,444,0.13471730933812,0.0401866444936148,0.0447107663120872,0.362094242975203,0.396281985704125,0.0660034058938098,0,-0.182843022672045,0.853426316385108,2.31593363743204,0.0113050916937667,0.0543000703109676,-0.0348854242200456,3.97257971717252,0,"CV_done",TRUE,1856,TRUE
1000,"nig_cor",346,TRUE,655,0.169445780940269,0.0431425995967539,0.0547427783387861,0.658292779992259,0.47267828980448,0.0435739590788568,0,0.0284371950786973,1.68835877533422,2.58002838778982,0.0172150304622615,0.102136251106042,0.268784633135223,2.46458093835248,0,"CV_done",TRUE,1611,TRUE
1000,"nig_cor",347,TRUE,389,-0.0251763922388544,0.00478765487420787,0.0602294837526587,0.739112543757364,0.202824810049495,0.20712713823806,0,0.0105247412471046,0.691169757598265,4.74137944405524,0.0178464628102331,0.0460830059142482,0.0759810175119223,8.04845825460222,0,"CV_done",TRUE,1083,FALSE
1000,"nig_cor",348,TRUE,391,-0.063804046853238,-0.0252525452618845,0.0442918106213765,0.782405373652175,0.562427129094519,0.0253644906789287,0,-0.140857424382534,1.20976864817808,2.89072402835775,0.010610070323147,0.000156304199033382,-0.0429260584278884,8.10120713386271,0,"CV_done",TRUE,1181,FALSE
1000,"nig_cor",349,TRUE,340,0.00282117229689428,0.011557595120673,0.0607695093803926,0.685665044250404,0.0637031970501784,0.0338131214016307,0,0.474639890173848,1.47071192643782,1.37724354341924,0.00945052465416377,0.0160970260104139,-0.27959515111781,8.12823904441463,0,"CV_done",TRUE,1013,FALSE
1000,"nig_cor",350,TRUE,318,0.044008606467967,0.0035722212977008,0.045324829302638,0.806602562058446,0.464134346005929,0.0468129826581637,0,-0.201815226598659,1.76903569994506,3.29295737287575,0.0101762569097136,0.0678026712564949,-0.177748320971673,5.04893105813475,0,"CV_not_done",TRUE,1014,FALSE
1000,"nig_cor",351,TRUE,294,-0.00940291948802687,-0.00366212523911613,0.0414634524342869,0.497001412612102,0.565782625535082,0.0608946518782937,0,-0.238987518389572,1.76950449094455,1.98335345334772,0.00944752894828379,0.0459385006410548,-0.225892027278901,5.07824660391719,0,"CV_done",TRUE,1041,FALSE
1000,"nig_cor",352,TRUE,392,-0.0339465165366576,-0.0153419535205734,0.111435332467102,0.417758582329434,0.480990297269753,0.0758376834261233,0,-0.276823889874578,0.353028524146763,0.808358875200135,0.0099512192250975,0.0342012061515706,-0.40852449467474,1.49359530111154,0,"CV_done",TRUE,527,TRUE
1000,"nig_cor",353,TRUE,360,0.0335612355035017,-0.0348979608586856,0.0584554573924147,0.524556163123405,0.0384722860912435,0.105662435014663,0,-0.449143499893182,0.71104702357091,1.28465863321907,0.00997797603445642,0.0627637591634736,0.079114356962248,3.74633668919404,0,"CV_done",TRUE,1326,TRUE
1000,"nig_cor",355,TRUE,568,0.00725879680218228,0.056676977489983,0.0739651763435285,0.58592402337096,0.045743582968259,0.111114603273461,0,-0.113714350052529,0.394779881863941,1.55231034120989,0.0153728723431438,0.110690626402435,0.163714957611767,4.88781535397525,0,"CV_done",TRUE,1583,FALSE
1000,"nig_cor",356,TRUE,299,0.0324436462121948,0.0415135238242395,0.0745061885771623,0.471453443962238,0.121038068742917,0.0787309666745006,0,-0.47955969494515,2.51329939326505,1.69066244485685,0.00936589203918163,0.0784262716556723,0.0381089223108005,5.02883409652169,0,"CV_done",TRUE,1233,FALSE
1000,"nig_cor",357,TRUE,487,0.0671532626828415,0.0185387086270707,0.0376050566828579,0.563871140821675,0.169315565932901,0.0248290089265426,0,-0.413316030436401,1.27870273010621,1.5625611689447,0.0116580540315933,0.0581584954167645,-0.0402861850142575,5.31826385878026,0,"CV_not_done",TRUE,1409,FALSE
1000,"nig_cor",360,TRUE,305,-0.0201270654659521,-0.0159274749787949,0.0509089248160488,0.374716139702362,0.0386679994712645,0.17066321016232,0,-0.529684054148815,1.63959992362018,1.25226853581004,0.00144701404716197,0.0430777340048077,-0.251618928556999,13.6617712438769,0,"CV_done",TRUE,944,FALSE
1000,"nig_cor",361,TRUE,230,-0.00371766307906586,-0.00815932520584443,0.0368459664631354,0.215995431246813,0.0412067319118607,0.399769592680467,0,-0.698709279727895,1.64990321832842,0.894304368927868,0.00193393265629692,0.0325568665412072,-0.54769223789948,13.7525070111619,0,"CV_done",TRUE,922,FALSE
1000,"nig_cor",362,TRUE,261,0.067327751785024,-0.041439110876956,0.0206073469043557,0.191637311322434,0.184395174003359,0.353578045291408,0,-0.242750116932292,0.974636191654612,1.08960047362795,0.00255819875569407,0.0242059089827292,-0.683314973855671,13.642800818483,0,"CV_done",TRUE,948,FALSE
1000,"nig_cor",363,TRUE,189,0.0566111178546475,-0.0194261416249335,0.0254204258943317,0.265919575215505,0.982242681557304,0.176989313845802,0,-1.32421527368987,2.08725757377887,1.26794728209483,0.00460017909689444,0.0188782472468173,-0.407927340642848,13.6043671081464,0,"CV_done",TRUE,645,FALSE
1000,"nig_cor",365,TRUE,363,-0.114658277389747,0.0320788897753689,0.0752104617059297,0.296558676531056,0.3042827242163,0.0338833330254363,0,-0.520624021325995,1.84089025755107,1.26758535420428,0.0150175147520187,0.0619805038888761,-0.406702993633213,7.55157607138157,0,"CV_done",TRUE,1200,FALSE
1000,"nig_cor",366,TRUE,473,0.0565638760417174,0.0334600013579987,0.0482063871028403,0.354185337031521,0.351171270602884,0.0455342174324107,0,-0.309426834609035,1.31779234927107,2.36670166970721,0.0136697771939806,0.043349217050935,-0.160558547529859,11.2973266601562,0,"CV_done",TRUE,1392,TRUE
1000,"nig_cor",367,TRUE,400,0.0400529456849006,-0.00594774907947056,0.0366850216302837,0.34856934734307,0.487111046234116,0.0838610918906173,0,-0.28235329791605,1.62375865802545,3.44447237519133,0.00954673898659658,0.0284080278581064,-0.0508236718548239,7.51958811733458,0,"CV_done",TRUE,1189,FALSE
1000,"nig_cor",368,TRUE,466,0.0672728617586526,0.019953990032115,0.0391969152521438,0.196743625819774,0.250245311046018,0.0948908702460982,0,-0.504071089401493,1.4840570473197,1.09221304917966,0.00656963716106657,0.0311487054774562,0.0204198136187025,8.25345939834913,0,"CV_done",TRUE,1267,FALSE
1000,"nig_cor",369,TRUE,449,0.0198180309548897,0.000896495735286091,0.0533249800338672,0.41477035043479,0.151268723849002,0.0165475746505765,0,-0.175571743944955,0.842034702870175,1.03373697264248,0.00899486595039411,0.0300177096179098,0.093005558643285,7.50783399575286,0,"CV_done",TRUE,1197,FALSE
1000,"nig_cor",370,TRUE,143,-0.018342291087258,-0.0246012184864827,0.027974070121799,0.274709562491058,0.438817347683136,0.759855166980276,0,-0.039671987062046,1.14781033637177,2.35381703611814,0.00449224638748365,0.0365046000034179,0.163320767536633,10.0716948812538,0,"CV_done",TRUE,443,FALSE
1000,"nig_cor",371,TRUE,154,-0.0980682100230566,-0.0916515919287758,0.0122001921280307,0.14425588396657,0.211559024606783,0.11482999265736,0,-0.173133390687266,1.68661894971409,1.46836614658506,0.00288370561407949,0.00200872748719562,0.586848721938849,5.10303706056542,0,"CV_done",TRUE,207,FALSE
1000,"nig_cor",372,TRUE,167,-0.0340616150297775,-0.195357799791319,0.0217238710440169,0.25587787430935,0.0754853582583257,1.07128974210165,0,-0.904963313640506,1.20594039159925,0.771468700409703,0.00589097002517,0.0303590388196757,0.0852107416929639,9.71704617460569,0,"CV_done",TRUE,532,FALSE
1000,"nig_cor",373,TRUE,304,-0.00634622471430008,-0.047290340322274,0.293650279819924,0.236622683422595,4.30749399241074e-05,0.0923115047935102,0,-0.0603602672281178,0.216678909915201,0.490282655282165,0.00588344717190663,0.0506708212275473,-0.279703240308283,9.7450508478615,0,"CV_done",TRUE,745,FALSE
1000,"nig_cor",374,TRUE,487,0.0237192045759157,-0.180618518536443,0.0854326417114977,0.189253988071295,0.0241843723758623,0.423423073416326,0,-0.0662793268629964,0.193829140456481,0.368449093422809,0.00378730345258515,0.0420902478003931,0.4602848160256,5.47013690802786,0,"CV_done",TRUE,563,FALSE
1000,"nig_cor",375,TRUE,399,-0.00772799630539041,-0.0589169474284736,0.0476349685465046,0.351833206495122,0.155845595783914,0.0556688166445319,0,-0.744817992115633,1.15775333387406,0.926979624774975,0.00256465099446595,0.0252462845381677,0.0727443303693857,36.1722856124242,0,"CV_done",TRUE,1019,TRUE
1000,"nig_cor",376,TRUE,402,0.0103315043179425,-0.00543086127797909,0.0772501003273574,0.479617533196042,0.0577370603524424,0.0418474876981119,0,-0.357470002403165,0.946561937891683,1.17044671626717,0.00921059916157386,0.0573012341487006,-0.138128873105701,17.3349912909004,0,"CV_done",TRUE,1033,FALSE
1000,"nig_cor",377,TRUE,543,0.00410212256723922,0.00516162129441631,0.0493736342482944,0.437917989084983,0.139780936948737,0.016049771069115,0,-0.48319748796715,0.96649932815797,1.09476707757579,0.014507220053986,0.044744721206384,-0.48431937927734,6.60003232532629,0,"CV_done",TRUE,1197,FALSE
1000,"nig_cor",378,TRUE,433,0.0310789680761786,-0.0141969734776161,0.0335466088496279,0.37683201934915,0.329485237224717,0.0313090073755207,0,-0.180548442485945,1.6800891022483,1.25063225493684,0.00284522740517541,0.022896641811871,-0.398474895130066,14.238359563748,0,"CV_done",TRUE,1077,FALSE
1000,"nig_cor",379,TRUE,309,0.104478263945616,-0.0354954734808716,0.0454266251031789,0.92189510556654,0.183066573590606,0.0857949628193864,0,-0.385698499203634,2.16355017835614,3.40853011370511,0.00367284561795458,0.0165054966893781,-0.182872152559342,15.0387370848656,0,"CV_done",TRUE,792,FALSE
1000,"nig_cor",380,TRUE,357,0.107011931839561,0.0444047108785721,0.0233132126361921,0.234314480575073,0.218456818713804,0.196718710400353,0,-1.16352993757248,0.574458608481318,1.76172458110467,0.0219306995165366,0.0383769615774774,-0.968313174461181,23.7419642725256,0,"CV_done",TRUE,810,TRUE
1000,"nig_cor",381,TRUE,328,0.133234216226453,-0.0381578956018837,0.0296792137167935,0.173593889999224,0.788656704039199,0.273826757786108,0,-0.549552478020532,0.774940615769422,0.801558164912301,0.00508653490401276,0.0161888221416512,-0.513566440957365,6.62917976252735,0,"CV_done",TRUE,712,FALSE
1000,"nig_cor",382,TRUE,328,-0.0652645679908434,-0.0985507650945331,0.0477488602180176,0.275279536935558,0.191784567170488,0.174518236989101,0,-0.683112416793923,2.29206354608153,2.65580344126621,0.00643920486664915,0.0213608887434857,-0.222309919348566,18.9264267376396,0,"CV_done",TRUE,588,FALSE
1000,"nig_cor",383,TRUE,336,-0.0452482329471499,-0.0527344758690008,0.0619965984320115,0.364602216250585,0.234063403598546,0.0800994461914048,0,-0.453803818266701,1.38670212757549,1.78650516616676,0.00750556708823633,0.0316957553026124,-0.144211465601772,18.5434461343951,0,"CV_done",TRUE,732,FALSE
1000,"nig_cor",384,TRUE,274,0.0515572020383013,-0.02044652625921,0.0415254545036731,0.376114201171452,0.119385917651368,0.495643402332123,0,-0.968831833173061,0.430652839957602,2.31228814140507,0.00863628518077575,0.0369221047960679,0.110558727591691,19.0067138355308,0,"CV_done",TRUE,797,FALSE
1000,"nig_cor",385,TRUE,210,0.0435954036923577,0.000314302146952126,0.0191207073254261,0.221250620005254,0.0749960582171584,0.297865622077702,0,0.234852306017842,1.70531055407787,1.2399877422835,0.00349087514346339,0.0260105260957752,0.0815816139125842,12.6608698005809,0,"CV_done",TRUE,765,FALSE
1000,"nig_cor",386,TRUE,233,0.0176735887582709,0.0501823326354057,0.0181479202430237,0.200531670707951,0.113608916930613,0.285014889335854,0,0.381485324049473,1.28526918261703,1.14464507463087,0.00128213639874036,0.0199750557086619,0.188198128945815,15.3978679036432,0,"CV_done",TRUE,524,FALSE
1000,"nig_cor",46,TRUE,422,-0.138450845309204,0.0449810026674156,0.018034836790493,0.078075369676637,0.423036422357543,0.253290838903157,0,-1.47874152230318,1.88970724687049,0.778209144851636,0.00582380357226241,0.0278877185789697,-0.942395359453923,6.18717829320166,0,"CV_done",TRUE,1346,TRUE
1000,"nig_cor",47,TRUE,597,-0.138380305732433,0.124187321815348,0.0133722538769083,0.0577333381105679,0.173943438270221,0.326324646894082,0,-1.11966067472167,1.10743889019866,1.10936823393495,0.00546818411880216,0.0242015286885063,-0.967218803408899,15.5996187183592,0,"CV_done",TRUE,1433,TRUE
1000,"nig_cor",48,TRUE,591,-0.0539835708444226,0.0692783001979451,0.015124744581588,0.0926094733254662,0.0994709789971661,0.242852678005215,0,-0.37807933302277,1.2990981766661,0.563766443132368,0.00550405364398645,0.0256624019506264,-0.903014333721186,8.27913285785251,0,"CV_done",TRUE,1550,TRUE
1000,"nig_cor",49,TRUE,367,-0.120431322835389,0.332625251967638,0.0141506031006815,0.0984213593254831,1.00314250635552,1.21658689079643,0,-0.170443756087393,1.24108998014407,1.47306819388614,0.00679877305045367,0.0320551382851771,-0.580702424807146,4.52260190963745,0,"CV_done",TRUE,936,FALSE
1000,"nig_cor",54,TRUE,329,0.0909823182629649,0.0736577376056108,0.0208049172058868,0.26378135299024,0.0850608075832494,0.0757166612143996,0,0.842987782018153,0.447951624391092,1.40254511109173,0.0102277063672056,0.080947062120609,0.939466917570354,2.62427364998394,0,"CV_done",TRUE,495,FALSE
1000,"nig_cor",55,TRUE,843,0.0442254345963163,0.0926463494514749,0.0502131126235251,0.348174080900365,0.0674626528119914,0.0519278716274377,0,0.671562000253869,1.12299467528936,0.88891179642243,0.0124538964558635,0.0798944274007373,0.735641621503116,3.13529978791873,0,"CV_done",TRUE,1089,FALSE
1000,"nig_cor",56,TRUE,760,0.0347094985691935,0.208195097033146,0.129961323377279,0.592626316335483,0.221914092505105,0.582873402952839,0,1.59902345317537,1.27481273027285,1.2766734465087,0.0213847162858027,0.145125210577993,0.0395613642841235,4.97152730411953,0,"CV_done",TRUE,2300,TRUE
1000,"nig_cor",57,TRUE,173,0.0023400176677812,0.0166709393726579,0.249008137026985,1.90335436975464,0.0515862189308704,0.0514406868287659,0,1.35188185301143,1.9586602872021,4.9801266789796,0.0195805143312905,0.0881836875231368,0.827446249117044,4.33126182478335,0,"CV_done",TRUE,1100,FALSE
1000,"nig_cor",59,TRUE,214,0.30913544204857,0.18056832692328,0.0522032852665094,0.169340825919859,0.136080268318888,0.17516605656646,0,0.626473129892081,1.51748008684429,0.801345653651126,0.00777242035675631,0.02401079911301,0.946292812341642,2.65234034015073,0,"CV_done",TRUE,359,FALSE
1000,"nig_cor",68,TRUE,1003,-0.209094656987157,0.0188501660292609,0.0476304254501095,0.392725876847258,0.595388050341552,0.0514565946287551,0,-0.616962706775686,1.18128985820034,1.13670521265083,0.0126383736361651,0.0649538867989415,-0.319460574344755,6.65345917350716,0,"CV_done",TRUE,2054,TRUE
1000,"nig_cor",69,TRUE,634,-0.0476350826992856,0.00482214415588502,0.0497523066432316,0.306713441938187,0.135325801200243,0.0754181960630671,0,-2.20779941999875,1.1666824391976,1.10011529525007,0.00789947749188597,0.0415840836034231,-0.446825474294351,14.0127472925186,0,"CV_done",TRUE,2011,TRUE
1000,"nig_cor",71,TRUE,374,-0.0139509426679651,0.0315112161406748,0.0150360433749828,0.0769060576476231,0.179909045676997,0.142103354587419,0,-0.289104139644583,1.2560992876691,1.4260240352809,0.00758469296425069,0.0341429922775248,-0.934067368228407,5.84105404794216,0,"CV_done",TRUE,1653,TRUE
1000,"nig_cor",72,TRUE,479,-0.00197829297291526,0.0721088946204251,0.00999467761853061,0.237429261012373,0.151953171009545,0.706293330588476,0,0.230433963989556,0.675850085557504,0.0906933877790978,0.00754990383286755,0.0307598220451563,-0.922510304549672,4.91403302171992,0,"CV_done",TRUE,1724,FALSE
1000,"nig_cor",73,TRUE,378,0.0146050283580402,1.06875890633462,0.0245472527588552,0.0810587698763446,0.520903238867415,0.568580846399308,0,0.218347218744271,2.48834796426713,1.39109986731515,0.00575058660573565,0.0293114617168771,-0.720752790716643,4.95538125525746,0,"CV_not_done",TRUE,1579,FALSE
1000,"nig_cor",74,TRUE,544,-0.107664223022036,0.405783519452605,0.0146200290852811,0.0985658125008456,1.11435131214911,1.07568846594311,0,0.1457604289366,2.19269948261909,2.13664682931972,0.00579486125761687,0.029909544822732,-0.301855319161213,4.91496070257492,0,"CV_done",TRUE,1683,FALSE
1000,"nig_cor",79,TRUE,486,-0.00690655824687126,-0.109331764066906,0.148135375599612,1.42103514139595,0.0404298015811571,0.471200894634033,0,2.99282409535312,0.596353814043643,1.3318640047402,0.0128262050452271,0.19100612182699,0.807518714872058,4.88133457759464,0,"CV_done",TRUE,1377,FALSE
1000,"nig_cor",80,TRUE,496,0.0940074898656992,0.122957032407615,0.0682015061042091,0.77976830682854,0.112036577585061,0.245715258814288,0,0.540345080932554,1.49529025957941,1.38890141303157,0.0182213004307784,0.183400860202839,0.865212000426524,4.26813972993029,0,"CV_done",TRUE,1409,FALSE
1000,"nig_cor",82,TRUE,496,-0.0192799360172766,0.133987894937424,0.205192356079674,1.29817808063197,0.0685401599406762,0.804632806430871,0,3.39073272019022,0.561945792169173,0.539660570706531,0.0409780167885334,0.209540262743489,0.882047434299129,4.83541434533342,0,"CV_done",TRUE,1977,FALSE
1000,"nig_cor",83,TRUE,589,0.0307958088418223,0.0035927980892148,0.461937280557211,2.33313437730595,0.0793549608790077,0.101163668766093,0,3.89694815619309,2.87859885629443,2.5062504233312,0.0404674730110703,0.167758392855126,0.882007435182657,4.9507552026433,0,"CV_done",TRUE,1807,FALSE
1000,"nig_cor",84,TRUE,483,0.00354741946651386,-0.0147374368566359,0.164715556116979,0.681720649132644,0.037658077671997,0.0661870268010392,0,2.08882865038639,0.810876345095342,0.679756941011934,0.0256423473312304,0.107199435730488,0.91871520682325,1.07760891867181,0,"CV_done",TRUE,1107,TRUE
1000,"nig_cor",85,TRUE,436,0.116294402526328,0.126203620993205,0.0850587949052246,0.187395235883387,0.180348827723403,0.242428669616872,0,2.15129485647161,1.00602816138087,1.50365385196649,0.00777000892157405,0.0259411708095593,0.914618158656486,5.12931222627284,0,"CV_done",TRUE,836,FALSE
1000,"nig_cor",86,TRUE,368,-0.0542645096484803,0.184621167564881,0.0843037864997099,0.195515383483701,0.0164458697888848,0.0260554936371496,0,0.325959395025525,0.885224593352646,1.19992423757384,0.00361649590416585,0.0128198071412028,0.815716812027371,2.43571936031183,0,"CV_done",TRUE,542,FALSE
1000,"nig_cor",95,TRUE,563,0.0122066046278712,0.124249579576696,0.0384754844696884,0.344180100219322,0.466936903982813,0.184991936063269,0,-0.49846440778458,1.80378634956164,1.38669376601258,0.0133810086483272,0.10580892461387,-0.619164169670612,3.69732958166412,0,"CV_done",TRUE,2045,FALSE
1000,"nig_cor",96,TRUE,880,-0.0313454967011914,0.0419569372113175,0.0436246765816454,0.473147313002819,0.498187375491871,0.101350922970181,0,-0.125845271049085,2.13246013906987,1.63482960866735,0.0122323549538795,0.0780764195443634,-0.611431420725637,5.03772080300859,0,"CV_done",TRUE,2873,FALSE
1000,"nig_cor",97,TRUE,552,-0.005198306470573,0.0233212956008983,0.0366583532539841,0.580148517753375,0.231593084352927,0.0270536171383395,0,-0.229138364610091,1.16517769375479,1.71924578854367,0.0125928922017017,0.0561186958667678,-0.626832233371001,4.89538693526001,0,"CV_done",TRUE,2208,FALSE
1000,"nig_cor",98,TRUE,440,-0.0724446697714204,0.0456570834838359,0.0352119369334237,0.206382182071914,0.313330200526653,0.0747947000479822,0,-0.850134453973751,0.777949244317411,1.27367589676211,0.00920414097324975,0.0498867325572954,-0.746727057533488,3.63636428808449,0,"CV_done",TRUE,1503,FALSE
1000,"nig_cor",99,TRUE,316,-0.44132348949804,0.00761048361662298,0.0172100520800572,0.328831106357224,2.41556697210899,0.0035427466681169,0,-0.197351015754329,2.0381744469561,1.48357872537162,0.0116863096869607,0.0595249311260966,-0.88733113075903,3.64630004533739,0,"CV_done",TRUE,1252,FALSE
1000,"nig_indep",100,TRUE,392,-0.230211937434348,0.129729441824135,0.0162518006480724,0.107739379728316,0.990088682860495,0.52745680317526,0,-0.771395390556462,1.58386766867223,1.68979500593844,0.00814926117505431,0.0425137812980242,0,2.38912862605519,0,"CV_done",TRUE,1440,TRUE
1000,"nig_indep",101,TRUE,410,-0.62534896949087,0.300717793750747,0.017131537385804,0.0897482211815777,0.898151102898859,0.908748079703537,0,-0.332121837368874,0.119442968237911,1.73919153252889,0.0106389329865232,0.0427081953998688,0,16.3388761056794,0,"CV_done",TRUE,1668,TRUE
1000,"nig_indep",102,TRUE,442,0.0057060312631853,0.457612545783668,0.0123628605963413,0.0812022662034111,1.1470152907727,1.35639111145442,0,0.127213764828575,1.33204454122427,1.39677043360842,0.00719807644799759,0.0395548250977876,0,2.29757604281384,0,"CV_done",TRUE,1478,TRUE
1000,"nig_indep",103,TRUE,408,-0.0816772756938523,0.397799049985524,0.0121733102417777,0.0904936379735242,0.749366742174543,1.31643632456153,0,0.0975053296415443,1.5988267631065,1.41240508532437,0.00598315648390628,0.0378153248650509,0,1.84605765859286,0,"CV_done",TRUE,1413,TRUE
1000,"nig_indep",104,TRUE,538,0.0252421902304562,0.247633479772011,0.011330961151781,0.0998608919383294,0.704119250059233,1.41857973253527,0,-0.103986591015906,1.74566679430678,1.40194179085714,0.00404459945663849,0.0421624595971162,0,7.07699686361684,0,"CV_done",TRUE,1444,TRUE
1000,"nig_indep",105,TRUE,228,0.099590593257188,-0.202216656654498,0.00944951838820354,0.115637649194133,1.18432169053305,1.54852314667378,0,-0.410389545832831,1.46297093814914,1.67892960342034,0.0034659558154749,0.0426163900345603,0,1.82286768853664,0,"CV_done",TRUE,803,TRUE
1000,"nig_indep",107,TRUE,310,-0.0561631198679523,0.232716328950024,0.0158440278952267,0.436698142983946,0.675960791111673,0.695572099590639,0,-2.16718202359254,1.26717830818902,1.28723788282917,0.00359018803799703,0.0911318041379701,0,1.32089622497559,0,"CV_done",TRUE,596,TRUE
1000,"nig_indep",108,TRUE,360,0.0581226085750999,0.177768167331878,0.0492292672442064,1.02778715546463,0.14281203562446,0.656252664435892,0,1.93643552345325,1.88753216933931,1.28175815058809,0.00793864574777977,0.150155438403418,0,1.73110716934557,0,"CV_done",TRUE,1297,TRUE
1000,"nig_indep",109,TRUE,610,0.0651705280702066,0.133470634963589,0.0576126199600681,0.912284588539493,0.111881993419491,0.943943798008438,0,1.7568163420695,1.08877050344952,1.25388933828718,0.0102883587066107,0.16642441259783,0,20.2356024322245,0,"CV_done",TRUE,2069,TRUE
1000,"nig_indep",110,TRUE,540,0.0604614502100133,-0.0966844918619014,0.060181508282593,0.889113339596961,0.126124374491495,0.725221205559789,0,1.72078633024298,1.1913421138651,1.2084131047867,0.0117108751007809,0.129410696638924,0,1.83193195561568,0,"CV_done",TRUE,1828,TRUE
1000,"nig_indep",111,TRUE,373,0.063194745988772,-0.049340874002447,0.0723527025302692,0.70155408318191,0.183397406387364,0.529756056529452,0,1.66484483816704,1.38131313461299,1.24596106134129,0.0112336993801074,0.0994485331439074,0,1.95029880265395,0,"CV_done",TRUE,1604,TRUE
1000,"nig_indep",112,TRUE,421,0.0233278386298177,-0.0381589998341375,0.127409716653118,0.735447002408797,0.11411709939649,0.672888136429707,0,3.16525727118147,2.83321669766316,1.89032648466198,0.0105384313007337,0.0788812780728302,0,5.34276539888647,0,"CV_done",TRUE,1679,TRUE
1000,"nig_indep",114,TRUE,182,0.013113655960943,0.0139073072945518,0.622673860423544,2.3832713709606,0.166306338883739,0.00835358212479371,0,1.2574574234307,2.50883017611822,4.15610667991053,0.0275334024187657,0.105474304456706,0,3.69985581097504,0,"CV_done",TRUE,811,FALSE
1000,"nig_indep",120,TRUE,836,0.00870467413090486,0.0745397719246954,0.113427925739638,0.725624125638974,0.0590060158413792,0.414474277620275,0,4.79526673225777,2.31612982485415,2.49984544322485,0.0225101753551286,0.119701808342221,0,4.93503885560566,0,"CV_done",TRUE,2152,TRUE
1000,"nig_indep",121,TRUE,713,-0.027649163558837,0.10888067002265,0.0534955343117555,0.269841641538707,0.532304422890675,0.446691231429451,0,2.43602150131327,2.59666084409532,2.13544861477109,0.0186816386256214,0.104702054089737,0,2.15239987446202,0,"CV_done",TRUE,1869,TRUE
1000,"nig_indep",123,TRUE,340,0.134475617523444,-0.138051975725463,0.0111034218707565,0.190037090038791,1.53585381691821,1.22502362231883,0,1.2119216769093,1.75684326316999,1.62743789350315,0.00318501701568587,0.0710181892291495,0,1.80533801145024,0,"CV_done",TRUE,983,TRUE
1000,"nig_indep",125,TRUE,290,-0.0737260051927874,-0.234487642424523,0.0176189319660306,0.232670567346093,0.507735925642571,0.76321110703932,0,-1.21246133497505,0.753981488475909,2.01186937351769,0.00699270059840039,0.103443261114156,0,1.79113623321056,0,"CV_done",TRUE,750,TRUE
1000,"nig_indep",126,TRUE,858,-0.0199332908467958,0.285557568886278,0.0237154870997164,0.227284331970664,0.352828887435149,0.799278883542541,0,-0.681730677330187,1.40820800569555,1.39554492722591,0.0102988419272509,0.100027395686031,0,3.88864112026162,0,"CV_done",TRUE,2395,TRUE
1000,"nig_indep",127,TRUE,949,-0.0265197652764546,0.424014222783893,0.02572285673055,0.215612721773425,0.359466989838197,0.868181118630303,0,-0.830322763274744,1.48225746284761,1.44111812166913,0.010870527175005,0.0900332273748172,0,5.2467447682884,0,"CV_done",TRUE,3079,TRUE
1000,"nig_indep",128,TRUE,476,-0.0595834141071211,0.180176899734151,0.0209184269149629,0.194560450468073,0.596750469359651,0.841766924226722,0,-0.773163909386965,1.62857519448653,1.66127827676558,0.00992257458691482,0.0795626377131968,0,1.80027133285999,0,"CV_done",TRUE,2188,TRUE
1000,"nig_indep",129,TRUE,337,-0.223825952402445,1.1686523414294,0.0028423585404905,0.11937744465148,0.731885390531717,0.77246362805597,0,1.17775523250893,0.0282588138010488,1.07907984391961,0.0161526330566511,0.0751904558359766,0,1.79753114998341,0,"CV_done",TRUE,1519,TRUE
1000,"nig_indep",130,TRUE,330,-0.0391013496343788,0.349554358592228,0.0173567951964688,0.13141470461189,0.258586435529057,0.919992432896973,0,-0.385192753992661,2.59915971031516,1.3314078433719,0.00662904848610164,0.0567235915897575,0,4.19785741845767,0,"CV_done",TRUE,1265,TRUE
1000,"nig_indep",131,TRUE,282,-0.0125799522531614,0.172013172103637,0.0125444833465698,0.120597493386957,0.268640166206889,1.23720938929019,0,-0.217146128079608,0.851369485229448,1.19129920786889,0.00654396143566081,0.0571875896520515,0,7.63236365199089,0,"CV_done",TRUE,1225,TRUE
1000,"nig_indep",132,TRUE,353,0.0714058617463947,0.179719903885395,0.0116617255400329,0.131850905263405,0.416413964427379,0.989252709793974,0,-0.270989318866579,1.90760769826224,1.08317506884192,0.00596398164545818,0.0618282178638202,0,3.5697661873036,0,"CV_done",TRUE,1342,FALSE
1000,"nig_indep",133,TRUE,631,0.0325468079928433,0.213560071830572,0.0120253115899769,0.138408235230393,0.286796682556913,1.2939264363206,0,-0.200099039246198,1.59365071042956,1.09376585727405,0.00561748393602314,0.0610160118913908,0,20.9199419042799,0,"CV_done",TRUE,1706,TRUE
1000,"nig_indep",134,TRUE,326,0.0539010114730896,0.0678461771485086,0.00974161683447732,0.132502610963893,0.415377136617498,1.24285958972817,0,-0.164645361856044,1.32967539192683,1.13674208978996,0.00553000624698427,0.0602727460561615,0,1.78830249793,0,"CV_done",TRUE,1501,TRUE
1000,"nig_indep",135,TRUE,278,-0.0529781326561601,0.182724065149328,0.00759890872142356,0.129221558592058,0.772998741419654,0.786238589517318,0,-0.17612545987598,0.963738575273711,1.38080424018357,0.00395234665912719,0.0452132851189935,0,3.59675876425372,0,"CV_done",TRUE,1088,FALSE
1000,"nig_indep",136,TRUE,250,0.0477607723660747,0.20103071934014,0.0126783979851797,0.110776410157613,1.53292452183862,1.42383369489183,0,-0.250783596621682,5.05180869633077,1.39301037379856,0.00291073608875324,0.0417780521103403,0,4.88987503714032,0,"CV_done",TRUE,1185,TRUE
1000,"nig_indep",137,TRUE,241,0.0727288747837478,0.18405442738571,0.00848406543722349,0.121601958716781,0.719450844289559,2.75992462579744,0,-0.466348320243422,0.94165160533914,1.48477024695294,0.00272037165745973,0.0466883504990157,0,3.57413641447822,0,"CV_done",TRUE,1109,FALSE
1000,"nig_indep",138,TRUE,151,0.0580316158134089,-0.0694433783808864,0.0156234312918897,0.699625220053626,0.0619628459816206,0.244590682773524,0,0.673557963155235,3.01867524163615,4.40683422328947,0.00207480660774244,0.0624171331828828,0,3.74217581378089,0,"CV_done",TRUE,682,TRUE
1000,"nig_indep",139,TRUE,209,-0.0277706721250248,0.328543846738016,0.0145794659440155,0.27391177931641,0.553854409386333,0.834855174575941,0,-1.37569987782684,0.987216339506597,1.50910675558152,0.00311752618659996,0.0888271842910416,0,3.59026024459413,0,"CV_done",TRUE,758,FALSE
1000,"nig_indep",140,TRUE,163,0.0591684118469833,0.228707299979949,0.0213426579683113,0.431371589968185,0.243601946979866,0.482932095209779,0,0.238660782830674,1.45184390372823,1.51107921557519,0.00563490081672453,0.120837846669692,0,1.83129375100136,0,"CV_done",TRUE,915,TRUE
1000,"nig_indep",141,TRUE,243,0.0340148067890017,0.104064884636775,0.0352345205924262,0.398270948724961,0.277886391396905,0.366165620265026,0,0.212542318617743,2.28113691732486,1.38771463825163,0.0086747996848844,0.134434671340994,0,5.56430721210109,0,"CV_done",TRUE,1089,TRUE
1000,"nig_indep",142,TRUE,325,0.00535306347184846,0.0405731177249247,0.0410066949614193,0.266152869555411,0.389647536425627,0.300094981421366,0,0.318383962871151,1.88898119225981,1.3369434769171,0.0109627550310515,0.0850031050240224,0,7.62105703738001,0,"CV_done",TRUE,1378,TRUE
1000,"nig_indep",143,TRUE,415,0.07681371031091,0.0426452374498857,0.0386390343951646,0.192456547268063,0.534143381080095,0.294431570865655,0,0.736507630895751,1.58155816149764,1.55171954705433,0.0119942272766562,0.0766238244263971,0,2.14317690392335,0,"CV_done",TRUE,1565,TRUE
1000,"nig_indep",144,TRUE,477,0.14034517372332,-0.156369317948048,0.0368836832280055,0.187986566245651,0.722674641880554,1.23542868451964,0,1.37958336179535,1.33019204937378,1.78703153637121,0.0101256684160678,0.0782639851117588,0,1.79808879507913,0,"CV_done",TRUE,1549,TRUE
1000,"nig_indep",145,TRUE,520,0.0294003003867176,0.0230645488831157,0.0631152993616213,0.276290014361475,0.0930228484819793,1.17735976806657,0,2.37126129821019,1.89099014904902,2.04419842771673,0.00969925331572483,0.0683407185470099,0,5.22128780742486,0,"CV_done",TRUE,1944,TRUE
1000,"nig_indep",146,TRUE,327,0.0200784102792739,-0.044680195299023,0.0779647730027383,0.236312467152529,0.315973008233279,0.698229115469639,0,2.15201570497997,4.38631769500871,2.34942964729978,0.0126119691041895,0.0792179023013189,0,10.0366381106774,0,"CV_done",TRUE,1321,TRUE
1000,"nig_indep",152,TRUE,153,0.195251604148872,-0.880734416724204,0.0314038542516805,0.497310192456643,0.294159617798314,4.8780443609433,0,3.47788012232395,0.849467764990375,2.2087889100271,0.0675011555432846,0.250366998883838,0,4.09600122610728,0,"CV_done",TRUE,584,TRUE
1000,"nig_indep",153,TRUE,452,0.0353562039074775,-0.174842034617089,0.0601684699392333,0.567934552134579,0.0366992935419803,2.78666511436411,0,2.80510964562043,1.21169906490949,0.553127078646313,0.0294198032572676,0.165656494967671,0,4.418252577583,0,"CV_done",TRUE,1640,TRUE
1000,"nig_indep",154,TRUE,592,0.0392089161912428,-0.0500046115643331,0.0623402409386167,0.352335538347557,0.544241215248122,0.835928079854426,0,3.76339656201969,2.78285791521857,2.76122916220289,0.0113915228011395,0.0914169617061092,0,1.73526668945948,0,"CV_done",TRUE,1835,TRUE
1000,"nig_indep",155,TRUE,130,0.0552726311571575,-0.0163001077586579,0.0289848128469392,0.221237181519708,0.236426143733184,0.847951915041954,0,1.7651422014005,1.46297139801506,2.11654844469062,0.00924274134167123,0.0950822134634609,0,1.18026935682804,0,"CV_done",TRUE,1478,TRUE
1000,"nig_indep",156,TRUE,842,0.238795228354453,-0.108728041656931,0.0130559824401745,0.212038390904734,0.936763775993928,0.885795800775696,0,1.80759491488934,1.83997552396659,1.5546248240898,0.00388431848249386,0.0790108982344984,0,3.11177555610736,0,"CV_done",TRUE,1847,TRUE
1000,"nig_indep",159,TRUE,191,-0.135484501914497,0.0701610727196808,0.0166957233673889,0.21292132796641,0.529027651129965,0.910833676672979,0,-0.46635453276416,3.42354676862221,1.44959739234621,0.00663285323392804,0.0941362310441847,0,1.7422576413552,0,"CV_done",TRUE,1011,TRUE
1000,"nig_indep",160,TRUE,481,0.0266839643682897,0.0781850868009898,0.0155106227910295,0.189862018423083,0.359192673165239,1.05025726850352,0,-0.313581373590077,3.85435347689778,1.33190348728442,0.00658474533081074,0.0948725889989016,0,8.72298286338647,0,"CV_done",TRUE,1600,TRUE
1000,"nig_indep",161,TRUE,416,0.00943821397459296,-0.0278915855648856,0.0107980564213548,0.159748908859484,0.0730606719414073,1.08545133814576,0,-0.053060416753116,0.386312057125554,1.21818364372736,0.00611841205569924,0.0918888963445045,0,3.47768183977516,0,"CV_done",TRUE,1718,FALSE
1000,"nig_indep",162,TRUE,313,0.00384151100255013,0.184368670390402,0.00960699117398326,0.125661018682833,0.084251720635321,0.98043269706125,0,-0.29391166386741,0.961508721534105,1.03749964381623,0.00451357135164889,0.0912489011965718,0,3.70755753556335,0,"CV_done",TRUE,1328,FALSE
1000,"nig_indep",163,TRUE,295,0.00599942988851106,0.187907754928671,0.00775261892194492,0.119826379667702,0.226052504282602,0.578499429664649,0,-0.359416703456016,1.06612292480627,0.629628259229512,0.00298396930307396,0.0820497553317065,0,1.41468298722472,0,"CV_done",TRUE,1375,TRUE
1000,"nig_indep",164,TRUE,313,0.107762111279083,-0.011524690320975,0.00593776628962689,0.129201756345598,0.709792633963297,1.33336650949743,0,-0.718101240828158,1.38822683928437,1.17758204215913,0.00251383034686708,0.068723567381161,0,11.0870223422845,0,"CV_done",TRUE,1410,TRUE
1000,"nig_indep",165,TRUE,435,0.429661071363163,0.248523202079807,0.00506454837612062,0.116880853690003,0.863698620850919,1.27193303481752,0,-0.599622228720261,1.02198093719058,1.17083887906951,0.00257998647670583,0.0698858296863661,0,3.49037574750682,0,"CV_done",TRUE,1468,FALSE
1000,"nig_indep",166,TRUE,369,0.199281634489461,0.142462753621105,0.0105737720260255,0.119485326680042,0.609935473309869,0.91925783897317,0,-0.729944762888008,5.7400764889374,1.07088838385063,0.0022567813096626,0.0759630277258916,0,1.73585065609879,0,"CV_done",TRUE,1512,TRUE
1000,"nig_indep",167,TRUE,327,0.0578043596923557,0.0862900460761446,0.00766010351237646,0.131449879383195,0.26564243498727,1.01208493662517,0,-0.699554270868559,0.620815966734195,0.72815237449979,0.00286214513440899,0.0845194605427431,0,1.84530809773339,0,"CV_done",TRUE,1610,TRUE
1000,"nig_indep",168,TRUE,356,0.0862613047876264,0.0434576291728943,0.00673413589575798,0.137521672393865,0.292060371438099,0.881648722162163,0,-0.627625638648308,1.57120347151233,1.44977638711708,0.00263765142589885,0.0815821995687622,0,3.46105624345442,0,"CV_done",TRUE,1465,FALSE
1000,"nig_indep",169,TRUE,245,-0.0362567356091441,0.175486855381394,0.00594355127013417,0.125376525747769,1.17803419494808,1.22653002237096,0,-0.596625101250364,1.98389229900464,1.85478044055822,0.00198680779000556,0.081089407621487,0,5.75311175386111,0,"CV_done",TRUE,1220,TRUE
1000,"nig_indep",170,TRUE,260,0.0843992065924988,0.199185161479469,0.00632543796017252,0.0922495000981324,0.959279790848787,1.10410627806528,0,-0.529528445375477,3.04957232219732,0.791876543941149,0.00213915798200419,0.0858418493640748,0,19.4789281904035,0,"CV_done",TRUE,1173,TRUE
1000,"nig_indep",171,TRUE,345,0.0924353480972466,0.538124047702343,0.00543440962573782,0.0957468282438381,1.1827051690755,1.61602381819951,0,-0.583715257441376,0.923090392534307,1.08541407466927,0.00198234118886978,0.0803958884860249,0,3.47569350376173,0,"CV_done",TRUE,1227,FALSE
1000,"nig_indep",172,TRUE,379,0.0157885571440215,0.681886474833305,0.00535930470277515,0.108671482789734,0.68282508496984,1.52152381409542,0,-0.470968253410971,2.11862960632026,1.88476275044919,0.00170563792876781,0.0779897290340364,0,4.76589212093088,0,"CV_done",TRUE,1324,TRUE
1000,"nig_indep",173,TRUE,366,-0.0356271344206803,0.658895884515262,0.007172068624595,0.148636931833573,0.266002262258578,1.37996325139612,0,-0.768257170753291,0.462381649003795,3.6360622407952,0.00221194114395712,0.0754148284305426,0,6.52261045681106,0,"CV_done",TRUE,1140,TRUE
1000,"nig_indep",174,TRUE,143,-0.0256239242156052,0.248782633166041,0.016106683662102,0.132181993300156,0.0711912622185569,1.28740162230537,0,-0.255658597191712,0.790434739555286,1.91279858396177,0.00303486339994715,0.0806148062638744,0,5.46471305204762,0,"CV_done",TRUE,838,TRUE
1000,"nig_indep",175,TRUE,134,-0.0753962534916473,0.333159816720534,0.029172113368028,0.183188292436201,0.661194273119208,1.19412472467959,0,-0.449486038074511,0.862784033519196,2.17456368050474,0.00469630292666722,0.0782697567872713,0,2.08739308714867,0,"CV_done",TRUE,499,TRUE
1000,"nig_indep",177,TRUE,175,-0.113594224804072,0.117791118183303,0.0433940274292465,0.128660224297258,0.685909521689701,0.566438096470141,0,0.537419794782426,1.7605300429715,1.38121939878711,0.0171753260929021,0.0588939613738775,0,1.75560189942519,0,"CV_done",TRUE,643,TRUE
1000,"nig_indep",178,TRUE,256,-0.0086409962365755,0.163083495318564,0.0366133127145702,0.111635210781688,0.693511695504887,0.84834519200228,0,0.585251998293059,1.76534435619551,1.85947460223019,0.0126494322606623,0.0377021373440484,0,1.82052786896902,0,"CV_done",TRUE,971,TRUE
1000,"nig_indep",179,TRUE,262,0.181865432894201,0.255417027563569,0.0270621629410232,0.0881394132597353,1.23367531991488,0.973472805278299,0,0.348259391702249,1.67197651693673,1.26477125234221,0.0107193763956058,0.04528160701253,0,3.48569338323341,0,"CV_done",TRUE,1290,FALSE
1000,"nig_indep",180,TRUE,570,0.235731545267721,0.0821255195303258,0.0228103408554457,0.0955084801105903,1.39905396575284,0.595938898576334,0,0.37469463450136,1.76605636954603,1.60226199498964,0.010311439770742,0.0507716908654922,0,1.75044460621145,0,"CV_done",TRUE,1739,TRUE
1000,"nig_indep",181,TRUE,221,0.176486688233651,0.0121427042898592,0.0211365429268974,0.0974421995653947,1.30791497301939,0.340866182032939,0,0.316767118430866,2.04250833903277,2.40647266182275,0.0104748323754162,0.0479298632122147,0,11.3765731921461,0,"CV_done",TRUE,1197,TRUE
1000,"nig_indep",187,TRUE,113,0.0401225193296491,-0.0509345694239701,0.0883589857102061,0.808944156766008,0.144384292171217,0.994098090166775,0,3.97499761311768,1.83623008605147,3.02675571847714,0.0181371568254129,0.104032527370574,0,5.68500270578596,0,"CV_done",TRUE,494,TRUE
1000,"nig_indep",188,TRUE,266,0.021483398754799,0.0642910463820051,0.071150257368857,0.572606998069014,0.172922777345279,0.913739869639745,0,3.42992235329283,2.24389750359515,2.24557021350663,0.0141945734698633,0.103442643504999,0,17.5603731234868,0,"CV_done",TRUE,983,TRUE
1000,"nig_indep",189,TRUE,335,0.084503483075898,0.133570884385879,0.0630005307651967,0.248000017058451,0.465889637674421,0.601667329611461,0,2.20398316554823,3.69676410359633,1.29770454498469,0.0106968390485879,0.116019020351748,0,1.86777116219203,0,"CV_done",TRUE,1185,TRUE
1000,"nig_indep",190,TRUE,304,0.103018131834156,0.0520393424919364,0.0438951927846244,0.218736127785117,0.252093464883765,0.505723099481122,0,2.29103133805712,3.50945764367037,1.13548443208776,0.00834289359830735,0.102829110604748,0,1.26414736382387,0,"CV_done",TRUE,1354,TRUE
1000,"nig_indep",191,TRUE,580,0.0678570551509476,0.210519652877614,0.0233500538659197,0.159395809838355,0.351046430963055,1.07032871414532,0,1.78552284178435,2.80775582966421,0.914471336282693,0.00640881743707975,0.103318693547239,0,10.4917617029614,0,"CV_done",TRUE,1720,TRUE
1000,"nig_indep",192,TRUE,359,-0.0275673379640724,0.089445353989652,0.0246774623237991,0.225872145543102,0.462571103851835,0.974794543821731,0,1.75212696155021,1.0726131947466,1.23120772248736,0.00674328133559928,0.0934570649322488,0,34.0721779982249,0,"CV_done",TRUE,1269,TRUE
1000,"nig_indep",196,TRUE,170,0.52471241609399,-0.147027331000102,0.00480177410413171,0.217904613076061,1.62938044987778,1.28231063995111,0,-0.296640461804439,2.30797359996519,0.356210559324399,0.00356794797078481,0.100899274222321,0,30.224800825119,0,"CV_done",TRUE,760,TRUE
1000,"nig_indep",197,TRUE,277,0.0573220180635496,0.274595800446456,0.00591482421190608,0.0962092749088008,0.558578433608547,1.28709405579003,0,-0.463860302196721,0.964294712362321,0.922293052387413,0.00287455790495446,0.0852154215761795,0,2.21079571684202,0,"CV_done",TRUE,913,TRUE
1000,"nig_indep",198,TRUE,392,-0.00536971119503745,0.138405389052269,0.00653590137034557,0.101657213133434,0.459105772531301,0.93271990292157,0,-0.513295560906058,1.40296890818293,0.885312623886195,0.0028136770072658,0.0834401550344822,0,1.07717344323794,0,"CV_done",TRUE,1283,TRUE
1000,"nig_indep",199,TRUE,420,0.00968104209772551,0.16428979399807,0.00622142561109814,0.103492440122575,0.484356711772667,0.945544326094172,0,-0.626430627926562,1.54554748535357,1.0472040086847,0.0025660041733249,0.0817876355479468,0,12.7265826389525,0,"CV_done",TRUE,1624,FALSE
1000,"nig_indep",200,TRUE,460,-0.0329035981392108,-0.0178038833920465,0.0103295310053476,0.107488139785713,1.08683718507634,1.1188470060871,0,-1.03494712027731,0.236511527720874,1.07884413554163,0.00281674319659642,0.0771228558571853,0,38.1607850591342,0,"CV_done",TRUE,1680,TRUE
1000,"nig_indep",201,TRUE,418,0.0847578272236601,0.0338809499737103,0.0060612171448773,0.104034584261553,0.509093996781841,1.28692536195416,0,-0.669379446565528,2.5207262299608,1.27103557859001,0.0019368371593269,0.0780627824432312,0,2.95948436366187,0,"CV_done",TRUE,1600,TRUE
1000,"nig_indep",202,TRUE,399,0.110627551326859,0.127965419837096,0.0113486035754605,0.126496140462928,0.460588702045366,0.560189719643231,0,-0.551768648220101,0.167536144804519,2.22268228545835,0.00248154542366185,0.0832922060712002,0,4.434838242001,0,"CV_done",TRUE,1550,TRUE
1000,"nig_indep",203,TRUE,445,0.0298147930656662,0.136170796143424,0.00534602413782059,0.119305228610341,0.32402850516054,0.738544674614509,0,-0.442208018434673,1.03347610775594,2.29758548019983,0.00195601130586715,0.0845046851667944,0,13.0799843976233,0,"CV_done",TRUE,1492,FALSE
1000,"nig_indep",204,TRUE,419,0.0725694868264648,0.304871415307493,0.00620904345213389,0.0895830761883302,0.530628053374989,0.975423728271142,0,-0.615645559149244,3.16009328191763,1.15700932001779,0.00179047149957141,0.091063911680369,0,2.94346401413282,0,"CV_done",TRUE,1511,TRUE
1000,"nig_indep",205,TRUE,480,0.0617743127397774,0.112223979588028,0.0173760867790915,0.116464368875505,0.570837274094197,0.777916509871292,0,-1.06914601057898,0.0804933983821469,1.98008616187595,0.00268670521835357,0.0888273599527968,0,7.33721643229326,0,"CV_done",TRUE,1599,TRUE
1000,"nig_indep",206,TRUE,415,-0.0563782714984599,-0.0274339208818809,0.00559651267309735,0.0905666642753465,1.19998235717404,1.4815041857813,0,-0.586612385900386,3.4318157914806,1.53365013287785,0.0017695025548814,0.0898240862980483,0,2.36980271286435,0,"CV_done",TRUE,1569,TRUE
1000,"nig_indep",207,TRUE,472,0.0755782082526555,0.581109264893926,0.004189833988213,0.0865056791879114,1.00636458980142,1.73630782841156,0,-0.00337777430441653,0.971671246033083,1.35080288621679,0.0022860493122586,0.0926873677421517,0,13.0096386590931,0,"CV_done",TRUE,1619,FALSE
1000,"nig_indep",208,TRUE,492,0.227673666099979,0.573066830181778,0.00408890412721623,0.0908452242150361,1.22061794157395,0.875088143403765,0,-0.438342961794056,1.20211209775914,1.1698272984737,0.00216134005577659,0.0859513827164143,0,1.86732890480094,0,"CV_done",TRUE,1783,TRUE
1000,"nig_indep",209,TRUE,451,0.044003584922192,0.351985059480333,0.00585514412876006,0.0912410213403052,0.259517097679433,1.10932339393536,0,-0.221977614347884,0.813276948647033,0.737542429538955,0.0020607952112873,0.0868667517171124,0,5.93121902353234,0,"CV_done",TRUE,1566,TRUE
1000,"nig_indep",210,TRUE,237,-0.0122130156006191,0.152670727733176,0.0134112413990578,0.0976333050500293,0.0549972764936277,1.15126720986899,0,0.0560009266237874,0.528411256153889,0.487750678998212,0.00188023257842826,0.0930837570488739,0,17.9692818984058,0,"CV_done",TRUE,921,TRUE
1000,"nig_indep",215,TRUE,233,0.0304192843072883,0.427061127870918,0.0247594379335285,0.063520917673902,0.855747397833644,1.05338604659314,0,0.195072036597503,1.4631701271278,1.10855924100427,0.0136838431138335,0.0277892468929998,0,8.74879221359889,0,"CV_done",TRUE,950,TRUE
1000,"nig_indep",216,TRUE,421,-0.0198117523141992,0.414353943542497,0.0209332877930482,0.0587716413550975,0.952024095582268,1.30536345502132,0,0.155076836192133,1.60066965053584,1.36874420118461,0.0122286649259497,0.0295975524700948,0,10.2124035782284,0,"CV_done",TRUE,1490,FALSE
1000,"nig_indep",217,TRUE,413,0.0664579801625246,0.119374478987715,0.0201534901013339,0.0509847841483666,1.22214199221894,0.899748959052216,0,-0.0470761093013033,1.95994208195273,1.3446247412688,0.0118831582635681,0.0274636261920119,0,2.24917108409935,0,"CV_done",TRUE,1457,TRUE
1000,"nig_indep",218,TRUE,364,0.147963941210704,0.0130652117787391,0.0182382329039062,0.0423577941115361,0.611846348172957,0.387296517402927,0,-0.30131193073999,1.70364709874719,1.64065629920315,0.0109747015097834,0.0196576233725562,0,11.9156365977393,0,"CV_done",TRUE,1127,TRUE
1000,"nig_indep",219,TRUE,266,-0.0903063553545097,0.0956584411327473,0.0154793576262507,0.0356317947552629,1.04708691212331,0.653471063861494,0,-0.633959307628659,0.899088221956295,1.24892541793523,0.00959085259381401,0.0167852700831658,0,5.26753285540475,0,"CV_done",TRUE,717,FALSE
1000,"nig_indep",223,TRUE,164,-0.00734781955653169,0.0841521360856343,0.0389745966958226,0.35090881524702,0.682679635975385,0.632372272831801,0,1.60339015504461,1.21566336460471,2.28349751232072,0.0157691727983525,0.134651453275573,0,3.46882220863744,0,"CV_done",TRUE,583,FALSE
1000,"nig_indep",224,TRUE,255,-0.0057492111675068,0.189776426842662,0.0332868248922043,0.307739014208875,0.662867037343063,0.855224891242736,0,1.6510205249657,0.784283735631117,1.84152785612359,0.0135370372990264,0.115862682979731,0,23.059745309088,0,"CV_done",TRUE,895,TRUE
1000,"nig_indep",225,TRUE,311,0.0677545952666853,0.331879090361974,0.0319862968512188,0.284915927882197,0.56007246031942,1.03377630477467,0,1.30579158835088,1.3880898934405,1.02744705257515,0.00946809324583944,0.0979817639294148,0,5.14089005827904,0,"CV_done",TRUE,998,FALSE
1000,"nig_indep",226,TRUE,293,0.0511458544489858,0.0965939140117903,0.0382865673736575,0.23800397400838,0.421052283244929,1.15146129710675,0,1.65058363469689,3.60679622207594,1.05964546888366,0.00775135107485377,0.0907930710205548,0,19.913757854965,0,"CV_done",TRUE,1272,TRUE
1000,"nig_indep",227,TRUE,363,-0.116016658315838,0.234107432178805,0.0240486055097106,0.221663808371776,0.516086728299419,1.28664496612433,0,1.70400353129087,1.44610711807695,1.03825847467272,0.00646197943917862,0.0790209721919443,0,11.8411563268635,0,"CV_done",TRUE,1381,FALSE
1000,"nig_indep",228,TRUE,338,0.100569055262987,0.65613282601929,0.022654328868001,0.197334538308868,0.949602843555845,1.25500708377895,0,-1.01763606108191,0.0235213778527647,2.78732410734895,0.019585467403726,0.0911521883037254,0,13.7140459692478,0,"CV_done",TRUE,1194,TRUE
1000,"nig_indep",229,TRUE,293,-0.00281884033314215,0.197871791811132,0.0208612984168611,0.200499667605693,0.166658563010172,0.732689196990921,0,1.19425665875206,1.44883079228083,2.73850165122627,0.00424790805845228,0.0782049757494531,0,2.86296809601287,0,"CV_done",TRUE,925,TRUE
1000,"nig_indep",230,TRUE,122,0.324806276139468,0.182906240932114,0.00848216378460176,0.175111566664364,0.934981388704238,0.885010049926019,0,0.696543432700622,1.14193861841534,5.45562745338718,0.00316831022888666,0.0868382308908096,0,15.4127426584562,0,"CV_done",TRUE,413,TRUE
1000,"nig_indep",233,TRUE,204,-0.0181655981778661,0.179534168451517,0.0137762927151613,0.174235051884927,0.845332177424484,0.146082755858939,0,-0.70962374140024,3.91861167684745,1.7105715049463,0.00362545680644243,0.0654233152200878,0,12.0567797928386,0,"CV_done",TRUE,922,TRUE
1000,"nig_indep",234,TRUE,485,-0.0647189870404659,0.438613887255803,0.0102798693798164,0.135029643482265,0.516435783313973,0.827540275446987,0,-0.868415905808479,1.28769936952903,1.45071300618568,0.00419875703461378,0.0783477526109464,0,1.76243826329708,0,"CV_done",TRUE,1617,TRUE
1000,"nig_indep",235,TRUE,459,-0.0588505358201683,0.261309075615081,0.0108036005944095,0.117961789551014,0.415515103827754,1.22618048715268,0,-0.639172129498389,2.58415308099256,1.35616017320723,0.00386573429891966,0.0800591147971371,0,1.89600230826272,0,"CV_done",TRUE,1702,TRUE
1000,"nig_indep",236,TRUE,301,0.0552985739328316,0.0974795518045213,0.0102426418273048,0.124493515501416,0.338641329256568,1.27660202533036,0,-0.627691626034306,1.84975948452573,1.8162975842348,0.0036962712186071,0.0740040533649831,0,1.74970100667742,0,"CV_done",TRUE,1536,TRUE
1000,"nig_indep",237,TRUE,366,-0.00817959522279054,0.188007715143718,0.0102441049699527,0.11911094244956,0.236530065060925,1.6833768560415,0,-0.548880964296597,1.99239924146295,1.81818747959847,0.00347244306152679,0.0750109413420071,0,16.0887095118894,0,"CV_done",TRUE,1427,TRUE
1000,"nig_indep",238,TRUE,429,-0.0331919512784864,0.326348892396812,0.00681944102452405,0.0971154096752363,0.464472202867513,1.13594227511685,0,-0.287017270007495,1.643413838039,2.04694411213174,0.00314885884367753,0.0752266005737134,0,18.9139597539107,0,"CV_done",TRUE,1526,TRUE
1000,"nig_indep",239,TRUE,307,0.0454117962468414,0.602009289052373,0.00641199335298278,0.089974290152203,0.283974116779314,1.13801072150869,0,-0.6182334964966,1.38303649272504,1.10132353322375,0.00260697272348502,0.0800717702099676,0,12.0191670110491,0,"CV_done",TRUE,1523,FALSE
1000,"nig_indep",240,TRUE,390,0.061293206018718,0.23406744504254,0.00645037162500962,0.0926628751312997,0.643236901105673,1.16042457704722,0,-0.422709651933505,2.43377834621226,1.69221969840564,0.0020123239574921,0.080071240142939,0,10.8602763625648,0,"CV_done",TRUE,1368,TRUE
1000,"nig_indep",241,TRUE,356,0.131812717365127,0.208620115388772,0.00599626275471166,0.120138835784843,0.8764621844151,1.18080997457401,0,-0.425459099878125,2.54967947019976,3.03257900540067,0.00192568160306134,0.0689924360563328,0,1.87619432270527,0,"CV_done",TRUE,1389,TRUE
1000,"nig_indep",242,TRUE,267,0.0928088870648383,0.0950098120309555,0.00521069201342159,0.178078621594881,0.77574794133587,0.894805634066128,0,-0.54507985345731,1.17270363565468,4.65961443528203,0.00189474868375093,0.0601226689303259,0,1.73039564092954,0,"CV_done",TRUE,1379,TRUE
1000,"nig_indep",243,TRUE,274,0.00394707810597468,0.284451149803349,0.00459852107642211,0.0965766969079716,1.52699123565105,1.09223427025814,0,-0.479390879498253,1.49853868928226,1.32259819842305,0.00203469611410164,0.0707199569721707,0,3.46776114447249,0,"CV_done",TRUE,1395,FALSE
1000,"nig_indep",244,TRUE,355,0.222629874644242,0.382352373673737,0.00525444408859967,0.0968698017129157,1.42392977365549,1.05799091451924,0,-0.373192360627945,2.06847623542474,0.946125779998664,0.0018466526604968,0.0721972784872236,0,1.82297606382105,0,"CV_done",TRUE,1436,TRUE
1000,"nig_indep",245,TRUE,375,0.0339838017107903,0.191244633951785,0.00640210202997488,0.112377628559384,0.573629218716669,1.09615137383788,0,-0.207492919848651,1.21427763309634,0.903120586917173,0.00179294160556665,0.0678406898369289,0,3.47175054855369,0,"CV_done",TRUE,1314,FALSE
1000,"nig_indep",246,TRUE,177,-0.155780710981839,-0.0101647622964996,0.00718601543727899,0.129778011721055,0.490944568041792,1.07890705859009,0,-0.188645147258663,1.00414572927961,1.16241837265469,0.00178768262499248,0.0535923888508117,0,3.60394267290555,0,"CV_done",TRUE,679,FALSE
1000,"nig_indep",250,TRUE,117,0.195150558199722,0.15595129342689,0.0270764095711122,0.0843655259212924,0.79905484155828,0.6680045941847,0,-0.0468602917527966,1.47367587575103,1.60400463790069,0.00990529860324919,0.0177000227248183,0,3.43929034720968,0,"CV_done",TRUE,655,FALSE
1000,"nig_indep",251,TRUE,362,0.12826962671836,-0.000162917949295038,0.0205430866970013,0.0648147091919971,0.733179998747218,0.950293133334227,0,0.0481634482439234,1.29767871232066,1.440552152516,0.0107411705849193,0.0203192122565451,0,3.698102847128,0,"CV_done",TRUE,1228,FALSE
1000,"nig_indep",252,TRUE,300,0.0786193111309985,-0.134843843079619,0.0192417137694124,0.0530508766035873,1.18456441132265,1.25886252009919,0,-0.226209913227872,1.84827601281567,1.14818199141403,0.0109394592069751,0.0231165651682237,0,3.48897536354484,0,"CV_done",TRUE,1307,FALSE
1000,"nig_indep",253,TRUE,335,0.122870598176785,0.192104352337316,0.017856700364234,0.0512459744148258,1.16256389825017,1.13259755954352,0,-0.479095280734589,2.11203948804402,1.29261425460769,0.009920440041999,0.0224861868146908,0,3.44017569727092,0,"CV_done",TRUE,1307,FALSE
1000,"nig_indep",254,TRUE,352,0.104602414067772,0.175884446085274,0.0134329424551021,0.0484109349495136,1.22683690801271,0.988058237961165,0,-0.567880722442694,1.25929468319561,1.45345249157662,0.0083362157324998,0.0239928044024925,0,3.46739321361537,0,"CV_done",TRUE,1060,FALSE
1000,"nig_indep",257,TRUE,126,0.222619645927076,-0.291687857927674,0.0623722932510155,0.70977373031623,0.909761572667919,1.02746134169804,0,1.28217644272838,1.16256785503645,1.1759423019856,0.0327187451131846,0.238010942140783,0,3.58351671022122,0,"CV_done",TRUE,359,FALSE
1000,"nig_indep",258,TRUE,146,0.0731042906274822,-0.0284643683301546,0.0457229341290065,0.540553260414266,0.456913918977171,0.660817715266766,0,1.23707359674703,1.24457654385068,1.1198843089126,0.0186270699850675,0.167535531248672,0,6.25897278262509,0,"CV_done",TRUE,858,TRUE
1000,"nig_indep",259,TRUE,259,0.0748136464132737,0.0125222932904363,0.0316431990033444,0.429687596284916,0.513376480112669,0.925601875097098,0,1.2733824723491,1.55710705591144,1.23040647920276,0.0089354362679366,0.125820973844643,0,3.5656191510514,0,"CV_done",TRUE,1047,FALSE
1000,"nig_indep",26,TRUE,244,-0.138727340953263,0.169348579945905,0.0288105491248844,0.0863453950490239,0.484552952364471,0.520998759428761,0,-1.49159725951514,1.25842587882596,1.10391231435145,0.0030677214835038,0.0170763818280639,0,2.62748696002695,0,"CV_done",TRUE,580,TRUE
1000,"nig_indep",260,TRUE,240,0.173307897623403,0.00352038242581844,0.0243599476129889,0.306462818321892,0.501229032516079,1.00301735439223,0,0.738349259802441,1.2786113584436,0.902482428864612,0.00719354070698587,0.10556184822376,0,3.56228591838093,0,"CV_done",TRUE,1040,FALSE
1000,"nig_indep",261,TRUE,271,0.0528485120003605,0.133680982968824,0.0275793684955473,0.268639609015866,0.684000022592531,0.813758808340262,0,0.535781218570452,2.90455267524841,0.978220192679896,0.00570043942531791,0.078365592946745,0,2.93626347045104,0,"CV_done",TRUE,1093,TRUE
1000,"nig_indep",262,TRUE,298,0.0427112991998364,0.09255437735617,0.0229442078074437,0.232594524586029,0.391507700188218,0.608628846801908,0,0.433564127129661,1.42546234084016,1.29791664384912,0.00597108452490278,0.0749794591254593,0,1.80746560851733,0,"CV_done",TRUE,1161,TRUE
1000,"nig_indep",263,TRUE,376,0.0358483063584488,0.0136490685005752,0.0251618748247082,0.20209538676955,0.202737546204556,0.502022664927273,0,0.491616636997208,1.28802731121125,1.33317836205277,0.00562784754424102,0.0829061006892939,0,8.40586579826143,0,"CV_done",TRUE,1408,TRUE
1000,"nig_indep",264,TRUE,321,0.0126410653565172,0.0677562551193583,0.0234472621719949,0.173967190444343,0.163888460775454,0.478970304955913,0,0.397868971894705,1.16048309046404,1.66129226170905,0.00425945304294562,0.081513914891614,0,3.86249796066019,0,"CV_done",TRUE,1007,TRUE
1000,"nig_indep",268,TRUE,319,-0.18957449978837,0.190035416896459,0.0144957680703544,0.192575709322308,1.19175504645732,0.483188665851472,0,-0.651148324976643,2.47103166437795,1.5146178245179,0.00428039024329058,0.0773045115787015,0,1.81756001909574,0,"CV_done",TRUE,1141,TRUE
1000,"nig_indep",269,TRUE,328,-0.133512709144491,0.0739463996033038,0.0146937686927777,0.176187823949888,0.906645999991463,0.645537956775263,0,-0.544155894095006,1.78583530609195,1.67674937377811,0.0054153737851293,0.0832127262429215,0,3.51616247316202,0,"CV_done",TRUE,1442,TRUE
1000,"nig_indep",270,TRUE,383,-0.0399217247697919,-0.00724570955965403,0.0141150116866898,0.169895403178021,0.67782438393106,0.892116207074778,0,-0.701886280227387,1.36077869372851,1.67411078962918,0.00598207833828244,0.0781673557929883,0,4.5606081081099,0,"CV_done",TRUE,1324,TRUE
1000,"nig_indep",271,TRUE,364,-0.0239656530299299,0.107870916857239,0.0119079914519116,0.142229170072355,0.854203182213421,1.23159614126784,0,-0.478409943906702,1.6128618903151,1.86788562038596,0.00532171336852821,0.0697318579490826,0,3.86117019719548,0,"CV_done",TRUE,1174,TRUE
1000,"nig_indep",272,TRUE,344,-0.0581829065353591,0.291953140304997,0.00995749954512951,0.089746321678736,0.781735461485379,1.05918691691608,0,-0.197379828858435,1.90623162544606,1.57545667792865,0.00430437177923998,0.0667758271160306,0,16.1246683585644,0,"CV_done",TRUE,1178,TRUE
1000,"nig_indep",273,TRUE,246,0.128527167877869,0.157564741192632,0.0114548359347407,0.105072749588582,0.910044037329631,1.03163440395744,0,-0.442845838885603,3.45399670149961,1.80872360844345,0.00357741818672256,0.0668140579536095,0,3.69106749945217,0,"CV_done",TRUE,1016,TRUE
1000,"nig_indep",274,TRUE,180,0.109629206404343,0.156870748186341,0.00877867403325683,0.144927845262309,0.779414130010159,1.59729021801899,0,0.126906244012617,1.09261965109013,4.82606858262461,0.00410923013259479,0.0638939342435442,0,1.80863967564371,0,"CV_done",TRUE,848,TRUE
1000,"nig_indep",275,TRUE,209,0.0705557351589031,0.140071924433605,0.0125230126806441,0.0865797553104811,0.456980630480684,0.988652704866704,0,-0.510468672078942,2.88868884901025,1.40724541309141,0.00287646311685558,0.0475636182452479,0,1.64684866569936,0,"CV_done",TRUE,919,TRUE
1000,"nig_indep",276,TRUE,249,0.0549223948103327,0.165043406812414,0.0111081041000812,0.0882754099620238,0.535239317072361,1.08729959403438,0,-0.398446521849794,2.95864248652687,1.7461283646437,0.00307240980107533,0.0386502991330025,0,2.37337498167047,0,"CV_done",TRUE,923,TRUE
1000,"nig_indep",277,TRUE,315,-0.0359783276966052,0.118529239925465,0.011794383754402,0.088486383524208,0.573982459555394,1.24595437611066,0,-0.0698378798623517,3.95405757365187,1.78999369941426,0.00356169867206495,0.0391188644302695,0,2.18263437655237,0,"CV_done",TRUE,994,TRUE
1000,"nig_indep",278,TRUE,287,-0.0220013367055089,0.0241063727885015,0.0086604347308024,0.107707370077296,0.403869300763666,1.52579031916367,0,-0.22994689629832,0.810942604197944,1.9451131696464,0.00347059401854096,0.0416237233117406,0,2.78650784964087,0,"CV_done",TRUE,1224,TRUE
1000,"nig_indep",279,TRUE,292,-0.18359759086233,0.300114106585063,0.00800025761900809,0.116318729056616,0.488885714172092,1.31663503589677,0,-0.268294764397807,1.05662899092445,1.28590862490439,0.0027494315018659,0.0451553014369836,0,1.56722962091091,0,"CV_done",TRUE,1131,TRUE
1000,"nig_indep",28,TRUE,140,-0.168560398524702,0.286740005207942,0.0176061488752524,0.0811458704009523,0.476257468280911,0.689556152103495,0,-1.06383120341069,1.07111267737373,1.05937331266221,0.00537071497523672,0.0277572848286258,0,5.23856726401106,0,"CV_done",TRUE,631,FALSE
1000,"nig_indep",280,TRUE,124,-0.641839452871032,0.374357234470745,0.00719298457210434,0.113079155368645,0.707361439397315,1.3358108367802,0,-0.0716235115261907,0.58091372221615,1.43253285156575,0.00309004433400684,0.0472503973844465,0,4.74111825605234,0,"CV_done",TRUE,506,TRUE
1000,"nig_indep",283,TRUE,154,0.0144260885863272,0.246551605567081,0.0239273384044665,0.122147718221168,0.625023794607379,0.623408694659352,0,-0.223578088042278,1.48380533392012,1.95116896072826,0.00790052337684438,0.0481890268836717,0,39.3594912966092,0,"CV_done",TRUE,743,TRUE
1000,"nig_indep",284,TRUE,436,-0.0903050425364522,0.185993058093133,0.0194071250410871,0.0926634357615237,0.725114087780015,0.68374921673387,0,-0.193990561397762,1.57664620640607,1.47362206329502,0.0074625474839366,0.0353608028310096,0,1.81157327983114,0,"CV_done",TRUE,1460,TRUE
1000,"nig_indep",285,TRUE,250,-0.334887963050671,0.0993070670522951,0.0144632225167519,0.0981829321452569,1.05212082141422,0.40825415171665,0,-0.260968286282787,1.09572400530516,1.36063924303184,0.00776676723514717,0.0311494289746462,0,4.23367796348201,0,"CV_done",TRUE,1340,TRUE
1000,"nig_indep",286,TRUE,319,-0.0833548865612657,-0.000443743216269148,0.0172521650872724,0.118284384586677,0.896521570116678,0.0880095072695973,0,-0.45115420771998,1.74144167082308,1.07967981616193,0.00713086750996513,0.0282234990337479,0,3.60927212145593,0,"CV_done",TRUE,1210,FALSE
1000,"nig_indep",287,TRUE,428,-0.180611352005371,0.0697445487726384,0.0224086956116217,0.119526810122718,0.908560931381919,0.737737094347756,0,-0.648171579905759,3.12510811058094,1.5734874224701,0.00651160667098769,0.026869736845215,0,1.79655708087815,0,"CV_done",TRUE,1439,TRUE
1000,"nig_indep",290,TRUE,291,0.183738419967199,-0.598095263044071,0.0830148710854823,1.14247340423303,0.666972812302679,0.78769071252862,0,2.70049680071495,2.04764841284284,1.39316477266558,0.0259719245633679,0.222648590239423,0,1.84117573883798,0,"CV_done",TRUE,859,TRUE
1000,"nig_indep",291,TRUE,231,0.078808029838129,-0.171898071824206,0.08499200990289,1.2192362000647,0.234610163627532,0.343449497455703,0,3.25505311019818,1.96502658459538,1.47439561896253,0.0110573373002176,0.122217137235125,0,1.81726410898897,0,"CV_done",TRUE,1028,TRUE
1000,"nig_indep",292,TRUE,284,0.0302495405208025,-0.141032410446029,0.100262580829695,0.845236372118125,0.0238105829867034,0.63588232840552,0,2.56999053918246,1.60023858430703,1.39237076768373,0.00641530519717982,0.13963056055639,0,3.10063972625468,0,"CV_done",TRUE,1053,TRUE
1000,"nig_indep",293,TRUE,260,0.150403438785315,-0.305921756652028,0.0318193831380164,0.461246844274733,0.304341737384991,0.616885319459084,0,1.43107675622214,1.41721644920979,1.04844574884093,0.00650875272828726,0.110842074600253,0,1.8455063362254,0,"CV_done",TRUE,1062,TRUE
1000,"nig_indep",294,TRUE,284,0.14922571763953,-0.256559057912864,0.0241560934201808,0.391205796489478,0.433894607359831,0.582815712964649,0,0.540404464013497,1.38713402481937,1.16306287797355,0.00658192168847437,0.0981717391798712,0,1.84065037767092,0,"CV_done",TRUE,1104,TRUE
1000,"nig_indep",295,TRUE,354,0.269773241540685,-0.11715751782272,0.0281801871436308,0.390099021078514,0.485185218812132,0.639872144925486,0,0.0671998629631274,1.81033509187489,1.40928086353455,0.00660522203222265,0.100120274021361,0,22.9329429461559,0,"CV_done",TRUE,1316,TRUE
1000,"nig_indep",296,TRUE,364,0.394384961904389,-0.0172744393365191,0.0266598897100437,0.480266339650836,0.419761317080668,0.1756196759037,0,0.0514051444582798,1.62144739958775,1.43964115012013,0.0101232305108015,0.104352795638632,0,1.92400396254052,0,"CV_done",TRUE,1337,TRUE
1000,"nig_indep",300,TRUE,210,0.609832966315442,-0.0686851483208055,0.0107711568729531,0.481328313631373,0.301996958513411,0.368217772121187,0,-0.0380673151238912,0.126721149814178,2.2142290364262,0.00891917057449946,0.133677086717282,0,3.63686130893727,0,"CV_done",TRUE,728,FALSE
1000,"nig_indep",301,TRUE,257,0.07562988429493,-0.0473867692230295,0.0147846434954603,0.320526041932222,0.33414874366833,0.415419876842993,0,-0.0344370204237789,1.31081077821788,1.65253341629588,0.00639399036293533,0.119869591220518,0,3.20426446281925,0,"CV_done",TRUE,1099,TRUE
1000,"nig_indep",302,TRUE,261,0.116516681236924,0.0122054806513442,0.0178872958953301,0.196908512581502,0.747164730446578,0.987401986805207,0,-0.0316363350359536,1.26486080842817,1.4143559454773,0.00745696014191414,0.111160558852016,0,3.64138145469681,0,"CV_done",TRUE,983,FALSE
1000,"nig_indep",303,TRUE,229,-0.0125912843662817,0.0549507225446978,0.0129685481666145,0.178698468122365,0.483446584312497,0.841724658187301,0,-0.0814472383295141,1.51485854326444,1.42532989193073,0.00517989958134719,0.0772302053623669,0,40.7733914693197,0,"CV_done",TRUE,1087,TRUE
1000,"nig_indep",304,TRUE,286,-0.010763121331341,-0.0409685182957294,0.0100800439119917,0.141023049784446,0.246557854152674,0.938086752001596,0,-0.172957136882849,0.648093738636499,1.09886253243872,0.00375459982286022,0.0675709535453802,0,3.67486792536797,0,"CV_done",TRUE,981,FALSE
1000,"nig_indep",305,TRUE,147,0.0262627907230289,-0.0898510255807694,0.00970583926701854,0.161481283739212,0.692201043601077,0.899821016348727,0,-0.654421402021288,1.15462365943795,2.28318078770265,0.00373413395922854,0.0584215539693365,0,6.74998273796505,0,"CV_done",TRUE,797,TRUE
1000,"nig_indep",306,TRUE,161,0.0876733354255355,0.186096683752167,0.0135610269026395,0.140663437754799,1.18931072588685,1.23424292147888,0,-0.947362781607678,0.293654258861972,2.87058269808482,0.00443193614254081,0.0593018298585385,0,3.05791798346572,0,"CV_done",TRUE,733,TRUE
1000,"nig_indep",307,TRUE,229,-0.153896056398151,0.208712037844461,0.0127614788949469,0.12608104711302,0.595943031668327,2.60911971044301,0,0.101587469032035,2.25544216177525,1.68033511663565,0.00392473407979858,0.0514151184400757,0,7.75652954267131,0,"CV_done",TRUE,715,TRUE
1000,"nig_indep",308,TRUE,242,-0.149678924885196,0.230927551402745,0.0125104651703527,0.0981598029333899,1.22797454494757,1.23716346994236,0,-0.57052495239579,2.37985691046426,1.28674850505823,0.00420536512033316,0.0360499413615132,0,2.26172436727418,0,"CV_done",TRUE,834,TRUE
1000,"nig_indep",309,TRUE,242,-0.00798266750295854,0.0710380264677596,0.0119141539523368,0.0944042017316441,1.20235163706816,1.31607738071324,0,-0.286939406075174,1.89341058180382,1.49649899672958,0.00420152588653885,0.0305095755047126,0,2.18194182563711,0,"CV_done",TRUE,913,TRUE
1000,"nig_indep",310,TRUE,240,-0.044699184039523,0.139585565543944,0.0127403285728821,0.100101780046316,0.771289909418639,1.07502654809557,0,-0.257832314774163,2.18274389512419,1.36139420428741,0.00393969662397558,0.0368643615859275,0,3.32229803072082,0,"CV_done",TRUE,954,TRUE
1000,"nig_indep",32,TRUE,742,0.135138620173195,0.123430644676656,0.0192124695077873,0.15477053550241,0.409266935614134,0.187225221352728,0,0.503348662515332,0.736941182677069,0.841914356842103,0.00579336884959019,0.0463289757106927,0,2.79216917905543,0,"CV_done",TRUE,1281,TRUE
1000,"nig_indep",33,TRUE,1151,0.0254592162931762,0.054105910167595,0.0696729707819823,0.362249095000179,0.021397343148468,0.0425498560468305,0,0.840055109478404,0.743445510520711,0.983559363319586,0.00729914800584862,0.0713759433351367,0,5.29935786248633,0,"CV_done",TRUE,2306,FALSE
1000,"nig_indep",34,TRUE,470,0.165497231340088,0.237864691960835,0.073863763622899,0.500745232451492,0.63864060704566,0.800962047413318,0,0.707064332699805,0.906783747114627,1.14255012963848,0.0127647855887085,0.145670339793371,0,2.82203405525949,0,"CV_done",TRUE,1021,TRUE
1000,"nig_indep",346,TRUE,655,0.208395056298863,0.0703593206347015,0.0534521268249148,0.403335969146331,0.658611649857467,0.138366260708531,0,-0.091407008132117,2.08018051086609,1.84460148093622,0.0172483634859989,0.109068873136953,0,2.07824270553059,0,"CV_done",TRUE,1611,TRUE
1000,"nig_indep",352,TRUE,392,0.0191756337510306,-0.0387025468603181,0.0905999175189392,0.359864077453099,0.92705307909987,0.234563229366661,0,-0.220665892503766,0.412975182074081,1.07533266442024,0.00928561131404733,0.0304642678422723,0,1.48930488374498,0,"CV_done",TRUE,527,TRUE
1000,"nig_indep",355,TRUE,568,0.0218350085217499,0.107914390490923,0.0480687186611091,0.471337192722596,0.179937345376492,0.304880058757167,0,-0.213082492223853,1.20815614669118,1.40826750353068,0.012242179243532,0.132854122511325,0,2.22402130471336,0,"CV_done",TRUE,1583,TRUE
1000,"nig_indep",357,TRUE,487,0.0857849026362929,0.0342870241955887,0.0372478957258898,0.390758117066565,0.270968894230952,0.0863157169846979,0,-0.444271936598717,1.23821399406653,1.52956260049876,0.0104972124650675,0.0596000664284197,0,2.19081621454822,0,"CV_done",TRUE,1409,TRUE
1000,"nig_indep",366,TRUE,473,0.04406062749818,0.0245663353456981,0.0526279410374226,0.270619683289737,0.199734444799149,0.0343648963805572,0,-0.480233140189541,1.25828357281644,1.04742474252003,0.0130058269737836,0.0561608137909547,0,5.32533742216174,0,"CV_done",TRUE,1392,FALSE
1000,"nig_indep",368,TRUE,466,0.0705817350698104,0.0318177813213981,0.0395090566117966,0.166626993830813,0.337062670423079,0.178007295567407,0,-0.547959617495497,0.933703702077393,1.16682738181213,0.00746039775668505,0.0340086314074237,0,4.43175406146933,0,"CV_done",TRUE,1267,FALSE
1000,"nig_indep",369,TRUE,449,0.0564134427800693,0.00165132144037791,0.0466204695681585,0.283053760220483,0.345805679357602,0.07819050905476,0,-0.17512747841315,1.58735888996541,1.45636382773838,0.00748718182926912,0.0273278493248646,0,9.60041341827975,0,"CV_done",TRUE,1197,TRUE
1000,"nig_indep",371,TRUE,154,-0.0717166862905851,-0.268847285254395,0.0122778425368611,0.127057368739471,0.43654519145545,0.523902585234261,0,-0.294315984487468,1.29089897527339,0.895873529065065,0.00198249528217491,0.0294476025370362,0,38.7774551908175,0,"CV_done",TRUE,207,TRUE
1000,"nig_indep",374,TRUE,487,0.157084766967255,-0.221375228368918,0.0509226991041752,0.121475495788661,0.26338511514248,1.03766858226656,0,-0.0344937543951903,0.360275940711749,1.05886834869675,0.00335701265321095,0.0387752571022817,0,3.3615159235398,0,"CV_done",TRUE,563,TRUE
1000,"nig_indep",375,TRUE,399,-0.0160368931314289,-0.0239639113706377,0.0528451927756977,0.446264208310789,0.0646609773518706,0.0130479960896763,0,-0.392902236671578,1.35635508714628,0.960406174523891,0.00222449064919063,0.0257459027799962,0,5.36550893803162,0,"CV_done",TRUE,1019,FALSE
1000,"nig_indep",376,TRUE,402,0.0226330527569921,-0.0349959823513765,0.0627426062890735,0.409811960648637,0.230671956966034,0.15617608808001,0,-0.699656806784982,1.260487239982,1.20929268347478,0.0100902812225908,0.0582902916090636,0,2.77650177273485,0,"CV_done",TRUE,1033,TRUE
1000,"nig_indep",377,TRUE,543,0.0110635504912774,-0.00315075533243589,0.0517538976219224,0.35299771581425,0.217764618379351,0.0601255876796353,0,-0.962018825871736,1.33374390145472,1.27408721407904,0.0125914617775253,0.0420977689695063,0,2.49754929722735,0,"CV_done",TRUE,1197,TRUE
1000,"nig_indep",378,TRUE,433,0.0309424147590923,-0.0188701083400728,0.0343561955350809,0.3122173657203,0.272729155683226,0.0652706637172407,0,-0.398511732272864,1.07419879812494,1.36123456897451,0.00284738127651508,0.0215417381118634,0,1.20076721260117,0,"CV_done",TRUE,1077,TRUE
1000,"nig_indep",382,TRUE,328,-0.0357164810991205,-0.217279176911632,0.0431799920036123,0.166676197237433,0.362720651272712,0.717518180775159,0,-1.24716098811781,1.35720902738914,1.07632280004497,0.00628807363338573,0.0375092783558516,0,6.11221395984016,0,"CV_done",TRUE,588,FALSE
1000,"nig_indep",383,TRUE,336,-0.0439405915597673,-0.124075471888425,0.06054243410391,0.264784655475741,0.318905692266564,0.28864932407075,0,-0.688512655032698,1.07320631144083,1.3716213190684,0.00791924611972297,0.0406797227640869,0,2.75343476454417,0,"CV_done",TRUE,732,TRUE
1000,"nig_indep",384,TRUE,274,0.0565280053329781,-0.0402410186353343,0.0235470435504079,0.242755630095879,0.293685782337084,0.751959777290203,0,-0.00654355063448397,1.10932009785702,1.11832173465936,0.00640547498101304,0.059310137133872,0,11.4072493859132,0,"CV_done",TRUE,797,TRUE
1000,"nig_indep",385,TRUE,210,0.0369327986153412,-0.00275500470277356,0.0155179836256887,0.179014532609032,0.11554545853699,0.40360460160194,0,0.146468062571698,0.872055382286039,1.08424174520388,0.00416969884285839,0.0359179977095701,0,5.49719372810313,0,"CV_done",TRUE,765,FALSE
1000,"nig_indep",386,TRUE,233,0.0197376760558437,0.0408933921015765,0.0165597498743599,0.180582688166111,0.222196680629572,0.36788041672,0,0.345743451611384,0.735563316084664,0.991632296370665,0.00188295387157273,0.0231612717272641,0,6.1628983769621,0,"CV_done",TRUE,524,FALSE
1000,"nig_indep",45,TRUE,434,-0.11699066741752,0.0804632158437623,0.0261912830920741,0.0967392774531648,0.285044304436462,0.57519890527244,0,-1.57818566692352,1.21734740253356,1.07121553943792,0.00459793291208894,0.024202589666402,0,2.12676531910896,0,"CV_done",TRUE,1303,TRUE
1000,"nig_indep",46,TRUE,422,-0.13566784393843,0.173315192165642,0.0180582988532634,0.0616983645339474,0.5518951682035,0.677476326410136,0,-0.782378420698564,0.821556799681929,0.896066352983324,0.00504736698398638,0.0259047635357506,0,2.13873571051492,0,"CV_done",TRUE,1346,TRUE
1000,"nig_indep",47,TRUE,597,-0.0481972183226197,0.16867479259152,0.0190599639790974,0.0584051637618059,0.115502188651541,0.291544459876222,0,-1.26561770679777,0.975115292863392,0.929861246528394,0.00466095395633988,0.0244163520934422,0,13.5722522139549,0,"CV_done",TRUE,1433,TRUE
1000,"nig_indep",48,TRUE,591,-0.107115680608623,0.101390239148792,0.0152519928492309,0.0774019462658283,0.440080627139829,0.288047858222628,0,-0.844181570854596,1.12303510278133,1.08453052941667,0.00474500574091942,0.0234797777196827,0,2.17431608544456,0,"CV_done",TRUE,1550,TRUE
1000,"nig_indep",49,TRUE,367,-0.0817714707785356,0.291554831399106,0.0139301698170377,0.0948070110302061,0.757386146659673,1.15980354536012,0,-0.366332017636431,1.13442005807378,1.50716517569214,0.0064136581359868,0.0309065750219403,0,14.2142133176989,0,"CV_done",TRUE,936,FALSE
1000,"nig_indep",54,TRUE,329,0.0355072492599883,0.0768317548035565,0.0228312330169955,0.297667134534439,0.0851817180312872,0.132687802427901,0,0.564447210634661,0.396894655352207,1.4640711538622,0.00782968678105107,0.0272497186922577,0,1.21328296972646,0,"CV_done",TRUE,495,TRUE
1000,"nig_indep",55,TRUE,843,0.0533889275155426,0.161982788445182,0.0499593675901399,0.408270169543158,0.0586900444374462,0.219582023192714,0,2.19066628393344,1.13641815008239,1.11876926526053,0.00584209296193567,0.051269160078489,0,1.02232753462262,0,"CV_done",TRUE,1089,TRUE
1000,"nig_indep",56,TRUE,760,0.0373949413213488,0.220006106004363,0.12976665230434,0.592761736167213,0.232238964072699,0.622847796147019,0,1.61316977448424,1.26176588150028,1.26886969446363,0.0215829271355857,0.153877370935435,0,2.14870507617791,0,"CV_done",TRUE,2300,TRUE
1000,"nig_indep",57,TRUE,173,-0.0212325190568124,0.086125907165099,0.139084769627983,0.558384991384646,0.369192294896852,0.412824770219898,0,1.46685055596092,1.47978493969084,1.53008190008489,0.0138580374279624,0.0934934695105396,0,2.76143175548977,0,"CV_done",TRUE,1100,TRUE
1000,"nig_indep",59,TRUE,214,0.178579551269554,0.405740187950988,0.0553453275782891,0.116900897295026,0.1270375422764,0.244967754893249,0,1.52957670188742,1.23514419459776,1.1885517861819,0.00652002980485095,0.0246732421415222,0,2.66142542084058,0,"CV_done",TRUE,359,FALSE
1000,"nig_indep",68,TRUE,1003,-0.0585755717235335,0.0340618023234436,0.070157050825123,0.444909896217097,0.193159096210784,0.0884560548708741,0,-1.95052810652593,1.06284832773089,1.05173059242798,0.0119412193034874,0.0680007215778264,0,14.4851281287935,0,"CV_done",TRUE,2054,FALSE
1000,"nig_indep",69,TRUE,634,-0.0835440447155556,0.0103856312707072,0.0468769717471832,0.18499474575891,0.295674610264935,0.703322745141937,0,-1.87250793922086,2.53817230589306,1.19708935944506,0.00686247902266663,0.0455799843456963,0,9.21039757357703,0,"CV_done",TRUE,2011,TRUE
1000,"nig_indep",70,TRUE,380,-0.119332025032724,0.0774848707281001,0.028783454518326,0.162270761778215,0.633226192319106,0.828070008164797,0,-3.73756960993794,1.23192980389518,1.49659999201708,0.00555062289614231,0.028258169421683,0,2.01572595953941,0,"CV_done",TRUE,1533,TRUE
1000,"nig_indep",71,TRUE,374,-0.025268851682514,0.0416883066685928,0.0184067301324882,0.0771768691195384,0.18486950305107,0.145653412788955,0,-0.369477681661741,1.27491509650439,1.45324129208163,0.00651215820961156,0.0329249255720916,0,13.8829748637146,0,"CV_done",TRUE,1653,TRUE
1000,"nig_indep",72,TRUE,479,-0.136661677480789,0.100245603971061,0.012073273974282,0.0572353351071458,0.916233664360467,0.683329799308021,0,-0.951713236568249,1.36381050035839,1.21264878513044,0.00646463354289016,0.029733564367236,0,2.1046910627683,0,"CV_done",TRUE,1724,TRUE
1000,"nig_indep",73,TRUE,378,0.0132294266172999,0.339463324093437,0.0189508519559012,0.0633250337417479,1.08617750980869,0.844738856976825,0,-0.0737185322568733,4.44365797766162,1.55214422945289,0.0058830087169559,0.0291539880782545,0,19.0478398747577,0,"CV_done",TRUE,1579,TRUE
1000,"nig_indep",74,TRUE,544,-0.0455886208585541,0.516259128335363,0.01364936303021,0.0847004320498772,1.18887634686937,1.26449014316496,0,0.0346164906265821,1.80213589562879,1.49555749768347,0.00605560451392937,0.0355282014469546,0,8.24193910976251,0,"CV_done",TRUE,1683,TRUE
1000,"nig_indep",79,TRUE,486,0.0707333145936531,0.347662482047986,0.0851346289642411,1.04485771504998,0.328444834441909,1.04422800403501,0,2.88767113805247,0.589301539738622,1.0818529269619,0.0105944735800308,0.177321375384401,0,1.21054589099354,0,"CV_done",TRUE,1377,TRUE
1000,"nig_indep",80,TRUE,496,0.18069922656015,0.153288393559775,0.0722613208883155,0.800728472686244,0.3469276521127,0.835480962061843,0,1.317642777092,2.4969872960064,1.59451391490564,0.010483971349424,0.140164848409897,0,7.01342752562629,0,"CV_done",TRUE,1409,TRUE
1000,"nig_indep",81,TRUE,400,0.0930815367768867,0.186118473278235,0.0807137070935753,0.834371447367995,0.330994349602216,0.705634452074053,0,2.03738153685433,1.45300579219422,1.34294458764367,0.0146318618607981,0.112561678376777,0,1.99111193107234,0,"CV_done",TRUE,1505,TRUE
1000,"nig_indep",82,TRUE,496,0.0320758501230214,0.153090712873004,0.193597318609832,1.14770518807286,0.119455147714889,0.86544837792608,0,4.16452094144233,2.54091437985806,2.24378424580114,0.0222772408244151,0.111603728456678,0,5.15896677017212,0,"CV_done",TRUE,1977,TRUE
1000,"nig_indep",83,TRUE,589,0.055767301572297,0.0531995434364382,0.193722536205552,0.950685807461877,0.461147642089307,0.476001607268055,0,3.98002121648905,2.59065906962974,2.60274019496011,0.0302736801195577,0.133144000981497,0,4.6652709098657,0,"CV_done",TRUE,1807,TRUE
1000,"nig_indep",84,TRUE,483,0.00284018882188399,-0.126157827449728,0.142623863712038,0.501144283385809,0.0397420005653179,0.390842691542516,0,4.0670514475663,2.36677485576636,2.47018086793892,0.0151042982222301,0.0645631817920681,0,8.56474802917904,0,"CV_done",TRUE,1107,TRUE
1000,"nig_indep",85,TRUE,436,0.256625666957776,-0.0845434502437419,0.0365586983409239,0.105854404369267,0.5037919215578,0.622560432207082,0,1.6024285065813,1.93136072938186,2.57692951505472,0.00664121719635732,0.0252863049123608,0,8.46924876742893,0,"CV_done",TRUE,836,TRUE
1000,"nig_indep",86,TRUE,368,0.00475119238730015,0.0153372449691533,0.334996741761262,0.623309382772167,0.0055343977828122,0.0142172565201611,0,2.2397272454009,1.07765723210256,1.06276756487644,0.00311673150552758,0.0108927992785293,0,2.42896291964584,0,"CV_done",TRUE,542,FALSE
1000,"nig_indep",95,TRUE,563,-0.0393534794879465,0.513369901901139,0.0376872484635727,0.326884400013015,1.18085650852938,0.767078297021834,0,-1.49340878566852,1.2239563704429,1.08666843611107,0.013174867823319,0.10509501532977,0,10.7307600159115,0,"CV_done",TRUE,2045,TRUE
1000,"nig_indep",96,TRUE,880,-0.0502303352133026,0.175483427230845,0.0446142499666188,0.335017726027239,0.512583721735492,0.293969821388317,0,-1.47538866517641,1.26040702004835,1.40715359187407,0.0119846575246483,0.0854377377820096,0,1.86386322001616,0,"CV_done",TRUE,2873,TRUE
1000,"nig_indep",97,TRUE,552,-0.0840917009083285,0.126078838848321,0.0416348930935189,0.265163787541446,0.704527927955138,0.401354937744512,0,-1.73251764936806,1.21181983541768,1.35509383342211,0.00977711482811574,0.0592222201559099,0,1.96423939267794,0,"CV_done",TRUE,2208,TRUE
1000,"nig_indep",98,TRUE,440,-0.133625780960651,0.197860831814211,0.0345249497800649,0.197525743650149,0.902777282798024,0.525145975180847,0,-1.9775269109851,1.36452938777473,1.27802847262816,0.00708334102502899,0.04139872172364,0,1.817580064204,0,"CV_done",TRUE,1503,TRUE
1000,"nig_indep",99,TRUE,316,-0.121977689324529,0.110768960559104,0.0276190655474344,0.156612189055109,0.8563380006058,0.389688062092666,0,-1.48558088225195,1.49379063759999,1.37029037124024,0.00736724645280599,0.0404137792641676,0,1.83913908521334,0,"CV_done",TRUE,1252,TRUE
1000,"gauss_indep",206,TRUE,415,NA,NA,0.00456107483126572,0.101435912529092,NA,NA,0,-0.693550823984327,1.46602438242353,2.5211775807779,0.00195342629016306,0.0875769275144565,0,1.39659332394048,0,"CV_done",TRUE,1569,FALSE
1000,"gauss_indep",207,TRUE,472,NA,NA,0.00441142489021904,0.0933277710534745,NA,NA,0,-0.710497492823515,1.20902841117964,1.03092683521832,0.00216831674783621,0.0923790596432604,0,1.27142871585709,0,"CV_done",TRUE,1619,FALSE
1000,"gauss_indep",208,TRUE,492,NA,NA,0.00407762187744817,0.106450665774873,NA,NA,0,-0.535800638794855,1.20118226787032,1.07168883695274,0.00216707134016635,0.0851126486408404,0,1.27201546714538,0,"CV_done",TRUE,1783,FALSE
1000,"gauss_indep",210,TRUE,237,NA,NA,0.019668639290949,0.101553592719042,NA,NA,0,-0.00238697144240807,0.437799963950758,0.505976219343968,0.001903528415652,0.0915771872665848,0,1.27350674245645,0,"CV_done",TRUE,921,FALSE
1000,"gauss_indep",215,TRUE,233,NA,NA,0.0230497255380533,0.0672988125968596,NA,NA,0,0.234063470910048,1.26152078644633,1.08860865163013,0.0145589904654705,0.0283042967634553,0,1.31537110628629,0,"CV_done",TRUE,950,FALSE
1000,"gauss_indep",219,TRUE,266,NA,NA,0.0151951548803832,0.0329498112093409,NA,NA,0,-0.609283812149969,0.941448552521557,1.19889238300803,0.0096491289098517,0.0179641362609305,0,1.36016892967953,0,"CV_done",TRUE,717,FALSE
1000,"gauss_indep",223,TRUE,164,NA,NA,0.0347359732404422,0.312105325492484,NA,NA,0,1.88732197111747,1.49030016970624,1.44853735872028,0.0173508106515139,0.15432432014044,0,1.23699193836362,0,"CV_done",TRUE,583,FALSE
1000,"gauss_indep",224,TRUE,255,NA,NA,0.0308153108489589,0.269324212722609,NA,NA,0,1.35357832366799,1.04404284164138,1.53104569406684,0.0137769643068324,0.126512555066658,0,1.23521636354702,0,"CV_done",TRUE,895,FALSE
1000,"gauss_indep",225,TRUE,311,NA,NA,0.0306361967114115,0.290125346613391,NA,NA,0,1.49113210615282,1.43321826356502,0.938226219702492,0.0102764424092792,0.101272769984006,0,1.25475390462412,0,"CV_done",TRUE,998,FALSE
1000,"gauss_indep",226,TRUE,293,NA,NA,0.0281689506521175,0.252766108481257,NA,NA,0,1.59965966945591,1.40382004254358,0.975423715607348,0.00832968431163566,0.0892715195120447,0,1.20046153824087,0,"CV_done",TRUE,1272,FALSE
1000,"gauss_indep",227,TRUE,363,NA,NA,0.0220496452500397,0.20472155213718,NA,NA,0,1.6804944534317,1.45219665630066,0.856756376954682,0.00726021293381009,0.0831587763504444,0,1.26503046390083,0,"CV_done",TRUE,1381,FALSE
1000,"gauss_indep",228,TRUE,338,NA,NA,0.00577620634260674,0.872420236144142,NA,NA,0,-1.12115591914988,0.00583377659232809,2.13552800460777,0.0200416223075838,0.0818031105137019,0,1.23145429544703,0,"CV_done",TRUE,1194,FALSE
1000,"gauss_indep",229,TRUE,293,NA,NA,0.0197090376410967,0.177794282787902,NA,NA,0,1.24589780564016,1.49943761719942,2.39061522289486,0.00492333254843775,0.0833502836714409,0,1.26516384927211,0,"CV_done",TRUE,925,FALSE
1000,"gauss_indep",230,TRUE,122,NA,NA,0.00860033238514489,0.124411118425418,NA,NA,0,0.423059157587347,1.80177292313457,4.1086811693136,0.00304029212920224,0.0932197051045679,0,1.23958286060779,0,"CV_done",TRUE,413,FALSE
1000,"gauss_indep",235,TRUE,459,NA,NA,0.00869741546352123,0.124263904939538,NA,NA,0,-0.625136677644263,1.18020629831514,1.50509629106963,0.00442221368505118,0.0789849762540201,0,1.1975056578826,0,"CV_done",TRUE,1702,FALSE
1000,"gauss_indep",239,TRUE,307,NA,NA,0.00572650567356546,0.100452158522387,NA,NA,0,-0.465063378241879,1.19626005478057,1.28699823036661,0.00285039353739892,0.078653015252998,0,1.2718229130352,0,"CV_done",TRUE,1523,FALSE
1000,"gauss_indep",240,TRUE,390,NA,NA,0.00593197415851413,0.0891790209946535,NA,NA,0,-0.502956501271921,1.25439805361948,1.25264326347251,0.00222101174170581,0.0806758600954435,0,1.25683481923408,0,"CV_done",TRUE,1368,FALSE
1000,"gauss_indep",241,TRUE,356,NA,NA,0.00536375137044323,0.109994776277846,NA,NA,0,-0.500711578590607,1.25743152854024,2.33239465206166,0.00200869888718349,0.0702758028233213,0,1.23493928469166,0,"CV_done",TRUE,1389,FALSE
1000,"gauss_indep",242,TRUE,267,NA,NA,0.00496324597984386,0.12598801563517,NA,NA,0,-0.555956295309218,1.41455882022579,2.88619562795242,0.00196527795903544,0.0654546512656611,0,1.24550364634505,0,"CV_done",TRUE,1379,FALSE
1000,"gauss_indep",243,TRUE,274,NA,NA,0.00469369954622441,0.0982819633566336,NA,NA,0,-0.479462963044065,1.47765426683897,1.79912096001206,0.0020411553460481,0.0708079516708053,0,1.2347224382725,0,"CV_done",TRUE,1395,FALSE
1000,"gauss_indep",244,TRUE,355,NA,NA,0.00492855354842009,0.104339754211928,NA,NA,0,-0.346501447979546,1.34456325819217,1.13372038686448,0.0019243375744361,0.0712386318142979,0,1.23764838279949,0,"CV_done",TRUE,1436,FALSE
1000,"gauss_indep",245,TRUE,375,NA,NA,0.00649003313696216,0.117284360143991,NA,NA,0,-0.219267253477,1.03737837804836,0.925846658203623,0.00182250492552108,0.0673383106819049,0,1.18815613394534,0,"CV_done",TRUE,1314,FALSE
1000,"gauss_indep",246,TRUE,177,NA,NA,0.00859411429790455,0.12113466237789,NA,NA,0,-0.180498869633109,0.792020251335173,1.28437532129245,0.00179603984234452,0.0556390488844045,0,1.19291468337178,0,"CV_done",TRUE,679,FALSE
1000,"gauss_indep",254,TRUE,352,NA,NA,0.0128898808146485,0.0487398259137249,NA,NA,0,-0.607537812533299,1.03437650300656,1.45750557426063,0.0084813090354081,0.024095318669663,0,1.23762713647551,0,"CV_done",TRUE,1060,FALSE
1000,"gauss_indep",257,TRUE,126,NA,NA,0.0545720410826283,0.751882955739979,NA,NA,0,1.2500039848865,0.896853771518932,1.42668666730673,0.035266688734233,0.236986009582335,0,1.2749450622499,0,"CV_done",TRUE,359,FALSE
1000,"gauss_indep",258,TRUE,146,NA,NA,0.0426083978821554,0.604479840793512,NA,NA,0,1.53944194378735,0.987622681790451,1.37277992687669,0.0212613574852315,0.168085913928168,0,1.21929471313126,0,"CV_done",TRUE,858,FALSE
1000,"gauss_indep",259,TRUE,259,NA,NA,0.0323943233314552,0.373700725926806,NA,NA,0,1.18567631502389,1.64221670231393,1.09067950430584,0.00918196652452088,0.138742773142854,0,1.26884565034674,0,"CV_done",TRUE,1047,FALSE
1000,"gauss_indep",260,TRUE,240,NA,NA,0.0262652753141852,0.291651738380659,NA,NA,0,0.867895481825814,1.1485288248217,1.01766336217945,0.00766938282014341,0.107317400962295,0,1.34696025353615,0,"CV_done",TRUE,1040,FALSE
1000,"gauss_indep",263,TRUE,376,NA,NA,0.0223749715041924,0.197167405943738,NA,NA,0,0.257499446743636,1.18033753303577,1.26393617883631,0.00749559193232752,0.0835497043878626,0,1.30423689970264,0,"CV_done",TRUE,1408,FALSE
1000,"gauss_indep",271,TRUE,364,NA,NA,0.0112610042112949,0.150131561188866,NA,NA,0,-0.60094003071704,1.53910031407564,1.76749306607611,0.00563795400589377,0.068710641995539,0,1.26919389507009,0,"CV_done",TRUE,1174,FALSE
1000,"gauss_indep",272,TRUE,344,NA,NA,0.0095655914175954,0.0910900694784488,NA,NA,0,-0.307981340041159,1.65455345178456,1.52594659921245,0.00449116897909818,0.0673518140913154,0,18.1065520078606,0,"CV_done",TRUE,1178,TRUE
1000,"gauss_indep",274,TRUE,180,NA,NA,0.00896679596654137,0.0989112057909519,NA,NA,0,-0.486006874488796,1.28623402831701,1.7779453332938,0.00397403659911946,0.0633374558392316,0,1.35226449291463,0,"CV_done",TRUE,848,FALSE
1000,"gauss_indep",275,TRUE,209,NA,NA,0.00991018621732496,0.0861982303900991,NA,NA,0,-0.68517709378643,1.17380424036432,1.31473840386707,0.00356113319962825,0.0482551697291673,0,1.36947890458835,0,"CV_done",TRUE,919,FALSE
1000,"gauss_indep",276,TRUE,249,NA,NA,0.00942643019544454,0.0905437851866745,NA,NA,0,-0.583129027983946,1.43299843413202,1.5873517436257,0.00341914198353374,0.0385992768813991,0,1.27985105575511,0,"CV_done",TRUE,923,FALSE
1000,"gauss_indep",277,TRUE,315,NA,NA,0.00836620682753173,0.0877136766693514,NA,NA,0,-0.0868474039460692,1.66931903607762,1.97163794904206,0.00397301302448503,0.0391441726663245,0,1.34619429379426,0,"CV_done",TRUE,994,FALSE
1000,"gauss_indep",278,TRUE,287,NA,NA,0.00794829195939977,0.105279045516831,NA,NA,0,-0.211942361360576,1.49321696468979,1.45520886443759,0.00356936299886953,0.0421963406806799,0,18.5828890368011,0,"CV_done",TRUE,1224,TRUE
1000,"gauss_indep",279,TRUE,292,NA,NA,0.00832481332840838,0.123223737978432,NA,NA,0,-0.340637076287568,1.0519553398007,1.44718002358289,0.00290158963555042,0.0441253516240302,0,1.29638310747014,0,"CV_done",TRUE,1131,FALSE
1000,"gauss_indep",280,TRUE,124,NA,NA,0.00945947087272718,0.116792073100637,NA,NA,0,-0.34831054911175,0.923549945578289,1.45970270741828,0.00274384734180712,0.0481850571463606,0,1.30010307558157,0,"CV_done",TRUE,506,FALSE
1000,"gauss_indep",283,TRUE,154,NA,NA,0.0243115832717985,0.11551914573187,NA,NA,0,-0.394288356620967,1.41690841404768,1.68364338801638,0.0083668456852084,0.0554732438391083,0,1.06003468640976,0,"CV_done",TRUE,743,TRUE
1000,"gauss_indep",285,TRUE,250,NA,NA,0.0150912845763666,0.103080472205281,NA,NA,0,-0.490516879816723,1.17384498173282,1.01453229178277,0.00770659576137733,0.0350171960301,0,1.36203079573534,0,"CV_done",TRUE,1340,FALSE
1000,"gauss_indep",286,TRUE,319,NA,NA,0.0159566946103505,0.113889702237214,NA,NA,0,-0.67366602732793,0.977416153390451,0.982454032645212,0.00745431887019749,0.0338061682536174,0,1.28264170887294,0,"CV_done",TRUE,1210,FALSE
1000,"gauss_indep",292,TRUE,284,NA,NA,0.0513990055319881,0.716031252132654,NA,NA,0,3.30752204989754,1.60267861459641,1.62418603565405,0.014378765026083,0.180659248089159,0,1.29936081575023,0,"CV_done",TRUE,1053,FALSE
1000,"gauss_indep",293,TRUE,260,NA,NA,0.0327720640046686,0.479462872424403,NA,NA,0,1.32083106753547,1.18575903768916,1.07736113841438,0.0073480631004811,0.115867968633667,0,19.499264643987,0,"CV_done",TRUE,1062,TRUE
1000,"gauss_indep",294,TRUE,284,NA,NA,0.022675829353697,0.378315881702396,NA,NA,0,0.20656063348793,1.25071798825966,1.11866685704263,0.00789405099313618,0.109892219318151,0,1.21002308598547,0,"CV_done",TRUE,1104,TRUE
1000,"gauss_indep",295,TRUE,354,NA,NA,0.0284597885980621,0.405092518103179,NA,NA,0,-0.0426440438890339,1.45767994400438,1.20732062059734,0.00895837904434085,0.112214571653071,0,1.29828857515421,0,"CV_done",TRUE,1316,FALSE
1000,"gauss_indep",296,TRUE,364,NA,NA,0.0291221504129373,0.472552060649762,NA,NA,0,0.0474862738466895,1.25871462383294,1.36024641970456,0.0116429109197243,0.117480024312331,0,1.32120546521412,0,"CV_done",TRUE,1337,FALSE
1000,"gauss_indep",300,TRUE,210,NA,NA,0.0108221344271884,0.443280377204073,NA,NA,0,-0.249559496250024,0.620073046836151,1.42690922662727,0.00820224100606915,0.15909026274096,0,1.31445009328425,0,"CV_done",TRUE,728,FALSE
1000,"gauss_indep",301,TRUE,257,NA,NA,0.0147007323129853,0.321064660689906,NA,NA,0,-0.206810054623994,1.18314020293038,1.4530102993831,0.00683532481913661,0.126205445317549,0,1.30127160607113,0,"CV_done",TRUE,1099,FALSE
1000,"gauss_indep",302,TRUE,261,NA,NA,0.0176245894443963,0.198271400389254,NA,NA,0,-0.0474855857415773,1.06673776351969,1.39650394255658,0.00786517558720777,0.111736337323934,0,1.38786728822523,0,"CV_done",TRUE,983,FALSE
1000,"gauss_indep",303,TRUE,229,NA,NA,0.0128700164942199,0.17747695885365,NA,NA,0,-0.190747210511433,1.31011756231188,1.1240968902719,0.00578149726275275,0.0799531753203696,0,1.28926643332949,0,"CV_done",TRUE,1087,FALSE
1000,"gauss_indep",304,TRUE,286,NA,NA,0.00967434167739478,0.140548856887757,NA,NA,0,-0.250645695495501,1.20056579741916,1.18517571242952,0.00383327483320624,0.0676903039428838,0,1.37961703215208,0,"CV_done",TRUE,981,FALSE
1000,"gauss_indep",305,TRUE,147,NA,NA,0.0107280103710065,0.131506953857124,NA,NA,0,-0.848976007967569,1.04870771142317,2.22008355057502,0.00398853488843653,0.0645344614665994,0,1.20460576207825,0,"CV_done",TRUE,797,FALSE
1000,"gauss_indep",306,TRUE,161,NA,NA,0.00968877599885487,0.126944157993614,NA,NA,0,-0.665695333977709,0.828793509269719,1.4308644639726,0.0041613577578242,0.059589687317577,0,1.41610992968082,0,"CV_done",TRUE,733,FALSE
1000,"gauss_indep",308,TRUE,242,NA,NA,0.011083635914021,0.097122871457236,NA,NA,0,-0.608045327530192,1.45666423481288,1.17088496650104,0.00431695986760665,0.0364936264132454,0,1.31126953381355,0,"CV_done",TRUE,834,FALSE
1000,"gauss_indep",309,TRUE,242,NA,NA,0.0108533529120374,0.0932907048342514,NA,NA,0,-0.239083917121121,1.59131489094119,1.4587649251113,0.00436092361272712,0.0309287707912317,0,22.5970312867562,0,"CV_done",TRUE,913,TRUE
1000,"gauss_indep",310,TRUE,240,NA,NA,0.0112768683464938,0.0979021158168585,NA,NA,0,-0.298841355975952,1.69332870717339,1.32210645323662,0.00431610111118508,0.0375708996013589,0,20.164675694108,0,"CV_done",TRUE,954,TRUE
1000,"gauss_indep",311,TRUE,269,NA,NA,0.0121636279316317,0.101841220977064,NA,NA,0,-0.339447031230388,1.96802959211419,1.35433976706101,0.00424126156050776,0.0375269186804043,0,10.3096777432495,0,"CV_done",TRUE,822,TRUE
1000,"gauss_indep",314,TRUE,402,NA,NA,0.0355763576490727,0.284700922838982,NA,NA,0,-0.753108773999544,1.31931051153772,1.53313580297447,0.0131536309827869,0.099918311042706,0,5.87589401933882,0,"CV_done",TRUE,1053,TRUE
1000,"gauss_indep",315,TRUE,448,NA,NA,0.0217535590447542,0.171129023516064,NA,NA,0,-0.38009212468526,1.20684810007546,1.22420518865469,0.00729476812105391,0.0587838841553508,0,38.2665483236313,0,"CV_done",TRUE,1608,TRUE
1000,"gauss_indep",316,TRUE,404,NA,NA,0.017709831288932,0.156948673024479,NA,NA,0,-0.123649967639414,1.33469375467909,1.28388282565697,0.00742158659999193,0.0568262898521962,0,1.254929683363,0,"CV_done",TRUE,1517,FALSE
1000,"gauss_indep",317,TRUE,474,NA,NA,0.0192946047391994,0.180403171027803,NA,NA,0,-0.214635751327277,1.3042254160989,1.34246807416913,0.0080827655300222,0.0576156916290165,0,5.12083457827568,0,"CV_done",TRUE,1389,TRUE
1000,"gauss_indep",318,TRUE,476,NA,NA,0.0314506193382219,0.245171597519607,NA,NA,0,-0.0482696096654068,1.5836101855845,1.5682948456556,0.0132024658317258,0.118878802274859,0,1.16336435723636,0,"CV_done",TRUE,1862,FALSE
1000,"gauss_indep",319,TRUE,384,NA,NA,0.0414208232295584,0.4508040689007,NA,NA,0,-0.0709256738933003,1.66321955922133,0.83560912239647,0.0209483840422536,0.192882850501883,0,1.30154131064536,0,"CV_done",TRUE,1260,FALSE
1000,"gauss_indep",321,TRUE,427,NA,NA,0.0644818907994905,0.825057791575806,NA,NA,0,1.24724849847443,1.24372252656393,0.983232923550771,0.0189226387205982,0.178027540803383,0,1.80122090568973,0,"CV_done",TRUE,1328,FALSE
1000,"gauss_indep",324,TRUE,367,NA,NA,0.0392245924039326,0.463574960379631,NA,NA,0,0.0694093574634223,1.22321534786535,1.08262293134657,0.01302836205465,0.145431551411644,0,1.33498962190968,0,"CV_done",TRUE,1140,FALSE
1000,"gauss_indep",325,TRUE,355,NA,NA,0.0350897206057506,0.471902275420938,NA,NA,0,-0.159214626969292,1.2654100231306,1.12709450642542,0.00908494364894092,0.122229069065458,0,19.8192243216435,0,"CV_done",TRUE,1264,TRUE
1000,"gauss_indep",326,TRUE,475,NA,NA,0.0379807011353926,0.553391151177657,NA,NA,0,0.00160627198528434,1.03212992201716,1.34762427170397,0.0105942925715018,0.122937923146985,0,1.68629466657561,0,"CV_done",TRUE,1440,FALSE
1000,"gauss_indep",327,TRUE,453,NA,NA,0.0315518737409279,0.540969961325349,NA,NA,0,0.218935818803436,0.841626753897873,1.4977638102303,0.00922617048819206,0.0997924634643103,0,1.5479890999805,0,"CV_done",TRUE,1273,FALSE
1000,"gauss_indep",328,TRUE,513,NA,NA,0.0253674443669235,0.531508340538402,NA,NA,0,0.484305285344715,1.0601620201545,1.10742260638461,0.00815031553888237,0.124953027221539,0,1.71986944803485,0,"CV_done",TRUE,1187,FALSE
1000,"gauss_indep",329,TRUE,319,NA,NA,0.0201836580322213,0.580213300079806,NA,NA,0,0.368450383806799,1.2891811727194,1.37602358716428,0.0127938179951073,0.171290291355039,0,1.613538062578,0,"CV_done",TRUE,1224,FALSE
1000,"gauss_indep",330,TRUE,499,NA,NA,0.0180052855134287,0.457707466274376,NA,NA,0,0.293825231304682,1.19849963681158,1.51570047111828,0.00925064116076856,0.15947800941251,0,1.75359695973772,0,"CV_done",TRUE,1262,FALSE
1000,"gauss_indep",331,TRUE,119,NA,NA,0.0247404795732216,0.32384514444274,NA,NA,0,0.149615739099984,1.07026026768776,1.07224846897831,0.00834189903892223,0.156260160408736,0,1.77963966912693,0,"CV_done",TRUE,833,FALSE
1000,"gauss_indep",332,TRUE,349,NA,NA,0.022229964974971,0.371255743737019,NA,NA,0,0.123484458564403,1.46675182634926,1.3775721987917,0.00637771327792887,0.0927787162304013,0,1.0933634551035,0,"CV_done",TRUE,1167,TRUE
1000,"gauss_indep",333,TRUE,399,NA,NA,0.0134834309128713,0.292431738352636,NA,NA,0,0.335517324565735,2.66180025708057,1.21531331066388,0.00326857549515196,0.065664758787008,0,1.33072308269088,0,"CV_done",TRUE,1294,FALSE
1000,"gauss_indep",334,TRUE,347,NA,NA,0.00889624801571763,0.191008075802444,NA,NA,0,-0.176122730026855,1.31936552041409,1.23116835751799,0.00184077461459965,0.0605491399822779,0,1.41329331193809,0,"CV_done",TRUE,1090,FALSE
1000,"gauss_indep",335,TRUE,293,NA,NA,0.0091474899815131,0.177321294943196,NA,NA,0,-0.751358483747807,1.58453930646338,0.88392728414481,0.00224361569677223,0.0645635252476002,0,1.46292525310759,0,"CV_done",TRUE,889,FALSE
1000,"gauss_indep",336,TRUE,170,NA,NA,0.00939237840309716,0.190404174562158,NA,NA,0,-1.20877605672185,0.982379426190372,0.850006600626716,0.00281236321879275,0.0485836035338256,0,1.28802735806615,0,"CV_done",TRUE,759,FALSE
1000,"gauss_indep",337,TRUE,298,NA,NA,0.0128381250691144,0.137675960752553,NA,NA,0,-0.893626117438882,1.65408265332752,1.10585402969008,0.00287671663922066,0.0334709771501462,0,6.98587892280685,0,"CV_done",TRUE,957,TRUE
1000,"gauss_indep",338,TRUE,339,NA,NA,0.0152118534866897,0.112095963235769,NA,NA,0,-0.838602197903149,1.68362418165524,1.69638510161249,0.00310593861514331,0.0261779355868322,0,9.88591176595953,0,"CV_done",TRUE,1011,TRUE
1000,"gauss_indep",341,TRUE,329,NA,NA,0.0615103279212946,0.30273799121751,NA,NA,0,-1.07603664667327,1.37410310913491,1.57792471241008,0.0217094850623871,0.138782178933437,0,2.74820444411702,0,"CV_done",TRUE,879,TRUE
1000,"gauss_indep",342,TRUE,415,NA,NA,0.0520029210330426,0.252425195859029,NA,NA,0,-0.825764180337699,1.11140862680626,1.44284212758735,0.0175654710354333,0.104850015165232,0,22.4561624129613,0,"CV_done",TRUE,1660,TRUE
1000,"gauss_indep",343,TRUE,464,NA,NA,0.0403908970942019,0.160369654359478,NA,NA,0,-0.593142843416523,1.11412927054848,1.11485788697894,0.0140242527446975,0.0655677658109213,0,1.40681913306592,0,"CV_done",TRUE,1539,FALSE
1000,"gauss_indep",344,TRUE,248,NA,NA,0.0346548527365648,0.163513438015926,NA,NA,0,-0.427322112613526,0.950685162501897,1.09627862201526,0.00889864190172276,0.0625890444837349,0,9.02224092668957,0,"CV_done",TRUE,1391,TRUE
1000,"gauss_indep",345,TRUE,444,NA,NA,0.0394474032301005,0.208078593147951,NA,NA,0,-0.161630527925269,1.28690860251006,1.5292749489696,0.0127092123611067,0.107477278653777,0,19.8958467656374,0,"CV_done",TRUE,1856,TRUE
1000,"gauss_indep",347,TRUE,389,NA,NA,0.0430251737395672,0.399246110808585,NA,NA,0,0.138669120629374,1.17313255780042,1.01262219410371,0.0174234809883153,0.103933416968755,0,1.51461835711643,0,"CV_done",TRUE,1083,FALSE
1000,"gauss_indep",348,TRUE,391,NA,NA,0.0413302195851609,0.390609426904036,NA,NA,0,0.0480388638463702,1.14837187773112,0.960292608242954,0.0128070409846163,0.0672977735528596,0,1.4486026629502,0,"CV_done",TRUE,1181,FALSE
1000,"gauss_indep",349,TRUE,340,NA,NA,0.0494026557358896,0.638291372664963,NA,NA,0,0.513329352452326,1.58295354720761,1.15486216797121,0.00810540476497014,0.0411123543403752,0,23.2285306977563,0,"CV_done",TRUE,1013,TRUE
1000,"gauss_indep",350,TRUE,318,NA,NA,0.0444960852086781,0.490086728393112,NA,NA,0,0.135748408879373,1.84435915905638,1.23826139475533,0.0111257750173659,0.0991316530597262,0,1.49397492776314,0,"CV_done",TRUE,1014,FALSE
1000,"gauss_indep",351,TRUE,294,NA,NA,0.0407210657333282,0.356978171271313,NA,NA,0,-0.414119749420869,1.62477360222218,0.920790963726913,0.0110115202361441,0.0807493067678444,0,1.43396007964181,0,"CV_done",TRUE,1041,FALSE
1000,"gauss_indep",353,TRUE,360,NA,NA,0.0572375543712101,0.407932753839773,NA,NA,0,-0.0198361498906303,0.512525377033879,1.14795494656903,0.0105339814933893,0.0952103597998759,0,1.4428679032541,0,"CV_done",TRUE,1326,FALSE
1000,"gauss_indep",354,TRUE,489,NA,NA,0.0401838328126532,0.474295342433259,NA,NA,0,-0.0846418170738977,1.11537011492962,1.20346568485506,0.0115717595560949,0.146339068384484,0,1.4354042349811,0,"CV_done",TRUE,1581,FALSE
1000,"gauss_indep",355,TRUE,568,NA,NA,0.045260446337564,0.469365970820084,NA,NA,0,-0.184717163382832,1.17828857878441,1.24996918965042,0.0156750035583436,0.154243944308083,0,14.8578651021587,0,"CV_done",TRUE,1583,TRUE
1000,"gauss_indep",356,TRUE,299,NA,NA,0.0506242152963498,0.340996249423558,NA,NA,0,-0.712229499538813,1.3750589721992,1.29715730494484,0.0164492391029192,0.123866702411366,0,5.20722875886493,0,"CV_done",TRUE,1233,TRUE
1000,"gauss_indep",357,TRUE,487,NA,NA,0.0362870062479423,0.38083955793261,NA,NA,0,-0.526363111763196,1.28848201709917,1.39920404093961,0.0132612723640798,0.0900377992618167,0,8.54856689433257,0,"CV_done",TRUE,1409,TRUE
1000,"gauss_indep",358,TRUE,444,NA,NA,0.0267848973700358,0.330349915956263,NA,NA,0,-0.281729119195104,1.25381450544314,1.28541050169021,0.00523213137996952,0.0599392134355939,0,6.06196367945936,0,"CV_done",TRUE,1414,TRUE
1000,"gauss_indep",359,TRUE,327,NA,NA,0.0348112559999322,0.339223220928402,NA,NA,0,-0.667045192557474,1.05037662503541,1.30458275721586,0.0100988361955836,0.0636630556726109,0,1.46056357533843,0,"CV_done",TRUE,1089,FALSE
1000,"gauss_indep",360,TRUE,305,NA,NA,0.0438561907441087,0.311993163912704,NA,NA,0,-0.91155920206112,1.46551135914894,1.29723280784683,0.00662770153134485,0.0528702619847672,0,1.77777271211147,0,"CV_done",TRUE,944,TRUE
1000,"gauss_indep",361,TRUE,230,NA,NA,0.0326887797895504,0.211119796193196,NA,NA,0,-0.906763479714453,1.58459965463346,1.21856564623665,0.00188569280587437,0.0356000088695205,0,9.28852543003029,0,"CV_done",TRUE,922,TRUE
1000,"gauss_indep",362,TRUE,261,NA,NA,0.0252420939576039,0.15896218487834,NA,NA,0,-1.1394987827837,1.42422923129972,1.38579338516388,0.00223603415317598,0.0290094064487876,0,4.53583648131953,0,"CV_done",TRUE,948,TRUE
1000,"gauss_indep",363,TRUE,189,NA,NA,0.0291225749301766,0.158851021609952,NA,NA,0,-1.56619418606563,1.51413665481044,1.64284297710197,0.00402270022966888,0.031212122068601,0,1.30292116277472,0,"CV_done",TRUE,645,TRUE
1000,"gauss_indep",365,TRUE,363,NA,NA,0.0652057240437491,0.245046468474699,NA,NA,0,-1.1336662823315,1.33270167647052,1.40476074198266,0.0196909969723641,0.0971140387733738,0,4.9632773162259,0,"CV_done",TRUE,1200,TRUE
1000,"gauss_indep",366,TRUE,473,NA,NA,0.0488886669675848,0.206571004437189,NA,NA,0,-0.659068057981874,1.26291467140578,0.982433283245731,0.0163133358072758,0.0876894063145218,0,1.73394448294408,0,"CV_done",TRUE,1392,FALSE
1000,"gauss_indep",367,TRUE,400,NA,NA,0.0360094197199026,0.159306548947009,NA,NA,0,-0.427702612194475,1.22363491461255,0.903297930887786,0.0116590468621026,0.0536515214497452,0,8.42426996197965,0,"CV_done",TRUE,1189,TRUE
1000,"gauss_indep",368,TRUE,466,NA,NA,0.03648850629974,0.144483805979211,NA,NA,0,-0.392408729394006,1.07227604487588,1.0114597184148,0.00840852716080351,0.043740484195728,0,1.6406653707778,0,"CV_done",TRUE,1267,FALSE
1000,"gauss_indep",369,TRUE,449,NA,NA,0.0438383578713504,0.259550741743714,NA,NA,0,-0.0864137159332868,1.41328130304328,1.03280645042117,0.0129369852583629,0.0827554320239843,0,1.51683675317025,0,"CV_done",TRUE,1197,FALSE
1000,"gauss_indep",370,TRUE,143,NA,NA,0.026231059355319,0.212969726291423,NA,NA,0,0.0488469583765005,1.02932721055951,1.24399260820774,0.00729011251862229,0.0673857493160875,0,1.87629907224465,0,"CV_done",TRUE,443,FALSE
1000,"gauss_indep",372,TRUE,167,NA,NA,0.0281290387839272,0.164139480663807,NA,NA,0,-0.502763761466409,1.72805240876944,1.31743315636462,0.00551359760456657,0.0374520851403254,0,1.87678897073423,0,"CV_done",TRUE,532,FALSE
1000,"gauss_indep",375,TRUE,399,NA,NA,0.0494586165079789,0.30745275066907,NA,NA,0,-0.638134617410428,1.35067056496368,0.885563963568252,0.00559786407914992,0.0833818177144587,0,1.8054933656145,0,"CV_done",TRUE,1019,FALSE
1000,"gauss_indep",376,TRUE,402,NA,NA,0.0560186507542565,0.391872549001593,NA,NA,0,-0.714028537015066,1.35888687088274,1.16199347527041,0.0190695832144405,0.111030706580425,0,11.7322083732155,0,"CV_done",TRUE,1033,TRUE
1000,"gauss_indep",377,TRUE,543,NA,NA,0.0464030837140205,0.33159017022673,NA,NA,0,-1.0601897460099,1.47966830538153,1.24309781893648,0.0168906538922411,0.0704221968585498,0,10.0908104099168,0,"CV_done",TRUE,1197,TRUE
1000,"gauss_indep",378,TRUE,433,NA,NA,0.0309978159955742,0.33644214189156,NA,NA,0,-0.418684365835164,1.0016573306044,1.31246698818109,0.00552024215814956,0.027948262837724,0,1.88250965722733,0,"CV_done",TRUE,1077,FALSE
1000,"gauss_indep",379,TRUE,309,NA,NA,0.0455562784007349,0.373865466815202,NA,NA,0,-0.754538715397164,1.30730723445483,1.23797115591212,0.00959936029652807,0.0565796718873966,0,11.1988011062808,0,"CV_done",TRUE,792,TRUE
1000,"gauss_indep",380,TRUE,357,NA,NA,0.0383413686325496,0.249761135702695,NA,NA,0,-1.05802998425059,1.37302082542781,1.22536219753266,0.00841781570130674,0.0380149839311643,0,1.09982793936299,0,"CV_done",TRUE,810,TRUE
1000,"gauss_indep",381,TRUE,328,NA,NA,0.0312923262409628,0.156268795927646,NA,NA,0,-1.2491471498717,1.46895709798602,1.2708005541911,0.00471751472713453,0.0265027137675727,0,3.58259105768469,0,"CV_done",TRUE,712,TRUE
1000,"gauss_indep",382,TRUE,328,NA,NA,0.0431435166744741,0.1748659895488,NA,NA,0,-1.53728512852655,1.32073333926683,1.25017536407509,0.00818516989487565,0.0404086978892058,0,1.9634047588982,0,"CV_done",TRUE,588,FALSE
1000,"gauss_indep",383,TRUE,336,NA,NA,0.0604477030378045,0.246964690995223,NA,NA,0,-0.798439332926347,1.56179938868919,1.00354357399618,0.0116904023033963,0.0941506183950979,0,1.86843783972716,0,"CV_done",TRUE,732,FALSE
1000,"gauss_indep",384,TRUE,274,NA,NA,0.0246434262695056,0.231943187601521,NA,NA,0,0.0745410957117757,1.46268568718876,1.09528844725376,0.00772729065209558,0.0715624903768837,0,1.89001916402744,0,"CV_done",TRUE,797,FALSE
1000,"gauss_indep",385,TRUE,210,NA,NA,0.0156476617079064,0.185223502041625,NA,NA,0,0.321316538053327,1.45475644129501,1.04074737405036,0.00512975432989024,0.0407879611745726,0,1.81114815390772,0,"CV_done",TRUE,765,FALSE
1000,"gauss_cor",206,TRUE,415,NA,NA,0.00400673304377356,0.0725176745803709,NA,NA,0,-0.0930290258163743,1.22313020773385,0.921767070755427,0.00223821672938502,0.098340998482321,-0.781090694627798,1.33225553925942,0,"CV_done",TRUE,1569,FALSE
1000,"gauss_cor",207,TRUE,472,NA,NA,0.00410043581292742,0.0797234849214211,NA,NA,0,-0.0505439351895231,1.18912319856064,0.644094504076768,0.00225362474754585,0.0992434234934275,-0.734254496877337,1.32643560157054,0,"CV_done",TRUE,1619,FALSE
1000,"gauss_cor",209,TRUE,451,NA,NA,0.00629675769258627,0.0910675244065115,NA,NA,0,0.0211349268291193,0.793305026752261,0.623627717997458,0.002159476901789,0.0896501934345896,-0.573233687901327,1.23928622332988,0,"CV_done",TRUE,1566,FALSE
1000,"gauss_cor",210,TRUE,237,NA,NA,0.0200000298527435,0.0970373004796153,NA,NA,0,0.220336465207968,0.431105862803935,0.464431008929933,0.00195535902530262,0.0938997398647848,-0.517999087705613,1.32341387651309,0,"CV_done",TRUE,921,FALSE
1000,"gauss_cor",215,TRUE,233,NA,NA,0.0230395357083726,0.0666019250983902,NA,NA,0,0.364061059913507,1.24932462534434,1.08721906044432,0.0145716034821152,0.0287489632834005,-0.224007056066165,1.27920233153635,0,"CV_done",TRUE,950,FALSE
1000,"gauss_cor",218,TRUE,364,NA,NA,0.0159909334425641,0.0363406807232995,NA,NA,0,-0.11579933861308,1.52335522125057,1.0349939913996,0.0116959058610625,0.0212598792684752,-0.45193569384316,1.25376490658356,0,"CV_done",TRUE,1127,FALSE
1000,"gauss_cor",219,TRUE,266,NA,NA,0.0139758497402353,0.0333238807806161,NA,NA,0,-0.280514838029196,0.811255939371035,1.16786323165389,0.0100679238496752,0.0184104466471139,-0.622933992777965,1.39476610702497,0,"CV_done",TRUE,717,FALSE
1000,"gauss_cor",223,TRUE,164,NA,NA,0.0303835729684269,0.262089550767672,NA,NA,0,1.06651032360571,0.927303680487476,1.13701503553168,0.0204420272496054,0.1807469126781,0.590821904996079,1.20350443867622,0,"CV_done",TRUE,583,FALSE
1000,"gauss_cor",224,TRUE,255,NA,NA,0.0300632101074358,0.23300325459142,NA,NA,0,0.87472460940209,0.897232749538227,1.31974974053968,0.0148630011894352,0.145129013853166,0.591343620893751,1.23800518150683,0,"CV_done",TRUE,895,FALSE
1000,"gauss_cor",225,TRUE,311,NA,NA,0.0276332594280225,0.260101559004286,NA,NA,0,0.831199045792003,1.03627922024694,1.01993193617834,0.012129646773751,0.111100656828829,0.601360715024422,1.26742464293484,0,"CV_done",TRUE,998,FALSE
1000,"gauss_cor",227,TRUE,363,NA,NA,0.0197787874687849,0.19001339702518,NA,NA,0,1.23651481031797,1.37047155121853,0.743169036195295,0.00812862911762658,0.0950523490585141,0.676670043796942,1.23499081651922,0,"CV_done",TRUE,1381,FALSE
1000,"gauss_cor",228,TRUE,338,NA,NA,0.0200272797996549,0.173595820216663,NA,NA,0,1.02836442680115,1.15249007155775,0.877049030204389,0.00833959283014545,0.101739362002586,0.676756927184432,1.2353226738975,0,"CV_done",TRUE,1194,FALSE
1000,"gauss_cor",229,TRUE,293,NA,NA,0.0194857345919244,0.152921076294497,NA,NA,0,1.05733324789659,1.40056210377055,1.75113862030143,0.00543552355696025,0.0927332274868554,0.346463315007188,1.31690670111665,0,"CV_done",TRUE,925,FALSE
1000,"gauss_cor",230,TRUE,122,NA,NA,0.00825409009957488,0.114600235553655,NA,NA,0,0.0688799500666827,1.55650172331671,3.3795376575216,0.00311751130513035,0.0917746869615235,0.175089387371373,1.27526397116482,0,"CV_done",TRUE,413,FALSE
1000,"gauss_cor",233,TRUE,204,NA,NA,0.00937406514628269,0.137626177589214,NA,NA,0,-0.269690473498011,1.21786864710867,1.18013633201992,0.00465958201751377,0.0818860567828512,-0.802671427366171,1.1978774230127,0,"CV_done",TRUE,922,FALSE
1000,"gauss_cor",234,TRUE,485,NA,NA,0.00897412559457071,0.121133201184417,NA,NA,0,-0.148714381890616,1.23782948931334,1.21024203746305,0.00482689493785826,0.0873389432292841,-0.729253567251775,1.20542290187544,0,"CV_done",TRUE,1617,FALSE
1000,"gauss_cor",235,TRUE,459,NA,NA,0.00833792817318153,0.107641676471372,NA,NA,0,-0.221182091172435,1.2442047246589,1.09189935032672,0.00466046631693756,0.0851321184521697,-0.637346027470759,1.20021460457808,0,"CV_done",TRUE,1702,FALSE
1000,"gauss_cor",236,TRUE,301,NA,NA,0.00848341629360258,0.110628004992878,NA,NA,0,-0.336801942284715,1.4504319532111,1.25752156719486,0.00454868698701463,0.0795589057776587,-0.5359061602118,1.32380766587401,0,"CV_done",TRUE,1536,FALSE
1000,"gauss_cor",238,TRUE,429,NA,NA,0.00603302808474585,0.081335603358913,NA,NA,0,0.236496519226618,1.32707733655267,1.23990845186448,0.00352607519176,0.0825942041739225,-0.633984503544286,1.32200810853806,0,"CV_done",TRUE,1526,FALSE
1000,"gauss_cor",239,TRUE,307,NA,NA,0.00625082372616851,0.0814151944738998,NA,NA,0,-0.326646171205961,1.38093049265204,0.827818462856778,0.00275734686560873,0.0851125407812953,-0.641558971448606,1.31807740641413,0,"CV_done",TRUE,1523,FALSE
1000,"gauss_cor",240,TRUE,390,NA,NA,0.00556246374338879,0.0768069490860679,NA,NA,0,-0.000546077127442196,1.13271424264551,0.873983615186273,0.00231643285950069,0.0862326051939449,-0.723282200502791,1.24331158057683,0,"CV_done",TRUE,1368,FALSE
1000,"gauss_cor",241,TRUE,356,NA,NA,0.00516458194958827,0.0983413607160683,NA,NA,0,-0.191428655117148,1.07557372716231,1.99283940874442,0.00212285072680022,0.0745700398299903,-0.719917167715612,1.31709251585658,0,"CV_done",TRUE,1389,FALSE
1000,"gauss_cor",242,TRUE,267,NA,NA,0.00476975798141784,0.0988002776191061,NA,NA,0,-0.258397344607706,1.19786054875771,1.77129513875809,0.00215155844546804,0.0730411834594063,-0.667185423007696,1.20031130913783,0,"CV_done",TRUE,1379,FALSE
1000,"gauss_cor",243,TRUE,274,NA,NA,0.00423109308330124,0.0937067161778179,NA,NA,0,-0.102389722820648,1.3786145165911,1.36791688587246,0.00212573096369993,0.0733388536618737,-0.68917863635219,1.253574688625,0,"CV_done",TRUE,1395,FALSE
1000,"gauss_cor",244,TRUE,355,NA,NA,0.00479068282588972,0.0951990986199506,NA,NA,0,0.0878842248970896,1.49112586806025,0.865148110978791,0.0019907870349004,0.0758748592887821,-0.668905744855962,1.2504540344576,0,"CV_done",TRUE,1436,FALSE
1000,"gauss_cor",245,TRUE,375,NA,NA,0.00659098267356462,0.114109944275141,NA,NA,0,-0.129076195307056,1.03839634371288,0.913274752910434,0.00181914336384526,0.0683660806921379,-0.532641921190452,1.19266609750964,0,"CV_done",TRUE,1314,FALSE
1000,"gauss_cor",246,TRUE,177,NA,NA,0.008317357598513,0.132967445444905,NA,NA,0,-0.133605110412348,0.716207833039677,1.46227527736099,0.0018559797439158,0.0543848188491126,-0.469834559315353,1.20054514848248,0,"CV_done",TRUE,679,FALSE
1000,"gauss_cor",250,TRUE,117,NA,NA,0.0263426302380499,0.086858260413167,NA,NA,0,-0.106095024500398,1.23446260866439,1.83190105499231,0.0108532228465481,0.0200115121279894,-0.20095632776901,1.20036672787258,0,"CV_done",TRUE,655,FALSE
1000,"gauss_cor",251,TRUE,362,NA,NA,0.0197206258118968,0.0606351032277741,NA,NA,0,0.191050334952434,1.16497409991585,1.46964356538738,0.0111930139043488,0.0215785112392116,-0.298104873759601,1.18273451352285,0,"CV_done",TRUE,1228,FALSE
1000,"gauss_cor",252,TRUE,300,NA,NA,0.0183537736618466,0.0520025835091785,NA,NA,0,0.0217176200308445,1.90992274818721,1.08327663481754,0.0112654909809432,0.0236623620735124,-0.492883804356609,1.18687006393517,0,"CV_done",TRUE,1307,FALSE
1000,"gauss_cor",254,TRUE,352,NA,NA,0.0120703350273076,0.0457469690917478,NA,NA,0,-0.170053511116256,1.01174060684132,1.29164107099935,0.00878888425742083,0.0252120096176884,-0.71083967696845,1.30329184210963,0,"CV_done",TRUE,1060,FALSE
1000,"gauss_cor",257,TRUE,126,NA,NA,0.0544347104863499,0.680287377657162,NA,NA,0,0.790449101791046,0.871844824669994,1.2080378937676,0.0363100923258465,0.247415578876427,0.826288068295012,1.22491198213564,0,"CV_done",TRUE,359,FALSE
1000,"gauss_cor",258,TRUE,146,NA,NA,0.0407609005144306,0.525317835631999,NA,NA,0,0.924204635229481,1.04694983431012,1.04527794713052,0.0227156744844119,0.20192072362883,0.659807848804202,1.27351385933933,0,"CV_done",TRUE,858,FALSE
1000,"gauss_cor",259,TRUE,259,NA,NA,0.0289689445435935,0.397178403818274,NA,NA,0,1.07444360291147,1.54197465205762,1.01324581901386,0.0105063530803035,0.143111078384723,0.41097897668385,1.28344012942303,0,"CV_done",TRUE,1047,FALSE
1000,"gauss_cor",260,TRUE,240,NA,NA,0.0239293144875196,0.296983364212121,NA,NA,0,0.66572003163896,1.2949581095422,0.900988063463441,0.00791684536649055,0.110488493791608,0.30264317179519,1.27311443062016,0,"CV_done",TRUE,1040,FALSE
1000,"gauss_cor",262,TRUE,298,NA,NA,0.021807480336612,0.223254640307678,NA,NA,0,0.258381358978935,1.15940812598036,1.25420731693452,0.00772712326484752,0.0794033799050169,0.29732316885817,19.226177988251,0,"CV_done",TRUE,1161,TRUE
1000,"gauss_cor",263,TRUE,376,NA,NA,0.02275502021019,0.191721760087051,NA,NA,0,0.228891858441217,1.18470446441114,1.24131666012039,0.00742291778261349,0.0864189331498763,0.274283009606305,22.2229532075591,0,"CV_done",TRUE,1408,TRUE
1000,"gauss_cor",264,TRUE,321,NA,NA,0.0217698631057781,0.172427086178944,NA,NA,0,0.26462614617965,1.31620032841504,1.50989073440105,0.00607463577789808,0.0850571205811739,0.205995038674003,1.27811591925996,0,"CV_done",TRUE,1007,FALSE
1000,"gauss_cor",268,TRUE,319,NA,NA,0.0116233747619259,0.182229678631255,NA,NA,0,-0.188167456642846,1.34915734442436,1.31456279367706,0.00528345399612283,0.0917335298657257,-0.739683940171551,1.29375743774628,0,"CV_done",TRUE,1141,FALSE
1000,"gauss_cor",269,TRUE,328,NA,NA,0.0130224235821409,0.158100028793873,NA,NA,0,-0.147095615599242,1.25933081163788,1.27677423362551,0.0061936756014883,0.0948789755137779,-0.636315672927495,1.27731833132329,0,"CV_done",TRUE,1442,FALSE
1000,"gauss_cor",271,TRUE,364,NA,NA,0.0112483106581525,0.132173886560474,NA,NA,0,-0.26247077458362,1.6872657974517,1.39846457075752,0.00569646120537858,0.0731076656579557,-0.488589113936759,1.26368022300027,0,"CV_done",TRUE,1174,FALSE
1000,"gauss_cor",272,TRUE,344,NA,NA,0.00952125093439536,0.0936588711127284,NA,NA,0,-0.0917226740166768,1.7735765541925,1.48238595988692,0.00443706130713299,0.0667810443376814,-0.591626873978154,1.2776446470701,0,"CV_done",TRUE,1178,FALSE
1000,"gauss_cor",273,TRUE,246,NA,NA,0.00822404757839112,0.0903951377448133,NA,NA,0,0.0280074983422272,1.38407123373534,1.38095245561674,0.00425687335168831,0.0705392274250956,-0.705233234184112,1.28298341623335,0,"CV_done",TRUE,1016,FALSE
1000,"gauss_cor",274,TRUE,180,NA,NA,0.00861696590727701,0.0929159336057683,NA,NA,0,-0.127822504205077,1.2089372500472,1.2367302254722,0.00400284049672039,0.0653865988755202,-0.674142679279251,1.27058555037335,0,"CV_done",TRUE,848,FALSE
1000,"gauss_cor",275,TRUE,209,NA,NA,0.00896051262142116,0.0797624048352407,NA,NA,0,0.0618755821695647,1.16264544430943,1.2263888879314,0.00363684408563777,0.0505782639366499,-0.676856611454242,1.27407560661435,0,"CV_done",TRUE,919,FALSE
1000,"gauss_cor",276,TRUE,249,NA,NA,0.00888739368296471,0.0813719338031959,NA,NA,0,-0.113250415853525,1.34999512323068,1.48674733481279,0.00345663067330779,0.0408383699438059,-0.654277820166703,1.32728834093445,0,"CV_done",TRUE,923,FALSE
1000,"gauss_cor",277,TRUE,315,NA,NA,0.00827522810874947,0.086000753205439,NA,NA,0,0.109004651345732,1.56911032214077,1.76051905826561,0.00400083123909228,0.0393884199833238,-0.547663624992567,1.30144553884588,0,"CV_done",TRUE,994,TRUE
1000,"gauss_cor",278,TRUE,287,NA,NA,0.00782830762872434,0.101680098470141,NA,NA,0,-0.0221791953969593,1.40184693018919,1.44074343538975,0.00361783873616386,0.0429471159960843,-0.554314840709546,1.28044252783888,0,"CV_done",TRUE,1224,FALSE
1000,"gauss_cor",279,TRUE,292,NA,NA,0.00830711006048215,0.114017360162668,NA,NA,0,-0.106067829755873,1.03000484388292,1.30589688757699,0.00294893137783351,0.046200009439935,-0.51855047435018,1.26165951591675,0,"CV_done",TRUE,1131,FALSE
1000,"gauss_cor",280,TRUE,124,NA,NA,0.00945247012571779,0.123056593383628,NA,NA,0,-0.395320931378019,0.934131097558905,1.31430687381692,0.00289027894241292,0.0474540431749047,-0.334324159631311,1.30126721123302,0,"CV_done",TRUE,506,FALSE
1000,"gauss_cor",283,TRUE,154,NA,NA,0.0235935266908875,0.115833720982205,NA,NA,0,-0.364870547579026,1.37122565808861,1.49084005746641,0.00849876142439567,0.0566787653616004,-0.175166441169644,1.19334294230574,0,"CV_done",TRUE,743,FALSE
1000,"gauss_cor",284,TRUE,436,NA,NA,0.0192490846606727,0.0919396803165932,NA,NA,0,-0.120837919861533,1.45655475813229,1.49869792446506,0.00784438401117228,0.0376240813532042,-0.450873246210656,1.66810086600758,0,"CV_done",TRUE,1460,FALSE
1000,"gauss_cor",285,TRUE,250,NA,NA,0.0146958972680457,0.0976059515036483,NA,NA,0,-0.22315454387662,1.14681468925216,1.00860274945044,0.00790142914514786,0.0359137440199356,-0.497913127533204,1.38832361687113,0,"CV_done",TRUE,1340,FALSE
1000,"gauss_cor",286,TRUE,319,NA,NA,0.0146098013573697,0.107156278348559,NA,NA,0,-0.3965814647178,0.933874488557964,0.922002508295793,0.00794212088616841,0.0365978002851254,-0.603194784234179,1.28148481218351,0,"CV_done",TRUE,1210,FALSE
1000,"gauss_cor",292,TRUE,284,NA,NA,0.0433130892499089,0.605529865647645,NA,NA,0,1.98380421179209,1.0205648029884,1.10298430162205,0.0216926070908882,0.26410364021378,0.900659028808232,1.32370977283904,0,"CV_done",TRUE,1053,FALSE
1000,"gauss_cor",293,TRUE,260,NA,NA,0.0329490989419882,0.467667990146843,NA,NA,0,1.31803845842205,1.16027609570463,1.07511629300328,0.00805550054049251,0.127842232184405,0.43773381901233,1.30476836250336,0,"CV_done",TRUE,1062,FALSE
1000,"gauss_cor",294,TRUE,284,NA,NA,0.0221757862182758,0.38187030997041,NA,NA,0,0.125127654609765,1.35509196140046,1.0944248025925,0.00799445609589858,0.111642467048912,0.475188578552169,1.29828190463837,0,"CV_done",TRUE,1104,FALSE
1000,"gauss_cor",295,TRUE,354,NA,NA,0.028192959941188,0.409292124924737,NA,NA,0,-0.0594301956474899,1.44853027628253,1.17323277511588,0.00903178091219529,0.112740924060246,0.25001636514598,1.30419951004011,0,"CV_done",TRUE,1316,FALSE
1000,"gauss_cor",296,TRUE,364,NA,NA,0.0290363149558396,0.475361362445533,NA,NA,0,-0.0398123541274166,1.24925681060297,1.37168275396496,0.011601740562357,0.117707174715687,0.0517546309536347,1.27918017910586,0,"CV_done",TRUE,1337,FALSE
1000,"gauss_cor",300,TRUE,210,NA,NA,0.0134022746119505,0.438613782391596,NA,NA,0,-0.187198818816559,1.91857015764147,1.50801869588977,0.00587438849700218,0.164307050965944,0.204135716382457,1.49123336490658,0,"CV_done",TRUE,728,FALSE
1000,"gauss_cor",301,TRUE,257,NA,NA,0.014960604558316,0.311418825889023,NA,NA,0,0.138170626960868,1.17511441876853,1.46033230143171,0.00691553831391408,0.128961690567917,-0.058213958390761,1.2991490639829,0,"CV_done",TRUE,1099,FALSE
1000,"gauss_cor",302,TRUE,261,NA,NA,0.0173956102746649,0.207495507334348,NA,NA,0,-0.170674089090894,1.06723273840282,1.44433107691624,0.00797257548415733,0.108324996150864,0.146074195286204,1.32317108779594,0,"CV_done",TRUE,983,FALSE
1000,"gauss_cor",303,TRUE,229,NA,NA,0.0125160425697359,0.175812052861584,NA,NA,0,0.107231091418106,1.17451641961265,1.16555581783149,0.00599169289294248,0.0803269950070874,-0.230342049935878,1.29227039123575,0,"CV_done",TRUE,1087,FALSE
1000,"gauss_cor",304,TRUE,286,NA,NA,0.00989732256262901,0.134166072002519,NA,NA,0,0.0773353975755419,1.29677723394052,1.03918136354524,0.00382852700381579,0.069933691686516,-0.425978100159998,1.29827338344797,0,"CV_done",TRUE,981,FALSE
1000,"gauss_cor",305,TRUE,147,NA,NA,0.00894976426951812,0.121677734447684,NA,NA,0,-0.209061878590745,1.17926050262605,1.57097598473616,0.00425572205713289,0.0653835652173647,-0.566370928206976,1.39586003586374,0,"CV_done",TRUE,797,FALSE
1000,"gauss_cor",306,TRUE,161,NA,NA,0.00872245050508239,0.118152383051059,NA,NA,0,-0.205704070879992,0.744515973314958,1.22212979366235,0.00455274689305408,0.063554778483743,-0.718779613749723,1.23364329154017,0,"CV_done",TRUE,733,FALSE
1000,"gauss_cor",308,TRUE,242,NA,NA,0.0106494453094184,0.102881062083414,NA,NA,0,-0.557073271787748,1.52472958416212,1.16473273171595,0.00448049997663683,0.0364360396090292,-0.62645999848376,1.30072369753487,0,"CV_done",TRUE,834,FALSE
1000,"gauss_cor",309,TRUE,242,NA,NA,0.0112777912799602,0.0937191130730579,NA,NA,0,-0.213223476864222,1.80681212381225,1.46127461466584,0.00437956465108449,0.030647012437929,-0.644557191718766,1.37885103053517,0,"CV_done",TRUE,913,FALSE
1000,"gauss_cor",310,TRUE,240,NA,NA,0.010973737164439,0.0945611271089342,NA,NA,0,0.00603184877998246,1.65075317850034,1.33927431512667,0.00453917252439188,0.0385579539765893,-0.593135138489163,1.26763422259026,0,"CV_done",TRUE,954,FALSE
1000,"gauss_cor",311,TRUE,269,NA,NA,0.0115714428670666,0.0999964152002879,NA,NA,0,-0.0833952076383461,1.76387399130609,1.46259901332747,0.00438438117857344,0.0384119782536404,-0.552416478321223,1.30113068497567,0,"CV_done",TRUE,822,FALSE
1000,"gauss_cor",314,TRUE,402,NA,NA,0.0337753569725488,0.286735341613293,NA,NA,0,-0.45958339779497,1.21356233053864,1.84058981732345,0.0132829588021779,0.0961497514265006,-0.0951186501182818,1.24622813370217,0,"CV_done",TRUE,1053,FALSE
1000,"gauss_cor",315,TRUE,448,NA,NA,0.0218290566080166,0.16690725690005,NA,NA,0,-0.275022366287047,1.187871337095,1.2701046886238,0.00728327774391668,0.0590089549012425,-0.119473774303707,10.978607837028,0,"CV_done",TRUE,1608,TRUE
1000,"gauss_cor",316,TRUE,404,NA,NA,0.0174446414238021,0.161091920893612,NA,NA,0,-0.139615624592627,1.34003868204668,1.29577589483588,0.00746541286944086,0.0562374453657679,-0.0832654887701372,1.26425203864773,0,"CV_done",TRUE,1517,FALSE
1000,"gauss_cor",317,TRUE,474,NA,NA,0.0188800020805011,0.186289653724852,NA,NA,0,-0.206284489783012,1.32805735818106,1.33302074920617,0.00818593117046705,0.0564777600997983,-0.251884003661356,1.3095245174291,0,"CV_done",TRUE,1389,FALSE
1000,"gauss_cor",318,TRUE,476,NA,NA,0.0307698037436686,0.229520799945532,NA,NA,0,-0.34263406402787,1.52244345055255,1.3039671565175,0.0138864692490474,0.130166020658877,0.441790490098336,1.24982580641354,0,"CV_done",TRUE,1862,FALSE
1000,"gauss_cor",319,TRUE,384,NA,NA,0.0426674219299568,0.446532137766788,NA,NA,0,-0.236862138996585,1.70711295300531,0.828445033738763,0.0204459755942707,0.192865827307907,0.45098785976283,1.27764381126949,0,"CV_done",TRUE,1260,FALSE
1000,"gauss_cor",321,TRUE,427,NA,NA,0.0593867348962695,0.74890554704722,NA,NA,0,0.878551686380792,1.09987254357428,1.01764002740038,0.0222817724249967,0.209894110572763,0.684139926636571,1.64211692626002,0,"CV_done",TRUE,1328,FALSE
1000,"gauss_cor",324,TRUE,367,NA,NA,0.0398548443488328,0.460415115247276,NA,NA,0,0.090426731816477,1.28641093014234,1.08208821196707,0.0125150694753975,0.147529624234099,0.212402732494228,1.74307314504076,0,"CV_done",TRUE,1140,FALSE
1000,"gauss_cor",325,TRUE,355,NA,NA,0.0356037529990764,0.467704876856136,NA,NA,0,-0.270280753641977,1.25901072436597,1.13165274447538,0.00869659586660291,0.124641328736476,0.261159351933872,1.5728532054634,0,"CV_done",TRUE,1264,FALSE
1000,"gauss_cor",326,TRUE,475,NA,NA,0.0379242982763599,0.559026030591262,NA,NA,0,0.00669505989042904,1.05238577693451,1.31197640969387,0.0105115755509987,0.122756623245064,0.157044298514617,1.62316728019604,0,"CV_done",TRUE,1440,FALSE
1000,"gauss_cor",327,TRUE,453,NA,NA,0.0316894969473632,0.541654837481644,NA,NA,0,0.238975994939077,0.879112066436697,1.38097625055478,0.00897606824721074,0.106357254643968,0.0791333504957707,1.66019105461461,0,"CV_done",TRUE,1273,FALSE
1000,"gauss_cor",328,TRUE,513,NA,NA,0.0250239247664028,0.526953005068053,NA,NA,0,0.402704585928309,1.04266621996357,1.10829497038467,0.00837449864378006,0.127158585887801,0.404809974399406,1.67580102913358,0,"CV_done",TRUE,1187,FALSE
1000,"gauss_cor",329,TRUE,319,NA,NA,0.0206790677236075,0.587647100834101,NA,NA,0,0.485906458710622,1.10850058092263,1.51789132088182,0.0127245426070167,0.172762149134527,0.270307446264595,1.63983044749885,0,"CV_done",TRUE,1224,FALSE
1000,"gauss_cor",330,TRUE,499,NA,NA,0.0182223514870037,0.43945871564669,NA,NA,0,0.14953105722031,1.23065012131881,1.58298890439831,0.00939867712892588,0.163046694337366,0.506568952854318,1.89466385274574,0,"CV_done",TRUE,1262,FALSE
1000,"gauss_cor",331,TRUE,119,NA,NA,0.0247707359403632,0.338514449768741,NA,NA,0,0.153985515002039,0.983229274990981,1.16058685892577,0.00847700107085865,0.151349814015437,0.34659890934872,1.3383681236511,0,"CV_done",TRUE,833,FALSE
1000,"gauss_cor",332,TRUE,349,NA,NA,0.0226398973152564,0.370136696004345,NA,NA,0,0.191422962577052,1.50744524448194,1.37875973250144,0.00652920086698483,0.0897863998015185,0.0962482733252698,1.36025089861066,0,"CV_done",TRUE,1167,FALSE
1000,"gauss_cor",333,TRUE,399,NA,NA,0.0136625728785761,0.29869081579502,NA,NA,0,0.394534645805619,2.63557019802687,1.01622267280817,0.00325746697611517,0.0669651849031546,-0.279982206737551,1.88881465742434,0,"CV_done",TRUE,1294,FALSE
1000,"gauss_cor",334,TRUE,347,NA,NA,0.00894833868857591,0.193075805839813,NA,NA,0,-0.0283523839451265,1.61127434799503,1.23155973425107,0.00167158245578101,0.0586951524457566,-0.297846118833171,1.33724065500001,0,"CV_done",TRUE,1090,FALSE
1000,"gauss_cor",335,TRUE,293,NA,NA,0.00971114430451128,0.178638661244987,NA,NA,0,-0.307065586133678,1.86946063553935,1.17145857081024,0.00186460083660007,0.0588636289227029,-0.669791818808597,1.42485704650482,0,"CV_done",TRUE,889,FALSE
1000,"gauss_cor",336,TRUE,170,NA,NA,0.00925362429410363,0.171291609726714,NA,NA,0,-0.846449417344146,0.818027104833013,0.826213870396514,0.00307912722421668,0.0519529127644097,-0.646397635504846,1.48308968791531,0,"CV_done",TRUE,759,FALSE
1000,"gauss_cor",337,TRUE,298,NA,NA,0.0119000384859616,0.140678659992156,NA,NA,0,-0.751466797248022,1.52643405567858,1.1784327501801,0.00313820194254951,0.035091255586464,-0.652837758678252,1.41008455475447,0,"CV_done",TRUE,957,FALSE
1000,"gauss_cor",338,TRUE,339,NA,NA,0.0152585979882267,0.10372676358913,NA,NA,0,-0.679215638467176,1.74735651022945,1.5600133609021,0.00331000439756781,0.0289732138089768,-0.738976287096273,5.98310631665919,0,"CV_done",TRUE,1011,TRUE
1000,"gauss_cor",339,TRUE,304,NA,NA,0.0145166022051707,0.0984211478039338,NA,NA,0,-0.41122625708887,1.96116517422524,1.74525118264465,0.00468056938491072,0.0280834332514654,-0.846058774200608,50.9484339594841,0,"CV_done",TRUE,736,TRUE
1000,"gauss_cor",341,TRUE,329,NA,NA,0.0599760932781173,0.294338504545456,NA,NA,0,-1.01619401353008,1.06500893316667,1.78881450738521,0.0263070988330987,0.14528826817605,-0.331392661439308,1.35299085272407,0,"CV_done",TRUE,879,FALSE
1000,"gauss_cor",342,TRUE,415,NA,NA,0.0528477345140247,0.247969449363421,NA,NA,0,-0.906286919789566,1.15431826191913,1.29045804479551,0.017071994777135,0.111479350625284,-0.0938846670701504,1.35365719495272,0,"CV_done",TRUE,1660,FALSE
1000,"gauss_cor",343,TRUE,464,NA,NA,0.0399174181314048,0.161060626925044,NA,NA,0,-0.546218322011067,1.10440614217838,1.06749729719874,0.0140696105485758,0.0660740482364005,-0.0885729713996346,1.40787078996775,0,"CV_done",TRUE,1539,FALSE
1000,"gauss_cor",344,TRUE,248,NA,NA,0.0348688824806326,0.165055772130452,NA,NA,0,-0.382818230647676,0.932456378445192,1.10677372243538,0.00899467366767414,0.0624401402168706,-0.11509776346206,1.3754033210846,0,"CV_done",TRUE,1391,FALSE
1000,"gauss_cor",345,TRUE,444,NA,NA,0.0393837699083692,0.201218224274049,NA,NA,0,-0.25142139337597,1.1710205685775,1.30929125989948,0.0133084307850021,0.112459063573881,0.388092188225563,11.2160717886686,0,"CV_done",TRUE,1856,TRUE
1000,"gauss_cor",347,TRUE,389,NA,NA,0.0427687586440823,0.398523371179117,NA,NA,0,0.00317584174427421,1.20719747359309,1.03978240712704,0.0174046958638629,0.102567632107087,0.587556320302758,1.4559025235888,0,"CV_done",TRUE,1083,FALSE
1000,"gauss_cor",348,TRUE,391,NA,NA,0.0412975211626876,0.390582842428126,NA,NA,0,0.0271434403622462,1.17047860348867,0.943570227304884,0.0127405623957956,0.0683338129975977,0.0239325792936716,1.45649040377526,0,"CV_done",TRUE,1181,FALSE
1000,"gauss_cor",349,TRUE,340,NA,NA,0.0496989909530905,0.611553559356112,NA,NA,0,0.452025674567377,1.47140536643693,1.16282172672845,0.00898147110429975,0.0429026782643949,0.46178197652621,1.30590343986672,0,"CV_done",TRUE,1013,TRUE
1000,"gauss_cor",350,TRUE,318,NA,NA,0.044324798415146,0.481876693731065,NA,NA,0,0.0878402440557505,1.65787149619394,1.35000257268888,0.011485868066334,0.0972112666327508,0.00333109072535646,1.43776288804081,0,"CV_done",TRUE,1014,FALSE
1000,"gauss_cor",351,TRUE,294,NA,NA,0.0390506706485129,0.364026497725193,NA,NA,0,-0.324028566840697,1.46091623821754,1.00725336447761,0.0114211874971413,0.0784337334718654,-0.174123358834199,1.43988578890209,0,"CV_done",TRUE,1041,FALSE
1000,"gauss_cor",353,TRUE,360,NA,NA,0.0568868199633831,0.409369002484846,NA,NA,0,-0.0632998093192645,0.504494756986693,1.1286875385867,0.010703834575179,0.0949602867015799,0.286727494924403,1.44070646432815,0,"CV_done",TRUE,1326,FALSE
1000,"gauss_cor",354,TRUE,489,NA,NA,0.0402967359830217,0.474717988409982,NA,NA,0,-0.127943982207113,1.11637307220353,1.21892117205783,0.0111274698999008,0.143025117502434,0.510270791775019,1.43977176772224,0,"CV_done",TRUE,1581,FALSE
1000,"gauss_cor",355,TRUE,568,NA,NA,0.0455784832570324,0.467605357824513,NA,NA,0,-0.225698151156434,1.18089315274902,1.28659741743354,0.0153947547838933,0.151795164076683,0.240983636188209,2.06056059785187,0,"CV_done",TRUE,1583,FALSE
1000,"gauss_cor",356,TRUE,299,NA,NA,0.0515009201949808,0.336302785991759,NA,NA,0,-0.715722164083471,1.37765263178554,1.22955349257056,0.0165936694045328,0.124129840966287,-0.0464142445804186,2.06480460083595,0,"CV_done",TRUE,1233,FALSE
1000,"gauss_cor",357,TRUE,487,NA,NA,0.0344893159789999,0.383017444153326,NA,NA,0,-0.415822755538743,1.28669183584531,1.44531289983034,0.0135116187166465,0.0907197560406,-0.133513495455948,16.3332645163933,0,"CV_done",TRUE,1409,TRUE
1000,"gauss_cor",358,TRUE,444,NA,NA,0.0263086585702341,0.344666350464728,NA,NA,0,-0.331638018904142,1.279367770641,1.2900670460358,0.00502626112486867,0.0600322313555019,-0.0949585420968141,1.43690941837099,0,"CV_done",TRUE,1414,FALSE
1000,"gauss_cor",359,TRUE,327,NA,NA,0.0336944662869678,0.325791121468739,NA,NA,0,-0.476930247115279,0.976619694672062,1.34148020722,0.0108205952629689,0.0690754174233983,-0.455406770347263,1.42578036874257,0,"CV_done",TRUE,1089,FALSE
1000,"gauss_cor",360,TRUE,305,NA,NA,0.042025103799121,0.294334545099494,NA,NA,0,-0.829892617758474,1.50083061139576,1.24873133622577,0.00830467985256814,0.0596665217980196,-0.435815667531521,1.44199472415778,0,"CV_done",TRUE,944,FALSE
1000,"gauss_cor",361,TRUE,230,NA,NA,0.0329979111720075,0.200559464260684,NA,NA,0,-0.797035495834961,1.68756622462344,1.17302252331876,0.00193028760929109,0.0380002784744213,-0.702934322544159,1.44030104533666,0,"CV_done",TRUE,922,FALSE
1000,"gauss_cor",362,TRUE,261,NA,NA,0.0246668039450654,0.151102818864154,NA,NA,0,-0.922804190059672,1.4762051838949,1.38762560230888,0.0023232220442913,0.0318604093133439,-0.731826464695974,15.2463989708159,0,"CV_done",TRUE,948,TRUE
1000,"gauss_cor",363,TRUE,189,NA,NA,0.0279277356498512,0.157916478037842,NA,NA,0,-1.3744994326415,1.55489879535986,1.68872967848462,0.00423390563578977,0.0336754950844139,-0.523585238707736,1.41518670882616,0,"CV_done",TRUE,645,FALSE
1000,"gauss_cor",365,TRUE,363,NA,NA,0.0639405591065137,0.219167697257101,NA,NA,0,-1.0513915676202,1.1563807130044,1.01474128631507,0.0236701181707078,0.12143813558076,-0.496832136180404,1.43257486419545,0,"CV_done",TRUE,1200,FALSE
1000,"gauss_cor",366,TRUE,473,NA,NA,0.0485499092739861,0.204330168384925,NA,NA,0,-0.575795107555904,1.23481331356145,0.866800110613411,0.0171073926633241,0.0934500056615873,-0.267593186634156,1.52465908649895,0,"CV_done",TRUE,1392,FALSE
1000,"gauss_cor",367,TRUE,400,NA,NA,0.0361465557716689,0.159468626768255,NA,NA,0,-0.428867681841905,1.2210780622989,0.908842324602321,0.0116468244173506,0.0535604056932157,0.0408181809618809,1.69056906709241,0,"CV_done",TRUE,1189,FALSE
1000,"gauss_cor",368,TRUE,466,NA,NA,0.037062985009385,0.145157161815173,NA,NA,0,-0.433123356686259,1.07754220860381,0.97614838853297,0.00828097479942831,0.0442067224584031,0.0428937289280495,1.52835163472427,0,"CV_done",TRUE,1267,FALSE
1000,"gauss_cor",369,TRUE,449,NA,NA,0.0440663566240726,0.260881240448239,NA,NA,0,-0.105059566612529,1.45723210986519,1.01116485041097,0.0128503415888532,0.0823697104703611,0.199513880596747,1.5228047213869,0,"CV_done",TRUE,1197,FALSE
1000,"gauss_cor",370,TRUE,143,NA,NA,0.0264084624068291,0.215549842262768,NA,NA,0,-0.0691698417754888,0.95448482242063,1.24894191108407,0.00711460096622634,0.065271173241369,0.465846387692576,1.82183581186665,0,"CV_done",TRUE,443,FALSE
1000,"gauss_cor",372,TRUE,167,NA,NA,0.0276022869680577,0.174318034204593,NA,NA,0,-0.590660641271503,1.85577711353528,1.1884084138599,0.00561871290006405,0.0387521617405125,-0.12315073081628,1.7926804290298,0,"CV_done",TRUE,532,FALSE
1000,"gauss_cor",375,TRUE,399,NA,NA,0.0502699118233533,0.313916650704545,NA,NA,0,-0.77681374421417,1.39431659219789,0.87208168039912,0.00488094006884254,0.080150521269025,0.615451468105667,1.77492421349718,0,"CV_done",TRUE,1019,FALSE
1000,"gauss_cor",376,TRUE,402,NA,NA,0.0551941201121126,0.410214326483849,NA,NA,0,-0.772516475285164,1.2824803379131,1.09195486724838,0.0205471444572726,0.109762600528633,-0.133819538859986,1.80654726202013,0,"CV_done",TRUE,1033,FALSE
1000,"gauss_cor",377,TRUE,543,NA,NA,0.0444716335544213,0.317769076185848,NA,NA,0,-0.863781244877961,1.31277296829311,1.33368345742174,0.0181623657799909,0.0746984593247321,-0.393298229652343,1.28522500286224,0,"CV_done",TRUE,1197,TRUE
1000,"gauss_cor",378,TRUE,433,NA,NA,0.0315801578604452,0.346260879289748,NA,NA,0,-0.50911797424557,1.09015479559531,1.24248789178449,0.00523746027135839,0.0291710419127347,-0.348309642937167,1.77912164716257,0,"CV_done",TRUE,1077,FALSE
1000,"gauss_cor",379,TRUE,309,NA,NA,0.0457720818321003,0.356184387320787,NA,NA,0,-0.7325659084628,1.15168330145869,1.27054326138454,0.0119338417808422,0.0606219962384392,-0.41819821984639,1.86682739274093,0,"CV_done",TRUE,792,FALSE
1000,"gauss_cor",380,TRUE,357,NA,NA,0.0396388178080402,0.238610324190258,NA,NA,0,-1.10920084512226,1.41177055880464,1.14143870866261,0.00936672814445735,0.0494931140989414,-0.433836128638404,1.82127346687295,0,"CV_done",TRUE,810,FALSE
1000,"gauss_cor",381,TRUE,328,NA,NA,0.0302784905655449,0.157263354822519,NA,NA,0,-1.12956032597976,1.47946028259496,1.28303546697626,0.00544779003603045,0.031050145627897,-0.578736262711731,1.80313332024548,0,"CV_done",TRUE,712,FALSE
1000,"gauss_cor",382,TRUE,328,NA,NA,0.043171561725914,0.170191983887081,NA,NA,0,-1.54775076789107,1.40345433488812,1.17441770606577,0.00880069904793562,0.0480087044391771,-0.406640764834811,1.87405282748518,0,"CV_done",TRUE,588,FALSE
1000,"gauss_cor",383,TRUE,336,NA,NA,0.0614789711069551,0.255617825385759,NA,NA,0,-0.848505657550216,1.4778400235452,1.0390886750696,0.0114779239121216,0.0925959488328193,0.0707366265787492,1.86055107197828,0,"CV_done",TRUE,732,FALSE
1000,"gauss_cor",384,TRUE,274,NA,NA,0.0247545093531487,0.23540958029918,NA,NA,0,0.030639131474894,1.47061160891757,1.07206276253823,0.00764202415108741,0.0710108326403503,0.34005568234875,1.8764667493988,0,"CV_done",TRUE,797,FALSE
1000,"gauss_cor",385,TRUE,210,NA,NA,0.0154267474445927,0.185711444651079,NA,NA,0,0.246272178524686,1.38269660236623,1.08222581019427,0.0050255125362353,0.041164584805233,0.0212885920683143,1.80654757628286,0,"CV_done",TRUE,765,FALSE
1000,"nig_cor",354,TRUE,489,0.0305182512959266,0.0294927053117367,0.043167899779134,0.685815311320722,0.103633775214925,0.0713549969591377,0,-0.327868624197377,1.04691712124887,1.90842943392817,0.0119391080567576,0.100573536501986,0.317657114080539,5.19149284651986,0,"CV_not_done",TRUE,1581,FALSE
1000,"nig_cor",358,TRUE,444,0.0128471227375447,0.0117572520980116,0.0278275789031231,0.581052752413929,0.104315183438083,0.0463374476490461,0,-0.368893399666723,1.07509579878175,2.01440167995922,0.0034970572317093,0.048433037828775,0.0819695269594264,5.61358073929946,0,"CV_not_done",TRUE,1414,FALSE
1000,"nig_cor",359,TRUE,327,-0.0166321115991872,0.0107936687726156,0.050603233567763,0.496384572341835,0.0197670862994688,0.212142908159861,0,-0.340739052923842,1.4884103318389,2.47758333999875,0.00153973717239893,0.0255613387323042,0.0375425891579973,5.75776905229246,0,"CV_not_done",TRUE,1089,FALSE
1000,"nig_cor",45,TRUE,434,-0.140532416675779,0.0178090524062652,0.0350116887091591,0.15729324961277,0.3012273428198,0.141640199869651,0,-1.5334557269522,4.01144058730072,2.50624587629774,0.00492887518732636,0.016613753701883,-0.512169563075872,5.18659962640868,0,"CV_done",TRUE,1303,FALSE
1000,"nig_cor",70,TRUE,380,-0.0983987040819071,0.00551652529577957,0.0247470293587843,0.233417060126213,0.112688403532091,0.00865098683985053,0,-0.650475899480748,0.249334070520584,1.058988368343,0.0111552281378471,0.0411045999196069,-0.91752465151894,5.13079648931269,0,"CV_done",TRUE,1533,FALSE
1000,"nig_cor",81,TRUE,400,0.0963234513112358,0.10532736771981,0.0702010395767029,0.651937827822916,0.263731817372233,0.254418134528423,0,0.385170004172801,1.05197007476905,1.09050712283567,0.0265059770972798,0.175339138963459,0.703471991702746,5.22175003284381,0,"CV_done",TRUE,1505,FALSE
1000,"nig_indep",311,TRUE,269,-0.133470743062765,0.502602075821,0.0146102755793555,0.0997015699828881,0.681042260979116,1.30535672768195,0,-0.316344666654876,3.0447288761984,1.50016253417467,0.00370436852835715,0.0366557592234354,0,1.92286184178458,0,"CV_done",TRUE,822,TRUE
1000,"nig_indep",314,TRUE,402,0.0231530934660161,0.137358670192532,0.0380200285643174,0.323974920463739,0.19367732489711,0.363388094140045,0,-0.694183769271867,1.36297665621304,1.73071727210995,0.0101065044362742,0.073063608392107,0,2.64699446678162,0,"CV_done",TRUE,1053,TRUE
1000,"nig_indep",315,TRUE,448,-0.0383035989860459,0.247027787127211,0.0211418369360362,0.172817597884491,0.557712262398241,0.764436962775746,0,-0.350503316482832,1.18520185328624,1.39032010390736,0.00723355285737632,0.054327318258357,0,2.64907396064864,0,"CV_done",TRUE,1608,TRUE
1000,"nig_indep",316,TRUE,404,-0.1706763146309,0.38053758781067,0.0179846054659367,0.150765067643873,1.1315094937793,0.747460005627706,0,-0.0757713604060802,1.23805505033208,1.41293357721783,0.00736158324784673,0.0524785484948629,0,15.8356403485272,0,"CV_done",TRUE,1517,TRUE
1000,"nig_indep",317,TRUE,474,0.162263279737344,0.316145072532197,0.019468976263816,0.166052624843009,1.19103036050864,0.546609943190274,0,-0.180060353846755,1.23440791033902,1.38198431660375,0.00807520250571889,0.0525851801605364,0,1.88270082023409,0,"CV_done",TRUE,1389,TRUE
1000,"nig_indep",318,TRUE,476,0.0933627977786135,0.116210068469333,0.034667150807334,0.275320717370906,0.368145065915067,0.213360501366263,0,-0.11709714182797,1.93664579525291,1.92213101696615,0.0102376093799121,0.0791829061345474,0,3.00116456581487,0,"CV_done",TRUE,1862,TRUE
1000,"nig_indep",319,TRUE,384,0.0828422102724457,0.0563158451746071,0.0482369359035299,0.43397685112551,0.326938145215463,0.0689276557703604,0,-0.11149296481245,2.130347780658,1.24874685501425,0.0157435341353888,0.13694043480165,0,1.87047870874405,0,"CV_done",TRUE,1260,TRUE
1000,"nig_indep",320,TRUE,510,0.0171219469365877,-0.0980636383805918,0.0692443015783563,0.880766800224867,0.368467909393085,0.463936117495324,0,0.929966496357252,1.53849718382783,1.13852074135455,0.0230998622805126,0.198785160520914,0,4.45342483480771,0,"CV_done",TRUE,1064,TRUE
1000,"nig_indep",321,TRUE,427,0.068572399741987,-0.0441577839131491,0.065934032671357,0.815897446927681,0.323669036420123,0.377620207428281,0,1.08097620829951,1.18666437040989,1.00498220241092,0.0181114738657197,0.153600688733845,0,3.93204612108844,0,"CV_done",TRUE,1328,FALSE
1000,"nig_indep",323,TRUE,310,0.0827522097582728,0.0147493231816525,0.0662175230332542,0.895699138282051,0.177131222468105,0.378861558917271,0,1.30938193565955,1.18241440926591,1.20386578779844,0.0110356449335402,0.129207783549137,0,2.46526856601238,0,"CV_done",TRUE,1089,TRUE
1000,"nig_indep",324,TRUE,367,0.0946134170908757,0.163359179686101,0.0393205152884892,0.442173023005572,0.54485251996093,0.728819812170817,0,-0.0483744478791057,1.34210540930489,1.17153384214918,0.0109802670794216,0.140294046297344,0,2.02957725524902,0,"CV_done",TRUE,1140,TRUE
1000,"nig_indep",325,TRUE,355,0.126456212428997,0.0511336314403799,0.0372751947457272,0.471859419326981,0.281399824905271,0.57767395127685,0,-0.256505767101129,1.55542359022798,1.31060874306527,0.00631797419667259,0.102370307287627,0,3.04507860077752,0,"CV_done",TRUE,1264,TRUE
1000,"nig_indep",326,TRUE,475,0.282009334192649,0.033220215411801,0.0339925938085827,0.559213440795889,0.44824270448045,0.54074783763256,0,-0.0953900472869132,1.38752019356594,1.40894018403047,0.00900605855707605,0.102212557727265,0,6.40879107296467,0,"CV_done",TRUE,1440,TRUE
1000,"nig_indep",327,TRUE,453,0.110258206344849,-0.106853157985678,0.0307043039582957,0.565319786216941,0.287704760897272,0.422716335616393,0,0.304505274531909,0.781540260256895,1.43034476713025,0.00815253139205255,0.085764169498774,0,2.05659124016762,0,"CV_done",TRUE,1273,TRUE
1000,"nig_indep",328,TRUE,513,0.0574377380084589,-0.0746870437266752,0.0244920320945113,0.551052654185742,0.286522718173909,0.460029285655451,0,0.476590905680247,1.19308650569299,1.12482994909622,0.00709407550078457,0.115587303855645,0,2.09509579108821,0,"CV_done",TRUE,1187,TRUE
1000,"nig_indep",329,TRUE,319,0.126518452629762,-0.0373078119146625,0.0214648630155387,0.567676245062343,0.561844915183539,0.459354498613229,0,0.309914355211437,1.54991420663465,1.34342786063932,0.011025924195938,0.156440360778424,0,2.08081604745653,0,"CV_done",TRUE,1224,TRUE
1000,"nig_indep",330,TRUE,499,0.162925912003376,-0.0433116824099461,0.0176123948593483,0.49600012038192,0.54705480937155,0.606796604287662,0,0.181721729877343,0.626929430372295,2.32335883185438,0.00943989672665273,0.134887917913602,0,1.92809967325793,0,"CV_done",TRUE,1262,TRUE
1000,"nig_indep",331,TRUE,119,0.0717256891733508,0.0641602682724138,0.024508840241756,0.362409186246389,0.476331599470734,0.449356260901813,0,0.198568635094123,1.04402777313442,1.35002289908286,0.00782680492105235,0.131883170991311,0,4.13178475993099,0,"CV_done",TRUE,833,FALSE
1000,"nig_indep",332,TRUE,349,-0.00434548091849279,-0.00639708564098868,0.0261247560273669,0.403279156383945,0.168024235108414,0.204356402848723,0,0.201629591824276,1.65908991974455,1.37710017272841,0.00468272125354184,0.0780194148616534,0,1.73360137101401,0,"CV_done",TRUE,1167,TRUE
1000,"nig_indep",333,TRUE,399,0.00971324433086506,0.00195505314466783,0.015964903536566,0.297915672785655,0.0727433549217555,0.151098297284095,0,0.215702202404009,1.83661306006547,1.25260611771497,0.00170946316174941,0.0585385846194492,0,2.52855872680468,0,"CV_done",TRUE,1294,TRUE
1000,"nig_indep",334,TRUE,347,0.0654370296536578,0.119350742889293,0.00818655271385552,0.193210310415823,0.365012919863099,0.629646814812812,0,-0.147107863720166,1.22834094623686,1.13874793286728,0.00154589349899598,0.0573286787166106,0,2.10311050362057,0,"CV_done",TRUE,1090,TRUE
1000,"nig_indep",335,TRUE,293,-0.0447361548930964,0.0919591145911718,0.00916048275348214,0.198582140729233,0.531800875779405,0.372115706147143,0,-0.667578976170103,1.09557256435233,1.2721203958044,0.00171873960958618,0.0505486092904962,0,3.72843025863171,0,"CV_done",TRUE,889,TRUE
1000,"nig_indep",336,TRUE,170,-0.144753703904446,-0.00972036074041356,0.0185603909713492,0.158649667280048,0.46824641988121,0.850360679539066,0,-0.936007366189047,5.72512028502168,0.962479290570213,0.00225977299249071,0.0488147546995858,0,2.3062796826026,0,"CV_done",TRUE,759,TRUE
1000,"nig_indep",337,TRUE,298,0.0169873379989498,-0.0056504237705566,0.0346391639026151,0.134910241061584,0.0831277072186676,0.421959382605314,0,-0.300833778095483,0.125002137623906,1.25167016906881,0.00303792326189831,0.0318163009916102,0,2.15428278508838,0,"CV_done",TRUE,957,TRUE
1000,"nig_indep",338,TRUE,339,0.0127688702218362,-0.0223974083963259,0.0146255965076301,0.105375026832198,0.246027094703797,0.724470371687055,0,-0.743716692276211,0.81960185307278,1.73774493669178,0.00311702871860238,0.0265380438621921,0,15.1605826163292,0,"CV_done",TRUE,1011,TRUE
1000,"nig_indep",339,TRUE,304,0.0225654503821656,0.0283505610231896,0.0119377534852562,0.18796792174337,0.237538706159606,0.105079010251384,0,-0.611862663798541,0.753072000140838,2.35051068330197,0.00606696048913781,0.0238998276519,0,17.4699702946345,0,"CV_done",TRUE,736,TRUE
1000,"nig_indep",341,TRUE,329,-0.115860729397956,0.228500540661735,0.0603279993838407,0.341604042015572,0.460197649532858,0.377396347486099,0,-1.24003519580136,1.1868483306486,1.9438098630775,0.0221183791459396,0.087752545435273,0,2.08199286633068,0,"CV_done",TRUE,879,TRUE
1000,"nig_indep",342,TRUE,415,0.0438624019832661,0.128576033655541,0.0561180584430051,0.2633665724514,0.264127461873119,0.191743001599865,0,-0.770773057886003,1.24618821511182,1.5621548769961,0.0137250035164287,0.0764230944487264,0,2.08327362775803,0,"CV_done",TRUE,1660,TRUE
1000,"nig_indep",343,TRUE,464,0.0173790425943847,0.162961134199633,0.0495266169925259,0.174590695953904,0.141377328066733,0.350719761138032,0,-0.732258983976827,1.33546300611746,1.19473429248813,0.00858247835864077,0.0563681176844968,0,2.08010350167751,0,"CV_done",TRUE,1539,TRUE
1000,"nig_indep",344,TRUE,248,0.00350096430595791,0.221154414539469,0.0353728242583144,0.157689721919413,0.455968472057341,0.37005022848231,0,-0.522815649612404,1.01062632641759,1.17728935931948,0.00864276381316037,0.0576658204761787,0,4.16909848273904,0,"CV_done",TRUE,1391,FALSE
1000,"nig_indep",345,TRUE,444,0.206333383648968,0.106315071848975,0.0404265860149967,0.222236431676316,0.784174969633117,0.269695854720712,0,-0.249830073771918,1.3758490522803,1.66074567308818,0.0109855700753115,0.0690765212003177,0,2.08791569537587,0,"CV_done",TRUE,1856,TRUE
1000,"nig_indep",347,TRUE,389,-0.0372641081549686,-0.0217457050967925,0.0436912031485815,0.342565006050598,0.645599364880969,0.16595756105504,0,-0.0247927273171,1.21284398015669,1.19086370581815,0.0158186591156703,0.0898631526693999,0,14.5524222726954,0,"CV_done",TRUE,1083,TRUE
1000,"nig_indep",348,TRUE,391,-0.0773620156388394,-0.0452155329099245,0.0431917125806671,0.358032473135415,0.701365975280211,0.0620732705503922,0,-0.185638447106597,1.29268197089214,1.28914624899364,0.0104349747532201,0.035554199350932,0,2.49896987431579,0,"CV_done",TRUE,1181,TRUE
1000,"nig_indep",349,TRUE,340,0.00475353534513886,0.0143083603250419,0.054682384633345,0.749364807283875,0.0768751476903738,0.0349544141887768,0,0.563280658258937,1.47901370845529,1.03331248619684,0.0102400611528671,0.0152408456842821,0,4.41973784302396,0,"CV_done",TRUE,1013,FALSE
1000,"nig_indep",350,TRUE,318,0.0509711621743658,0.0404195128251773,0.0444290472815766,0.424454556660867,0.743713695236682,0.295158402164791,0,-0.183328000745501,1.86243177273161,1.64644069081311,0.00928032500064703,0.0713030569292264,0,2.23096525152524,0,"CV_done",TRUE,1014,TRUE
1000,"nig_indep",351,TRUE,294,-0.0172920946191781,0.00451787838209957,0.0406141240546103,0.354855308559462,0.666303525944813,0.15995121061653,0,-0.412310714763845,1.47245378427543,1.11156098622029,0.00958300941989447,0.0547825110376204,0,19.1956285774046,0,"CV_done",TRUE,1041,TRUE
1000,"nig_indep",353,TRUE,360,0.0993996184238757,-0.0259313726092235,0.0504489363212641,0.412564098365017,0.303898046095363,0.130186855897265,0,-0.0972208051299021,0.612444471019417,1.29365584546011,0.00905384012134111,0.0699383616347544,0,2.64012560023202,0,"CV_done",TRUE,1326,TRUE
1000,"nig_indep",354,TRUE,489,0.0387365239382945,0.052339963050015,0.0392711813941152,0.48956956295368,0.295475197704476,0.195008719529372,0,-0.143490136494311,1.15468215381373,1.27933303561017,0.0106050398344202,0.111077890987736,0,3.96504554861122,0,"CV_done",TRUE,1581,TRUE
1000,"nig_indep",356,TRUE,299,0.0808858619928236,0.117688566969258,0.0494027718726345,0.341611464727226,0.46575027327001,0.553118829127522,0,-0.660857804296835,1.30247863997342,1.47707222954442,0.0132030062267892,0.0970551424740041,0,2.20722337014145,0,"CV_done",TRUE,1233,TRUE
1000,"nig_indep",358,TRUE,444,0.0194084580770763,0.0197099697342026,0.0276176089440985,0.294177001903838,0.412428775013158,0.426313162902886,0,-0.269607822396436,2.20825185437283,1.33250709642896,0.00234823162941366,0.0524075815278804,0,14.3980850635635,0,"CV_done",TRUE,1414,TRUE
1000,"nig_indep",359,TRUE,327,-0.00921353477511947,0.0252322046887823,0.0480259211746742,0.432261277187042,0.0165126471284947,0.269426125410494,0,-0.844385043637136,1.01400539493713,1.40961570336061,0.00184505601978041,0.0531869958970996,0,4.36105579303647,0,"CV_done",TRUE,1089,FALSE
1000,"nig_indep",360,TRUE,305,0.00292761401852346,-0.145766266993494,0.0436050538762219,0.307044144494378,0.0727937302870009,0.531900186010327,0,-0.870545654152093,1.56117154823017,1.41179955792995,0.00164275340937725,0.0462635240151301,0,11.1727195511924,0,"CV_done",TRUE,944,TRUE
1000,"nig_indep",361,TRUE,230,0.0187274263726196,-0.0234094203839947,0.0353235893508187,0.235556221218726,0.0938280693506026,0.555435330286786,0,-1.03285707919477,0.703214028987828,1.13859598910512,0.00181245766579441,0.0371542854892805,0,5.23274740550253,0,"CV_done",TRUE,922,TRUE
1000,"nig_indep",362,TRUE,261,-0.0352088868665725,-0.0393055486482949,0.0291569237364043,0.147561070209965,0.195147050337193,0.740691759420509,0,-1.09842026950322,3.40197226446802,1.45384661792794,0.00197270567449131,0.0284162090896669,0,2.2290585473511,0,"CV_done",TRUE,948,TRUE
1000,"nig_indep",363,TRUE,189,0.0505872085959247,-0.163828350262802,0.0296829535121702,0.157559986245061,0.50809648248025,0.635544124105501,0,-1.44306059894614,1.76125910014445,1.6339071190377,0.00318266274428731,0.0265253802220725,0,2.15877719786432,0,"CV_done",TRUE,645,TRUE
1000,"nig_indep",365,TRUE,363,-0.098634059059009,0.0280895661399607,0.0730355801466923,0.282955131185535,0.347997200236779,0.127588341237855,0,-1.08398683514355,1.43489999706102,1.64279184199905,0.012736894438906,0.0500761542203286,0,2.15788487123119,0,"CV_done",TRUE,1200,TRUE
1000,"nig_indep",367,TRUE,400,-0.00819080852737059,-0.0186310036708279,0.0385402028877814,0.169360274034411,0.302296098288601,0.156976024573339,0,-0.49653080365441,0.861385104108883,1.02877980038784,0.0105476101863677,0.0455947107214611,0,4.46436984125111,0,"CV_done",TRUE,1189,FALSE
1000,"nig_indep",370,TRUE,143,0.0635726010896717,-0.126089432000877,0.0255539070689678,0.21589444395191,0.460703959145175,0.922879594608038,0,0.0159148163066935,1.79069417609157,1.19508072662689,0.00508497356290712,0.0639106244291077,0,1.9332399935634,0,"CV_done",TRUE,443,TRUE
1000,"nig_indep",372,TRUE,167,-0.0618984341317571,-0.151020474463078,0.0236776493946999,0.159134003321592,0.32611541223503,0.676419686065575,0,-0.525997512302196,1.95079723656301,1.17576860049796,0.00421415104761967,0.0350818626081613,0,3.22717282162772,0,"CV_done",TRUE,532,TRUE
1000,"nig_indep",373,TRUE,304,-0.01125855740831,-0.133799878614131,0.160882823995066,0.166541356484415,0.000131506649597104,0.672837530993959,0,-0.000115826455888627,0.465112864056258,1.20073967024307,0.0053745263434061,0.0407822745261262,0,5.48133346412745,0,"CV_done",TRUE,745,FALSE
1000,"nig_indep",379,TRUE,309,0.0256867159990475,-0.0195990933530898,0.0477596205940905,0.362732146747309,0.367280447464351,0.515779743072066,0,-0.720880565292311,1.2132771117608,1.27095284528669,0.00289130025493264,0.0394611441258295,0,7.51582551942931,0,"CV_done",TRUE,792,TRUE
1000,"nig_indep",380,TRUE,357,0.109281703931127,-0.0319589412471979,0.0407517518807212,0.231683748866743,0.517229002730137,0.229088102973698,0,-1.16282582079452,1.38178337171083,1.33769551430464,0.00551988085696694,0.0209851755655238,0,2.76967815498511,0,"CV_done",TRUE,810,TRUE
1000,"nig_indep",381,TRUE,328,0.0598794430348244,-0.0373197592296092,0.0315417774923997,0.14048155706069,0.577017675751144,0.411838719676996,0,-0.952928959369737,1.18734545457236,1.17162645019613,0.00384694817905401,0.0212871322804164,0,6.89159010450045,0,"CV_done",TRUE,712,TRUE
NA,"gauss_indep",113,FALSE,560,NA,NA,0.137472379991478,0.594158741753387,NA,NA,0,5.5900008538279,4.21987010536622,2.58442598160638,0.0311030053087519,0.127833879988938,0,1.38851511407506,3.4,"CV_done",TRUE,1711,FALSE
NA,"gauss_indep",322,FALSE,342,NA,NA,0.0646446611654434,0.816597829288919,NA,NA,0,1.89993832313514,1.43975388148378,1.3300431712815,0.0211433360398784,0.254553536580284,0,1.54053447504562,3.4,"CV_done",TRUE,1090,FALSE
NA,"gauss_cor",113,FALSE,560,NA,NA,0.0578006309999102,0.318870955693022,NA,NA,0,1.80932637882069,1.31550968352652,1.56870761597841,0.0508456074698947,0.222942017445124,0.932317502067373,1.39691787540913,3.56,"CV_done",TRUE,1711,FALSE
NA,"gauss_cor",322,FALSE,342,NA,NA,0.0547054032893369,0.77121396760969,NA,NA,0,1.05872834905709,1.02581477885357,1.42444640307512,0.0283403614500463,0.30756972005445,0.868962544206699,1.53672698301022,3.56,"CV_done",TRUE,1090,FALSE
NA,"nig_cor",113,FALSE,560,0.0134815793938119,-0.0049866998344723,17.1871919466574,88.5142461112233,2.16207179811769e-11,2.0535645953566e-08,0,9.07952766865287,0.768283160082358,0.850229508716598,0.169919934787103,0.123004580724071,0.556838300443236,1.13029120535486,19.85,"CV_done",TRUE,1711,FALSE
NA,"nig_cor",322,FALSE,342,0.0689020494150038,0.0288224741728557,0.0793263651085306,1.16760993902146,0.257418841363977,0.109250691118887,0,0.35561267246036,1.65425482711409,2.02299053621489,0.0130541166096604,0.0727201527917838,0.085533877368894,1.19397996787396,19.85,"CV_done",TRUE,1090,FALSE
NA,"nig_indep",113,FALSE,560,0.011240157332647,-0.0178504303975599,0.625368700546639,2.54681010540842,0.013805148042225,0.210730051245483,0,7.10750825886775,4.24334940679294,2.74906144539703,0.0220698981965855,0.0943872068935859,0,1.12982225472452,19.73,"CV_done",TRUE,1711,FALSE
NA,"nig_indep",322,FALSE,342,0.0244318153155068,0.0737752111583646,0.0895880391517228,1.11633523257349,0.108262350264935,0.365708985612493,0,1.92176142091777,1.46697675573906,1.27600348140031,0.0121564958606604,0.107822094927595,0,1.44833782066902,19.73,"CV_done",TRUE,1090,FALSE
