"model","gridID","n_points","cv_pdensity_MAE","cv_pdensity_MSE","cv_pdensity_CRPS","cv_pdensity_SCRPS","cv_pdensity_MAE_sd","cv_pdensity_MSE_sd","cv_pdensity_CRPS_sd","cv_pdensity_SCRPS_sd"
"nig_cor",100,392,0.0184693397973792,0.00055206161450793,0.012284549018549,-0.849803077918872,0.0101328388189924,0.000483245449063403,0.00655547537655308,0.234967334662557
"nig_cor",101,410,0.0228556700811128,0.000785012026462905,0.0164270355673726,-0.70289571378235,0.00396193278061463,0.000202811011323465,0.00235359964210367,0.0827154955311484
"nig_cor",103,408,0.0136349918378507,0.000271277385908605,0.00906711770963795,-1.00240035411198,0.00769112158590815,0.000232523290158373,0.0043208771545,0.219574712545094
"nig_cor",105,228,0.0066825350696827,7.38138128769711e-05,0.00479756478519525,-1.3170645840739,0.00242583224231955,3.71628164274094e-05,0.0013813623491586,0.150522674723002
"nig_cor",107,310,0.0185268056575058,0.000617847001567071,0.0132099042402179,-0.822882353013532,0.00615044561520684,0.000263377690488439,0.00343707052877502,0.127673992912621
"nig_cor",108,360,0.0520215256314107,0.00427664346321328,0.0371055333716169,-0.304180357513297,0.0268114874545386,0.00327648944890301,0.0158012676901231,0.240078207503175
"nig_cor",109,610,0.0370948649470053,0.00234003260349491,0.0251581439573678,-0.49940029813936,0.01911152796792,0.00177212657512236,0.0108917044895497,0.185554791936783
"nig_cor",110,540,0.0263925380645142,0.00124114881512888,0.0192117218760735,-0.63831886893475,0.0112317997666386,0.000660290895353679,0.00577282088643127,0.14636467997907
"nig_cor",111,373,0.0357893053394563,0.00180121715625527,0.0245424958499477,-0.503630320521783,0.0194873936184439,0.00148104990312947,0.0105971787939483,0.218209556177935
"nig_cor",112,421,0.0292579021584838,0.00128647617237731,0.0215808798940431,-0.565282572336617,0.0171276716029378,0.00116620666630039,0.0103304875203627,0.277944101357193
"nig_cor",114,182,0.0278595236744319,0.0012887254301018,0.0189486948407091,-0.63011968306023,0.0106616298469782,0.000673464836590387,0.00620861923993202,0.135712477415605
"nig_cor",120,836,0.0136708634401551,0.000845688733209191,0.0113616203270217,-0.894324384648566,0.00390063491686673,0.000126176081776392,0.00155169844486233,0.0550492648027484
"nig_cor",121,713,0.00866547017596048,0.000131736373296609,0.00670613091443193,-1.11677517108697,0.00277843352048036,5.61168471500634e-05,0.00110452133617305,0.0530824433997001
"nig_cor",123,340,0.00860425017636846,0.000116255692156487,0.00613002332164527,-1.19268884118686,0.00260463493384041,4.93969496931219e-05,0.00134127401342366,0.0970903363207142
"nig_cor",125,290,0.0134790596972728,0.000319029616186738,0.00973248307225711,-0.97210173390855,0.00123316057574,3.70362330683882e-05,0.000674236877906342,0.0323253335146396
"nig_cor",126,858,0.0325273649532933,0.00157276300008939,0.0217058077754645,-0.568779118017981,0.0170956703918495,0.00124726129260179,0.00990819715209428,0.217182567856287
"nig_cor",127,949,0.0403079643790815,0.00215812682688827,0.025471438838664,-0.486758512925737,0.0186950423769311,0.0015136949908457,0.00947030764715033,0.168880776669312
"nig_cor",128,476,0.0319272913470299,0.00147001489785697,0.0228631650942522,-0.541548298406049,0.0170209479732675,0.00121864204202378,0.00908518058008622,0.201670580970615
"nig_cor",129,337,0.0267713209941864,0.00109773969515624,0.0164996824892293,-0.691951045007163,0.012462653929678,0.000823383453985892,0.00778973397431946,0.182793660453538
"nig_cor",130,330,0.0220665799159896,0.000706799329742313,0.0150212994849179,-0.75058946668167,0.0107819140963174,0.000534151133937864,0.00607275529127209,0.192654995619425
"nig_cor",131,282,0.0171455457816203,0.000477265504688566,0.0120094681991877,-0.865841706467471,0.0109104726123332,0.000472808646878207,0.00678033438210415,0.272483850918948
"nig_cor",132,353,0.0148448158052194,0.000374691015555338,0.0106789266787117,-0.928025821681654,0.00531468120530906,0.000200261228199811,0.00346823220183903,0.181195029189169
"nig_cor",133,631,0.0100847486291206,0.00017290664742602,0.00719128002175924,-1.12697612294973,0.0026829082515893,6.3507296585991e-05,0.00164415024721453,0.124305211409397
"nig_cor",134,326,0.00932550976767708,0.000142301427897651,0.00650940909927909,-1.17537114836222,0.00252614024614696,5.35633292208982e-05,0.00137678754763017,0.0956997533571037
"nig_cor",135,278,0.00886954643434787,0.000128584029441083,0.00628316393364819,-1.19079331275433,0.00269973599591943,5.20182224126436e-05,0.00141587982219325,0.112037092351739
"nig_cor",136,250,0.00729024708770112,8.58944790335656e-05,0.00519437166919395,-1.28840441326757,0.002836934401002,4.76556295768104e-05,0.00164327402279464,0.165969143406843
"nig_cor",137,241,0.00674077296853244,7.1437015099655e-05,0.00464962879744221,-1.34425971479963,0.00177761322780116,2.66090785079748e-05,0.00100205223145277,0.10681504120334
"nig_cor",138,151,0.00841130102613785,0.000109288086159859,0.00598090616797865,-1.18096602740852,0.00127306613458897,2.43746683567286e-05,0.000716961820838414,0.0436641727524223
"nig_cor",139,209,0.022773791497061,0.00212260624128748,0.0175592685489679,-0.669128952270547,0.0139113116933263,0.00254536953522593,0.011881477903522,0.379571650067902
"nig_cor",140,163,0.0225616129226746,0.000809773015044801,0.0162658380308846,-0.708714210346648,0.00989557001686541,0.000523326798519849,0.00593546547494823,0.21192566819652
"nig_cor",141,243,0.0367183381672905,0.00188608753126819,0.0267367250540018,-0.453724271353211,0.0156155470044044,0.00117589352213455,0.00809177674827831,0.168963999241889
"nig_cor",142,325,0.0217626171362214,0.000941636093121334,0.0160830499803322,-0.722079813702326,0.0101239386002391,0.000716653029309048,0.00717054809522634,0.235453387995764
"nig_cor",143,415,0.0117889764531114,0.000222137655597473,0.00843018605930092,-1.03292778409237,0.00541997014600504,0.000144703351193502,0.00270939394203067,0.132223818486454
"nig_cor",144,477,0.0153976738397542,0.000365422100956604,0.0107127213711001,-0.921797759859046,0.00779157818578851,0.000275923241842446,0.00465567462596499,0.219630598327286
"nig_cor",145,520,0.022154370001738,0.000672703448342601,0.0122628493214789,-0.827145878130372,0.00919673565728527,0.000425014826609118,0.00503497147443456,0.143959793421991
"nig_cor",146,327,0.0183236027998893,0.000480219613378389,0.0125053814128554,-0.84174959931481,0.00856736344375523,0.00033227785097867,0.0047848496937801,0.187047876857154
"nig_cor",152,153,0.0220470077483414,0.000806024188952398,0.0159169248265423,-0.717632623412025,0.0120598071543896,0.000678783766528525,0.00702080973299334,0.211864849107026
"nig_cor",153,452,0.0188047592300744,0.000571907649334883,0.0129973812098595,-0.831495056939449,0.00830530437895666,0.000357833303672646,0.00484131683901027,0.18864023864859
"nig_cor",154,592,0.0140852321664892,0.000287928157663821,0.00964368567965179,-0.965088983288406,0.00714211172736586,0.000219355685439259,0.00383647693236476,0.174114337556968
"nig_cor",155,130,0.0143729880442815,0.00030507864691818,0.00975457995626155,-0.966195397916004,0.00595544488281141,0.000193755746309628,0.0038430467187544,0.217238368106436
"nig_cor",156,842,0.00995732589100259,0.000165124299952695,0.00697042692471654,-1.13661800089547,0.00231019370612042,5.06951142628254e-05,0.0012002834981589,0.0744963452217795
"nig_cor",159,191,0.0101820660132754,0.000208517712384803,0.00754779851486459,-1.07039871984836,0.00462865195362317,0.00016686181914211,0.00259170864588909,0.119335222259641
"nig_cor",160,481,0.0163040346510174,0.000432268903295678,0.0114033106841546,-0.895826867865022,0.00723040284581163,0.000268783355353828,0.00397538296658421,0.165159687748689
"nig_cor",161,416,0.0141932469980685,0.000329804480943688,0.0100051211500421,-0.954917902751199,0.00487852623026849,0.000151380670803318,0.00253103744294955,0.115687412589702
"nig_cor",162,313,0.0117350596530982,0.000214498059102114,0.00819189834385478,-1.05607774570862,0.00313358791537358,8.02349949251103e-05,0.00169913069102061,0.0951506193812503
"nig_cor",163,295,0.0104612428834527,0.000175110082975791,0.00738284686523597,-1.10874702742814,0.00184297453619308,4.29460636276928e-05,0.00104780280596803,0.0709170731835379
"nig_cor",164,313,0.0105385415631563,0.000185359653580818,0.00756782008871499,-1.09493434462276,0.00238103267450942,5.30491459551855e-05,0.00132624151280626,0.0982912732579973
"nig_cor",165,435,0.0100674726916486,0.000160161464819186,0.00699406072295679,-1.13985036200266,0.00190329787596264,3.9579396818017e-05,0.00104920100942129,0.0766770578817161
"nig_cor",166,369,0.0107073817460327,0.000184869561784113,0.00755595888871393,-1.09615620167513,0.00101915415327364,2.30260733110738e-05,0.000589591234057441,0.0376547075288661
"nig_cor",167,327,0.011260491162344,0.000212009749699161,0.0079343173562327,-1.0781179379628,0.00200214124779423,4.98434492438593e-05,0.00112275315580823,0.0662643761272203
"nig_cor",168,356,0.0116846123438576,0.000235919694169387,0.00837509533342718,-1.0441553286345,0.00226261623815277,5.79388000400412e-05,0.00121897243578975,0.071110351050787
"nig_cor",169,245,0.0115096457197465,0.000214150339202264,0.00799801784213516,-1.06910550729355,0.00188905297062869,4.89558441683127e-05,0.00100319650188003,0.0575971012335208
"nig_cor",170,260,0.0105641877526496,0.000182473625800433,0.0076672044395157,-1.09278542432816,0.000951782498138423,2.1503098769792e-05,0.000567126910476615,0.0365780910293055
"nig_cor",171,345,0.009970851100544,0.000155735580538523,0.00711344273995655,-1.12620259578434,0.00279305332080774,5.78436144855118e-05,0.00145184209996744,0.0994816109801289
"nig_cor",172,379,0.0101514845270108,0.000168339247636468,0.00723422263582807,-1.11622328009597,0.00409139369031111,9.65098689672968e-05,0.00229273829247069,0.150021548030935
"nig_cor",173,366,0.0102961523084135,0.000169381717866493,0.00721893052942893,-1.11860514568286,0.00273345403620576,6.15299452382487e-05,0.00146600189987343,0.0928465780945821
"nig_cor",174,143,0.015507478570076,0.00039592943494016,0.0102881210610497,-0.910297564531108,0.00673752484554936,0.000299814001393613,0.00467638235654952,0.158624232984852
"nig_cor",175,134,0.0486072878520672,0.00451832323960798,0.0312855959551106,-0.37936476036538,0.0248982688265642,0.00387352735482476,0.0174310728080381,0.260118647468227
"nig_cor",177,175,0.0272349880365172,0.00127081515901901,0.0190562003357849,-0.63236357685105,0.0109320157293271,0.000867279968036361,0.00774067258771408,0.221473109278698
"nig_cor",178,256,0.0174174857659103,0.000524495618850909,0.0120627222564609,-0.87099503117532,0.00616417746011371,0.00024550880475884,0.00355165463971849,0.150061487328591
"nig_cor",179,262,0.013999751853795,0.000327225177635638,0.00968461712416911,-0.977835419875093,0.00511621415975304,0.000161343699168057,0.00301303748538845,0.159301260869709
"nig_cor",181,221,0.0144028946296205,0.000351805877795646,0.00994537602555575,-0.963433424472502,0.00695554150902592,0.000220632906661595,0.00390432090483283,0.193520917491644
"nig_cor",187,113,0.0179930563694757,0.00052832748688827,0.0128650540040459,-0.805806395839578,0.00690317479926373,0.000294249827038185,0.00348553868657313,0.113180623533806
"nig_cor",188,266,0.0162623106418156,0.000444347639890709,0.0119105281544433,-0.868203971894073,0.00583143213801764,0.00021001007029941,0.00303264669273191,0.118084814423903
"nig_cor",189,335,0.0149997115630508,0.000373265045051719,0.0109014814138513,-0.906855719471861,0.00525915392498052,0.000173854320544661,0.00276538164040394,0.12332578056231
"nig_cor",190,304,0.0127814694199482,0.000265259162436393,0.00923082466723616,-0.974575818941632,0.00505251968448422,0.000152777272458445,0.00262139436001769,0.115058058942297
"nig_cor",191,580,0.0108236416786015,0.000193074991153564,0.00767776913249032,-1.08740307442442,0.00361493878228191,9.55064390068557e-05,0.00202764590895232,0.121487125737893
"nig_cor",192,359,0.011353739402071,0.000197948269914351,0.00789474658966699,-1.07247252506177,0.00383873826241358,9.96946094597268e-05,0.00219455620905523,0.13032458586148
"nig_cor",196,170,0.0115289680630689,0.000229939764039878,0.00826054511996652,-1.04833758765404,0.0021921705601968,5.51081087834134e-05,0.00109525389414872,0.0581635206134298
"nig_cor",197,277,0.0103481234152763,0.000175536186063364,0.00742946486568879,-1.10325871820665,0.00198618201743512,4.6115097522899e-05,0.00107076422431137,0.0643170280320176
"nig_cor",198,392,0.0108897381452318,0.00019564334807356,0.0076833898458899,-1.08930618019815,0.00146600090508166,3.48950882070161e-05,0.000858279368684569,0.0627232823601725
"nig_cor",199,420,0.0113033305564768,0.000203057803122289,0.00798704326636596,-1.06606301078762,0.00228949151054569,5.60465192827002e-05,0.00129101703028307,0.0843267089517523
"nig_cor",200,460,0.0107133862618052,0.000185037915098545,0.00761531078933846,-1.09386270827,0.00196614856387633,4.68942493679724e-05,0.0011087960282903,0.0772310945772561
"nig_cor",201,418,0.0122560611809305,0.000249602960856513,0.00884497655554279,-1.00573705058476,0.00221752292625493,5.61002261407348e-05,0.00129643636651083,0.0899390285595042
"nig_cor",202,399,0.0121078940099407,0.000228701801486714,0.00838419840453998,-1.04344156432318,0.0011949983743996,3.00995272274339e-05,0.000672427795543342,0.0409796278690838
"nig_cor",203,445,0.0128938151010175,0.000264521742092731,0.00905296840752683,-1.00200063433538,0.00161400588513668,4.49411710170277e-05,0.000908122303114778,0.0558010034228397
"nig_cor",204,419,0.0119948509644867,0.000234764371254397,0.0085084097596369,-1.02964158603953,0.00237928069921596,6.19648543183853e-05,0.00140228343067013,0.0940559715485671
"nig_cor",205,480,0.0111143100995023,0.000193894959513472,0.00774685468107753,-1.08482405405908,0.00112321291506344,2.57687347558794e-05,0.000605349331984108,0.0386688194607667
"nig_cor",206,415,0.0125047820419298,0.000255528437317038,0.0088877027542379,-1.01656514997462,0.00223831177116005,5.84819667096969e-05,0.00116265301829867,0.066630278941722
"nig_cor",207,472,0.0124907297378764,0.000253192034185908,0.0088791487221899,-1.01178713590943,0.00202015254733962,5.39855760075411e-05,0.0011773732087678,0.07358499361915
"nig_cor",208,492,0.0115037453307832,0.000227473045414852,0.00823968351365021,-1.05203739551098,0.000943062442363777,2.23531569768789e-05,0.000543824590977932,0.0383257287856058
"nig_cor",209,451,0.0116222700807227,0.0002043845453643,0.00813323981137128,-1.05319238426309,0.00164179324528247,3.96870316314387e-05,0.00096754594814632,0.0693862062396091
"nig_cor",210,237,0.0107497479244105,0.000217188681292019,0.00791325604035671,-1.07138375700035,0.00184582028663747,4.21616085445231e-05,0.00101657932414562,0.0739093714752127
"nig_cor",215,233,0.0148893687998161,0.000380169106830161,0.0105262129937549,-0.934964778465648,0.00553514513912309,0.000177265036488283,0.00299812088849542,0.138710581840381
"nig_cor",218,364,0.0107039705582133,0.000199656932573387,0.00774454466104486,-1.07947298368262,0.00342997519836939,8.64200311825236e-05,0.00200201031712941,0.133993072213642
"nig_cor",219,266,0.00895173917764636,0.000126415722630158,0.00621298495773282,-1.19497095896842,0.00283174395159455,5.46121793551143e-05,0.00155404708040575,0.12267085902417
"nig_cor",223,164,0.0246293883500453,0.00107626817404048,0.017257104021058,-0.688672573422351,0.00351050310717251,0.000184339828080251,0.00214828578845253,0.0699051811965308
"nig_cor",224,255,0.0165877187734989,0.000456857757608831,0.011840457770414,-0.875720328275277,0.00342637385684807,0.000120206443837103,0.00187080765251978,0.0845178384634173
"nig_cor",225,311,0.0134408680788205,0.000314609349609568,0.00961090071865198,-0.977397111955202,0.00458108319451138,0.000139354367125106,0.00219804071130107,0.096684696302972
"nig_cor",226,293,0.0134707329162624,0.000310766629119436,0.0095571779400545,-0.992474964882636,0.00551412786551081,0.000171634516271776,0.00324166402433545,0.187195909155765
"nig_cor",227,363,0.0120709127301546,0.000220221010132118,0.00857303780134537,-1.03472008712251,0.00657749003291598,0.000182127807628905,0.00376544916976717,0.219773325775262
"nig_cor",229,293,0.0146087418528179,0.000417057391807512,0.0105795525973722,-0.928196320806874,0.00373189757118583,0.000116002306547873,0.00228378813867677,0.145567398746856
"nig_cor",230,122,0.0113035118300826,0.00021471494403644,0.00812184775900434,-1.06007588480036,0.00152909894877082,4.24048925648666e-05,0.0010391444980865,0.0760650344777889
"nig_cor",233,204,0.0173764226482587,0.000553397777222172,0.0129508302640058,-0.829760664235509,0.0056088201460865,0.000239344080772764,0.00334882056473186,0.135863505201229
"nig_cor",234,485,0.0140454368572851,0.000325730566393791,0.0102430144137103,-0.942805653178479,0.00365892310938789,0.000116820090078265,0.00212107348697157,0.115351136423498
"nig_cor",235,459,0.0116272215609532,0.000217721239508518,0.00833749441435735,-1.045416534343,0.00436805340098122,0.000116738288632655,0.00260007049119711,0.170045182266432
"nig_cor",236,301,0.0106623124161164,0.000176930318195759,0.00728102951065865,-1.11112566463961,0.00316725822367376,7.6368541966609e-05,0.00173126533621127,0.105320917102653
"nig_cor",239,307,0.0102856215334759,0.000173347421873796,0.00730370742483027,-1.11460991869494,0.00398687404603245,0.000101577478564238,0.00235433532143847,0.159177705118857
"nig_cor",242,267,0.00807246845446472,0.000103961318562906,0.00576147183385325,-1.22454539590916,0.0032461692375103,5.59447931721274e-05,0.00161840800741159,0.118159194483553
"nig_cor",243,274,0.00760099501741381,9.23847644879489e-05,0.00533150302240121,-1.26887302113255,0.00177446961475208,2.89958653110832e-05,0.000967560023593226,0.0813871039432385
"nig_cor",246,177,0.00909322778269445,0.000145530439106692,0.00669121223004439,-1.13446832077039,0.00126262820899057,2.3884444371708e-05,0.000834206975715,0.0943321877011764
"nig_cor",250,117,0.0165750670415219,0.000508642771024037,0.0115903433242982,-0.868107048558194,0.00668121240807011,0.000298228208738235,0.00412131190288492,0.182321866409251
"nig_cor",257,126,0.0302400652754676,0.00152787162593327,0.0206863969513431,-0.569212956354967,0.00793953771859852,0.000499401081056122,0.00389391267520237,0.0724630657902861
"nig_cor",258,146,0.0723377172983934,0.00710684209018644,0.0468060174473352,-0.182567949863766,0.0324740860354082,0.004828546285313,0.0179130897378012,0.178088362059084
"nig_cor",26,244,0.0120411922459766,0.000249221193897178,0.00857946513410131,-1.03472413000984,0.00648173064662989,0.000196983514181884,0.0037376690404115,0.204323490551376
"nig_cor",274,180,0.0326455947028107,0.00144971247847029,0.0207767079457101,-0.589351870458504,0.0154294193373914,0.00111774011853972,0.0091516907280103,0.209112775706921
"nig_cor",28,140,0.0323376469483107,0.00154826761307385,0.0231081936728339,-0.522987284795286,0.0189652165680086,0.00135522653112206,0.0119280503342551,0.32600115925273
"nig_cor",280,124,0.00770229313030568,0.000100444858675718,0.00526466051036621,-1.27079463333056,0.0030770935973384,5.72630267744231e-05,0.00185577394256785,0.165927630267141
"nig_cor",283,154,0.0326833270710725,0.00152332730641659,0.0228270700465824,-0.538962086421272,0.0142383007263106,0.000999070623888224,0.00823039520313798,0.201655102522021
"nig_cor",294,284,0.0408785151000246,0.00279736518584523,0.0291222472468274,-0.424181731190147,0.0344632023024113,0.003067566226458,0.0212071618746569,0.430279122087279
"nig_cor",303,229,0.0207169995433661,0.000707085591811499,0.0146274114993111,-0.772932212384368,0.0107607066636062,0.000578220969227641,0.00689587291363262,0.241161442984241
"nig_cor",32,742,0.00690867830021498,0.000127394715384944,0.00514152208531747,-1.31341923171151,0.00246599282204709,4.62608292723504e-05,0.00144585299867959,0.154125383477399
"nig_cor",33,1151,0.0122748206858366,0.000303259785036157,0.00853643461027707,-1.05010623428968,0.00603732118353128,0.000211281105830918,0.00382111724365775,0.222041810157042
"nig_cor",34,470,0.0443983392356202,0.00390760320604265,0.0325788113587961,-0.368389363820961,0.027071954292632,0.00330817880566127,0.0181598477957872,0.309945826490762
"nig_cor",352,392,0.20432070672258,1.58290078814822,0.16447215650201,0.505262466166768,0.0613804697238137,0.0562819624120526,0.0383270211670913,0.522576476119867
"nig_cor",354,489,0.167038795328756,0.0359381822774876,0.121213046220416,0.307465226139563,0.0602802585615167,0.0214490307304341,0.0343849977606181,0.180580942831251
"nig_cor",358,444,0.134778208754645,0.0244441510860095,0.0807340572810143,0.0964043482808541,0.0656420532008233,0.0193228653100023,0.0376447046069016,0.194183560113821
"nig_cor",359,327,0.118004728623395,0.020144729437654,0.0759927014307287,0.0569875631220397,0.0679247930362246,0.0185895968330133,0.0423601864784197,0.261665903792583
"nig_cor",361,230,0.0583691442897838,0.00521266247481382,0.0389129840419322,-0.277679526675336,0.0314058282416337,0.00420419788321315,0.018301019694105,0.224403512035818
"nig_cor",363,189,0.0174669035933731,0.000501446163059664,0.0124801563431925,-0.842370585976743,0.00910947212619157,0.0003448996298199,0.00481974123651045,0.195438733272919
"nig_cor",371,154,0.0184235646438142,0.000619615905835949,0.0145356824696485,-0.767345760896721,0.0117892598397563,0.000603597453372603,0.00710708930961095,0.270564711724308
"nig_cor",373,304,0.0273190272819724,0.00128182740298177,0.0182327887719775,-0.656248756720101,0.0141533168552413,0.00112712625097865,0.00930013604814738,0.261800841692928
"nig_cor",374,487,0.0582967521715506,0.00574006134608511,0.0458527999422309,-0.152958360219395,0.0321046032079415,0.00509545595618657,0.0240920170197114,0.390980082665474
"nig_cor",377,543,0.101331618057945,0.0142797794421347,0.0799671629952236,0.111081808651873,0.0493875519556107,0.0108958551040533,0.0268369129180204,0.229700667186373
"nig_cor",381,328,0.131706234229721,0.0202415359193549,0.0914127441393212,0.173295673500635,0.0426748752473361,0.0113616654592654,0.0244010866268818,0.176995590478088
"nig_cor",382,328,0.163933114779433,0.0339705640734973,0.0989545803946988,0.192220767879627,0.0766194254713552,0.024037389509411,0.0403182653602562,0.189079481568026
"nig_cor",384,274,0.0223791209177961,0.000694953839526322,0.014207094811429,-0.770207122686973,0.0109862585304868,0.000548559587735154,0.00543575338145895,0.147049578612611
"nig_cor",385,210,0.0177390483715213,0.000395062236352846,0.0107686883217882,-0.915198706086823,0.0062088160691852,0.000231455853565013,0.00370982481550158,0.150045941119312
"nig_cor",386,233,0.00574281499501669,6.55975189630541e-05,0.00415666628545233,-1.40057110132001,0.00349191739109318,5.77459721745655e-05,0.00228887184105636,0.278511649296485
"nig_cor",45,434,0.0225340735359439,0.000866515317465662,0.0155948331837508,-0.742616069660883,0.0123155503876682,0.000749550710996687,0.00813257403018737,0.260552867739507
"nig_cor",46,422,0.0206899580723118,0.000782742960691581,0.0139432631750114,-0.799007879153099,0.00955532720470972,0.000487165524798527,0.00548280542539847,0.185321099774473
"nig_cor",47,597,0.0206140967380262,0.000603215528112159,0.0118692348362551,-0.857099933327057,0.00875730486502609,0.000402663957607397,0.00543576628242465,0.17796147633823
"nig_cor",48,591,0.0188909694026918,0.000529990441554114,0.0126169939067881,-0.838306946982588,0.0100118093496631,0.000432452094724256,0.00588014712372898,0.214845493212337
"nig_cor",49,367,0.0104328299994297,0.000180644604020529,0.00758526691137599,-1.09675090424923,0.0049068742404924,0.000115099933034467,0.00281054520682522,0.203297214058529
"nig_cor",54,329,0.00702415756824645,8.90895715462248e-05,0.00512813037322142,-1.28677024988109,0.00362499194391169,7.27857027124046e-05,0.00225413007057854,0.181984975871043
"nig_cor",55,843,0.0215264336473494,0.00067113199512994,0.0137641515271182,-0.794273478150361,0.0086611003604105,0.000416064319645191,0.00460881492142858,0.143044118163123
"nig_cor",56,760,0.0388668043955687,0.00243773166101722,0.0273850116041073,-0.460400979716582,0.0180806319672011,0.00169049104978125,0.00942902595178664,0.147858846721415
"nig_cor",57,173,0.0172569959685269,0.000506257741827318,0.0126521661339516,-0.798757183679791,0.00322531077458595,0.00017164128874742,0.00247067758648756,0.0980765654117891
"nig_cor",59,214,0.00453188266283997,3.61406783615463e-05,0.00338254867001968,-1.52098768462892,0.00200990117532324,2.21971207891396e-05,0.00109943162203094,0.186190422952121
"nig_cor",68,1003,0.0289002349010587,0.00155485263313383,0.0234855065146762,-0.511086937953205,0.0144050848218851,0.00113242133762376,0.00933360147883487,0.272811489262756
"nig_cor",69,634,0.0305921761870452,0.00144725974188452,0.0222007846757625,-0.555198960114516,0.0141040422606172,0.00101985770110408,0.00874404498281036,0.211691662376324
"nig_cor",70,380,0.0389831287699571,0.00207586507834518,0.0243364191385246,-0.507022009904884,0.0204920958612251,0.00168664595032408,0.011064454843047,0.196690019441677
"nig_cor",71,374,0.0313302686375579,0.00134431523864846,0.0201823790731421,-0.602255995045901,0.0180695352425576,0.00114689851647103,0.00933198323551734,0.210864418166568
"nig_cor",72,479,0.0255982941237397,0.000889675137371956,0.0167891201229518,-0.696338474136053,0.010934506007207,0.000572948508635549,0.00570933295026354,0.163975796319812
"nig_cor",73,378,0.0134281857811453,0.000274769122810768,0.010036322367523,-0.95216621364395,0.00741001845943403,0.000229823932401738,0.0042014442194864,0.225694440471284
"nig_cor",74,544,0.0100930862274231,0.000163706424838165,0.007127511267774,-1.12772265948529,0.00563078911138044,0.00013337602219242,0.00329225192691543,0.230796649092381
"nig_cor",79,486,0.105912896366075,0.0162193174984767,0.0774103816359021,0.0759487402685934,0.047637574189698,0.0109146287432102,0.02685950681626,0.216677592896282
"nig_cor",80,496,0.0834244563470762,0.0102797238019327,0.0494143255908717,-0.1515679845784,0.0362225862611631,0.00691218274916705,0.0185692430856782,0.146591283536149
"nig_cor",81,400,0.0374667422766908,0.00276179641552351,0.0269480063226577,-0.473273960059704,0.0161886078324843,0.00159089517104037,0.00955408395941526,0.167506687518486
"nig_cor",82,496,0.0219811746872914,0.000831176691789074,0.0153858249417756,-0.746696091833399,0.0071895655481424,0.000363675540138823,0.00400837725390182,0.124490091659375
"nig_cor",83,589,0.0228541787520252,0.000841926552566029,0.0168364215318638,-0.685157983857994,0.0104703063540813,0.000551021363321768,0.00536571871282271,0.138520723741821
"nig_cor",84,483,0.195689938329326,0.149721330211465,0.111060990523522,0.249721966993545,0.142475101015875,0.1981050811109,0.13934391655555,0.6941545911425
"nig_cor",85,436,0.031220637600658,0.00111789264580687,0.018794782480517,-0.633529513197424,0.00535297494304604,0.000329143006125031,0.00354983962573095,0.113076169930741
"nig_cor",86,368,0.00293172624925741,2.23618849070903e-05,0.00194086171903406,-1.81351537112286,0.00129013536573234,9.2970111858878e-06,0.000684265462911109,0.145255127082927
"nig_cor",95,563,0.0366293509771051,0.00231464366153606,0.0256073019682097,-0.500979075689765,0.017012366910946,0.00155674228838009,0.0105634174648915,0.212693992783797
"nig_cor",96,880,0.0345821487133148,0.00219288499553873,0.0244982727162686,-0.52277468062435,0.0154926230500817,0.00137441812628254,0.00997641554256713,0.218126156400386
"nig_cor",97,552,0.0304176340172287,0.00174014507641135,0.0208415305013286,-0.607583115185997,0.0139652817514278,0.00115189784714056,0.00807665224155872,0.186939870218937
"nig_cor",98,440,0.0233013908336811,0.00089455185002642,0.0162480342386352,-0.720172831264426,0.0107866008865336,0.00056045545621992,0.0061826351473356,0.19548413892075
"nig_cor",99,316,0.0196235338107403,0.000641400192409219,0.0134667626975208,-0.808346101649489,0.00977353925888174,0.000459993730105516,0.00580937007767916,0.198912250561212
"nig_indep",100,392,0.0209266104050935,0.000735880232618063,0.0147184385403037,-0.755719786206734,0.00868894678684546,0.000439010667491123,0.00580749153895922,0.232345167329729
"nig_indep",101,410,0.0222035556597118,0.000730976193281433,0.0167056170966983,-0.683515573820452,0.0091835416044162,0.000433125159915811,0.00530772587234112,0.202895538654441
"nig_indep",102,442,0.0175644266667746,0.000465175410726719,0.0116294540786031,-0.879154826020526,0.00966321788151715,0.000382247599683238,0.0056044043424876,0.222055688439174
"nig_indep",103,408,0.0144098996627834,0.000300673668683267,0.0101066315717561,-0.947535658900386,0.00679803148381083,0.000210651162205721,0.00395041877811178,0.214111889379991
"nig_indep",104,538,0.00768953081095193,9.57094754110861e-05,0.00556541786942579,-1.2446126339781,0.00311842427994961,5.39694479373334e-05,0.00187415462257313,0.196026375876771
"nig_indep",105,228,0.00664104111716847,7.29605430622711e-05,0.00482296789645462,-1.30419054113785,0.00236989655300161,3.65668759272974e-05,0.0014740782109065,0.186870273645005
"nig_indep",107,310,0.0180657603998733,0.000646665278044714,0.0132700951034542,-0.822739562654869,0.00608187450197256,0.000262197626550881,0.00358541761243054,0.17045959578432
"nig_indep",108,360,0.0528466941298783,0.00462446787683798,0.0368252284203186,-0.306012127380955,0.0311443222080787,0.00372885957674185,0.0178837784820137,0.261375306925732
"nig_indep",109,610,0.0365848266754137,0.00235969598088117,0.0266241619617392,-0.476494823690288,0.0176888979482934,0.00161758996741232,0.00984485957781961,0.1722867835976
"nig_indep",111,373,0.0340788550709107,0.00164682417381401,0.0243690475954413,-0.509630605963435,0.0181024901168515,0.00137422696584435,0.00972818892282184,0.198336266181177
"nig_indep",112,421,0.024287138178309,0.000957539887910933,0.0187684318148346,-0.641139905364767,0.00867923210457791,0.000440604991314671,0.00389061950551503,0.0975496599102117
"nig_indep",114,182,0.031629993857517,0.00204839163024186,0.0238295764352397,-0.499722053288894,0.0120733824977221,0.000922253621260139,0.00553407439515207,0.0807298900632087
"nig_indep",120,836,0.013428824917199,0.000716993790307657,0.012349144360227,-0.827357363649864,0.00269920007036168,8.31655655301147e-05,0.000883146402572888,0.0238217287013262
"nig_indep",121,713,0.00880903638492662,0.000135082134626168,0.00750379903788973,-1.02588097109275,0.00332932239021769,6.6415234073219e-05,0.00104906795461533,0.038274624892846
"nig_indep",123,340,0.00876112368931655,0.000125425648063635,0.00620084474065993,-1.1887200966023,0.00325013286280733,6.71317133996402e-05,0.00174184155369084,0.123221270981246
"nig_indep",125,290,0.0130752431482002,0.000312450759882671,0.00947891367345104,-0.983302890893942,0.00150184649810849,3.97010820543539e-05,0.00085814083956444,0.0507375181707406
"nig_indep",126,858,0.0333352149747177,0.00163932347053949,0.0228530849338627,-0.543536609594672,0.0162040575229527,0.00118186949164579,0.00953306281852828,0.22136254374038
"nig_indep",127,949,0.0412569778638622,0.00223760574831895,0.0262516972544754,-0.472691384731553,0.0208806459134345,0.00174328942381351,0.0109655553304231,0.200947086732226
"nig_indep",128,476,0.0340292937117593,0.00164535528165743,0.0221009545626161,-0.557416827079017,0.0174587064850048,0.00124955105818218,0.00930054432721217,0.193278218406707
"nig_indep",129,337,0.023963193458527,0.000921434797075255,0.0184552782667265,-0.647676995620865,0.00944421044202149,0.000638771541917893,0.0057644271822416,0.170580437983141
"nig_indep",130,330,0.0228154952727242,0.000765996222768897,0.0172050155869102,-0.668256460448522,0.0122419163648963,0.000650442800320974,0.00765222336155665,0.282111401503323
"nig_indep",131,282,0.0168698979353897,0.000448469742477291,0.0117887782048947,-0.872603132098939,0.00929175271507614,0.00040697334903068,0.00619343267251181,0.276192394589364
"nig_indep",132,353,0.0140045032915656,0.000340746685142821,0.00951768068749652,-0.986039476908548,0.00381063812200674,0.000133882585129811,0.00240901695714223,0.128877118109239
"nig_indep",133,631,0.0100693757554862,0.000170686271129815,0.00716621670571273,-1.12612049446919,0.00290280722760963,6.61282562979607e-05,0.00173294537973742,0.13876831332242
"nig_indep",134,326,0.00895525974926928,0.000128719563434624,0.00626641608110244,-1.19374610463854,0.00235630642706708,4.44968513630418e-05,0.00122398720224234,0.0940800840326056
"nig_indep",135,278,0.00944340654466046,0.000141250004151688,0.00669378120845298,-1.15353746893633,0.00324536754828435,6.71547333008003e-05,0.00196388838812232,0.169066946329828
"nig_indep",136,250,0.00696788480403571,8.21563303438519e-05,0.00497812393054367,-1.31723262348114,0.0030058221379544,5.09445836024348e-05,0.00174243867571404,0.18189990055637
"nig_indep",137,241,0.00672323512875175,6.94972095103232e-05,0.00466428924380314,-1.34034278437777,0.00156492368340921,2.28968601422587e-05,0.000931696771345184,0.110300896706114
"nig_indep",138,151,0.00818050247538505,0.000106184414993222,0.00601491312681354,-1.18837561147537,0.001253122133546,2.21426951963433e-05,0.000630600140954275,0.0400418898421396
"nig_indep",139,209,0.0230202267211257,0.00227569548830682,0.0177469536160255,-0.648159619813747,0.0147427449485647,0.00275375398371639,0.0126356783534826,0.444704601112489
"nig_indep",140,163,0.0231576912342177,0.000885254318587624,0.016248843881594,-0.717015760088116,0.0102759968040734,0.000559011697059227,0.00637376785843802,0.210891342937036
"nig_indep",141,243,0.0363250911482542,0.00191353037794474,0.0251263101996507,-0.490765612527486,0.0180028924663409,0.00154715223685827,0.0101006522529145,0.192507878176995
"nig_indep",142,325,0.0170575738281693,0.000505612032532733,0.0114477532373645,-0.864085471263885,0.00504322164674337,0.00019563462373473,0.00257011435525757,0.0771655021419512
"nig_indep",143,415,0.0117794987874689,0.000216854975627129,0.00861460367633633,-1.01600082768128,0.00232100451237194,5.80054232983191e-05,0.00111380700148944,0.0500180581461454
"nig_indep",144,477,0.0151417984314157,0.00035146526238743,0.0103229868077505,-0.937057303224864,0.00649227578667055,0.000226220996046676,0.00365146669875106,0.15458159145097
"nig_indep",145,520,0.0211480052536814,0.000630417573597246,0.0144929989019082,-0.769859923041997,0.0134197947906373,0.0006102376398334,0.00727951513547056,0.242389942217583
"nig_indep",146,327,0.0167007324145006,0.00042249894882386,0.0118424415505613,-0.864812466826097,0.00891524116258102,0.000333784822138165,0.00449341284804439,0.161011725867619
"nig_indep",152,153,0.0333403375908904,0.00196733719530585,0.0267994772384338,-0.406562024121101,0.00834732314879625,0.000599008200486189,0.00291527396483229,0.0322757496217933
"nig_indep",153,452,0.0202755645958299,0.00068199977190086,0.0151275865746655,-0.71062511000346,0.0100360471240055,0.000493490145293893,0.00420846600968408,0.0891219864608991
"nig_indep",154,592,0.0139513093806715,0.000289090483887104,0.0097091403279533,-0.953565516937867,0.00562119761381547,0.000174226768681437,0.00269831708739691,0.105382389115893
"nig_indep",155,130,0.0137047408333768,0.000282049708982423,0.00929273494354618,-0.983982484454518,0.00535013579615308,0.000161547675790727,0.00282304832052593,0.122928626437933
"nig_indep",156,842,0.0099159988723417,0.00016622004236011,0.00706286983293754,-1.13483445287346,0.00183509044842595,4.25398981655015e-05,0.000986136855579502,0.0630858099175727
"nig_indep",159,191,0.0107317023034538,0.000240979060084542,0.00787686118448904,-1.06777593815079,0.00489227779436123,0.000202027695307415,0.00314623210552343,0.166221236174153
"nig_indep",160,481,0.0159871668577967,0.000411784720021942,0.0110712846178501,-0.909517553065967,0.00710688167173097,0.000250627087156362,0.0039815344881331,0.177205006281141
"nig_indep",161,416,0.0144126770473651,0.000329771875292859,0.00983840759102617,-0.96410271867198,0.00300435741520487,8.79086647227775e-05,0.00177126334390277,0.0966492545387346
"nig_indep",162,313,0.0115337903083239,0.000199740404896341,0.00785575541837256,-1.07822093389401,0.00256352863870782,6.51249336069879e-05,0.00143672607204517,0.0886803832036913
"nig_indep",163,295,0.0106048960764663,0.000178038289934317,0.00747681044476943,-1.10090709511466,0.0013426666212463,2.9630275210613e-05,0.000773380159808685,0.058381315763875
"nig_indep",164,313,0.0103563276167429,0.00017389475518247,0.00735398774067302,-1.10598343773989,0.00225867600795625,5.14426413909461e-05,0.00130379234688596,0.0993697202669027
"nig_indep",165,435,0.00996691888738989,0.000162579017321992,0.00701873008639975,-1.13920026695966,0.00210181195220697,4.61745971258243e-05,0.00125069419981565,0.0995961985789282
"nig_indep",166,369,0.010663039842003,0.00018413545529274,0.0075595935270403,-1.09278464541928,0.00117420476959474,2.45210068227039e-05,0.000683118459751037,0.0508876562095089
"nig_indep",167,327,0.0114372825010109,0.000206803300440865,0.0079956804544637,-1.0708570760322,0.00221944817773217,5.2582460603792e-05,0.00132444002955818,0.0937458540929483
"nig_indep",168,356,0.0118054988212443,0.000243262752327642,0.00846506514046032,-1.03308899777948,0.00228215324103306,5.8112773956885e-05,0.00133586150129824,0.0912834466343846
"nig_indep",169,245,0.0113055528949417,0.000204798279029616,0.00791324535499475,-1.08061953159828,0.00264490054818335,6.45193131508372e-05,0.00149148129148251,0.100581837052558
"nig_indep",171,345,0.00987152134053158,0.000157138435632278,0.00697025440891207,-1.13381976386146,0.00285340914505855,6.35082577544221e-05,0.00162392258179299,0.12050505975784
"nig_indep",172,379,0.0106329087557305,0.000182416280206776,0.0075086375825521,-1.09702437465307,0.00439896971454401,0.00010201542893947,0.00245918427483547,0.168447443689154
"nig_indep",173,366,0.00991243745900607,0.000156490485024718,0.00705527293386603,-1.12897520645746,0.00226843979298405,4.81723502959086e-05,0.00127391734694513,0.090822386919242
"nig_indep",174,143,0.0194371005961278,0.00130148025891605,0.0134895720458146,-0.809569743917839,0.0130593363897566,0.00160643982198556,0.0102455969755855,0.325244046681872
"nig_indep",175,134,0.0559897842539212,0.00626681555130039,0.03270340960256,-0.352334861811024,0.0402538587802741,0.00729791675425989,0.0329749336511192,0.467590534792136
"nig_indep",177,175,0.0259027984868375,0.00113504382339128,0.0177103965103723,-0.674361065210896,0.00827500171727413,0.000563882083967247,0.00525384260516074,0.140540203937088
"nig_indep",178,256,0.0170772658308517,0.000509688688744905,0.0121197348848551,-0.866397574921375,0.0053558204135927,0.000204404643841725,0.0030934419147591,0.140340022557265
"nig_indep",179,262,0.0139310962361407,0.000337218917838839,0.00993275346339317,-0.962298154313942,0.00432070382631948,0.000145618595530772,0.00251827440271525,0.133316534462786
"nig_indep",180,570,0.0114611957686326,0.000210039613362194,0.00801257689723959,-1.06475046327383,0.00419856807890052,0.000109389972958043,0.00234040529753998,0.138910678889185
"nig_indep",181,221,0.0148938893885424,0.000385207965470726,0.0104205633123242,-0.939850946270412,0.0074314603872046,0.000264893571634188,0.00443052895374727,0.220925520761264
"nig_indep",187,113,0.0179296406641146,0.000512678261795574,0.0130075591924486,-0.785572475687968,0.00716657901263417,0.000295458643054935,0.00322214476395881,0.0896035191708825
"nig_indep",189,335,0.0150887449558446,0.000367369017207063,0.0109438671738169,-0.895650103107888,0.00596855545119281,0.000202987416766789,0.0027960771807639,0.100356244291719
"nig_indep",190,304,0.0130752286438419,0.000262855857722212,0.00916114868972628,-0.981727891143787,0.00591183257781266,0.000173687438500179,0.0029671340779238,0.128378201621325
"nig_indep",191,580,0.011206317674227,0.000205531570023455,0.00810510678903561,-1.05205704287195,0.00332183871357647,8.87099660878896e-05,0.00174189204994825,0.0882031484153913
"nig_indep",192,359,0.0115773509633241,0.000216011803234735,0.00823022411670921,-1.04500531826849,0.00437028934406911,0.00011656808091038,0.00225135279681311,0.112710190702704
"nig_indep",196,170,0.0110864900819442,0.000218306505220502,0.00811323617265601,-1.063341344596,0.00157802302499286,4.0834070934123e-05,0.000900173290559874,0.0561281586366032
"nig_indep",197,277,0.00998063697855813,0.00016506369066037,0.00714367429641562,-1.1244395484776,0.00228618607496776,5.02296335353984e-05,0.00129306059620469,0.0941491809043396
"nig_indep",198,392,0.0107422221265826,0.000190146510063135,0.00761003840112635,-1.09167909643578,0.00164573712744371,3.9181223851297e-05,0.000958889085265816,0.0705532204962406
"nig_indep",199,420,0.0110333429231568,0.000195361829988658,0.00782423455343732,-1.0724527358016,0.0022330783023377,5.4024623231804e-05,0.00133198001464903,0.0963507634227207
"nig_indep",200,460,0.0106056519903409,0.00018325961343219,0.00756145542674956,-1.09428276908767,0.0019599536436084,4.57160597805758e-05,0.00116225530803672,0.0877994926161072
"nig_indep",201,418,0.0116704419005824,0.000219417735463166,0.00831639917180734,-1.0380232788761,0.00217440982120843,5.37057191654487e-05,0.00130909550844278,0.0952006269537533
"nig_indep",202,399,0.0121905793303349,0.000235519138713295,0.00863471597072085,-1.02294791820168,0.000880921739459995,2.23086019661214e-05,0.000551456993725949,0.0380973171240969
"nig_indep",203,445,0.0119904641348792,0.000225881439469228,0.00847635281183728,-1.03251816204592,0.000678527011793043,1.63234752834611e-05,0.000430021216800073,0.029624294858562
"nig_indep",204,419,0.0117255483588531,0.000227775563061642,0.00835471827099701,-1.03800620119777,0.00179189636782393,4.54308297437204e-05,0.00104681058041014,0.0716114964612723
"nig_indep",205,480,0.0112917706994134,0.000200503215585119,0.00793289453776257,-1.06827311953491,0.00110928518396523,2.8382312499126e-05,0.000684036885474884,0.0477290889697652
"nig_indep",206,415,0.0120263189408804,0.000250251102811654,0.00871325682719802,-1.01839517920743,0.0020733050756574,5.22148327594067e-05,0.00118275991519507,0.0823791395194795
"nig_indep",207,472,0.0124148504985644,0.00024506530377294,0.00885379724560995,-1.00581525099667,0.00164241370349604,4.39024344259463e-05,0.00100282052692483,0.0687833821213797
"nig_indep",208,492,0.0116717641213874,0.0002360201187804,0.00842947351450104,-1.03256329918868,0.00104925753792335,2.52144151955281e-05,0.00064250037259767,0.0480390742650821
"nig_indep",209,451,0.0113345905709259,0.000200021108869577,0.00802839036065998,-1.05776445236049,0.00153802563896917,3.86268375724328e-05,0.000932731686330739,0.0698189144471812
"nig_indep",210,237,0.0107360812134424,0.000195664966627868,0.0076256486743373,-1.08806654567998,0.00146892068546105,3.15214923357503e-05,0.000826479923145468,0.0596657555726711
"nig_indep",215,233,0.0145740522186635,0.000368456755020724,0.010449750645518,-0.937032521996908,0.00616580382459038,0.00020286481838353,0.00334709003501037,0.159708077809725
"nig_indep",216,421,0.0126979870005541,0.000268954752464061,0.00894958147066505,-1.01066892546058,0.00379048346691439,0.000108223701027545,0.00207029735319698,0.113107189595475
"nig_indep",217,413,0.0137358092887379,0.000313119632300092,0.00970334983014944,-0.973988569588863,0.0054340817188366,0.000168080382605363,0.00320350226232824,0.182845040069943
"nig_indep",218,364,0.0105180181257865,0.000190113590129171,0.00764645654403552,-1.08773226817144,0.0033651601555595,8.16537855305184e-05,0.00186041733761861,0.122192369131373
"nig_indep",219,266,0.00916011287759093,0.000134264346986138,0.00661755191610226,-1.16257583054303,0.00262871042106072,5.32649835125327e-05,0.00145957025578749,0.115808853172741
"nig_indep",224,255,0.0172079167770368,0.000474192006747709,0.0120496284828066,-0.863807203778373,0.0034976717303608,0.000135197589641031,0.0018337831808068,0.0686749315710716
"nig_indep",226,293,0.0141308793206782,0.00032596454774954,0.00982751555978248,-0.97215232920933,0.00558583494973707,0.000180046514689286,0.00314647493314083,0.14887036417752
"nig_indep",227,363,0.0119408258071668,0.000224926866390994,0.00875435863920829,-1.02424009645394,0.00551294881681621,0.000148655392852308,0.00289237085598752,0.15689253792961
"nig_indep",229,293,0.0141032197215103,0.00038954627151594,0.0100957218054756,-0.960784298077109,0.00338938664676607,0.000114283772023144,0.0021258975946351,0.120595812397756
"nig_indep",230,122,0.0101363816754316,0.00016842835154233,0.00719126773256819,-1.11864266367417,0.00251302345135727,6.20628506258637e-05,0.00144749853429917,0.0969459573176677
"nig_indep",233,204,0.0174604107364391,0.000557324359495441,0.0126511024603563,-0.833912675892379,0.00617677035059494,0.000264275025507291,0.00395520611361957,0.194896658448528
"nig_indep",234,485,0.0140933808550014,0.000320602291821289,0.0103180216805999,-0.921351869430564,0.0043770141904651,0.000140458184988022,0.00278770963844853,0.176103216014021
"nig_indep",235,459,0.0120664298457848,0.000229300198017603,0.00839909676299664,-1.04473402243616,0.00452253893098571,0.000121689749429431,0.00263342770791138,0.16761944930936
"nig_indep",237,366,0.0109663929551846,0.000199725783475302,0.00796961525849895,-1.0700351398816,0.0037724066313329,0.00010777213561701,0.00233539749514661,0.159706318294963
"nig_indep",238,429,0.0106743091677356,0.000181392035623034,0.00747106718279505,-1.10231683959721,0.00399926017090655,9.6001384887398e-05,0.00238933927215437,0.168640644576278
"nig_indep",239,307,0.0104092352126817,0.000173754407916851,0.00736262010079361,-1.11036857617531,0.00400801735293965,0.000100392303140671,0.00239328828925041,0.1648145912966
"nig_indep",240,390,0.00959082173050121,0.000144960598509964,0.00671899316424506,-1.15575813121432,0.00355294554185716,7.47093304325011e-05,0.00203347539300782,0.152321571829944
"nig_indep",241,356,0.00920043135262846,0.000140840179624604,0.00663037364594262,-1.16047172780273,0.00269904981011521,5.27254443710855e-05,0.00148539786579952,0.121444122172318
"nig_indep",242,267,0.00815528159569112,0.000109329766958207,0.00583980263540822,-1.22755223427701,0.00298080244676495,5.07499543043075e-05,0.00153166997100331,0.128526214327248
"nig_indep",243,274,0.00768329515872219,9.37092233408129e-05,0.00541001455260765,-1.26587337271523,0.00206352951229336,3.6568196356216e-05,0.00113961427260511,0.100102489582725
"nig_indep",244,355,0.00825599172775075,0.000108099579245205,0.00580633545621113,-1.23306170264565,0.00241546982825902,4.35736243117411e-05,0.0013143832253449,0.111737545294956
"nig_indep",245,375,0.00673012652997536,7.62162380353597e-05,0.00482429387387088,-1.31787911274464,0.00125764173111672,1.76395432206615e-05,0.000592088159252165,0.0528356876932682
"nig_indep",251,362,0.00934941556491028,0.00015481890016052,0.00666324069417347,-1.16249834692726,0.00242489636458016,5.02436924092863e-05,0.00131535310483544,0.0966292597964555
"nig_indep",252,300,0.00958194137120849,0.000146113800655386,0.00674282789720024,-1.15498729281452,0.00252241726758928,5.22920191107535e-05,0.00138037589781273,0.0969628588738283
"nig_indep",253,335,0.0102671759522152,0.000167529740797258,0.00730160203959726,-1.10735755985409,0.00253488977320781,5.59671112572364e-05,0.00145647572432911,0.113218611331303
"nig_indep",254,352,0.00894305123104164,0.000126161239352057,0.00633199658569236,-1.18549614853012,0.00299780004277487,5.58254114401704e-05,0.00172866454186439,0.153307295569533
"nig_indep",259,259,0.0780991095837536,0.00772951994742924,0.0606376545799416,-0.0026354739233218,0.0339958493837528,0.00530727875183891,0.0176232297417913,0.220907769404023
"nig_indep",26,244,0.0130634144524847,0.000301647224077214,0.00947049327359937,-0.970703708714076,0.00482112363419304,0.000160683774197911,0.00312825133090446,0.200482495208207
"nig_indep",260,240,0.0576300049337384,0.00451987856459794,0.0427118068655614,-0.226682175992319,0.0386042982537727,0.00435089003247598,0.0162138012177687,0.211320260029948
"nig_indep",261,271,0.0435415786216674,0.00265814445765662,0.03280640026023,-0.359603166097427,0.0300901466007904,0.00253745092147036,0.011016572158855,0.158587275607203
"nig_indep",262,298,0.034118237351236,0.00160339060772312,0.0225083400785851,-0.547224547482646,0.0164105878390905,0.00123084193629324,0.00954454489808331,0.194505757835243
"nig_indep",263,376,0.018322696158893,0.000508916724852235,0.0124699315710829,-0.839172411719478,0.010564984400205,0.00043824181431063,0.00563830252846964,0.190950539763977
"nig_indep",264,321,0.0108241593521544,0.000200252070067972,0.00769924685377336,-1.0882452046066,0.00429871158667749,0.000107155747594878,0.00221265129987205,0.127782310305217
"nig_indep",268,319,0.0303035829140104,0.00130428865764075,0.0188400815437587,-0.628266536039446,0.01594204438443,0.00104430788105429,0.00865904533815329,0.183886334268983
"nig_indep",269,328,0.0356412883385915,0.0019451019548636,0.0249398027008945,-0.499213548308391,0.0213691748301162,0.00182833940552551,0.013152353800234,0.271935668141566
"nig_indep",270,383,0.0442990487174301,0.00279552047176959,0.0266200069221488,-0.45718411274159,0.0201940455707167,0.00193384836604381,0.0116265624145201,0.179422576038162
"nig_indep",271,364,0.0509708619052861,0.00366437158327183,0.035265018424349,-0.326097896290096,0.0254042892174209,0.0027211028794081,0.0129661121679562,0.19251093777791
"nig_indep",272,344,0.0445015733717312,0.00298146405618052,0.0439538995032557,0.394069590105017,0.0105470290157826,0.00119139551352682,0.00675514580176429,0.268795682928335
"nig_indep",273,246,0.0433616669829486,0.00260829031396078,0.0287402043855163,-0.425793038021852,0.0180247148190509,0.00189046344078806,0.0129481267167886,0.247499688163619
"nig_indep",274,180,0.0340500895484411,0.00155804160017135,0.0216104291150891,-0.56990717434652,0.0157689106483006,0.0011825220182312,0.0098857977987091,0.228272114275193
"nig_indep",275,209,0.0155834910309362,0.000528102264929578,0.0106949519182581,-0.919824385585009,0.0087863912397607,0.000542103665119245,0.00749042558015971,0.351762091358085
"nig_indep",276,249,0.0118588064493408,0.000286642527537091,0.00848941201189278,-1.04063118835248,0.00786193544658586,0.000305016326306785,0.00592610131623849,0.370294773263226
"nig_indep",277,315,0.00871431143119205,0.000124622963491128,0.00646629033246692,-1.17440144004577,0.00420348582451675,9.22714888563298e-05,0.0025099019204889,0.208439502820949
"nig_indep",278,287,0.00716170406372915,8.71959765599487e-05,0.00518460722986872,-1.28433446483026,0.0018621910538539,3.53094043509038e-05,0.00116319754808817,0.123897978565037
"nig_indep",279,292,0.00770807252351327,0.000111042132971311,0.00559053114455554,-1.25268585426947,0.00139659074934212,2.34366128657961e-05,0.000796748504738094,0.0886892786949676
"nig_indep",28,140,0.0282612249118231,0.00119417240846301,0.0201927285680349,-0.600708117168429,0.0169404842479373,0.00108574688913899,0.0101021385450356,0.298735596116418
"nig_indep",280,124,0.00758790730107186,9.97247510014456e-05,0.00538756145407429,-1.25397692778091,0.00262245324501565,4.48054293694052e-05,0.00142556728394228,0.121924177267011
"nig_indep",283,154,0.0337055377069188,0.00159545779477521,0.0236991607634543,-0.517592333165948,0.0146801951974043,0.00108391770357922,0.00898408734111977,0.222420760221951
"nig_indep",284,436,0.0257066305492431,0.000918972153907194,0.0178324627544197,-0.665779639592504,0.011931018850753,0.00067791427562909,0.00657973674347533,0.19367340169597
"nig_indep",285,250,0.0180314749196119,0.000498187173478653,0.012548290993347,-0.842255535750533,0.00889001715445087,0.000392399750550265,0.00535485734462574,0.198456007458822
"nig_indep",286,319,0.0124752473564198,0.000256395966705168,0.00879841852802145,-1.01628931707261,0.00502076418185912,0.000173929135918515,0.00343048352778759,0.208848567987115
"nig_indep",287,428,0.00949902856041832,0.000140744171915359,0.00660879487987262,-1.15687774775872,0.00518951030518078,0.000113471190083951,0.00292335978758765,0.206971932226157
"nig_indep",290,291,0.0744745085043727,0.00848279658227155,0.0529177943487831,-0.123479930213121,0.0347257414280694,0.00577904353510051,0.0188007308215533,0.167651093192272
"nig_indep",291,231,0.0544522807066384,0.00537493123731455,0.0394740536481835,-0.283310345072809,0.0294625650398131,0.00425121608258834,0.0176880060428744,0.232888726103304
"nig_indep",292,284,0.0261010986006867,0.00110686709203479,0.0195692956610145,-0.621113049774239,0.0141061397902282,0.000881225825005525,0.00746883073621351,0.175645104190152
"nig_indep",293,260,0.0261847181143685,0.00116692047937012,0.0261021262676114,-0.268727051128893,0.00682878019953002,0.000410284610451053,0.00380731694012372,0.158855279250134
"nig_indep",294,284,0.0374500622749806,0.00218926225790639,0.0291432496774795,-0.39241047911823,0.0195585173743656,0.00162235450262296,0.0114942956247252,0.271463243341702
"nig_indep",295,354,0.0401341938148151,0.00259902174105063,0.0295726957373184,-0.414853132944236,0.0195255544840131,0.00187145089983405,0.0115437770299749,0.2235909231839
"nig_indep",296,364,0.0464774357513304,0.00346675084324777,0.0332847148853116,-0.348203853199001,0.0183020667149413,0.00189462209487161,0.0110537405094682,0.196956613395315
"nig_indep",300,210,0.0403577732928881,0.00256260798371414,0.032179386259196,-0.309989233628023,0.00638744487531621,0.000580241166620916,0.0042529025022011,0.115159125823578
"nig_indep",301,257,0.0259349369733813,0.00108613878188401,0.0174721666143222,-0.679526785917918,0.0108960980618595,0.000671054200377674,0.00675177823225813,0.187163518499261
"nig_indep",302,261,0.025140108383919,0.000976757010343058,0.0183918349923568,-0.648154171051314,0.0147142206169408,0.000851937610931474,0.00860906653636548,0.259503957494344
"nig_indep",303,229,0.0212841866961915,0.000721051823711027,0.0150278588486591,-0.752971008333301,0.011404650232468,0.000609354437312808,0.00727003074942373,0.258053364112053
"nig_indep",304,286,0.0318214479179078,0.00141856585462762,0.0223136604158523,-0.514805733427108,0.0157310237301437,0.0010876440189262,0.0118464284147016,0.38515929387247
"nig_indep",305,147,0.0292633536174389,0.00128668255281662,0.021480399686908,-0.561148679156457,0.014704886157303,0.00110848185225559,0.0106658912624392,0.310927895736556
"nig_indep",306,161,0.0200337987871942,0.000540617819408569,0.0115672240989477,-0.853097646673258,0.00691791123069526,0.000273969101797551,0.00338645427791531,0.100853633713229
"nig_indep",307,229,0.0323979065426276,0.00145605482543613,0.0199043428067968,-0.607538255019274,0.0165002004112773,0.00111864484771038,0.00926026082813453,0.202312522568478
"nig_indep",308,242,0.0394965303515082,0.00182070553833368,0.0246949960937365,-0.502448496908022,0.0154365070824562,0.0012809892318578,0.00989136317318787,0.218170520016487
"nig_indep",309,242,0.0264135653335254,0.00118445262841414,0.0188322918829934,-0.620679110919029,0.0146420176981002,0.0010790026905456,0.00791492890857982,0.157517342133478
"nig_indep",310,240,0.0229859068186759,0.000662821762605392,0.0115966353638087,-0.822410693433293,0.0100225953227194,0.000479778858438869,0.00603895013207589,0.152020994723917
"nig_indep",311,269,0.0128621439328913,0.000268111081970289,0.00987055986098025,-0.951854163415903,0.00669573608755076,0.000210935525682867,0.0041037924460837,0.256024741748448
"nig_indep",314,402,0.0314580808846144,0.00168491382924454,0.0216536862769969,-0.574435532544762,0.0203966862049976,0.00153033327232158,0.0116041043630052,0.252216933376795
"nig_indep",315,448,0.0365143864653098,0.00180305722164198,0.0242501510682436,-0.513177311645501,0.0167276909610408,0.00126431218636212,0.00892007562486249,0.1865009245151
"nig_indep",316,404,0.0369213004808632,0.0017425203806032,0.0255178000224354,-0.485328330570662,0.0164925205784215,0.00121936744282241,0.00857843466381354,0.184698653325378
"nig_indep",318,476,0.0520078676712161,0.00369406739567321,0.0340929230376616,-0.342027232657504,0.0274145675822312,0.00300216212714208,0.0137474497918498,0.186447308268752
"nig_indep",319,384,0.048158845106736,0.00346173981462597,0.0336365950757797,-0.347504603457095,0.0253007598176302,0.00276797269890935,0.0136477898751556,0.181500055178628
"nig_indep",32,742,0.00659065930188449,0.000118820590205079,0.00516439091181216,-1.2989103008436,0.00249385284514861,4.25485301457115e-05,0.0011860811955429,0.105559436664483
"nig_indep",320,510,0.114916333353235,0.0177141958835505,0.0833932425283871,0.115723996350969,0.0507786631548598,0.0121760348553851,0.0268838425499913,0.204815150091591
"nig_indep",321,427,0.141548834700079,0.0249190846780395,0.0863592665873175,0.123986931922853,0.0600553331054989,0.0161380602378873,0.0260466534334342,0.135107731255711
"nig_indep",323,310,0.0953658962843327,0.0140792738067887,0.0614290196363998,-0.0439650542922984,0.0544803206834992,0.0124832149703399,0.032409907600234,0.220659082874495
"nig_indep",324,367,0.0657292320381215,0.00662932218941791,0.0444238740924128,-0.208074289095547,0.0317375619912827,0.00497507705439509,0.0197568952516418,0.21361753397417
"nig_indep",325,355,0.0443154346827512,0.00346960190177487,0.0292996811073474,-0.420981086516681,0.0221558033991947,0.0027426199672057,0.0148143663036213,0.224030538895939
"nig_indep",326,475,0.0457462146726888,0.00315193973286653,0.0306229970280234,-0.406182342077976,0.0166163843105283,0.00182079294573223,0.0101582900947226,0.167212373073576
"nig_indep",327,453,0.0381797732276548,0.00250161094471294,0.0281928088286282,-0.442296494664967,0.0185378403138705,0.00169196532843767,0.0109748441847369,0.218959634732467
"nig_indep",328,513,0.029009975835642,0.00149257760002868,0.0237074509686945,-0.51897676785775,0.0159049416571151,0.00118355799308879,0.00904248062428639,0.231070788163061
"nig_indep",329,319,0.0392806021603982,0.00270270845580826,0.0282131667244814,-0.442095233906131,0.0146288002626506,0.0013689917746632,0.00897100183084193,0.183990726841709
"nig_indep",33,1151,0.0133019900563986,0.000325931207357172,0.00965972847837447,-0.979134925479083,0.00716284761135634,0.000281634029729943,0.00445032656742068,0.209214580947383
"nig_indep",330,499,0.0202587974799817,0.000953868853779886,0.0154219748478356,-0.757293154620447,0.00562089322526199,0.000252629246793546,0.00260236800364114,0.0696562980285092
"nig_indep",332,349,0.0205970766736364,0.000716065437459459,0.01694317529558,-0.644823539684785,0.00664820216631529,0.000327585758493111,0.00379133464434123,0.15847947820935
"nig_indep",333,399,0.0165836687506911,0.000412071809226863,0.0110062372582191,-0.906480661260338,0.00871367854462755,0.000339699655410634,0.00511889941064911,0.205619094664794
"nig_indep",334,347,0.0131900380031835,0.000265993333143586,0.00944824337161342,-0.984226088090316,0.00694280262741212,0.000216765322530397,0.00424128919767175,0.251336663712726
"nig_indep",335,293,0.0119410018827773,0.00022930051327962,0.00858888726447962,-1.02587945594941,0.00631328467450957,0.000177513286657159,0.00388217847184597,0.257138166301698
"nig_indep",336,170,0.0112150622158277,0.000193310122667716,0.00781408403539862,-1.08173961479158,0.00591132675124569,0.000149280930177756,0.00320291200499504,0.187570003809908
"nig_indep",337,298,0.0110101813392667,0.000208676869955812,0.00770724964969567,-1.09943789092759,0.00589885310726689,0.00014428199164172,0.00329034400199434,0.215904347754124
"nig_indep",338,339,0.0162309108004308,0.000402559123413582,0.0115419861435243,-0.884975047470584,0.00965815987375543,0.000350092896373687,0.005450956829339,0.250797619925607
"nig_indep",339,304,0.0194802151859013,0.000554186488841557,0.0120503493333125,-0.857503633838806,0.00931905160426957,0.000414713210417692,0.00566787076239711,0.203344169456102
"nig_indep",34,470,0.0442070674237421,0.00387069548141277,0.0323972511910093,-0.373711075562331,0.0268815525648016,0.00324699529009621,0.0167574961792654,0.252334680705537
"nig_indep",341,329,0.0934182753231884,0.0145933106107787,0.0686866802745047,0.0107713843415524,0.0556327205911048,0.012249975109657,0.0334941037866939,0.275865158820926
"nig_indep",342,415,0.0722072144227917,0.00692073382531138,0.0503584393084053,-0.145027543416495,0.0108626157915678,0.00160035744966101,0.00547773875342541,0.0590313112146572
"nig_indep",343,464,0.06775818259473,0.00645990520605116,0.043827301026615,-0.215456985501764,0.0326580716006481,0.00500845311097325,0.0200631687853495,0.215858301144012
"nig_indep",344,248,0.0500765820364989,0.00370558275203959,0.0287325808117333,-0.406516787482823,0.0252508945269043,0.00296447861356655,0.0148514633145623,0.19082421876134
"nig_indep",345,444,0.0391522714443369,0.00251161798570713,0.0311771535947462,-0.36742651576053,0.0209531918756043,0.00198739672737776,0.0121948633051337,0.257765056799121
"nig_indep",346,655,0.0556115174461756,0.00576567185460704,0.0410314480658221,-0.256031778165306,0.0290101702272048,0.00396566129669768,0.0178458795979042,0.267809932415937
"nig_indep",347,389,0.123150111704955,0.0189931951988581,0.0921355903485163,0.183288026833478,0.0431128227933366,0.0103090532955311,0.0205330202803551,0.152417264201914
"nig_indep",348,391,0.0833052623745491,0.00973860770556494,0.0575663575946216,-0.080274620347777,0.0479979259187275,0.00836529827993,0.0264153779558873,0.247815340533868
"nig_indep",349,340,0.0587203053238408,0.00652927615763679,0.0413881344445992,-0.248951414273634,0.0381744957145854,0.0062254677028169,0.025756657538839,0.312228839083411
"nig_indep",350,318,0.105947252787155,0.0148675409666677,0.0621364112368052,-0.0335738462942054,0.0508956832543306,0.0113741507783814,0.0281376483874702,0.185786546585027
"nig_indep",352,392,0.119932120419414,0.0214190652051605,0.0853213947484582,0.116628086558827,0.0627250968610266,0.0171706204925252,0.0374219875845868,0.231503263256744
"nig_indep",353,360,0.218238618018856,0.0521383780733523,0.141996948804848,0.399812420772075,0.0618402287288492,0.027937701819904,0.0418842679893168,0.20321403213253
"nig_indep",354,489,0.151149295843615,0.0285218867094109,0.0965657177686962,0.179751629341612,0.0674059714300975,0.0199777131086642,0.0324178629881749,0.153926223563315
"nig_indep",355,568,0.118244760064014,0.0219494538711227,0.0720052932243921,0.0360481733212287,0.0580829331105595,0.0191937119065213,0.0423649067810633,0.257729027421776
"nig_indep",356,299,0.0912384759497177,0.0122394782153057,0.0609579149800557,-0.0535597839911719,0.0471145822549888,0.00978808065844128,0.0266467587471412,0.207299721206197
"nig_indep",357,487,0.100388850209934,0.0152373557287857,0.0693530426502466,0.0126147943181868,0.0497052910843056,0.0113642838768203,0.0291989900008293,0.213837032119764
"nig_indep",358,444,0.134413213828924,0.0238079331404469,0.0941167575124873,0.172236719014585,0.0592539876789899,0.0169224336933303,0.0328402587235543,0.20462053508935
"nig_indep",359,327,0.12882755089825,0.0225695945513113,0.0929664113825383,0.182170289961607,0.0494181724125561,0.0132034368108727,0.0313916779412341,0.22834517359452
"nig_indep",360,305,0.071052386091433,0.00915882424855939,0.0464659068112415,-0.18756543517405,0.0220461629103591,0.00372688742085686,0.0146999068583438,0.149665992308429
"nig_indep",361,230,0.0580237736963038,0.00508533880424418,0.0385631046030354,-0.282372371353178,0.0321035591001435,0.00421518245186428,0.0186063538408727,0.228818027725209
"nig_indep",362,261,0.0229999617376111,0.000920704421014845,0.0153635718744136,-0.748045068023715,0.0110972318632744,0.000599694002380977,0.00629740531785043,0.182214328700613
"nig_indep",363,189,0.0191321735436826,0.000487734035876397,0.012498636630015,-0.841759112841797,0.00265914818985951,0.000105109331627643,0.00158659932175023,0.0665333150917014
"nig_indep",365,363,0.0964417667176233,0.0131954227159223,0.0634746717435802,-0.0353364089484919,0.0508059490542181,0.00956033109656632,0.0267726505280518,0.200195281739449
"nig_indep",366,473,0.126155193229182,0.0202996977386991,0.0850644324897703,0.116983462964281,0.0483809450386164,0.0123019509026349,0.0239551087168073,0.153765589692716
"nig_indep",367,400,0.0981103746608258,0.0119531668773744,0.0616980729215536,-0.0457522514066724,0.0395952919729819,0.00797098382384762,0.0205513248701115,0.160791824065124
"nig_indep",368,466,0.0940890349868899,0.0125011193383755,0.0681749691845132,0.00927532105441849,0.0411315106344563,0.00865969538095211,0.0248157855274383,0.210113473119087
"nig_indep",369,449,0.117548235659513,0.0183963670812952,0.0953446561868865,0.239636273767554,0.0577920257856811,0.0137060671481311,0.0298366522808746,0.253324686884876
"nig_indep",370,143,0.0142949290896954,0.000325233247562277,0.0102419529442278,-0.929392062808634,0.00697943537413122,0.000261026357068163,0.00380550421053387,0.149528923336967
"nig_indep",371,154,0.0178592234367578,0.000593615943540122,0.0142498822736162,-0.777313785665406,0.0117472619866056,0.000591122957684756,0.00698173296366431,0.26708246276075
"nig_indep",372,167,0.0375177684686314,0.00190255792862246,0.0254432217222638,-0.486419130352891,0.0135561371900041,0.00117377234644087,0.00875182011627736,0.192171686839073
"nig_indep",373,304,0.0188128792298065,0.000587869718428645,0.012567437980007,-0.812466853084942,0.0109675741587681,0.000424833933504598,0.00398637692949084,0.108264317334064
"nig_indep",374,487,0.0581824393314039,0.00573304279430702,0.0457684390471819,-0.156021468378202,0.032107755086007,0.00511589541164967,0.0240825776436325,0.386600411634869
"nig_indep",375,399,0.0384595979489517,0.00231054442594192,0.026333891555549,-0.46809805216217,0.0234231783197732,0.00230166371201559,0.014230675703611,0.243699565136491
"nig_indep",376,402,0.0970678344443863,0.0158374926856379,0.0688913742570401,0.016144619157732,0.0530317722369466,0.0139429856866277,0.0346617111821474,0.292943650555198
"nig_indep",377,543,0.104248059827526,0.0146962083996372,0.0767648924495517,0.0738745868372447,0.0536376850419815,0.0119747729957679,0.0292761250911491,0.231425408227361
"nig_indep",378,433,0.0748398977698663,0.00807791703111621,0.0498917728617038,-0.150519543294034,0.0388904171117147,0.00632153225696273,0.0196285641017461,0.176352784948268
"nig_indep",379,309,0.0859068090547297,0.0105597305215923,0.055186885716922,-0.102972417243291,0.0361222428834811,0.00653564973810282,0.0212169710188303,0.187204106190898
"nig_indep",380,357,0.0873998147572612,0.0114311857173061,0.0556127961160539,-0.0949897955209761,0.0444815659317152,0.0098613500529756,0.0300327544645387,0.243046305479725
"nig_indep",381,328,0.125164496295846,0.0197490982956273,0.0716612432950343,0.0364153261368373,0.0381632981896971,0.00976874979520009,0.0216362703824114,0.125481447292698
"nig_indep",382,328,0.149099246157604,0.0280970297502004,0.089163169790615,0.142626593437422,0.0589412519305534,0.0171853649954247,0.0306965535361971,0.149498094383008
"nig_indep",383,336,0.0923208283284643,0.0144677517240839,0.0591447845659475,-0.0591663654124154,0.0531922321651256,0.0122835776769082,0.0291177482157183,0.20571123293142
"nig_indep",384,274,0.0235476739462011,0.000747729319920532,0.0154505193079798,-0.740030332609295,0.00917436260204445,0.000403324482732614,0.00438461302972515,0.1355194443324
"nig_indep",385,210,0.0177792784168645,0.000422812415033796,0.0196644170496061,0.751795134669361,0.00292728525384652,0.00011052508464704,0.00155103048479225,0.212422613536502
"nig_indep",386,233,0.00570570826327675,5.55877273811614e-05,0.00395732106998086,-1.42009146416958,0.0037321986168204,5.43593375331418e-05,0.00216875471920388,0.254216817980934
"nig_indep",45,434,0.0206831656645068,0.000743570993842785,0.0147069717897667,-0.767431932607984,0.0108439825615127,0.000614184238488497,0.00725035909915315,0.264530564840939
"nig_indep",46,422,0.0207344312560625,0.000777603193712283,0.0139153093443571,-0.796823319488298,0.0092003481479581,0.000462915165879556,0.00540564784204434,0.194364678240057
"nig_indep",47,597,0.0205045807287974,0.000628029702141869,0.0118560302091268,-0.861333777982025,0.00813346016918568,0.000364215436618802,0.00491058030422019,0.162708563234112
"nig_indep",48,591,0.0188973038001828,0.000529944507531809,0.0126247187245273,-0.838940904584076,0.0100574085449528,0.000433317599002192,0.00599276498407592,0.223894113068408
"nig_indep",49,367,0.0101982064420191,0.000175872705917835,0.00752170337388556,-1.09292210153273,0.00453344715716737,0.000102284699743142,0.00272396517816468,0.224014736860859
"nig_indep",54,329,0.00785851211717791,0.000113090976547875,0.00578697948184269,-1.20725176494287,0.00386479766108358,8.18844319268284e-05,0.00198760018965543,0.117719082336156
"nig_indep",55,843,0.0213642274129746,0.000650774589010526,0.0135227433080788,-0.802702152459069,0.00858540771582517,0.000407842512584907,0.00467154231701336,0.150580078500231
"nig_indep",56,760,0.0396326018087062,0.00256033035491036,0.0277978922416825,-0.452797483351736,0.0190484537016503,0.00191950522481048,0.0103614868940381,0.156878550139756
"nig_indep",57,173,0.0170860032752748,0.000599127458742558,0.0128800827641003,-0.821998474389433,0.00305042762017703,0.000147044477402757,0.00171528781108917,0.0539890848848824
"nig_indep",59,214,0.00495833020276356,4.68540740464491e-05,0.00392534077087704,-1.41526449910355,0.00204863289378808,2.40256858729086e-05,0.000839477800165532,0.073175015596057
"nig_indep",68,1003,0.0292087071407917,0.00161214921589465,0.0237165943382285,-0.509342819792106,0.0146018718233268,0.00121743451104518,0.00967233078412676,0.2800514059744
"nig_indep",69,634,0.0294065824175231,0.00138337894997345,0.0206269968181992,-0.595287468886546,0.0155756058150561,0.00110438469691984,0.00915148587111767,0.212027421306486
"nig_indep",70,380,0.0406385838822281,0.00225020397750004,0.0274483027332557,-0.451635846687951,0.0201081730884235,0.00172833940579543,0.0110874179209416,0.21039496939404
"nig_indep",71,374,0.0312550052538531,0.00134001279277184,0.0200415977807988,-0.606041432524623,0.0181042404889892,0.0011465583004052,0.00936438763322107,0.214592260022824
"nig_indep",72,479,0.0248095099721233,0.000844641568451637,0.018532813020623,-0.632890495414016,0.0141375045355293,0.00073807115880585,0.00740152295849743,0.25032262500115
"nig_indep",73,378,0.0137829525031702,0.000288987499891632,0.00894433934837985,-1.00660320271841,0.00627317376346302,0.000207773852908872,0.00382329389642962,0.191589614334838
"nig_indep",74,544,0.0106097956642665,0.000176781162939168,0.00735299460048095,-1.10961284828035,0.00543170286976519,0.000134676402212981,0.00335079226844652,0.238257340743807
"nig_indep",79,486,0.10010848613745,0.0144921173516395,0.0716090486291611,0.0320119434164563,0.0422610192332322,0.00918312422349713,0.0221869202785132,0.173169602522453
"nig_indep",80,496,0.0828215457377626,0.00950968682950414,0.0496248659778096,-0.15049628022001,0.0356526571861647,0.00632823744703273,0.01851010621237,0.151203534047018
"nig_indep",81,400,0.0385713228559591,0.00289583477509297,0.027915172368571,-0.457269921696022,0.0164110373317357,0.00167578381431815,0.00952615395520949,0.174563651995126
"nig_indep",82,496,0.0228201110667886,0.000869953524444488,0.0164095926497013,-0.699728794052289,0.00940876574649,0.000520356187643779,0.00465785301353705,0.104571900555743
"nig_indep",83,589,0.023365435207129,0.000876416145774696,0.0169143470387038,-0.658299330001993,0.0125559572467059,0.000710761997871733,0.00563661053014981,0.110179745429235
"nig_indep",84,483,0.196158179601864,0.150024241631024,0.112682123326806,0.255914110525916,0.1426950269085,0.198413871391247,0.138335028757394,0.665098595589033
"nig_indep",85,436,0.0302634074795456,0.00104301360287817,0.0175434702714776,-0.674869931452966,0.00590455551797447,0.000383869052438517,0.00390444387032082,0.110699714715954
"nig_indep",86,368,0.00288684044830851,1.7851612701218e-05,0.00206721497800634,-1.72970011783161,0.00124249078894372,8.66053190964985e-06,0.000546841389296905,0.0879537767934006
"nig_indep",95,563,0.036479932162238,0.00231136289472164,0.025852135251141,-0.486703229886018,0.0198031564295091,0.00191410213935702,0.0130229517746308,0.28349768515047
"nig_indep",96,880,0.0333291852938575,0.00206036853276524,0.0242309794428576,-0.522401565003369,0.0163564042999215,0.00144201729674365,0.010595225793311,0.24851026534847
"nig_indep",97,552,0.0302640912311095,0.00161639695581655,0.0218226507183408,-0.578137048081853,0.0175626821040329,0.00128112593437472,0.0107076639699814,0.269332594468996
"nig_indep",98,440,0.0236651018236359,0.000927988286593001,0.0165944242123046,-0.706882380926368,0.0110031449918466,0.000571303776205852,0.00637249387542372,0.213300656830843
"nig_indep",99,316,0.0199187880978632,0.000689257275012535,0.0139105514017088,-0.795778173047675,0.0100401821593136,0.000469596668315253,0.00655639958403991,0.267031299419455
"gauss_cor",100,392,0.0188145761357696,0.000579808062366338,0.0131595310524204,-0.818268657447468,0.0101702410443281,0.000499229578927748,0.00672516235957795,0.255481755174452
"gauss_cor",101,410,0.0224302693898346,0.000747192761833306,0.0154557322676498,-0.735315778290531,0.011611334095009,0.000585495520861075,0.0070297219830096,0.240999758479845
"gauss_cor",102,442,0.0170597604620724,0.000430223453397216,0.0116221311835725,-0.879415759575554,0.00898271304625866,0.000338168952771557,0.0049037718411875,0.195011780089375
"gauss_cor",103,408,0.0139676589365858,0.000285140056711091,0.0102839099997724,-0.935828368393523,0.00801548379537694,0.000243632099707051,0.00453389025290274,0.252518492777679
"gauss_cor",104,538,0.00760018816388396,9.52129859142121e-05,0.00559979689734953,-1.2457109318108,0.00336198281636536,6.15348751394484e-05,0.00196946182957378,0.190414121750897
"gauss_cor",105,228,0.00671107090074719,7.37203113321722e-05,0.00466469968981273,-1.33274776083767,0.00217197350042273,3.16644787531432e-05,0.00116768408185996,0.121265390432837
"gauss_cor",107,310,0.0166048780284105,0.000518517305472011,0.0121733386593467,-0.864749073697989,0.00594848944939205,0.00025123898890181,0.0034183986981029,0.138246638908903
"gauss_cor",108,360,0.0507706059912974,0.00400029650984566,0.0351301389351015,-0.331406224846032,0.0208833618592303,0.00242130828610847,0.0123769909829992,0.182769625432907
"gauss_cor",109,610,0.0380064507173821,0.00235275248414413,0.0257165525185515,-0.485846889800923,0.0186586849487996,0.00163140823147002,0.0101290214829029,0.167453822042425
"gauss_cor",110,540,0.0244703033892459,0.00108306950258006,0.0171504718895229,-0.682191751451441,0.00953526590036858,0.000556226580007371,0.00475233444925827,0.107784581143461
"gauss_cor",111,373,0.0344319726179728,0.00172806865121164,0.0227235792930853,-0.541492902333016,0.016754239074669,0.00132344081822604,0.00941886885088548,0.182598798637237
"gauss_cor",112,421,0.0282844931804658,0.0012324924597315,0.0175963639234665,-0.662386594698985,0.0131892125086052,0.000884967384896732,0.00771423323099481,0.174497448683399
"gauss_cor",114,182,0.0300939854871009,0.00148446201859113,0.021596830774238,-0.566056790568462,0.0146269224352028,0.00105950023056776,0.00916088531498591,0.242171998562265
"gauss_cor",120,836,0.0136062268798093,0.00063008364777045,0.0118597389080856,-0.867860178262073,0.00359891263371386,0.000108328844128955,0.00140423766834449,0.0535313510023941
"gauss_cor",121,713,0.00858506444521411,0.000125434996602466,0.00674368666554079,-1.11733953738445,0.00334787739560919,6.46271128485432e-05,0.00130476888597253,0.0634492974322502
"gauss_cor",123,340,0.00816044938564961,0.000108652745917433,0.00575912845754316,-1.22721408068671,0.00233972268482807,4.51546603169425e-05,0.00131889164389602,0.105419682229998
"gauss_cor",125,290,0.0132702080630683,0.000317470603326002,0.00967042636417099,-0.973382603249012,0.00159129297218911,4.62205832323059e-05,0.000849274659629423,0.0413906700391149
"gauss_cor",126,858,0.0326264595195341,0.00155892027268641,0.0233969083466853,-0.528225771694611,0.0167491445179765,0.00122041889020849,0.00977288867980696,0.230288663769993
"gauss_cor",127,949,0.0400987669017678,0.00213369235258612,0.0251223727642121,-0.489876801108505,0.0186277061476046,0.00152220425562062,0.00953425986308817,0.167570650039385
"gauss_cor",128,476,0.0336603936704196,0.00160154246449887,0.0226641644527352,-0.544963930402285,0.0162204595755042,0.00118100523288434,0.00882131879809011,0.185496282928871
"gauss_cor",129,337,0.0276349344827108,0.00115084610688389,0.0187617597376289,-0.640650899027987,0.0148119087473458,0.000971402583142168,0.00933032045346948,0.242173112552799
"gauss_cor",130,330,0.0219650236486164,0.000716333085695317,0.0133456025869592,-0.791842679322193,0.0110093194042458,0.000582524861895029,0.0069428117297275,0.193232193093816
"gauss_cor",131,282,0.0174114881435878,0.000486863169538376,0.0123562530998218,-0.849720725622962,0.00971348792386068,0.000407446290089191,0.00588799377163456,0.238239657188871
"gauss_cor",132,353,0.0155414561710614,0.000396403164090898,0.0112793734712429,-0.889375356800675,0.00660422740357963,0.000255900182097644,0.00428015069555744,0.223653278123026
"gauss_cor",133,631,0.00993211524836253,0.0001653945602566,0.00716986165671611,-1.12789540254587,0.00256553511771417,5.72415332327629e-05,0.00143873978522508,0.100536292779637
"gauss_cor",134,326,0.00923721366738855,0.000135233348644789,0.00654134256695468,-1.16644583673545,0.00307691849731827,6.31509277439427e-05,0.00159301846568027,0.110082937638291
"gauss_cor",135,278,0.00937334621428677,0.000138075940784908,0.0067214655647327,-1.1534645154899,0.00323118958358733,6.37120846279388e-05,0.00178451212796743,0.141000381196242
"gauss_cor",136,250,0.00717746963778771,8.40894954797254e-05,0.00519216623898392,-1.29093119849746,0.00267014354095707,4.57145677707814e-05,0.00149872450891825,0.145757973028553
"gauss_cor",137,241,0.00651211190919102,6.652146935548e-05,0.00453461288971365,-1.35495020805579,0.000959253344137251,1.38257959486143e-05,0.000520763872319581,0.0523060633908892
"gauss_cor",138,151,0.00789834677888593,9.85779601992545e-05,0.00565274022518751,-1.21360740992839,0.00139156953338965,2.26129906383188e-05,0.000716655670243199,0.0509137638363514
"gauss_cor",139,209,0.0239576502856237,0.0025226808928491,0.0186978729262986,-0.634965609497589,0.0160996464491078,0.00315067394821147,0.0141508983109891,0.4341249961018
"gauss_cor",140,163,0.0226250019916539,0.000823519245106537,0.0150428405235943,-0.752393636389034,0.0107922830878144,0.000548596877809201,0.00594521209182915,0.176036161080556
"gauss_cor",141,243,0.036744669613977,0.00198108405150112,0.0269290143773025,-0.45674436457503,0.0168888922252208,0.00136058483870386,0.00909909121980602,0.188556936056984
"gauss_cor",142,325,0.0187240345117188,0.000666588087282192,0.0133753730307936,-0.807214563657959,0.00817566109364204,0.000441752464503148,0.0049528344795826,0.156057504811528
"gauss_cor",143,415,0.0123979053322593,0.000241538630418989,0.00877543757628807,-1.01555516693797,0.00534139190851097,0.000150188202275568,0.00269269218414192,0.129175036654767
"gauss_cor",144,477,0.0147307287458847,0.000338486772368869,0.0105820902306196,-0.927963159258249,0.00698067317153628,0.00024768936199383,0.00419626618109881,0.205698386972896
"gauss_cor",145,520,0.0215365862971531,0.000666950244357417,0.0148898064161849,-0.75746257456168,0.0139608642200139,0.000641995603601502,0.00770627813494069,0.264539263405818
"gauss_cor",146,327,0.0171086183788527,0.000438264241310383,0.0125919731978634,-0.837568186125024,0.00916766412454714,0.000344081265222457,0.00503888301462004,0.215950413592241
"gauss_cor",152,153,0.020585995134102,0.000698839279630056,0.0147243723337804,-0.76257411186506,0.00936513968711688,0.00043942539981674,0.00524136866900116,0.174689108777974
"gauss_cor",153,452,0.0177583325283678,0.000485663113339,0.0120929342887727,-0.863206370533942,0.00888382180796087,0.000361954456726896,0.00540829269314344,0.227313139695485
"gauss_cor",154,592,0.0138460126059651,0.000288856249782305,0.0103084942119736,-0.939059632089236,0.00687739382237724,0.000212689291768349,0.0038770562699808,0.208132775023701
"gauss_cor",155,130,0.0140631111839724,0.000295419726168884,0.00991552816408105,-0.951365163436828,0.00495175081245022,0.000157997467681264,0.00313918456533762,0.186522693875207
"gauss_cor",156,842,0.00956038413995518,0.000153735321509287,0.00679063708773298,-1.15629002098641,0.00185503684051612,3.83356480668651e-05,0.00103596997112734,0.0755025068146207
"gauss_cor",159,191,0.0113788877360394,0.000265999632586656,0.00856948223144262,-1.02446541966453,0.0055429517766554,0.000236187653699425,0.00351254598727517,0.163372242214708
"gauss_cor",160,481,0.0160052479904786,0.000415597342866673,0.0113422499004827,-0.895794037316754,0.00867188890287834,0.00032623065239662,0.00475336850168877,0.196193481515037
"gauss_cor",161,416,0.0141980900959336,0.000322732344952208,0.0101087938378789,-0.9516594248666,0.00604989196126302,0.000190080785722468,0.00324245307216808,0.154869053923009
"gauss_cor",162,313,0.0117945963920838,0.000211741830293163,0.00825588032154696,-1.05182765965745,0.00316306318131987,8.16381800474596e-05,0.00175281761045658,0.0972640827249742
"gauss_cor",163,295,0.0102627486912421,0.000170832579466353,0.00736021924209237,-1.11034786369001,0.00167551165300786,3.66302433005308e-05,0.000909645748489428,0.0596415958822458
"gauss_cor",164,313,0.0100624696096427,0.000171523121041698,0.00728683340415853,-1.11618362773594,0.0021247226496436,4.34165485331625e-05,0.00109666745925784,0.0750266788345747
"gauss_cor",165,435,0.00993728587979925,0.000154069634087746,0.00697110880126264,-1.14048214661888,0.00196124864525686,4.10229939183829e-05,0.001070924383788,0.0753507759004249
"gauss_cor",166,369,0.0104720423619997,0.000173490829316522,0.00742467736375632,-1.10552505199618,0.00112011517776944,2.49282727874777e-05,0.000638494843184699,0.0429865947540904
"gauss_cor",167,327,0.011290642825819,0.000202701873310205,0.00800340652891293,-1.07172388049929,0.00216913807828254,5.53111090005115e-05,0.00119012853810263,0.0724601600062057
"gauss_cor",168,356,0.0117919268738681,0.000234196225582139,0.00845133586048502,-1.03943447712432,0.00228405614269177,5.75192552402356e-05,0.00125910728041459,0.0771658163158808
"gauss_cor",169,245,0.0112998052807378,0.000205818602380357,0.00798580786603325,-1.07426953283922,0.00253895839979466,6.50344977115021e-05,0.00140217928338883,0.0847506828601442
"gauss_cor",170,260,0.010558696081634,0.000180792071740392,0.00769807267373837,-1.08723347891114,0.000906077288633112,2.03677031507741e-05,0.000548169582927354,0.0380478499483493
"gauss_cor",171,345,0.0101301549988064,0.000155902657007629,0.00707859608296279,-1.12670043808927,0.00233163634000563,5.27349252733839e-05,0.00133011164522086,0.0909583154375377
"gauss_cor",172,379,0.0100380757525073,0.000169701063523052,0.00729503034299817,-1.11212789646478,0.00342457992389882,7.78160749943668e-05,0.00179896062145559,0.113899087371763
"gauss_cor",173,366,0.0095271479655583,0.000147121237630764,0.00688915380730709,-1.14084252526318,0.0023335707203521,4.77259888704015e-05,0.00119760463313073,0.0790787650099045
"gauss_cor",174,143,0.0138084876290615,0.000302821431338493,0.00899476946930715,-0.943708986095087,0.0060140161219286,0.000208846000452563,0.00354266184187136,0.114445589396116
"gauss_cor",175,134,0.0469584099801456,0.00436764502254528,0.0296994638710439,-0.397600171690232,0.0310417521014174,0.00489201360708682,0.023650761985538,0.343816989788965
"gauss_cor",177,175,0.0273369630253945,0.00138898642441299,0.020053818456795,-0.606394266462781,0.0110610671606186,0.00101846823117281,0.00811124399181684,0.231852836624872
"gauss_cor",178,256,0.0172930517640053,0.000508191030735904,0.0123180587823318,-0.853369405441256,0.00661365428507408,0.000247049304033103,0.0037127943304246,0.169122198197257
"gauss_cor",179,262,0.0136731647463544,0.000313771182022045,0.00995670493520198,-0.957606958818886,0.00541536378231188,0.000165113855639575,0.00302684421018554,0.162967328627246
"gauss_cor",180,570,0.0118031934766165,0.000220639103359828,0.00850859387346977,-1.03612856894241,0.0049063336055671,0.000126459337981398,0.00261433772109897,0.154112771124618
"gauss_cor",181,221,0.0144934915159291,0.000369307961627914,0.0103326148772913,-0.94025652877546,0.0071699199624508,0.000261997438322968,0.00421722886973135,0.213784957093288
"gauss_cor",187,113,0.0179717174542399,0.000527139780628902,0.0130293010453527,-0.815265037422441,0.00444820008600199,0.000220751274842157,0.00284821758217986,0.108212289797486
"gauss_cor",188,266,0.0160513130202822,0.000408449337135959,0.0109964500048667,-0.905117382410753,0.00656868990174624,0.000237656004076586,0.00358807884014611,0.141252560536025
"gauss_cor",189,335,0.0150214121921817,0.00038187553516692,0.0108947614740378,-0.907020219733763,0.00512568594381605,0.000178430379681094,0.00299844579465851,0.143092792380332
"gauss_cor",190,304,0.0120967933463694,0.000232898779206641,0.00888912433789654,-1.00663684282456,0.0035141870230074,9.14524040799778e-05,0.00188667799650764,0.105993556357156
"gauss_cor",191,580,0.0105247788452879,0.000183928450650691,0.00762400224240225,-1.09085943031095,0.00255708980691822,6.36744459583595e-05,0.0014983091287558,0.0971837191536734
"gauss_cor",192,359,0.0109389255290227,0.000192862387562922,0.00789358516784361,-1.07361821158489,0.00358657395604185,8.83589814536373e-05,0.0019844588669188,0.123265027677398
"gauss_cor",196,170,0.0116257874051062,0.000233556990332327,0.00848014669041,-1.03600875416405,0.00291296390373698,7.61084958493382e-05,0.00147177390214407,0.0790247694397784
"gauss_cor",197,277,0.0101115546083045,0.000160139703225772,0.00721989661304818,-1.11656313593956,0.00224245106214123,4.68054002270602e-05,0.00115314712503672,0.072757335166094
"gauss_cor",198,392,0.0107286669852273,0.000191703838612095,0.00768873856957122,-1.08926893240932,0.00153524139677922,3.4923862479483e-05,0.000820700242868043,0.0537876719800546
"gauss_cor",199,420,0.010833359517979,0.000189242326023576,0.00776196364169363,-1.08213038419446,0.00203673941403657,4.67441778336899e-05,0.00110864713208131,0.0718608893225776
"gauss_cor",200,460,0.0105561424218356,0.000177818575500995,0.00752676052488233,-1.1000725754514,0.00190437036953177,4.36666146185986e-05,0.00102637288975663,0.0703961243541272
"gauss_cor",201,418,0.0111786673322097,0.000209534340117195,0.00809372175138699,-1.06080089541949,0.00236617160028044,5.44863338822428e-05,0.00127951756240691,0.0853864152709553
"gauss_cor",202,399,0.0115345404503248,0.000210770262967522,0.00821566958145092,-1.05274026177247,0.00108059146750479,2.61573105744403e-05,0.000656539413249233,0.042142034412559
"gauss_cor",203,445,0.0120562366415021,0.000229921410282773,0.00856744828599472,-1.03117315408049,0.00207973000894168,5.55619394837805e-05,0.001211937202489,0.0759098840550005
"gauss_cor",204,419,0.0117683248868386,0.000223904764368051,0.00837245858104304,-1.04241514760859,0.0021390717550501,5.13085902934298e-05,0.00116942482227832,0.0739434452006811
"gauss_cor",205,480,0.0108020526313456,0.000187310309798803,0.00771550347766239,-1.0866619023977,0.00114133682825785,2.37223478340889e-05,0.000599988632657426,0.0393614289936007
"gauss_cor",206,415,0.0118553852329308,0.000238749127423725,0.00863025791838611,-1.02660305288357,0.00191347038786954,4.78003724126656e-05,0.00104529121111189,0.0679406373073288
"gauss_cor",207,472,0.0121490264812038,0.000234305090368136,0.00865352223934619,-1.02599416863073,0.00184719733036055,4.66120143590472e-05,0.00102775574354482,0.0664149175993113
"gauss_cor",208,492,0.0115024888328694,0.000229138701280257,0.00831705371339398,-1.04623300853576,0.0010136122584591,2.50980798092388e-05,0.000621300093334291,0.0420272836369035
"gauss_cor",209,451,0.0113104946493095,0.000198323662596478,0.00801397368531632,-1.06427394219134,0.00179754153510105,4.19230642522454e-05,0.00104800310099009,0.0731233041775225
"gauss_cor",210,237,0.0106045945420598,0.000199933085746459,0.00777977290151158,-1.07966995543108,0.00188780846415039,4.19254062789657e-05,0.00101804009365231,0.070344734195256
"gauss_cor",215,233,0.0146495322196229,0.000375138664829172,0.0104840293734225,-0.935603996526726,0.00564942314633738,0.000173852716889409,0.00291327048531302,0.137920740595164
"gauss_cor",216,421,0.0128869192844679,0.000274065831798346,0.00918303132314893,-0.99678374907358,0.00471215246787518,0.000136131960983881,0.00262368221378006,0.142694976574246
"gauss_cor",217,413,0.0135276134681321,0.000308358265274752,0.00975429039293316,-0.968643376233408,0.00460595275919143,0.000134704694533944,0.00260940552845626,0.145659482260726
"gauss_cor",218,364,0.0108815050158111,0.000202536814141419,0.00800998864969149,-1.06470476127114,0.00389765259481595,9.71061841769335e-05,0.00213306734606595,0.13294358203175
"gauss_cor",219,266,0.00929608621911981,0.000137761290518992,0.00660106236693928,-1.16405171469389,0.00295566210096937,6.3402341919208e-05,0.00165436140578672,0.119276173871945
"gauss_cor",223,164,0.0222001560544261,0.000908288216011989,0.0163716041111769,-0.710944108348188,0.0081992650550267,0.000400815646664935,0.00408747240960735,0.13156107051937
"gauss_cor",224,255,0.0163752062560902,0.000433147944765591,0.0116649315989616,-0.881842232598952,0.00295812276343065,9.94928608187688e-05,0.00155829780472914,0.0690790140153039
"gauss_cor",225,311,0.0143905112268474,0.00033428706550856,0.0102309353054566,-0.955460978782229,0.00449140225915345,0.000135876435029121,0.00241830700893442,0.121302395650804
"gauss_cor",226,293,0.0136394335229084,0.000318564844580407,0.0099976219496792,-0.962653365372813,0.00528067212103318,0.000166262509838443,0.00327230382770881,0.193574890441986
"gauss_cor",227,363,0.0117281160222315,0.000209658247337419,0.00837188962105739,-1.04601645099864,0.00505000012745365,0.000135450271632489,0.00289186636999076,0.176754902823261
"gauss_cor",228,338,0.0126121967967871,0.000250961157988793,0.0088940494510386,-1.01663067715886,0.00716760294957949,0.000204902174743475,0.00411267273276405,0.231046635899245
"gauss_cor",229,293,0.013127332867988,0.000326973757572063,0.00963845345770016,-0.97288588601443,0.00351542001194914,0.000104419396218814,0.00205463294106373,0.123625709100956
"gauss_cor",230,122,0.0115855590351082,0.000217383190029777,0.00806709837702728,-1.06495270650855,0.00139101632678016,3.66499444828358e-05,0.000863819970307935,0.0564386933143949
"gauss_cor",233,204,0.0169023818112427,0.000525681858035469,0.0123428066454539,-0.849973768664886,0.00611594555787373,0.000214498489695043,0.00352750001699758,0.164279831027666
"gauss_cor",234,485,0.0139448222460686,0.000316158973449198,0.00983526704275485,-0.965204016566827,0.00399595897169614,0.000120505214910532,0.00224494548632613,0.11774328438259
"gauss_cor",235,459,0.0115727178529498,0.000215536717812439,0.0082855935884754,-1.05028684268108,0.00450686347252888,0.000119663913886813,0.00247161960378146,0.140218501099779
"gauss_cor",236,301,0.01083680956859,0.000178138380421857,0.00761529537179937,-1.08888971891981,0.00521600695668186,0.000128849235380301,0.00278754696479215,0.160227126995942
"gauss_cor",237,366,0.0103761338288663,0.000176403388666846,0.00728799916114932,-1.11205614207474,0.00324642661532495,8.23034579481557e-05,0.00175407730468616,0.103268224009943
"gauss_cor",238,429,0.010917154264958,0.000184683351884891,0.00748520399917001,-1.09998608740865,0.00447847922058277,0.000113063865187619,0.00261137981654448,0.16408232578016
"gauss_cor",239,307,0.0107186317010836,0.000178513015662038,0.00766213216570743,-1.0879942447421,0.0037624593247613,9.31875383075918e-05,0.00214075236155032,0.137544180601067
"gauss_cor",240,390,0.0095375945016949,0.000142025594627349,0.00665749660420293,-1.1570607604564,0.00355379631007189,7.70353458024016e-05,0.0019021542926739,0.128745792162601
"gauss_cor",241,356,0.00905960001887875,0.00012727543950319,0.00636471381835994,-1.17995540595619,0.00255168146268676,4.9390196834681e-05,0.0013522623329973,0.0982679524834026
"gauss_cor",242,267,0.00790289807334723,0.00010107794501286,0.00576158046582784,-1.22634258790428,0.00241402015552998,4.04392243625035e-05,0.00117731599719654,0.0872425745558741
"gauss_cor",243,274,0.00748525384868644,9.39592336300829e-05,0.00543909133913232,-1.25681315371693,0.00189353930682496,3.25591764092514e-05,0.000955845587050573,0.0751610200934054
"gauss_cor",244,355,0.00803883116303773,0.00010469716374124,0.00582796806698253,-1.22585972273206,0.00179524718223342,3.09093308343254e-05,0.000913303289600867,0.0715397800687446
"gauss_cor",245,375,0.00676564243434276,7.6663325258984e-05,0.00498133106316685,-1.2982326461587,0.00140275887594268,2.05326944892474e-05,0.000684428792565519,0.0571921110493296
"gauss_cor",246,177,0.00862220189981145,0.000131939563840128,0.00621999253097998,-1.19441052328657,0.000791474796636458,1.48929848720949e-05,0.00051490463092394,0.0512635676525649
"gauss_cor",250,117,0.0158451754623722,0.000455578687835645,0.0113972361228479,-0.872394454960714,0.00612099838269197,0.000233845909122756,0.0036648629923172,0.172034494266549
"gauss_cor",251,362,0.00911330997571176,0.000145471466859955,0.00671963286176867,-1.15394723292554,0.00241142728490895,4.59212687566794e-05,0.00118935890130499,0.082782072494954
"gauss_cor",252,300,0.00950321506209603,0.000145560698035765,0.00681131218132985,-1.14801287019392,0.00244326398852355,5.11618438223866e-05,0.0012758347427106,0.0835146769537465
"gauss_cor",253,335,0.0100776420204833,0.000163670912542266,0.00720052645800467,-1.11689614778774,0.00235802619802013,5.06268269332005e-05,0.00124533819838392,0.0843982233510091
"gauss_cor",254,352,0.00848762141523547,0.000116836977609782,0.00603998693116903,-1.20754002371255,0.00296986723527562,5.61242062375569e-05,0.00156891505858042,0.117970063894499
"gauss_cor",257,126,0.0315466494118388,0.00163986608884193,0.0213064983958543,-0.582448757006128,0.0153495713740859,0.0011541244676339,0.00901580482569118,0.203624798542018
"gauss_cor",258,146,0.0743151482439184,0.00749425702850353,0.0484122698609501,-0.167766627627503,0.0335260132643962,0.00501463393540214,0.0184172423012661,0.187772307283827
"gauss_cor",259,259,0.0773866171281242,0.00769128774243192,0.0722876788053709,0.364680413893674,0.031912951895703,0.00474562177412545,0.0156983021416014,0.28498557241995
"gauss_cor",26,244,0.0110321434526731,0.000213240258059814,0.00817329964702528,-1.04207484094192,0.00554313919224769,0.000157805567930299,0.00294517226096965,0.147486745747879
"gauss_cor",260,240,0.0638494758061632,0.00557346375596695,0.0468456011738184,-0.174736633753353,0.0324686493667485,0.0043815006042116,0.017553951424971,0.225476056432904
"gauss_cor",261,271,0.0545184452378568,0.00385147574550553,0.0392823080153537,-0.261181283659737,0.0247289187668038,0.00265737733915671,0.012723503432705,0.197607629141275
"gauss_cor",262,298,0.0364310252200756,0.00183860384868405,0.0235670174811554,-0.526134659295055,0.0172783943646841,0.00138001186584825,0.0104922981866184,0.210816782997971
"gauss_cor",263,376,0.0199416169525971,0.00059268927165501,0.0146603602378443,-0.762028382614046,0.010282053275536,0.000473193569372343,0.00596781004271985,0.218119151260455
"gauss_cor",264,321,0.0107368577681369,0.000198424634484327,0.00788148248338429,-1.07263898860545,0.0046057166819208,0.000120888048808834,0.00241412802379648,0.13949181862561
"gauss_cor",268,319,0.0315917777698008,0.00150819847111975,0.022723002589096,-0.542838800403381,0.0202390957160439,0.00147024516541019,0.01190814362551,0.277919934767441
"gauss_cor",269,328,0.0357683879494604,0.00196635345642708,0.0237373762166586,-0.521187137207826,0.021209679252897,0.00178061096020582,0.0129115816111565,0.244715568282487
"gauss_cor",270,383,0.0419533366548887,0.00257706840029982,0.030221993511358,-0.40129962940193,0.024820516573611,0.00233184814838629,0.0141232407672788,0.252280355164974
"gauss_cor",271,364,0.0530425569215305,0.00408232308920665,0.0358882927447163,-0.318226543636135,0.0298018964736675,0.0033947378751321,0.0166403242661249,0.238795725343454
"gauss_cor",272,344,0.0417647523075544,0.0026838237942187,0.0314344583305184,-0.367311810573601,0.00438869596118407,0.000530998544527574,0.00309978647010516,0.0624518136034736
"gauss_cor",273,246,0.0436275658397919,0.0027894812873735,0.0313016122643019,-0.369489850868506,0.0227156206307498,0.00238440597171327,0.0155722510603504,0.31710339438458
"gauss_cor",274,180,0.0305288748173011,0.00122430434904508,0.0172643872558131,-0.661101455024831,0.0124231272749019,0.000841153444961217,0.0069474041236633,0.148474513555429
"gauss_cor",275,209,0.0151893492393601,0.000528014503557135,0.0107730936522454,-0.918327695235743,0.0100481614358603,0.000586126470741533,0.0081071503425534,0.356733550622195
"gauss_cor",276,249,0.0113581797077184,0.000234241996423608,0.00765827390407898,-1.08637122004925,0.00593681678894336,0.000206514560458382,0.00432335000099413,0.251339242586251
"gauss_cor",277,315,0.00953348131290755,0.00015744148200417,0.00735081593527293,-1.10426806236268,0.00429453789837298,0.000109165089521249,0.0027269571572091,0.217219277088135
"gauss_cor",278,287,0.00713564914946098,8.49631493012593e-05,0.00510812952882124,-1.2938449783333,0.00186784957052813,3.21598213496406e-05,0.00107906073403685,0.102212877097212
"gauss_cor",279,292,0.00786454769392891,0.000108462093305913,0.00558829773757982,-1.25692428971925,0.00184288663043458,3.2072709129288e-05,0.00102768664381986,0.0970372231023417
"gauss_cor",28,140,0.0255552199613686,0.00102552062545873,0.0177880203890072,-0.66997898102993,0.0166938443145144,0.000934274943036899,0.00879546417780966,0.244633355959958
"gauss_cor",280,124,0.00795033073185043,9.9227774068706e-05,0.00548534133851618,-1.24291314822612,0.00360452696563391,6.64324288201313e-05,0.00192587547041283,0.1552647440332
"gauss_cor",283,154,0.0339736952654803,0.0016176160016895,0.0211813631078659,-0.579549221977252,0.0142982917657157,0.00108498728250255,0.00878784759328973,0.192327848597957
"gauss_cor",284,436,0.026636245412963,0.000986269466447572,0.0154786278090397,-0.720791626981609,0.0112950892970035,0.000655019243111095,0.0065209635102493,0.161352091718612
"gauss_cor",285,250,0.0201429182479108,0.000633170654627984,0.0132163218426529,-0.81337367312812,0.0103569910935758,0.000532463287517325,0.00678057274416563,0.224892532436567
"gauss_cor",286,319,0.0119104542502055,0.000231873750862999,0.00877379799331664,-1.02278449421165,0.00555823870129062,0.000170059890809557,0.00327784266429112,0.19066500171868
"gauss_cor",287,428,0.00952647688500994,0.000141994442256802,0.00653149154176454,-1.15695817819908,0.00377984996907108,8.23239402713845e-05,0.00195975807113861,0.119347010214234
"gauss_cor",290,291,0.0762306074738962,0.00867686209608601,0.0513541578946085,-0.134766201803521,0.0372158992876681,0.00632135441082002,0.0210036898154722,0.194258309982619
"gauss_cor",291,231,0.062850656022043,0.00602668326156312,0.0423389274344393,-0.236020691346222,0.0253006869142604,0.0034385571951543,0.0155143771790523,0.197293180726351
"gauss_cor",292,284,0.0272272674594253,0.00121297034966652,0.0207116441360403,-0.592474670827425,0.0158531542441203,0.0011107785451741,0.00867109776826914,0.196269482257707
"gauss_cor",293,260,0.0272073300686129,0.0012008455710714,0.0264717082321543,-0.243997491385801,0.00623884630217735,0.000390743389811734,0.00366392925397341,0.156156617204665
"gauss_cor",294,284,0.0352873487299148,0.00209092556081887,0.0253659233872765,-0.493786295859721,0.0174364888199308,0.00144046941222708,0.0101927540579597,0.212523359209205
"gauss_cor",295,354,0.0400957718013559,0.0026155764466758,0.0289731174849385,-0.43092348722495,0.0189734487051818,0.00179047092584573,0.0112073732010832,0.212322009979365
"gauss_cor",296,364,0.0417928295191448,0.00279312438687816,0.0299248361972098,-0.406594286693207,0.0195444217201634,0.00181656564824282,0.010668922270268,0.18336644220556
"gauss_cor",300,210,0.0398688100302076,0.00235283406548405,0.0273655452947302,-0.454534559199443,0.00585838619047774,0.000511594963366923,0.00361211291909123,0.0707970117085848
"gauss_cor",301,257,0.0229911041426319,0.000864359056969134,0.0161843849784449,-0.716017517649256,0.0109686056276017,0.000545935887819903,0.00571234324272016,0.159631382230233
"gauss_cor",302,261,0.0251135886220699,0.00100593768788321,0.0205142807890378,-0.56370758577387,0.00878288873735432,0.000539372089050014,0.00526314491019903,0.183081170001021
"gauss_cor",303,229,0.0209272276321118,0.000681020160264035,0.0133622651691704,-0.80700986765511,0.00729922369073285,0.000386834825719326,0.00479716810047722,0.153631287578095
"gauss_cor",304,286,0.0214375542627531,0.000765752321140445,0.0158501958847699,-0.719587506697894,0.0119937359918843,0.000690727993552656,0.00863192317135894,0.317282284750323
"gauss_cor",305,147,0.0297915574093071,0.00130067496710988,0.0187516874597686,-0.640412673155204,0.0138828024263003,0.000971775569155518,0.00918872737041074,0.217514115907546
"gauss_cor",306,161,0.0235633319059511,0.000948048385255979,0.0158624616677462,-0.724187034980214,0.0160857100386903,0.00100947712048629,0.0102171999165216,0.300740744756408
"gauss_cor",307,229,0.0325658931942967,0.00144619906198411,0.0202268809803618,-0.599472744791132,0.0160754987849778,0.00108821823987952,0.0088750561736074,0.196992023093931
"gauss_cor",308,242,0.0333480574981794,0.00149194914933578,0.0229429086244823,-0.539390053551497,0.0140416258518087,0.00100832271145095,0.00741481792722543,0.169612945251401
"gauss_cor",309,242,0.0354409442012352,0.00172794379372433,0.0247001340482735,-0.50122564795957,0.0165985590963102,0.00127537978817884,0.00896581552032082,0.19593976474681
"gauss_cor",310,240,0.0256628210064773,0.000984810563958758,0.0178003032200547,-0.667849285310985,0.0164075412101937,0.000990305899354053,0.0100221356889464,0.291818874722709
"gauss_cor",311,269,0.0129850230522757,0.000266158996483485,0.00996018578879738,-0.949769355433479,0.00689010134182601,0.000211283153644146,0.00421240698653875,0.254818885440802
"gauss_cor",314,402,0.0303713723171588,0.00152861865424001,0.0193605632965046,-0.613393228056988,0.0101833702979012,0.000756440384745403,0.0056713049705889,0.110306590347416
"gauss_cor",315,448,0.0393102800697581,0.00204977220469361,0.0274485934026416,-0.44111359902701,0.0190369472643427,0.00158250242888266,0.0114331557249682,0.251373257217069
"gauss_cor",316,404,0.0366454685587239,0.0018059887040344,0.0192325146772507,-0.587204464589035,0.014198538321015,0.00107975336869041,0.00760223659813031,0.126901879845607
"gauss_cor",317,474,0.0433481583187172,0.00275553026688378,0.0350420646297899,-0.290062228895325,0.0197464605281346,0.00206697889697739,0.0122067947487498,0.250745119016975
"gauss_cor",318,476,0.0554016714974419,0.00402697301950061,0.0384172427359408,-0.280286304129759,0.0229714961157533,0.00265329595765852,0.0123944881421467,0.179312162186541
"gauss_cor",319,384,0.0587262808110165,0.00469490364088594,0.0377087598978136,-0.291058946326437,0.024118799565102,0.00321473157375409,0.0152238585385597,0.192155471690705
"gauss_cor",32,742,0.00665606755652148,0.00011763596182407,0.00515356589731568,-1.29535289641781,0.00241284210106479,4.1993804048845e-05,0.00129435191238939,0.129234640239518
"gauss_cor",320,510,0.127553179715845,0.0215187181621109,0.131813512110563,2.26083184176766,0.0199772474063054,0.00517129806587046,0.0113455228255291,0.283692470664979
"gauss_cor",321,427,0.157355432707972,0.0308868687626984,0.0976499711982898,0.180517490337336,0.0598438764265482,0.018079471874001,0.0316851529143719,0.164257407955712
"gauss_cor",323,310,0.101494175356717,0.0151850359365585,0.0731164195811407,0.0428089361689445,0.0532526895091642,0.0120333451339439,0.0314426934491236,0.251769530793477
"gauss_cor",324,367,0.0627946339339673,0.00586179303845588,0.041620436595716,-0.24208760248616,0.0325264917009567,0.00485032944113701,0.0192913348439335,0.208094692463188
"gauss_cor",325,355,0.0416331775521649,0.00288439245342347,0.0279545843105903,-0.439524697300987,0.0191965300907014,0.00211125869693078,0.0118722144962448,0.182383138683107
"gauss_cor",326,475,0.0409507868712295,0.00289276758327319,0.0285964053973705,-0.439081550806498,0.020937585801542,0.00212112390851686,0.0120278811897315,0.201403723088545
"gauss_cor",327,453,0.0389083367214585,0.00234947907723236,0.026280005123036,-0.473603294298517,0.0181127595559916,0.0015877380855659,0.0101282897327758,0.180004278294519
"gauss_cor",328,513,0.0300006249400195,0.0014695104001736,0.0246417690186982,-0.485121419219301,0.0125300782530632,0.000868216817842302,0.00694757930431284,0.183433000743767
"gauss_cor",329,319,0.0378121431514193,0.00249192592346986,0.0272181709194429,-0.456951628884773,0.0130566217563629,0.00112364668086588,0.00735942274200366,0.145231197059645
"gauss_cor",33,1151,0.0127194928108466,0.00027568704676423,0.00883131714465822,-1.02185907856232,0.0063688326120288,0.000209691210809286,0.00419770368295545,0.238048784867595
"gauss_cor",330,499,0.0201960352039021,0.000932116817781329,0.0153188207066789,-0.757222857064347,0.00610831485095769,0.000273847533091727,0.00275570909071043,0.0771347955256184
"gauss_cor",331,119,0.0385154022927486,0.00229452657171421,0.0234133722640059,-0.510519425221876,0.0225551253184261,0.00207933563001071,0.0123292685978981,0.190069409786434
"gauss_cor",332,349,0.0192326306866185,0.000617978963587636,0.0141304524391748,-0.782901941158117,0.0106525218780234,0.000482921587183143,0.00546723439685152,0.17620533737985
"gauss_cor",333,399,0.0160129270489154,0.00039521600766817,0.0105898149523185,-0.914324420434074,0.00821924038976727,0.000304898856224137,0.00449747935287249,0.167288040222865
"gauss_cor",334,347,0.0127422019824832,0.000248270918209619,0.00870179081969348,-1.02682892346185,0.00650963236090206,0.000195596079733509,0.00372324088825358,0.195941448982508
"gauss_cor",335,293,0.011451937270163,0.000210397900232064,0.0083505394543231,-1.04045576551234,0.00469277488384157,0.000124889085206904,0.00265474803590857,0.162715126348046
"gauss_cor",336,170,0.0107495122160337,0.000174772385801134,0.00738529522763963,-1.09676277574316,0.00539725259692179,0.000131449190347245,0.00270954949628666,0.148525859138567
"gauss_cor",337,298,0.0115657226969341,0.000216705924054753,0.00819119434352216,-1.05914375615598,0.00663341750420703,0.000168869620989303,0.00359796863349399,0.215272165949308
"gauss_cor",338,339,0.0165845324637333,0.000411748836095935,0.0109558342573323,-0.908936874876345,0.0101035639302994,0.000373170364682458,0.00571392555519955,0.235473745206816
"gauss_cor",339,304,0.0179653068685474,0.000485180685977801,0.0125015106374012,-0.846458317952979,0.0103728087512137,0.000435845109508164,0.00625780861127049,0.242554588427053
"gauss_cor",34,470,0.0485708215498621,0.00464763217052729,0.033934763348881,-0.34788309378232,0.0267707996733535,0.00394288474862309,0.0185644229153598,0.309472871764241
"gauss_cor",341,329,0.0912699169342605,0.0126455721170005,0.0658019790126465,-0.0119818359946963,0.0472936124344585,0.009975816728997,0.0282534100477231,0.239155517573793
"gauss_cor",342,415,0.07162103615245,0.00687692556127009,0.0488533773809214,-0.161920476652163,0.0319420695691877,0.0048300047637184,0.0169937223921999,0.174295610617882
"gauss_cor",343,464,0.0669682815010756,0.0061539696628829,0.0412892298179211,-0.241975362653968,0.0344314593806281,0.00506668912297932,0.020039468399247,0.210039195768657
"gauss_cor",344,248,0.0499029777454779,0.00373912553572892,0.0357474187012337,-0.314513610353222,0.0284513908488859,0.00329887512627657,0.0165835581912917,0.259210870343506
"gauss_cor",345,444,0.03721357637676,0.00222728442820302,0.0261751989174513,-0.473924418044328,0.022895147929188,0.00202608726102243,0.013546323990601,0.250557590629772
"gauss_cor",346,655,0.0540547613101267,0.00526580985254305,0.0376109289945475,-0.299301228642817,0.0230815139794089,0.00287896832814579,0.0138484724952075,0.200012457040114
"gauss_cor",347,389,0.120975892927648,0.0188035697278665,0.0897831853110658,0.16306731668188,0.0515152680350089,0.0119128020189488,0.0239989782552698,0.176599640382221
"gauss_cor",348,391,0.0805215774061327,0.00910863547190821,0.0482539926338763,-0.156255496374839,0.044850375076859,0.00761545886201491,0.0233286400132876,0.193035209119234
"gauss_cor",349,340,0.0525302354871225,0.00468173987063695,0.0358168582819592,-0.314473511220477,0.0308922679759459,0.00451121608914059,0.0197545245216087,0.249771461137681
"gauss_cor",350,318,0.10563718800009,0.0146296609283214,0.0670835848171652,-0.00501906988426093,0.0529971100023293,0.0127402319745145,0.0342540431293411,0.241735156179785
"gauss_cor",351,294,0.114402203641883,0.0179950138479063,0.0834405701226098,0.111921262588627,0.05347230773121,0.0127517964399663,0.0278940399608264,0.196441118892288
"gauss_cor",352,392,0.120026060120561,0.0211647908407832,0.0850170964733369,0.115092527607549,0.0650288580389839,0.0177989218015683,0.0389212217676776,0.240803372342704
"gauss_cor",353,360,0.167858965655701,0.0386543852077703,0.106430068029184,0.228909040434302,0.10469819612975,0.0357392530946491,0.052090901340769,0.219838765598996
"gauss_cor",354,489,0.164236404033936,0.0353352093660038,0.0764892318881635,0.131332881595455,0.059460543668397,0.0201925497975255,0.0324869870499387,0.118413701628987
"gauss_cor",355,568,0.111841914628748,0.0204525802350285,0.0793939885924314,0.0850364705027253,0.0674075795610108,0.0206334821922659,0.0482471518669277,0.337154427844443
"gauss_cor",356,299,0.0953072623545301,0.013100808769733,0.0668068802773086,-0.00500378734912817,0.043272917633992,0.00877913765888156,0.0238793319192889,0.195067614523053
"gauss_cor",357,487,0.0946218815329925,0.0140862673621655,0.0653060476703257,-0.0164348371077774,0.0493471628125115,0.0111671811005002,0.0286708144018338,0.209434126385583
"gauss_cor",358,444,0.133144412977308,0.0242038565130917,0.0774449164175735,0.0811670728763606,0.0619039540413532,0.0177725097995737,0.0347401202837747,0.178144786246712
"gauss_cor",359,327,0.125720549030949,0.0211270684904371,0.0859849558506781,0.125567638310446,0.0591650258730894,0.0161234993537399,0.0412415893724824,0.278113870060821
"gauss_cor",360,305,0.0627368963527302,0.00647414500148112,0.0417921604438726,-0.234611894728312,0.0371513625108135,0.00612739286490074,0.0245856135409227,0.26052488075734
"gauss_cor",361,230,0.0544152818954394,0.00444791067636528,0.0363441085993771,-0.30882064169698,0.0288719931649181,0.0037304911294094,0.0160872884318808,0.198225768296127
"gauss_cor",362,261,0.0216827647623199,0.000755763989985531,0.0181026436224952,-0.633826217633631,0.0110779414324821,0.000602571880823733,0.00621220750395761,0.223767937665407
"gauss_cor",363,189,0.017583901551357,0.000469917965018138,0.0125704128843102,-0.838477608498811,0.00850669458873505,0.000331642847561669,0.00456838259250202,0.183331485948678
"gauss_cor",365,363,0.0939324081218252,0.0135885701071484,0.0677099298458322,0.00185827346350772,0.0566428553269755,0.0128049403396663,0.0354638457023962,0.290987037043512
"gauss_cor",366,473,0.127944587739979,0.0206640266757964,0.068609744600604,0.0306062710313306,0.0508350107207044,0.0129282798363067,0.0250709320263637,0.132102097249892
"gauss_cor",367,400,0.0907736867381579,0.0104431299796483,0.0576538451738836,-0.0766508498695586,0.0412418419410079,0.00743657233781664,0.0204217141272195,0.161310948089494
"gauss_cor",368,466,0.0924397802865321,0.0125612557926004,0.0762626770693924,0.112793267709443,0.0447660053362709,0.0089321157962672,0.0236783788110701,0.237940242329827
"gauss_cor",369,449,0.112724782312372,0.016991451492275,0.0916287010025713,0.204492974997473,0.0440741958681083,0.00985950304086613,0.0213625316734493,0.177749014944476
"gauss_cor",370,143,0.014499820002889,0.000327892752999773,0.0103809736980249,-0.927423200642209,0.00893688395837595,0.000300590693371888,0.00435736003976539,0.167656219726209
"gauss_cor",371,154,0.0198799151135602,0.000604769013398485,0.0125506153086793,-0.830132415026415,0.0109437651251682,0.000512836263502625,0.00656668492132626,0.209523933950408
"gauss_cor",372,167,0.0337451482226353,0.00156227039924588,0.0235199238391511,-0.529429494598022,0.0156569199062446,0.00124915840178336,0.00927032982516482,0.208181539168806
"gauss_cor",373,304,0.0293750096813865,0.00191723685724813,0.0216530085845394,-0.571619726968411,0.0208834915379037,0.00216240504408916,0.0143248659424028,0.365381744044061
"gauss_cor",374,487,0.0535227705806224,0.00438322832626822,0.0402241073643212,-0.231404771119516,0.0217790143411892,0.00345669992641778,0.0174376846836682,0.296571822605089
"gauss_cor",375,399,0.0385839382217386,0.00227611988008305,0.0258951607141806,-0.466081329170823,0.0226815809132974,0.00208793127618421,0.0126243722344759,0.194287727403437
"gauss_cor",376,402,0.0891269153503937,0.0119989717579878,0.0565836988124942,-0.0857397508078294,0.0415101477729643,0.00967458738291019,0.0268303414672419,0.210180425183762
"gauss_cor",377,543,0.0974297473185211,0.0137661385772566,0.0597191667558729,-0.0451625837344723,0.0461016207434673,0.00913078176305068,0.0222648010339854,0.141381956456423
"gauss_cor",378,433,0.0805272768904462,0.00866964611765151,0.0539792571493236,-0.112739212557283,0.0352684759228393,0.00583324387629343,0.0185122243444018,0.169668831196401
"gauss_cor",379,309,0.0740022889827916,0.00785065566228133,0.0464538678062138,-0.176188136964495,0.0427249191282713,0.00702440651543322,0.0221438981375119,0.186652302663345
"gauss_cor",380,357,0.0869031346900611,0.0115509994706381,0.0567422240309319,-0.0845264888355233,0.0419652378337128,0.00905474240534699,0.0262595911893835,0.20940724530776
"gauss_cor",381,328,0.127117645086539,0.0201030179488662,0.0869845497446911,0.133922193174362,0.0415522380690493,0.0102500276157843,0.020780714074054,0.142385526687734
"gauss_cor",382,328,0.154882350875863,0.0299970029371903,0.0902773703534111,0.152125927970136,0.0648263906057564,0.0206501313643808,0.0363404765184986,0.170281802934822
"gauss_cor",383,336,0.0971767914103025,0.014956613570317,0.0695662803361437,0.0127791683337093,0.0553631950433033,0.0136186866924487,0.0339012347803358,0.262258087463055
"gauss_cor",384,274,0.0200154935745168,0.000548950906438983,0.0135723097118205,-0.794410309049739,0.00889317044777029,0.000364300567839338,0.00393581923302128,0.121654822140873
"gauss_cor",385,210,0.0172538662641926,0.00038087322952287,0.0117450764717121,-0.874235895242169,0.00233706553088801,7.67868301978563e-05,0.00117181651157712,0.0503372718465695
"gauss_cor",386,233,0.00535454067427407,4.93746540069421e-05,0.00374148393139104,-1.43629005117637,0.00343597940793957,5.01607128349603e-05,0.00208570018008193,0.232545021727707
"gauss_cor",45,434,0.021084082238339,0.000742338140133385,0.0144246352030209,-0.775586010151919,0.0106700740556742,0.000587404551663089,0.00671263484879438,0.223147358621838
"gauss_cor",46,422,0.0220275016991897,0.000766271326428508,0.0147232511769646,-0.766738121369483,0.0106309287204942,0.000536876650796381,0.00617941347572146,0.214553725737837
"gauss_cor",47,597,0.0212256899749568,0.000662257180136209,0.0145043684932909,-0.769988278352288,0.0109468690949178,0.000527688691293644,0.00668007902922783,0.245832603968848
"gauss_cor",48,591,0.019427841049376,0.000552731235244547,0.0132106166660522,-0.816518822732517,0.0107973853520719,0.000475769896208052,0.00647130680897108,0.241216601780169
"gauss_cor",49,367,0.0103629540873281,0.000182734937176332,0.00719641718718242,-1.12318225979107,0.00504934928113937,0.000124937101007322,0.0029547472491056,0.205613082199686
"gauss_cor",54,329,0.00703417877865636,0.000100132551742201,0.00577988257811601,-1.20325018527333,0.00402444926876716,9.11895247257393e-05,0.00202714308115707,0.131398829756585
"gauss_cor",55,843,0.0210273977670087,0.000665893818456,0.0142967752396967,-0.777382356878633,0.0107825577848132,0.000514996380277041,0.00564263098823674,0.177202175602377
"gauss_cor",56,760,0.0373170665820324,0.00225804642490235,0.0264115230090752,-0.484611557205498,0.0180767501788514,0.00166198101490415,0.0103809422563961,0.196975368094554
"gauss_cor",57,173,0.0156972378937284,0.000441514818880466,0.0119275609267972,-0.854572393014791,0.00277582070971057,0.000143667601998119,0.00185704624941558,0.0849042848171102
"gauss_cor",59,214,0.00410358615284314,3.18924079420604e-05,0.00271573788370818,-1.62217106450995,0.00164831434838623,1.51396918710461e-05,0.000864654301305832,0.138916762682796
"gauss_cor",68,1003,0.0281677135958624,0.00151249301369317,0.0212743129429998,-0.587895371515975,0.0122796472516809,0.000968524064441552,0.00764422543353594,0.189356929338007
"gauss_cor",69,634,0.0306192869076504,0.00145559555953896,0.0239560674672115,-0.504331467905597,0.0175091264745075,0.00123522337502662,0.0103572352580204,0.272219817136113
"gauss_cor",70,380,0.0384596688102681,0.00208654513070488,0.0252421677140515,-0.491664965260665,0.0188127864815223,0.0015517592901321,0.0104161678174205,0.190862150807971
"gauss_cor",71,374,0.0345104833788938,0.00138932719643834,0.0208037522493597,-0.590614651380463,0.00684374348459788,0.000445570542418637,0.00333606496035715,0.0756168272808759
"gauss_cor",72,479,0.0255786757566408,0.000862330681749389,0.0183243644105085,-0.645231041161095,0.0111798132080743,0.000585031594474943,0.00589676191190016,0.189473817067318
"gauss_cor",73,378,0.0142086261857495,0.000307653902521276,0.0102229915597092,-0.942313232770829,0.00854101014589577,0.000276888427032097,0.0050808637976405,0.268862054159563
"gauss_cor",74,544,0.0104765599684604,0.000172968722432429,0.00752768835289837,-1.09648538629635,0.00569803399201894,0.000137626634396069,0.00340032429709247,0.238959265316758
"gauss_cor",79,486,0.10788451691449,0.0163848726547228,0.069095680389219,0.00724565123051213,0.0506688805587581,0.0118166935160819,0.0290252498510584,0.205293892678195
"gauss_cor",80,496,0.0874300958660247,0.0106379208853189,0.0558229844232643,-0.100307813002868,0.0381655799858389,0.00696409207648181,0.0201906700090631,0.175479541852766
"gauss_cor",81,400,0.0345606068704628,0.00244070742966534,0.02475017944311,-0.518025164043956,0.0143580691881777,0.00122312195029368,0.00773024602638421,0.153416146144026
"gauss_cor",82,496,0.0218781349610716,0.000822666061727094,0.0155253389712023,-0.742092438566566,0.00823666232344825,0.000443844030805534,0.00466964713322251,0.141570830666755
"gauss_cor",83,589,0.0229144115938124,0.000820594192198511,0.0171205888994224,-0.685719754759682,0.0110653216379317,0.000579332035140081,0.00571940411768327,0.160132757380997
"gauss_cor",84,483,0.21630257367071,0.185063683481617,0.131637599183149,0.331363608625679,0.141246154481833,0.191534462040327,0.135539663061309,0.633103830908362
"gauss_cor",85,436,0.0300771625200625,0.00100931810108599,0.0161838107274562,-0.714251261742426,0.00547759044171284,0.000313518696152316,0.00346502127397381,0.0982378029353635
"gauss_cor",86,368,0.00242138068593249,1.07735239639281e-05,0.00173731647120104,-1.82943340277959,0.00122018152527123,6.9458420825266e-06,0.000617368514857906,0.149593824250025
"gauss_cor",95,563,0.035775909042225,0.00210871432258267,0.0257168208920418,-0.487572403863917,0.0173894386736921,0.00147048551191906,0.010602319770229,0.2281637842514
"gauss_cor",96,880,0.0334105299748048,0.00199167389490872,0.0227638136838146,-0.551665081715765,0.0172997003663081,0.00151409998587623,0.0107867647733466,0.225197335411856
"gauss_cor",97,552,0.0304615962043202,0.00157747560389329,0.0216396114023695,-0.581655182442097,0.01649330239008,0.00118568891586519,0.00975633180974874,0.234182160810784
"gauss_cor",98,440,0.0232245357241093,0.000895982700424906,0.017119378348236,-0.68766500535496,0.0108095856441335,0.000595503116023527,0.00642824698085554,0.214508736417818
"gauss_cor",99,316,0.0180033202444784,0.000559768029654655,0.0127226106555088,-0.835724551285007,0.00876260845689785,0.000401316851651679,0.00539326716426175,0.205980498244873
"gauss_indep",100,392,0.018945133979085,0.00058657154260753,0.0132633576539033,-0.812834925718807,0.0100828071396629,0.000498687171969493,0.00686348519286511,0.279017757005371
"gauss_indep",101,410,0.0225264855078794,0.000751959872536885,0.0155086067514986,-0.732625099041364,0.0116180309681215,0.000587727841415703,0.0071840887885388,0.255118026267101
"gauss_indep",103,408,0.0139932539382595,0.000286769706640187,0.0103405557417148,-0.929563022747681,0.00806101256580848,0.000245024206005179,0.0045897578867646,0.263743362255488
"gauss_indep",105,228,0.00673192102510868,7.43385650207394e-05,0.00469353446659945,-1.32635946324218,0.00213262495203939,3.18127881991259e-05,0.00128408353791417,0.155907907477457
"gauss_indep",107,310,0.0167187728035113,0.000545859813023722,0.0122563242679365,-0.863432164850951,0.00593735241418057,0.00025047803152352,0.00368639192532721,0.172005901416989
"gauss_indep",108,360,0.0516059509698685,0.0041509217635253,0.0357153792077712,-0.322892761128401,0.0211539649009813,0.00247845861349941,0.0124605229129812,0.180854737897008
"gauss_indep",109,610,0.0381882734265486,0.00237208049978479,0.0259461912186308,-0.478654174784248,0.018511447470222,0.00163931851338489,0.00987629900491173,0.15718931328726
"gauss_indep",110,540,0.0252846951628318,0.00113563040359043,0.0180619307213573,-0.644233238253324,0.00966988893606193,0.000574275371959441,0.00446640604686536,0.0894088644616869
"gauss_indep",111,373,0.0346618648709124,0.00176053582834371,0.0230754221253649,-0.53177660130344,0.0168162033433304,0.00135221609475241,0.00927268038353163,0.172189849162891
"gauss_indep",112,421,0.0291367822026729,0.001305460203696,0.0186051620761678,-0.630182968687144,0.0134550356548179,0.000933996474851194,0.00765841877370254,0.157843011137158
"gauss_indep",114,182,0.0319814398112579,0.00165499798970964,0.0228640620023311,-0.539172637258361,0.0155607152509551,0.00118411279514143,0.00841589027540223,0.163761304990849
"gauss_indep",120,836,0.0144054239917993,0.000664799152736072,0.0125793002708956,-0.801771762246445,0.00371763095654357,0.000118880792628773,0.00125998210901032,0.0327268317047168
"gauss_indep",121,713,0.00894084676304582,0.000132863191352115,0.00785564594182338,-1.00876219904925,0.0033150075588899,6.63558754836835e-05,0.001058193124739,0.0375801804001916
"gauss_indep",123,340,0.00853810814661411,0.000115416957500045,0.0058353254652467,-1.20906376975728,0.00283566497978372,5.67040277924739e-05,0.0015099413091505,0.103473738502583
"gauss_indep",125,290,0.013034767202443,0.000309515633307711,0.00955117796854545,-0.977215265576672,0.00158557656530859,4.43226622298576e-05,0.000889253610866586,0.0528276452424803
"gauss_indep",126,858,0.0326901210338159,0.00157649124178406,0.0235695602144594,-0.520991301257128,0.0169247189432639,0.001237007025672,0.0100466372376095,0.246680349800028
"gauss_indep",127,949,0.0402172223657869,0.00214722998771932,0.0250979535114223,-0.491275521075819,0.0186079844355212,0.00152863432858851,0.00956408558311297,0.172692621109162
"gauss_indep",128,476,0.0340095897706514,0.00164025468049653,0.0229712068227407,-0.538635206227645,0.0163538873613498,0.00120614234447153,0.0091427920594388,0.19904966150723
"gauss_indep",129,337,0.0274636623575355,0.00114692475445089,0.0187096218821681,-0.642079394009989,0.0148130836770472,0.000969140169645288,0.00953427418260862,0.254821510930587
"gauss_indep",130,330,0.0221986218114079,0.00073272050606335,0.0134613395196288,-0.792715152499914,0.0111391351187266,0.000592222741839977,0.00713876945791308,0.205442176974962
"gauss_indep",131,282,0.0174201898154448,0.000485157143773462,0.0124099222064687,-0.848250941577099,0.00972798726761289,0.00041035318254678,0.00611655276056749,0.262408905012932
"gauss_indep",132,353,0.0157641457819492,0.000408200450373202,0.011584587586537,-0.858915797687259,0.00657049430536647,0.000261493455183804,0.0046136619518778,0.268561359420987
"gauss_indep",133,631,0.009953324967237,0.00016636628563146,0.00719858234516154,-1.12286929974783,0.00257479136307405,5.74039501951756e-05,0.00152544191470383,0.123361804691385
"gauss_indep",134,326,0.00914810583567357,0.000132951855346594,0.00642263155506009,-1.18085343677435,0.00308098409329676,6.27997909717095e-05,0.00164038507067071,0.123044226269548
"gauss_indep",135,278,0.00935944283960257,0.00013796132058774,0.00673348209051438,-1.14840996714378,0.00326944477319212,6.36177975893327e-05,0.00193999990754066,0.167699593499774
"gauss_indep",136,250,0.00714333013668664,8.41927095189012e-05,0.00516615903691712,-1.28863552458662,0.0026459305937895,4.52076719997731e-05,0.00158854667147639,0.170971401520314
"gauss_indep",137,241,0.00651948604236286,6.65293033718895e-05,0.00455298540989325,-1.35591067922895,0.000941279145778072,1.35390205606011e-05,0.000560865525077126,0.0641641836921345
"gauss_indep",138,151,0.00772098972091347,9.76016355298022e-05,0.00554343974965481,-1.23408673230226,0.00136430643164096,2.17110617184242e-05,0.000714723661502818,0.0582327425030981
"gauss_indep",139,209,0.0242886703966935,0.00252641907974605,0.0189650286951614,-0.617257586652822,0.0161390049552154,0.00313548839666105,0.0143746586652164,0.480634124024378
"gauss_indep",140,163,0.0226843756169425,0.000826315188074787,0.0151061822486442,-0.750323464107307,0.0107825693357675,0.000550446210108756,0.00595111066903853,0.175389994888947
"gauss_indep",141,243,0.0366946730964301,0.0019840019727305,0.0268921260239259,-0.459571861077156,0.0171230627986107,0.00137195078272722,0.00895712409683953,0.17903497708576
"gauss_indep",142,325,0.0189870655840654,0.000681510350771778,0.0135831873267104,-0.794833673727785,0.00811162938952273,0.000447390404628808,0.00470465894006895,0.139704498040445
"gauss_indep",143,415,0.0124853947331904,0.000244292915446946,0.00900625634082378,-0.990720050936108,0.0053452530724106,0.000149758630675396,0.00245411770460473,0.103099823347613
"gauss_indep",144,477,0.0148694068251124,0.000345511957066362,0.010695097166593,-0.922038953546728,0.0070357488058683,0.000252842189873758,0.00400210480149878,0.175345261722971
"gauss_indep",145,520,0.0217210499023798,0.000685226649638283,0.0150728951482975,-0.75067162621766,0.0141520464048785,0.000658272169445051,0.00754390968635616,0.239996735686268
"gauss_indep",146,327,0.0175508455765076,0.000461182859202895,0.0128873787122964,-0.82717320816681,0.00918441179246038,0.000354103589635405,0.00479061829560396,0.177747901858985
"gauss_indep",153,452,0.020865931473634,0.000669105120970777,0.015020441649554,-0.730393559280436,0.0103836658998717,0.000481288433386511,0.00466930976924618,0.112926463479566
"gauss_indep",154,592,0.0143100141964658,0.000312781985800281,0.0107694472697499,-0.913850789297561,0.00715113625474222,0.000233849256678389,0.00352999172948207,0.140541444043676
"gauss_indep",155,130,0.0140773173734544,0.000301987326523765,0.00996914038154678,-0.955158399740887,0.00508294908410841,0.000167316678915108,0.00281629303338589,0.127075520617168
"gauss_indep",156,842,0.0100771656469677,0.000167790540206466,0.00714993859530417,-1.12679916238496,0.00183523878489036,3.89356535021956e-05,0.000955332548714518,0.0615885983431276
"gauss_indep",159,191,0.0114393371246599,0.000266729510997968,0.00840884372690438,-1.04127650721704,0.00550808088029025,0.000236189275882521,0.0037673848817116,0.197048829296124
"gauss_indep",160,481,0.0159032393702,0.000409471941980321,0.0112550454706094,-0.901380648742898,0.00872855000350545,0.000325732325713207,0.0050045124105504,0.223924788844814
"gauss_indep",161,416,0.0142493228279786,0.000324648870118674,0.0101138226412595,-0.948347843544389,0.00606735830753566,0.000190159200350139,0.00354035118651877,0.194773814570872
"gauss_indep",162,313,0.0116863448928588,0.000205845737137477,0.00810008957216986,-1.06380152757336,0.00306917433665825,7.82052678327071e-05,0.00179662598721499,0.110855799161494
"gauss_indep",163,295,0.0103783668943977,0.000174690291818975,0.00743626894869751,-1.10347061529326,0.00164406171597786,3.61155623548277e-05,0.000950646901760139,0.0684764849309763
"gauss_indep",164,313,0.0101792062217467,0.000172985672878433,0.0073568682150603,-1.10582863111432,0.00207689475904867,4.43786369398195e-05,0.00118463901274339,0.092262609549592
"gauss_indep",165,435,0.00990760368783412,0.000154158104815176,0.00695081688268776,-1.14139579634151,0.00193295431155628,4.05003727261663e-05,0.00110986162668213,0.0881686625322472
"gauss_indep",166,369,0.0106277981512932,0.000184025923421113,0.00762772293595936,-1.08418785382479,0.00113500166954763,2.54850983848357e-05,0.000700491742134346,0.054469393487998
"gauss_indep",167,327,0.0113320205409122,0.000206625967366177,0.00805466638477799,-1.06783090468126,0.00215558616553422,5.61794544135922e-05,0.00124011075852759,0.0834846727307419
"gauss_indep",168,356,0.0119061159724481,0.000242341740736708,0.00859295331310662,-1.02242171072079,0.00223526943161955,5.77037654183511e-05,0.00133744530035534,0.0908354214655702
"gauss_indep",170,260,0.0105421501456694,0.000180696780778461,0.00771820286239504,-1.08218863315752,0.000936377698145266,2.19054258810294e-05,0.00061660907642901,0.047169226742949
"gauss_indep",171,345,0.0100532133883489,0.000158189674653722,0.00710108756989497,-1.12359261750631,0.00229071249882399,5.17320076667967e-05,0.00135269280939089,0.101878857165625
"gauss_indep",172,379,0.0100585415890211,0.000169358199234022,0.00726555977137619,-1.11368307720673,0.00336348167740642,7.81191716559949e-05,0.00191451215322718,0.131513290877806
"gauss_indep",173,366,0.00954489174387738,0.000145926821491477,0.0068540536147591,-1.14193329073199,0.00241466311366042,4.92692702959289e-05,0.00128480102300841,0.092258652988218
"gauss_indep",174,143,0.0137661823895186,0.000296687373933133,0.00885272388313001,-0.955663972788517,0.00596363766289246,0.000206891827946884,0.00351548301884153,0.118000761282055
"gauss_indep",175,134,0.0470190737196122,0.0043689892157439,0.0296513728670329,-0.399790973114709,0.0309839427887409,0.00488567897380501,0.0238350977597643,0.353806087913532
"gauss_indep",177,175,0.0276579499956638,0.00140476757301344,0.0202320355520115,-0.602502414159075,0.0111986168561145,0.00102724951716537,0.00810642565878946,0.22397365957391
"gauss_indep",178,256,0.0172722279964455,0.000509152960077077,0.0122822153840874,-0.854906911707517,0.00655987620438427,0.000246710068826958,0.00365197375492399,0.165873019452608
"gauss_indep",179,262,0.0137162660417795,0.000315500336643712,0.010011900727982,-0.952677675556961,0.00538964365352154,0.000166009391300793,0.00311451336379579,0.175473107209476
"gauss_indep",180,570,0.0118036651283441,0.000220822884554386,0.00851647276789924,-1.03519476896219,0.00492972839453197,0.000127097088904829,0.00264858697076209,0.157885179727903
"gauss_indep",187,113,0.0185382133639499,0.000556982378765061,0.0141260968157405,-0.74829991233432,0.0046949541863689,0.000231550168629552,0.00242622285110753,0.0608170013806356
"gauss_indep",188,266,0.0173712660118368,0.000489145901862737,0.0124511735755437,-0.833217529617176,0.00684257460874033,0.000269559351135179,0.00337715008851787,0.107263819399695
"gauss_indep",189,335,0.0160535299321009,0.000413196982157554,0.0114365593098772,-0.883153414675083,0.00522447151530768,0.000191774804922534,0.00283829656092558,0.110714401622384
"gauss_indep",190,304,0.0121015691873715,0.000232772768021637,0.00900885078874129,-0.993220573305291,0.00351677823639568,9.26620613180667e-05,0.00166245791661042,0.0749923550796073
"gauss_indep",191,580,0.0109293111432551,0.000196524941747894,0.00799476454480084,-1.06028314868917,0.00260450745564332,6.58104036537596e-05,0.00137187112506769,0.0726652662542831
"gauss_indep",192,359,0.0115712616042027,0.000213041584015631,0.00838899151807518,-1.03541007435915,0.00363572106327524,9.30629435621731e-05,0.00180193563525163,0.0907239043419061
"gauss_indep",197,277,0.0102979033470761,0.000164895349531078,0.00729360787186957,-1.11243254070398,0.00223016938352334,4.70856284952977e-05,0.00123552162236921,0.0898135707370219
"gauss_indep",198,392,0.010779454354733,0.000195372157984179,0.00776433285390977,-1.0795536156734,0.00155675861143031,3.58040872016852e-05,0.000899863786211506,0.0670788387351442
"gauss_indep",199,420,0.0109808964845234,0.000195225570376124,0.00791472327335518,-1.06731133229157,0.0019739394074783,4.69734544020235e-05,0.00116648662978762,0.0837716583712955
"gauss_indep",200,460,0.0106460980564781,0.000180665029350959,0.00755481393347661,-1.09383814910315,0.0019076035956373,4.40092894076002e-05,0.00111137613612929,0.0830184428323199
"gauss_indep",201,418,0.0114301093882404,0.000215705803900835,0.00828969403296701,-1.03743999023417,0.0023490607087867,5.61386384532651e-05,0.00137034850423959,0.103502497528457
"gauss_indep",202,399,0.0122946832042314,0.000239768864223316,0.0087808149468158,-1.00695663604232,0.00109263855126029,2.72814984394519e-05,0.000672487351041669,0.0483169310797536
"gauss_indep",203,445,0.0119426575927078,0.00022733856830391,0.00860253462016947,-1.02045079484613,0.00213395676207773,5.48563323332583e-05,0.00127161129790554,0.0889691055503811
"gauss_indep",204,419,0.0118828102082139,0.000237328619840479,0.00861112136591421,-1.01843651473246,0.00215780528364994,5.21810789938548e-05,0.0012204745951734,0.0830236592928847
"gauss_indep",205,480,0.0116017652263383,0.000209679868257279,0.00822822909478167,-1.04339537027788,0.00112663298942299,2.54253937418699e-05,0.000671643574237915,0.0479568223362381
"gauss_indep",206,415,0.0120830627812668,0.000256288850862762,0.00890107218713262,-1.00238274921851,0.0018804667974487,4.80863993556637e-05,0.00108742223474232,0.0758534685059847
"gauss_indep",207,472,0.0124348239800368,0.000243255878248663,0.00888558333955797,-1.00004637636218,0.00183867716617814,4.78578714941273e-05,0.00108924074235254,0.077052720447199
"gauss_indep",208,492,0.0116980091881642,0.000237225529358717,0.00850606232870013,-1.02303717858567,0.0010123000575318,2.5654187407012e-05,0.000628921233490048,0.0475359442465497
"gauss_indep",209,451,0.0114881388939783,0.000204119581630127,0.00816868267624599,-1.04663142033862,0.00174950486847284,4.20855998829448e-05,0.00105979435839807,0.0793510838468686
"gauss_indep",210,237,0.0106138796136548,0.000204746536916803,0.00781837191469808,-1.07301936778154,0.00182530040553913,4.11798675688067e-05,0.00103566090153464,0.0776547927216595
"gauss_indep",215,233,0.0145438237535134,0.000372508639329749,0.010493825414023,-0.93393442928834,0.00564462371661826,0.000172296342141425,0.00286739302497329,0.139317746173851
"gauss_indep",216,421,0.0129208353617197,0.000276404961612564,0.00924642594346597,-0.992871640664749,0.00472572944792631,0.00013779905407691,0.00271636489630862,0.152355910737015
"gauss_indep",217,413,0.0135642722929636,0.000309346378809668,0.00972393015373388,-0.968900119491447,0.00458129899006095,0.000134567089635331,0.0026502517551572,0.153359894736518
"gauss_indep",218,364,0.0119709065452539,0.00023920996139682,0.00872953868913352,-1.02023591862434,0.00379780807247426,0.000107256452669265,0.00225448698552824,0.142577199894098
"gauss_indep",219,266,0.0092724238868156,0.000137936372776892,0.0065906101800077,-1.16660063758509,0.00297479604709791,6.34512872833373e-05,0.00175340034216758,0.139192388595776
"gauss_indep",223,164,0.0224347032522735,0.000914865656955801,0.0165666787923107,-0.704355155497309,0.0082635765608547,0.000404078955835603,0.00390308076370042,0.111735825237561
"gauss_indep",224,255,0.0167947635514486,0.000445531090336217,0.0120069024273501,-0.863193916784274,0.00302637440452712,0.000105144063551934,0.00146466210139304,0.0548814909985773
"gauss_indep",225,311,0.014541083919705,0.000345736888170876,0.0104312073419881,-0.940087372350174,0.00450292901111105,0.000137334668361195,0.00224289452010011,0.0995100437652319
"gauss_indep",226,293,0.0140621044937646,0.00033588553610617,0.0102758624825512,-0.950576305681317,0.00534869498054517,0.000172403397240707,0.00302790303240558,0.151939319595502
"gauss_indep",227,363,0.011940155149852,0.000214934516093041,0.00850846217093472,-1.03508656027391,0.00496719163983706,0.000136459418449496,0.00266541030488794,0.141468977530372
"gauss_indep",228,338,0.0177230352049593,0.000522143527109147,0.0160046750418871,-0.674045835227786,0.00813363000185367,0.000328961690880653,0.00312707166814591,0.0743687090524726
"gauss_indep",229,293,0.013279874076494,0.000333655641617969,0.00973872676346907,-0.969373754363572,0.00349759181357792,0.00010593859444001,0.00202262264166008,0.119209681248977
"gauss_indep",233,204,0.0170454706156508,0.000514315677130055,0.0122852700268208,-0.848158100903383,0.00625073383703992,0.000216050314293381,0.00375007230900766,0.191687433430549
"gauss_indep",234,485,0.0141279871282639,0.000321170210749064,0.010000376752595,-0.948896599856645,0.00402606525424969,0.000123893272126542,0.00247812388484793,0.149498273716707
"gauss_indep",235,459,0.0117728094427987,0.000222280295771495,0.00842615012211594,-1.03976308520145,0.00445220904784422,0.000120968215742479,0.00263293626181173,0.168891659232109
"gauss_indep",236,301,0.0106974457759808,0.000177415912315603,0.00757584620119434,-1.09300240995601,0.00537837876266407,0.000129348013995642,0.00304749548744909,0.193923432319755
"gauss_indep",237,366,0.0103742462852106,0.000177605178994144,0.00724428914371998,-1.11871547096734,0.00318343617639839,8.14810037362061e-05,0.00181168912417903,0.116621004965428
"gauss_indep",238,429,0.010851429551933,0.000184651854274061,0.00747374367088901,-1.10244896249793,0.00442700672459935,0.000110432349342688,0.00268228358998972,0.186006106598298
"gauss_indep",239,307,0.0106973900545269,0.000178865806016647,0.0076867548080845,-1.08522435415725,0.00375306084741241,9.32432846599755e-05,0.00227721786762659,0.161776317359348
"gauss_indep",240,390,0.00950346124605995,0.000143647572332819,0.00666757133248999,-1.15945695331369,0.00360665070982515,7.76814975605751e-05,0.00204048791833212,0.153624948654552
"gauss_indep",241,356,0.00908185275828387,0.000130558764366774,0.00644555163337089,-1.17542597744535,0.00260252351600109,5.09789957410326e-05,0.00146265731170251,0.118137833526135
"gauss_indep",242,267,0.00809561551007017,0.000105982654580284,0.00585374768406835,-1.22265108807502,0.00241160304575912,4.19435948882046e-05,0.00127930925994989,0.106640349460072
"gauss_indep",243,274,0.00753163724408738,9.37924363927539e-05,0.00543086746061901,-1.26399795454035,0.00186990668340991,3.26655248548427e-05,0.00101628252509497,0.0874049427377622
"gauss_indep",244,355,0.00805112710451426,0.000105041009131867,0.00578495123084286,-1.23217941458255,0.0018224486955857,3.14302531296567e-05,0.0009848884119055,0.0854764530620138
"gauss_indep",245,375,0.00675803156172219,7.6997911118988e-05,0.00491305996482152,-1.30926318582547,0.00138432012804738,2.00729333564193e-05,0.000681813773987335,0.061791694089053
"gauss_indep",246,177,0.0087623674459947,0.00013485185823727,0.00637586170274551,-1.170021075372,0.000792656684414877,1.50360149563405e-05,0.000521079646703167,0.0567442748514364
"gauss_indep",250,117,0.0160525061958526,0.000465011407450885,0.011535255232298,-0.868364728941884,0.00617219717791576,0.000239341763729336,0.00366124591280828,0.171738968635529
"gauss_indep",251,362,0.00914984642152045,0.000147018723562519,0.00671009060952344,-1.15656081637596,0.00243649206559977,4.6317223965393e-05,0.00120544781804926,0.0876985575741896
"gauss_indep",252,300,0.00965255780658427,0.000146789338573314,0.00684349667732024,-1.1490547145412,0.00249557002862351,5.32194177479965e-05,0.0013679716367768,0.0953180192008428
"gauss_indep",253,335,0.0103495451439977,0.00016949235609543,0.00733806009943599,-1.10589105843331,0.0023623230367265,5.30213992780783e-05,0.00135958469797569,0.102463560255892
"gauss_indep",254,352,0.00865312434929629,0.000122637507142905,0.00618575321607928,-1.19627181029646,0.00295364822213681,5.74875725840756e-05,0.00173166623739889,0.15108821862567
"gauss_indep",257,126,0.0319781860900493,0.00164163764304282,0.0228976964011271,-0.516765544251744,0.0156104773217882,0.00116841975045895,0.007102912000153,0.108856338183755
"gauss_indep",258,146,0.0759140703296704,0.00771263280146148,0.0490412579808681,-0.161112302040318,0.0335171530180872,0.00523178849065455,0.0187857210112736,0.184859388910195
"gauss_indep",259,259,0.0773021586188967,0.00767689126653878,0.071951128329511,0.341513947553698,0.0319849007530837,0.00476156126275328,0.015680921150035,0.276748643069174
"gauss_indep",26,244,0.0126851721199498,0.000273611898735607,0.00950922010455932,-0.958886752732968,0.00557934007518909,0.000176895023699496,0.00304773794738078,0.154301074634697
"gauss_indep",260,240,0.0638167409073968,0.00557031299376282,0.0468230754430727,-0.174776932651868,0.0327697080401023,0.00442123204763414,0.0176315905290289,0.226768841215015
"gauss_indep",261,271,0.0545386387245895,0.00385497709281131,0.0392597309150904,-0.262584220775043,0.0248056284379649,0.00266175627519918,0.0126775244088333,0.194726494496491
"gauss_indep",262,298,0.0364814118400266,0.00184134998570482,0.0236045075929799,-0.524489511205335,0.0172923227769671,0.00138381493303309,0.010487413393968,0.208850529125129
"gauss_indep",263,376,0.0198664888395528,0.000588917342091951,0.0145724324501688,-0.766317792837293,0.0103625449558056,0.000475334318091532,0.00592434751486648,0.21077857811129
"gauss_indep",264,321,0.0107574559166594,0.000197570509673738,0.00792039126876458,-1.06894186196313,0.00456147818250437,0.000120498256066882,0.00236171699796415,0.129152567373122
"gauss_indep",268,319,0.0320279068852158,0.00154590932702291,0.0230159259212397,-0.535755504406849,0.0202194064844311,0.00148764577846311,0.0119773190786069,0.285244043274245
"gauss_indep",269,328,0.0359205708466919,0.00197794271743948,0.0238734645872339,-0.519301894042482,0.0211472078872447,0.0017907829305035,0.0129590908531628,0.25026145870632
"gauss_indep",270,383,0.0418950417273652,0.00257693933533441,0.030238654298144,-0.400292363230076,0.0250407267710359,0.00235539193457079,0.0142347751263217,0.257629253508628
"gauss_indep",271,364,0.0529073527155065,0.00406385933799071,0.0358730585304328,-0.318118939421832,0.0296425122564779,0.00337697387134822,0.016531313637876,0.238387962330477
"gauss_indep",272,344,0.0417064925928022,0.00268323236667558,0.0315278686354532,-0.363255129534586,0.00443592311835494,0.00053243708323627,0.00309897903921709,0.0635227589965047
"gauss_indep",273,246,0.0437144960140862,0.00279266470887714,0.031381140883697,-0.364875439179924,0.0226928478033964,0.00238346432029721,0.0157378465226447,0.325056457655704
"gauss_indep",274,180,0.0306597577528404,0.00124537220332576,0.0173756543974215,-0.659798367592013,0.0127853545652496,0.000870973241768312,0.00722931847676153,0.155428564059811
"gauss_indep",275,209,0.0153092878539485,0.0005333715468283,0.0109613618454391,-0.909676629685169,0.0100031758770713,0.000586456566757231,0.00831324144228783,0.384370783975966
"gauss_indep",276,249,0.0113326245105605,0.000236095164204558,0.0076639491808746,-1.08933216837966,0.00601786822218427,0.000212172579205359,0.00450230789851501,0.275589800089984
"gauss_indep",277,315,0.00958796688534311,0.000158326328878019,0.00743769241651748,-1.08735030966031,0.0043206709528961,0.000109771452628924,0.00283897870551589,0.245664794862995
"gauss_indep",278,287,0.00714419491549057,8.46223404860637e-05,0.00509421866018752,-1.29317879647987,0.00189096182733155,3.22413397891426e-05,0.001112658224955,0.117102794589449
"gauss_indep",279,292,0.00790453608474083,0.000109972984228679,0.00563679739659426,-1.24623772401644,0.00187943049261589,3.25966117096989e-05,0.00107794535845796,0.115102113653981
"gauss_indep",28,140,0.0262789592802217,0.00111103594714732,0.0184068302388949,-0.654265310516302,0.0168472852631977,0.000995705138050444,0.00902801282739306,0.248595899129007
"gauss_indep",280,124,0.00784158437116937,9.67889613737553e-05,0.0054097068294938,-1.25221717099368,0.00357048744631208,6.36869449098928e-05,0.00197269539751215,0.169428322909179
"gauss_indep",283,154,0.0340283060738516,0.00162223116971464,0.0211470215561678,-0.578544891501774,0.0142294512119606,0.00108286941236308,0.00881100527973169,0.192718844964378
"gauss_indep",284,436,0.0267377316208107,0.000996205460843272,0.0155222868760694,-0.720893937579204,0.011334485454815,0.000659884833209961,0.00659942649810001,0.164886641443427
"gauss_indep",285,250,0.0202116740090806,0.000638405334748725,0.0132178467708795,-0.815410319026744,0.0105208991534393,0.000541709807650762,0.00696969995832833,0.236571176580854
"gauss_indep",286,319,0.0120519846632147,0.00023683737972272,0.00894966836031484,-1.00465481903408,0.0056709103606498,0.000172739508553437,0.00349595488285734,0.225535579468696
"gauss_indep",287,428,0.00947138317532086,0.000138909522164714,0.00645290311738543,-1.16735014793771,0.00372141889711038,8.09140427856189e-05,0.00200946187702424,0.135011376504282
"gauss_indep",290,291,0.0767172796170051,0.00872488218626884,0.0516995196358949,-0.129735399426537,0.0376866903018685,0.00633354331737448,0.0206666837964098,0.184494232568363
"gauss_indep",291,231,0.062280902709901,0.00593413748393222,0.0419874679119069,-0.240000640013916,0.025077720741714,0.00345347963961977,0.0157198128449422,0.20248633532694
"gauss_indep",292,284,0.0273213162317434,0.0012247305148682,0.0210958795887793,-0.576934927448047,0.0159198780815308,0.00111080949656544,0.0080989323111518,0.163435546836286
"gauss_indep",293,260,0.0273861428963387,0.0012171593458956,0.0262550751980507,-0.291995694979398,0.00636128686304302,0.000403116448408282,0.00367269665570821,0.144539997576986
"gauss_indep",295,354,0.0400990668126879,0.00261811286426858,0.0290225292250067,-0.430284014520876,0.0189147395287916,0.00179353638794023,0.0110751413387035,0.206972636876285
"gauss_indep",296,364,0.0417983545174826,0.00278201623667946,0.0299698787599863,-0.406216525211565,0.0194738669112022,0.00180295500451719,0.0106552748932492,0.18598147027011
"gauss_indep",300,210,0.0398710689778397,0.00238241842783376,0.0275186739295389,-0.451487034058555,0.00595659438893129,0.000524542789059333,0.00373383511321228,0.0715637809806868
"gauss_indep",301,257,0.0230834326289976,0.000869176929650878,0.0162337676616155,-0.714086525248622,0.010874598849557,0.000547571751674689,0.0055137438936528,0.152488031866594
"gauss_indep",302,261,0.0250732207316206,0.00100719513387812,0.020376800490073,-0.571949470731059,0.00881197168507469,0.000537762004565028,0.00517203750026307,0.176623605693625
"gauss_indep",304,286,0.0214124785437369,0.000765973843971647,0.0159208574641728,-0.714799012825528,0.0120665177098896,0.000696196576788073,0.00888529079026309,0.33310406236897
"gauss_indep",305,147,0.0296412871605157,0.00128937644277412,0.018642410761041,-0.644058980618185,0.0140757678679144,0.00097730234135474,0.00937710643169005,0.225236548368729
"gauss_indep",306,161,0.0234486037688109,0.000935832108441492,0.0156938519165013,-0.728524665990832,0.0162727518848931,0.00100988496983804,0.0103658979934304,0.315667317086686
"gauss_indep",307,229,0.0324510560280988,0.00144083077791588,0.0201213743140159,-0.602000967625853,0.0162609676790414,0.00109530892341178,0.00900099378163415,0.202484449691532
"gauss_indep",308,242,0.0333110078312665,0.00149007290070054,0.0229077638052283,-0.54016928557004,0.0140766467449353,0.00101047760693061,0.00738577927674465,0.169521794044676
"gauss_indep",309,242,0.0355136912318115,0.00173218923443128,0.0247060497493791,-0.50083263250479,0.0166423047213418,0.00127987648608448,0.00907432330061293,0.199515925103575
"gauss_indep",310,240,0.0256842050391534,0.000980412311286508,0.0177808609215204,-0.668163577421489,0.0162748529331374,0.000981212377004634,0.0100275069544998,0.296333492061574
"gauss_indep",311,269,0.012895246293351,0.000264083666697739,0.0100042453877476,-0.941003834251751,0.00703113405663044,0.000215835934699093,0.00436792556765035,0.278347225077202
"gauss_indep",314,402,0.0304430505565569,0.00153949155927767,0.0194380332140313,-0.61133115825867,0.0101786022499425,0.00075669804107911,0.00568742628493143,0.109973441443353
"gauss_indep",315,448,0.0393265203168217,0.00205067881895934,0.0274462525209677,-0.440720026120676,0.0189863320860781,0.00158069503524135,0.0114478590973462,0.252243727400369
"gauss_indep",316,404,0.0366505580203053,0.00180782734045161,0.0192182533568625,-0.58708813020485,0.0142265156059776,0.00108301463417628,0.00766290207464318,0.128017345250523
"gauss_indep",317,474,0.043326412655457,0.00275136826212208,0.0350493126563209,-0.288072026656758,0.01981267717746,0.00207484486946807,0.0122675407417159,0.253384875552632
"gauss_indep",318,476,0.0552154351565823,0.00400161294451429,0.0381558772247897,-0.28466963387716,0.0230183823585645,0.00265323092124737,0.0123467357138097,0.17630382001911
"gauss_indep",319,384,0.0588786878044498,0.00470893862748536,0.0376784412679734,-0.290846797818202,0.0242755328886605,0.00323733272338093,0.015016362638391,0.183786708145292
"gauss_indep",32,742,0.00707314866843602,0.00012335027688969,0.00554162655269925,-1.25113618569008,0.00253173951317943,4.52747571695237e-05,0.00121189207486951,0.0949425727084019
"gauss_indep",320,510,0.127795942308386,0.0216763950280135,0.127937798355575,1.26775097031675,0.0202035591315485,0.00522002680843863,0.0114796299852092,0.195401763125821
"gauss_indep",321,427,0.157563212473276,0.0309698457949235,0.0978388912202785,0.181311663980479,0.0598477970517677,0.0180655935121489,0.0316878459277133,0.163582937874702
"gauss_indep",323,310,0.101949163168456,0.0152739309646635,0.0734260057514196,0.0439771764495741,0.0522668814077571,0.0119270061634458,0.0308441375265913,0.241480479793259
"gauss_indep",324,367,0.0628061633787943,0.00585351688099582,0.0416002885524974,-0.241066761210813,0.0323597191836001,0.00483110681873731,0.0191221075755733,0.204591821537824
"gauss_indep",325,355,0.0416334838603673,0.00287676924340998,0.0279837172182677,-0.439120119883158,0.0192475696105843,0.00211548799297459,0.011919214227424,0.181285186153746
"gauss_indep",326,475,0.0410416397218796,0.00289703571868617,0.0286650399102578,-0.438568815281664,0.0209629466433855,0.00213375991136634,0.0119246073174214,0.197513916693763
"gauss_indep",327,453,0.0387989487252814,0.00234030447426772,0.0262899558421934,-0.473231763315591,0.0181797906926082,0.00159178710811338,0.0101066678441981,0.178877288465959
"gauss_indep",328,513,0.0299578737043643,0.00146768408550565,0.0244934556017945,-0.494702215515099,0.0126136916692292,0.000875452074576565,0.00683534724058844,0.172627465160251
"gauss_indep",329,319,0.0378183554186249,0.00249393445010979,0.0271999835415239,-0.458014576116412,0.0131196187212364,0.00114765476414391,0.00751594823453743,0.144982887421005
"gauss_indep",33,1151,0.0126475315477281,0.000273138524205617,0.00887052580907797,-1.01626038356822,0.00637778872909181,0.000208971197972817,0.00391320952604906,0.200149738961819
"gauss_indep",330,499,0.0204404053118476,0.000944922824782679,0.0156820385128925,-0.737087935443109,0.00619821869579906,0.000278247050886085,0.00268746392517917,0.0672912461274595
"gauss_indep",331,119,0.0385318530565954,0.00228884166499321,0.0235372106638348,-0.50725468498691,0.0224908599573293,0.00207674173067153,0.0122792011221552,0.186494626468396
"gauss_indep",332,349,0.0191789907877559,0.000619169921088854,0.014160337055523,-0.780182939058285,0.0107401290097633,0.000485912571210152,0.00543327697594141,0.17218321004454
"gauss_indep",333,399,0.0160787716695133,0.000399045537625544,0.0106410016794094,-0.913917229643116,0.00822527379897091,0.000306679295134397,0.00453945124460669,0.171279938951339
"gauss_indep",334,347,0.012729228647753,0.000249215783104121,0.00866489767792899,-1.02789652789345,0.00649661714171886,0.000195147778404787,0.00369215186313134,0.194316929701807
"gauss_indep",335,293,0.0115138472984219,0.000210806698482876,0.00834528241614364,-1.0394855560337,0.004586694646887,0.000123714057719351,0.00270613667268821,0.170993730258879
"gauss_indep",336,170,0.0108103888052902,0.000176518024544674,0.00742447900677038,-1.09768319597099,0.00540296997291261,0.000131033231991119,0.00280880165216026,0.162720194940076
"gauss_indep",337,298,0.0116402442739718,0.000216008602246453,0.00820907176723083,-1.05864182065038,0.00667889377208403,0.000171427118918962,0.00379155486287743,0.239476376719506
"gauss_indep",338,339,0.0167121438322023,0.000416787714920768,0.0110139669596965,-0.906716383606575,0.0101485039463532,0.000378798308712572,0.00590287010748054,0.248565244507621
"gauss_indep",339,304,0.0180511060030925,0.000498102432763714,0.012622136733237,-0.84245524099773,0.0105395347451922,0.00044754189495216,0.00638040643115763,0.248738672224791
"gauss_indep",34,470,0.0487435867790368,0.00463927980021617,0.0337451424981684,-0.352995369540804,0.0264399245180231,0.00390815559772992,0.0180626578365494,0.286333782993963
"gauss_indep",341,329,0.0914260847886511,0.0126521023710328,0.0659427798061498,-0.00999600612478567,0.046934822324655,0.00998586848718899,0.0282080277593419,0.241936201492634
"gauss_indep",342,415,0.0718769452983923,0.00691711523791546,0.048976771993114,-0.16020686539736,0.0318731090271606,0.00484467708975075,0.017019561363268,0.175450554099057
"gauss_indep",343,464,0.0669766505177003,0.00615385950740149,0.0413014131392431,-0.242082931144653,0.0343552118979545,0.00506261357334504,0.0200941381082332,0.210421270495938
"gauss_indep",344,248,0.0498674764868871,0.00372742992985996,0.0357612593047512,-0.313965001148057,0.028319326140697,0.00328828354554827,0.0165936469359266,0.259382762937193
"gauss_indep",345,444,0.0372409766169908,0.00222917486023831,0.0262169505041305,-0.472715498345839,0.0228504487016571,0.00202434525257563,0.0133352012221432,0.241121890606496
"gauss_indep",346,655,0.0538029387858087,0.00515950403934678,0.0373505359467806,-0.302593007668613,0.0230597132468332,0.00288524650546132,0.0136759930783617,0.191483372121283
"gauss_indep",347,389,0.121017833549869,0.0188157622219883,0.0897396536973812,0.162190015619963,0.0516743381164044,0.0119617391022258,0.0242463061974884,0.177666252361263
"gauss_indep",348,391,0.0805125267786849,0.00910304362632163,0.0483425983689956,-0.155576469388223,0.0448401078809909,0.0076091069051133,0.0234390526059641,0.194262197671261
"gauss_indep",349,340,0.0525591156312533,0.00469060256109241,0.0359405803347883,-0.312261566667867,0.030887417918597,0.00451371629110761,0.0195660362028979,0.247619285972031
"gauss_indep",350,318,0.105713029241817,0.0146414712869423,0.0671206025313122,-0.00488158745250473,0.0528766782741012,0.0127139628721804,0.0342790322419095,0.24198888233232
"gauss_indep",351,294,0.114385880016846,0.0179964745236706,0.0834204118229045,0.111838832275227,0.0536371397850156,0.0127903275678114,0.0280277568928459,0.196850267408751
"gauss_indep",352,392,0.308073649333567,3.90182710480287,0.462643092577408,0.99322281122527,0.0678124567293564,0.0377112877430863,0.0281677777620985,0.0348463472324642
"gauss_indep",353,360,0.167717553063443,0.0385946016228787,0.106342816333932,0.228648910670832,0.104725739065862,0.0357249123635999,0.0521851359097578,0.219935692914282
"gauss_indep",354,489,0.164123047863018,0.0353364096237943,0.0765901403303493,0.132027714467867,0.0595033220012453,0.0201491464373035,0.032345249025143,0.118017459230706
"gauss_indep",355,568,0.111704860952323,0.020402591426191,0.0793378339630447,0.0842125752790795,0.0675195552080314,0.0206062795226141,0.0479654854443521,0.333183627315151
"gauss_indep",356,299,0.0953733935087058,0.013118754344891,0.0666641165353845,-0.00666765358204417,0.0433039860046176,0.00878859266625265,0.0241287852672317,0.196742705373562
"gauss_indep",357,487,0.0945894581911913,0.0140794019735352,0.0652551641596048,-0.0165058102698745,0.0494500305447812,0.0111821896227282,0.0287652003169023,0.210967710498979
"gauss_indep",358,444,0.133112512686327,0.02417769804037,0.077275313958219,0.0803388083645734,0.061830298059824,0.0177434467878268,0.0347833887871173,0.178514007224889
"gauss_indep",359,327,0.125933263419426,0.0211853043433273,0.0861382800122506,0.126487145881044,0.0589992960863275,0.0161273995284821,0.0410592356849224,0.27689581726712
"gauss_indep",360,305,0.062668572955253,0.00647111513462469,0.0418980246766346,-0.233240461051096,0.0372362507976608,0.00613858068956143,0.0246562062335215,0.261598518101991
"gauss_indep",361,230,0.0589579553147538,0.00509694325612784,0.0393001448221312,-0.272591840706127,0.0323676155089989,0.00418497310838248,0.0183135807641592,0.227143648732723
"gauss_indep",362,261,0.0217623107195349,0.000762433290247147,0.018235326512288,-0.624636514834734,0.0109159261817617,0.000597901397560216,0.00624266454025602,0.227095755565485
"gauss_indep",363,189,0.0177282252453722,0.000484024359869208,0.0127135597692271,-0.831129361909267,0.00850987413890343,0.000335662602054641,0.00470800733177469,0.192824014431639
"gauss_indep",365,363,0.0944670325206717,0.0138042418133284,0.0681178423136985,0.00574892951684914,0.0562854378395784,0.0129142600130723,0.0355642539238111,0.294219713111133
"gauss_indep",366,473,0.128061736961853,0.0206995988138758,0.0686573415188628,0.0307731722831711,0.0507814323689348,0.0129262824401646,0.0252587431137753,0.133073615317162
"gauss_indep",367,400,0.0908032752344449,0.010446675134027,0.0576420054907028,-0.0766074883535171,0.0412110814125365,0.00743617407267517,0.0204932278318534,0.161847567054997
"gauss_indep",368,466,0.0924477508582988,0.0125621889397661,0.0763021790195025,0.113497182408714,0.0447737123530993,0.00893671459978551,0.0236457387420564,0.238601492135497
"gauss_indep",369,449,0.112711340994414,0.0169882810782812,0.0915854228433613,0.204150622240749,0.0440393912549898,0.00985115695637328,0.0213752638201767,0.177558805815553
"gauss_indep",370,143,0.0145634475683885,0.000329818467173886,0.0103617929017957,-0.9252511072727,0.00899339783858308,0.000304739293534636,0.00429406635917717,0.160536292143084
"gauss_indep",371,154,0.0198821461909423,0.000603763528970457,0.0125021568968668,-0.83270774339132,0.0109694080304972,0.000511082555549624,0.00666260164580877,0.214394074038798
"gauss_indep",372,167,0.033671369615622,0.00155976145015106,0.0235366808243601,-0.52854953019714,0.0156841399337284,0.00125222207967325,0.00928849819348873,0.210217556530419
"gauss_indep",373,304,0.0293475575361202,0.00191626532464286,0.0215982951954878,-0.571207790156801,0.0208950559486762,0.00216294914338505,0.0143650372375562,0.367689697386137
"gauss_indep",374,487,0.0534870806069444,0.00437830343398522,0.0401364030243974,-0.233523262506139,0.0217331369731108,0.0034496172771465,0.0173453677352837,0.293845326423706
"gauss_indep",375,399,0.0385786148979515,0.00227117773066905,0.0258245741366348,-0.46724040025074,0.0226053201365224,0.00207872622708935,0.0125697374814681,0.19302620464313
"gauss_indep",376,402,0.0891902403849549,0.0120068348750826,0.0565938920716196,-0.0854309340629949,0.0415904263620238,0.0096744083494308,0.0269063772127959,0.212547108989045
"gauss_indep",377,543,0.097374338417303,0.0137494153851669,0.0596215207577348,-0.0456237235138086,0.0461791763488863,0.00913726770377243,0.0223340457820201,0.141399553853783
"gauss_indep",378,433,0.0804971179553188,0.00866294669619961,0.0540250225702046,-0.112542255676883,0.0352319331655508,0.0058268671103594,0.018480477886123,0.169879151170353
"gauss_indep",379,309,0.0741954226909371,0.00788742961973075,0.046696471644444,-0.174729044201948,0.042590716731613,0.00701548613407281,0.0219872014723326,0.185664878508404
"gauss_indep",380,357,0.0868057696019819,0.0115208720515819,0.0565426474907146,-0.0865393279946847,0.0419414207358376,0.00903434833493619,0.0262077729843302,0.209304384247137
"gauss_indep",383,336,0.0970431598928287,0.0149300636631221,0.0696280135211711,0.0137836067659567,0.0552182335617033,0.013607469499467,0.0342015987346815,0.265354424370968
"gauss_indep",384,274,0.0200271285350619,0.000548685532516325,0.0135560461694691,-0.793805491422885,0.0088615090816482,0.000362789084083654,0.00396825170408656,0.120145097647485
"gauss_indep",385,210,0.0172532491254367,0.000381009658730271,0.011735233514324,-0.874042315154562,0.00228784807626927,7.61098874756441e-05,0.00116749087760558,0.05080841031185
"gauss_indep",386,233,0.00600740558744247,5.41136447509236e-05,0.00385450983210137,-1.41916068409919,0.00322245514360905,4.78025313125784e-05,0.00195835877530498,0.206232018438565
"gauss_indep",45,434,0.0210328802211443,0.000745201628099814,0.0144828286829795,-0.772856895163273,0.0106978310543083,0.000592633263839304,0.00684908618108885,0.234401348620003
"gauss_indep",46,422,0.022611107048889,0.000808000158571069,0.0151427521195566,-0.755849225738071,0.0109085370951242,0.000568899298086416,0.0063205969457432,0.215287596188353
"gauss_indep",47,597,0.0215479467580253,0.000689835008810061,0.0148005081993998,-0.758433071852152,0.0110914398882596,0.000547159231507694,0.00683147108637315,0.25399050699396
"gauss_indep",48,591,0.0194392987279348,0.00055439054867438,0.0132810986369648,-0.813583778963768,0.0108458063974557,0.000477528691617385,0.00663574531248065,0.252966000025863
"gauss_indep",49,367,0.0104304635344637,0.000185676376069934,0.00723272681270969,-1.12028506161293,0.00505593103420514,0.000127690338694726,0.00313482171610351,0.237612586107908
"gauss_indep",54,329,0.00720233333504902,0.000105963429413971,0.00634233608677211,-1.13177062683912,0.00427394254649049,9.68683729109228e-05,0.00183897572268656,0.0898990782877974
"gauss_indep",55,843,0.0213500730442931,0.000694014109378342,0.0147621556673509,-0.752845595209083,0.0106524350971704,0.000526326914367567,0.00522417853262881,0.142127301121333
"gauss_indep",56,760,0.0382157778539647,0.00235828150932671,0.0271794561776833,-0.465117935168623,0.0186755940559943,0.00174581879162684,0.0100830439103001,0.167260240797505
"gauss_indep",57,173,0.0162629548157881,0.000487092430541899,0.01281985185766,-0.808154115266249,0.00285429015285602,0.000142503728030421,0.00170044713637701,0.0502429281786997
"gauss_indep",59,214,0.00437254199044956,3.63463838409481e-05,0.00331528711874097,-1.46664958413326,0.00165279070884505,1.63994219957141e-05,0.000623877925889905,0.0571887166235795
"gauss_indep",68,1003,0.0281844509463653,0.00151578202423021,0.0212890206568215,-0.586815402026233,0.0123052567631961,0.000967141602059022,0.00779810182751871,0.200179174846327
"gauss_indep",69,634,0.0306764097304615,0.00146191256070947,0.0240989992831388,-0.496815476712416,0.0175231458554538,0.00124094584670237,0.0105240824865906,0.282999042872975
"gauss_indep",70,380,0.0386393100938845,0.0021114883287386,0.0252829612200272,-0.491135358460846,0.0188623341090863,0.00156364457296748,0.0104269775059715,0.192040466203233
"gauss_indep",71,374,0.0346199244528713,0.00141022901872495,0.0209398523542392,-0.587446795572218,0.00677693017206445,0.00044561937411498,0.00329747657599414,0.0751562317395988
"gauss_indep",72,479,0.0256116964264746,0.000868496703752442,0.0184791368222824,-0.636267222239261,0.0113670283179221,0.000595293228122853,0.00600463436147798,0.200095272345545
"gauss_indep",73,378,0.0142439806225105,0.000310457461718536,0.0102912670123738,-0.937350552693642,0.00865267065451313,0.000280750925644139,0.00525737528213802,0.288664560336598
"gauss_indep",74,544,0.0104907652811279,0.000174360703265657,0.00758488248231521,-1.08989473541654,0.00573915741521629,0.000138833621232925,0.0035058651522503,0.261130880859954
"gauss_indep",79,486,0.109154290333489,0.0167865918524153,0.0703132711823229,0.0163265013196141,0.050862679282595,0.011986776645264,0.0288389129008202,0.198314406785728
"gauss_indep",80,496,0.0875590633936733,0.0106656471867109,0.0560543221579159,-0.097803165689076,0.0384006087054818,0.0069934107240617,0.0204698116085458,0.17689355498751
"gauss_indep",81,400,0.03594090459477,0.00265636010025983,0.0262562264541576,-0.481931405900803,0.0144436380604753,0.0012871409587997,0.00753851128880882,0.132275794681056
"gauss_indep",82,496,0.0250520387164151,0.00108219880999253,0.018548890997487,-0.633244290708713,0.00883248894905248,0.000538799409232168,0.00414668986648195,0.0843876485477014
"gauss_indep",83,589,0.0249130323798716,0.00097320990209254,0.0194557940723718,-0.595154609654434,0.0112300264985286,0.000633458339513615,0.00460131065490901,0.0828339758319309
"gauss_indep",84,483,0.217789908463894,0.185566456838373,0.134595210524812,0.338708879838742,0.141127790952327,0.191390805023142,0.132753380895447,0.578737929512419
"gauss_indep",85,436,0.0298583644718152,0.000998072969864261,0.0164367073690865,-0.70327534400887,0.00553873810221189,0.000316209393721166,0.00328847085391684,0.0870796083258203
"gauss_indep",86,368,0.00253500724645359,1.18473706213384e-05,0.00210119174820349,-1.70886027362839,0.00123547105640202,7.72109921954351e-06,0.000488209181233142,0.07735720506582
"gauss_indep",95,563,0.0357515021099851,0.00210888692970676,0.0258026693407812,-0.480721014129795,0.0172492180796927,0.00146817670519122,0.0109518807068056,0.25404990154957
"gauss_indep",96,880,0.033614633788071,0.00202234547550113,0.0228760911728523,-0.551401072707711,0.0173093796891456,0.0015127416379183,0.0111152712490619,0.24615711198374
"gauss_indep",97,552,0.0304789768324149,0.00159166333677078,0.0217290744892415,-0.580639002150203,0.0167616765024581,0.00120328715476851,0.0100584097789332,0.251545693074334
"gauss_indep",98,440,0.0235921895016864,0.000920799018774802,0.0174518103430552,-0.669461162687824,0.0112262798386003,0.000625800960166724,0.00686798722065573,0.244309220740554
"gauss_indep",99,316,0.0182068153551341,0.000570226924130557,0.0128864429269183,-0.826493438524307,0.00853419512253155,0.000392662708955738,0.00553298456465698,0.230686152648538
"nig_cor",102,442,0.0178395165936234,0.000484191266323286,0.0118374736196976,-0.869056695902674,0.0104269525913908,0.000428867596154945,0.00607253690854386,0.233094516199425
"nig_cor",104,538,0.00782564094109214,9.53896780955699e-05,0.00550968627203227,-1.25442346280296,0.00338561814966257,6.11150019248289e-05,0.00200826651431389,0.189526632453164
"nig_cor",180,570,0.0114297320126145,0.000211536669654241,0.00801348433634342,-1.06497753325744,0.00457641591056402,0.000120420038439382,0.0025733775983977,0.149919890329073
"nig_cor",216,421,0.0128754443768076,0.000269793235390701,0.00898936170110345,-1.00433939766499,0.00418490365053699,0.000122013277747561,0.00237060752360912,0.126556423147984
"nig_cor",217,413,0.0137503389857453,0.000311228707810234,0.00959877470692686,-0.983295226700892,0.00567780185466693,0.000171508339109448,0.00321527446856694,0.172218737735955
"nig_cor",228,338,0.0129311550182098,0.000248818386958094,0.00824348479613906,-1.04788730115703,0.00487363161248571,0.00013562945249868,0.00268171522272952,0.13750658723428
"nig_cor",237,366,0.0113743574519426,0.000206462379704378,0.00815011809534041,-1.05645357680731,0.00372119943556525,0.000103809070255639,0.00236164922751145,0.168578526026405
"nig_cor",238,429,0.0105597737286312,0.000181423209158927,0.00746037399360004,-1.09894646198535,0.00417087430223492,0.000100754043484667,0.00228728834468458,0.138267729126754
"nig_cor",240,390,0.0106253265847278,0.000176483152172211,0.00738273141960374,-1.1077414913085,0.00342695752776059,8.1820338256897e-05,0.0019667411953032,0.132792143916745
"nig_cor",241,356,0.00872901340727988,0.00012407431423517,0.00631917094105669,-1.17805533155149,0.00281995923657914,5.31751854264583e-05,0.00138516156490565,0.0923816870112234
"nig_cor",244,355,0.00828356361373278,0.000112867317789535,0.00582796152142555,-1.2336808543116,0.00237182919643395,4.16994067183632e-05,0.0012911809033791,0.113758964197427
"nig_cor",245,375,0.00697593696955938,7.94983100034192e-05,0.00496200924450279,-1.3057166640302,0.00136465350166226,2.0336995969052e-05,0.000710990864262966,0.0670883581517151
"nig_cor",251,362,0.00931484182528438,0.000159709475113361,0.00672505983372645,-1.15886213163621,0.0023461314226887,4.70127804768364e-05,0.00119577079252953,0.0860286632976372
"nig_cor",252,300,0.00977033025576357,0.000149757119708995,0.00680209478820199,-1.15123779014077,0.00250167554596545,5.26504668460675e-05,0.00132951774768622,0.0933944392078446
"nig_cor",253,335,0.010399900154633,0.000170000230874093,0.00735614856995518,-1.10188950030392,0.00252648763863531,5.56851164155632e-05,0.00149823464339931,0.11952914204144
"nig_cor",254,352,0.00882944768830029,0.000120842724758752,0.00620215621879211,-1.1952051533066,0.00329886502146959,6.56310884038488e-05,0.00182129941101942,0.140070527949518
"nig_cor",259,259,0.0785043231378285,0.0079719543965289,0.0611758439285854,0.00520599797943038,0.0374828547485789,0.0058512392922378,0.0190016164377152,0.238799202518109
"nig_cor",260,240,0.0577289846857594,0.00453467631858748,0.0427541459393944,-0.226072581034011,0.0388007493806433,0.00443264632963611,0.0166946666640948,0.218296840075163
"nig_cor",261,271,0.0435430736075468,0.00263428458151106,0.0327802109345192,-0.359753934455997,0.0290359608644465,0.00243853508527845,0.0106358861959309,0.152937799236412
"nig_cor",262,298,0.0352577166451742,0.00169801037376246,0.0229485090903907,-0.536426790225797,0.0166880793196019,0.0013041478357991,0.00964945559564206,0.196179294953322
"nig_cor",263,376,0.0196177843885202,0.000582655947582604,0.0131764519598179,-0.815450103175706,0.0106864685023572,0.000489066802616501,0.00604984828175862,0.205177348352816
"nig_cor",264,321,0.0110030209743361,0.000205183560088059,0.00786033284301099,-1.07108755808001,0.00394981674317078,0.000100682799875332,0.00242170169523281,0.169707806653935
"nig_cor",268,319,0.0321810356974122,0.00155907868999495,0.0206173280167984,-0.59074817239714,0.0170829130739166,0.00125737455334221,0.00987129286643927,0.20623313781072
"nig_cor",269,328,0.0359851253686975,0.00202497398429999,0.0254298129586843,-0.488162605034102,0.0227782892943591,0.00199126899775783,0.0139094251502135,0.283575615883409
"nig_cor",270,383,0.0424369003088845,0.0026014586138307,0.0253810265398055,-0.47674899268867,0.0195414489697294,0.00188296787422659,0.0112572481493488,0.173121857813843
"nig_cor",271,364,0.0518810907097691,0.00376615743789908,0.035863893047677,-0.31672715467301,0.0260866981948695,0.00289776599308471,0.0138880980431514,0.206314869236366
"nig_cor",272,344,0.0422176780149153,0.00267849402063725,0.0428230410967699,0.313437874431196,0.0117495232040643,0.0013024195605758,0.00791338084182829,0.305764081424348
"nig_cor",273,246,0.0425759555779416,0.00254553980088058,0.0278825207310311,-0.442563524167991,0.0197873734674841,0.00201799589358306,0.0135181540446379,0.25313944963593
"nig_cor",275,209,0.015577608021143,0.000522235466809111,0.0107902636064267,-0.918606861784707,0.00757585894681133,0.000452559516085174,0.00599244228730145,0.267481317559147
"nig_cor",276,249,0.0112614068458893,0.00024575164769172,0.00776463117891702,-1.08340094354978,0.00678901050643544,0.000250381156634494,0.00503719555506091,0.30230393326178
"nig_cor",277,315,0.00962122649297659,0.000159430125167623,0.00720387902575828,-1.11817445209995,0.00442121985603043,0.000113919274333991,0.00275319077701316,0.208774816439246
"nig_cor",278,287,0.0072857366569026,8.68296790869163e-05,0.00521243620520117,-1.28024190401784,0.00188441009591111,2.955940058821e-05,0.00109282104991003,0.117677797865258
"nig_cor",279,292,0.00800821976427137,0.000120965391184986,0.00581529369159848,-1.22445394259884,0.00138457443000499,2.40514672282446e-05,0.000845589772689648,0.0909460836206275
"nig_cor",284,436,0.0263961353205459,0.000973912716397464,0.0183407138741736,-0.650513934079014,0.0125999680129997,0.000734739428090747,0.00706137598275023,0.2078115077242
"nig_cor",285,250,0.0195733393942225,0.000587971444702877,0.0137021048407911,-0.797636599229575,0.0104099373901952,0.000503949134877118,0.00677839105518084,0.24824277540368
"nig_cor",286,319,0.0117954984186579,0.00022502674410526,0.00825748545669931,-1.05226639561662,0.00504204567572971,0.00014570329290457,0.00309560297387031,0.186557613221582
"nig_cor",287,428,0.00973093869541434,0.000148150300233476,0.0067268236646982,-1.14848328354412,0.00493306888979372,0.000109203451235845,0.00282946045109821,0.197045640072817
"nig_cor",290,291,0.0743989627922214,0.0083766145278684,0.0522898542523189,-0.131279444146754,0.035350239361677,0.00585182955039399,0.0190964187824756,0.176298422227098
"nig_cor",291,231,0.0542574419823378,0.0051520648551619,0.0395438511500659,-0.270564105189306,0.0282076375397145,0.00374189793592348,0.017614130593745,0.268047443178641
"nig_cor",292,284,0.0284173585974418,0.00125892911038171,0.020875563742467,-0.587321003968258,0.0143377515281406,0.000990355455615888,0.00845873584384118,0.215274954713366
"nig_cor",293,260,0.0275567042801636,0.00127310620415981,0.0272132665391999,-0.098095304106976,0.0061971597257471,0.000385010907002786,0.00360816144870232,0.169958322591636
"nig_cor",295,354,0.0419461348805989,0.00278322928549201,0.0306919800087683,-0.396215985654658,0.0188959635851745,0.00184945901661307,0.0112036301114766,0.212884747691013
"nig_cor",296,364,0.0467760493650204,0.00356796764134146,0.0333122543052169,-0.350835322172598,0.0178733548034848,0.0019454334295824,0.0108100231612582,0.191060117201954
"nig_cor",300,210,0.0418611567741687,0.00293041275406584,0.0324337708438008,-0.258039360996829,0.00641933692196051,0.000787740627873944,0.00396414676187298,0.0940329532250979
"nig_cor",301,257,0.0249011487474404,0.00100218196777684,0.0169336300742495,-0.687833681425462,0.0108542102195522,0.000654396926460713,0.00649083634681004,0.180645149018678
"nig_cor",302,261,0.0250801328352146,0.000979314669829603,0.0184940068024733,-0.643389897463679,0.0141602357783671,0.000816774874931015,0.00838663857904801,0.249052767671863
"nig_cor",304,286,0.0319816974928162,0.00142658050098827,0.0223904654885843,-0.511059075297207,0.0153006714279571,0.00107993706764549,0.0116110806568581,0.377808199426296
"nig_cor",305,147,0.0291706315336011,0.00130592087415899,0.021547539534348,-0.561772564873262,0.014805887192964,0.00108630086177726,0.0102591919483289,0.295863205199163
"nig_cor",306,161,0.0232605410989035,0.000850467996066151,0.0149332942664182,-0.752918284428499,0.0111700614144657,0.000689639755630408,0.00717874370610481,0.208568173558498
"nig_cor",307,229,0.0315499559867211,0.00138333233867395,0.0194576673668347,-0.615532374548613,0.0151205305808938,0.000976713926996047,0.00806374369230398,0.174140466889625
"nig_cor",308,242,0.0400880765405903,0.00189280128389116,0.0251690803902662,-0.492154211858623,0.0159172214899795,0.0013501480031856,0.0103598982403322,0.226876201956391
"nig_cor",309,242,0.027197236046666,0.00122262354271682,0.0191209966028324,-0.61444651879259,0.0149336106971121,0.00109986173127666,0.00807423772058494,0.160548552693699
"nig_cor",310,240,0.0227314620551698,0.000645068508996926,0.0115295226881564,-0.82262052978386,0.0096273792202591,0.000454724764346507,0.00601093296732906,0.150768534488843
"nig_cor",311,269,0.0128672386311637,0.00026278697582444,0.00930702085895824,-0.994651288526598,0.00581838246662217,0.000181481437159452,0.0033771444991726,0.185587501617472
"nig_cor",314,402,0.0318514301497573,0.00168977642997686,0.0255436868438253,-0.460059772925075,0.0126615953435579,0.0010066964266297,0.00786306741843663,0.20267154276613
"nig_cor",315,448,0.0362477929321752,0.00181693140271416,0.0245092915129609,-0.508273106331016,0.0179143193781147,0.0014033217701798,0.00995208269417711,0.207496882735125
"nig_cor",316,404,0.0378078172630292,0.00194070411030878,0.0271458273929826,-0.45157206904007,0.0171697000849271,0.00132481103521953,0.00891351963558393,0.190097285512008
"nig_cor",317,474,0.0461157277564679,0.00280568324500355,0.0334878431546915,-0.342871148318512,0.0199984678730181,0.00191145187256227,0.0126704539018725,0.224302016297159
"nig_cor",318,476,0.055291390402696,0.0040868229082848,0.0363712893922006,-0.310972091340319,0.0222842290002618,0.00257563836896831,0.0116772176728327,0.160667164826603
"nig_cor",319,384,0.0536917005536928,0.00418928402795157,0.03637348644892,-0.310726032594914,0.0262618402785892,0.00316684895665117,0.0155111928972586,0.205816910584003
"nig_cor",320,510,0.129911598603507,0.02273547449292,0.131367615719135,1.89329339143856,0.0216893982355873,0.00597093889663728,0.012419911916523,0.258008727076565
"nig_cor",321,427,0.140983809616792,0.0260124131837833,0.0886192462155203,0.134937743687987,0.0582535731106448,0.0167819886479793,0.0284878487125386,0.141438907472656
"nig_cor",323,310,0.10081937460772,0.0153760818977414,0.0728430960230911,0.0337039210202982,0.0530269152505497,0.0125349563200126,0.0322721652191362,0.240333866198034
"nig_cor",324,367,0.0665210753361328,0.00667999911627518,0.0415350636979632,-0.239358344508199,0.0349293477475693,0.00538778068445765,0.0209704909825275,0.212025854198531
"nig_cor",325,355,0.0336577772309165,0.00193133178804749,0.0256971861158456,-0.481387027439947,0.0156590856118819,0.00115599918183274,0.00659798103370916,0.0944642703305352
"nig_cor",326,475,0.0410484996968347,0.00288115104190933,0.0265191495108651,-0.473075840937373,0.0192984093518621,0.00188398157363426,0.0109577236717985,0.167986047703575
"nig_cor",327,453,0.0387832099280958,0.00251963034970263,0.0281879703761664,-0.44328848513423,0.0173390678505653,0.00154108650362271,0.00990865440511802,0.197677422007126
"nig_cor",328,513,0.0298907142891494,0.00156756861589099,0.0234423982826985,-0.52692784784493,0.0155153349108878,0.00112322397950608,0.00877007181721676,0.220831643698281
"nig_cor",329,319,0.0418269248067462,0.00304752839536468,0.0306395944791613,-0.37885687472943,0.0144623249791168,0.00139231909646525,0.00910814894859689,0.195916509844881
"nig_cor",330,499,0.0213148830999117,0.00101219745758816,0.0158344729238565,-0.753953376067183,0.00617475800458192,0.000298091179663314,0.00316511807349094,0.0985327301448861
"nig_cor",331,119,0.0398852548807341,0.00232785479964826,0.0284020449994192,-0.434307685618468,0.0199497102873981,0.00171956556105591,0.0106909630402536,0.195675826387574
"nig_cor",332,349,0.0199274390008406,0.000689463217518933,0.0138793028357513,-0.797323768112035,0.00988356495953765,0.000483206055045797,0.00592344729320431,0.204061263876438
"nig_cor",333,399,0.0161285714284283,0.000398260344481184,0.0113308084256366,-0.889322595249741,0.00851909355284955,0.000320060381622145,0.00494605960143594,0.210423864139995
"nig_cor",334,347,0.0133194658574866,0.000277793796629187,0.00905840601570058,-1.00701900947855,0.00658577343073279,0.000196319084405751,0.00384608583538629,0.207142329023718
"nig_cor",335,293,0.0112780891667494,0.000200468205759123,0.0082405137124949,-1.04816290796925,0.00448948354069542,0.00011409382480281,0.00256965684184508,0.166292756985643
"nig_cor",336,170,0.0110261734597628,0.000185346798399246,0.00834144563032238,-1.04020946738178,0.00591393168680818,0.000144643553467757,0.00313369007095754,0.197618710776374
"nig_cor",337,298,0.0115587010009683,0.0002110647672748,0.00776210717010365,-1.08707979965153,0.00578484213250212,0.000151916157162694,0.00329197028422994,0.202237903155902
"nig_cor",338,339,0.0170310455565911,0.000434615386691416,0.0117067235994564,-0.876761990519866,0.00890024708721856,0.000355192876845655,0.00538396211308868,0.237234031065184
"nig_cor",339,304,0.0188528180218071,0.000550074925550206,0.0118561929762669,-0.862695873507941,0.00996899227089859,0.000444223372866511,0.00575769712774246,0.195307575171344
"nig_cor",341,329,0.0916693982763371,0.0144464870359219,0.0665551032858626,-0.0102711779233656,0.0572746371607239,0.0133156490002213,0.0351228863335455,0.277954862331888
"nig_cor",342,415,0.073915942268866,0.00732568590125875,0.0481261191305543,-0.170419383775367,0.0391119654060396,0.00583010703597496,0.0202658241776545,0.202708272299338
"nig_cor",343,464,0.0696760928402386,0.00642960815267492,0.0391414018719708,-0.257866099999435,0.0305190052883649,0.0045053364794818,0.0185488783602484,0.180849997482066
"nig_cor",344,248,0.0501640476143194,0.00381343332493664,0.0329218711960158,-0.36023476942171,0.0252544098076412,0.00294611289429944,0.0154338075650026,0.21673775672532
"nig_cor",345,444,0.0375098179147183,0.00218396807120868,0.0247285101507906,-0.499327360489818,0.0200927468087692,0.00182636894894834,0.0120464949304156,0.210229082620335
"nig_cor",346,655,0.0599795603026087,0.00700394783948226,0.0440400483891168,-0.228801017458102,0.0271981926527403,0.003815344070484,0.0171632463116296,0.24801340898242
"nig_cor",347,389,0.121046057614807,0.0186680008173035,0.0821301256273659,0.09810400716137,0.0580375348218967,0.0138025758697535,0.0278379315089833,0.180407685982511
"nig_cor",348,391,0.0812582272154576,0.00945130253815964,0.0570320112477461,-0.0837125645676395,0.0412490861818752,0.00735756277401604,0.0232215367127322,0.216122254275005
"nig_cor",349,340,0.0537012850093402,0.00529002411308104,0.033571431144766,-0.333991120120164,0.0350629743455836,0.005538855250422,0.0236270755962418,0.266765484570781
"nig_cor",350,318,0.103770859384185,0.0142230973843656,0.06435232391591,-0.0216647034124019,0.0444416612753986,0.00974703012205047,0.0235321397044887,0.160796025982473
"nig_cor",351,294,0.120624662187769,0.0193578758241405,0.0849732178971642,0.119436315616422,0.0515238019608834,0.0128730866005979,0.0281096468600281,0.191310138732411
"nig_cor",353,360,0.16661538869364,0.0368823382155472,0.104517366222499,0.221677878047286,0.0664355518376848,0.0220814257365223,0.0322770539174009,0.134785985534396
"nig_cor",355,568,0.117259805861818,0.0215472081353283,0.0721630732308648,0.0372796069801741,0.0557997243769421,0.0176357269010142,0.0411544879760102,0.252734506191098
"nig_cor",356,299,0.0998426885137111,0.0146079623086474,0.0689058807161623,0.00897445028116393,0.046903757040009,0.0102452714043177,0.0268743757513433,0.203740080882431
"nig_cor",357,487,0.096092920284709,0.0138289863846447,0.0657089196097648,-0.0151842867957629,0.0480775343451911,0.0103010807763413,0.0264947022694253,0.191174026080392
"nig_cor",360,305,0.0630718414671238,0.00689584856776195,0.0428223244236902,-0.230162647682779,0.0365881097109488,0.00664346200047604,0.0247725264810124,0.265440747838144
"nig_cor",362,261,0.0227985692564593,0.000812640517606339,0.0173618165316758,-0.672754673614024,0.0125913091751652,0.000696650649707147,0.00749951206799614,0.261613960584897
"nig_cor",365,363,0.0925936381316753,0.0138427537648339,0.0624377609882212,-0.04213116265205,0.0516538710285797,0.0113134181427848,0.0310373355064074,0.236238412412253
"nig_cor",366,473,0.12579855091381,0.0200544034509156,0.0845149675391528,0.113302183224341,0.0511895037355191,0.0128140940095376,0.0249040398917423,0.159325598372108
"nig_cor",367,400,0.0961260406410934,0.0120823083590949,0.0562413024853894,-0.0811955304175123,0.0311091270820612,0.0062156100453493,0.0170043078872091,0.120559807575246
"nig_cor",368,466,0.0939853985254974,0.0128915586827832,0.0687082210417505,0.014057476725342,0.0420138127637491,0.00896519162140634,0.0253497778749389,0.214651850143502
"nig_cor",369,449,0.116719237207407,0.0180906237823734,0.095007606883992,0.23835669263654,0.055387019494647,0.0132856927364486,0.0287646778856356,0.244516650254416
"nig_cor",370,143,0.0167627584222823,0.000437325910879431,0.0107930330826781,-0.907264519875177,0.00798870975664462,0.000345860924540943,0.00444743315748628,0.155778474695108
"nig_cor",372,167,0.0305000391825053,0.00131106549038433,0.019358355991403,-0.616674952006355,0.0132719332280539,0.000907415623666918,0.00681514319926868,0.142619582519174
"nig_cor",375,399,0.0393652265282218,0.00233507228467381,0.0268537471192254,-0.457320004963637,0.0223564626604746,0.00213881946869222,0.0132001757410989,0.224800347588157
"nig_cor",376,402,0.0914357875956362,0.0132767725539019,0.0646965840599914,-0.0252756486459475,0.049967681211753,0.0116235604241913,0.0319516892283416,0.268466211019604
"nig_cor",378,433,0.0756631589403591,0.00806880076323459,0.0500068773815791,-0.148426077868932,0.0365773154566919,0.00596077248744334,0.0185728181313721,0.167893238947921
"nig_cor",379,309,0.0699063832475966,0.00778642599367991,0.0412686213658933,-0.201861620750839,0.0386471797173341,0.00603318353094302,0.0178737929330284,0.135005343555861
"nig_cor",380,357,0.0914283962538648,0.0124260927212066,0.0622728398024793,-0.0406610285188117,0.0468253089034944,0.0105251169337813,0.0310606867014099,0.26508204837923
"nig_cor",383,336,0.0949481797575371,0.0140659371183097,0.059317827714358,-0.0598302619481779,0.0511507399610702,0.0118528868820962,0.0302387486806382,0.210476243079433
"nig_indep",110,540,0.0271533843187725,0.00127462830756014,0.0195881777677914,-0.626452357376115,0.0114998262120273,0.000687402156489917,0.00587843313275387,0.1360994314216
"nig_indep",170,260,0.0103011890582202,0.000177968813665489,0.00757865390273792,-1.09400755900738,0.000885749117093019,1.97454908250254e-05,0.000535110756645489,0.0406489926700519
"nig_indep",188,266,0.0175635184731333,0.000481387481796427,0.0123984665274736,-0.836400969689086,0.00777408895504979,0.000306720147567155,0.00390424948169957,0.128490814225209
"nig_indep",223,164,0.0246299533330367,0.00104042440800515,0.0171611701182017,-0.69340769850051,0.00365253206380023,0.000184098142052976,0.00202824151324789,0.0580521483910827
"nig_indep",225,311,0.0138430967257076,0.000331045259817488,0.00994218741768673,-0.963239924500476,0.0046791385728955,0.000142322244349408,0.00229925115316989,0.0991597449981596
"nig_indep",228,338,0.0159924445410047,0.000388110419010245,0.0109259553215234,-0.889702132807034,0.00530291080412598,0.000184796764478755,0.00255334327321611,0.0858208724300949
"nig_indep",236,301,0.0102999119976876,0.000166837548869453,0.00706587853956833,-1.12443633598529,0.00311190333538471,7.29244246028835e-05,0.0017192511999276,0.107001433112133
"nig_indep",246,177,0.00861499146698608,0.000129114629509346,0.00623863214587849,-1.18009708138316,0.00125660093565982,2.25696521214042e-05,0.000785811423640136,0.0867554058873082
"nig_indep",250,117,0.0165715927622508,0.000510816667503053,0.0116689598879014,-0.863355512149651,0.00677725283101299,0.000301027208365375,0.00419156928926036,0.188112876868883
"nig_indep",257,126,0.0276891672295637,0.00130474199678537,0.0197174682014792,-0.570988914095637,0.00754927854352773,0.000440983927270282,0.00329460476772589,0.0542754727419935
"nig_indep",258,146,0.0723171324207474,0.00709497008845535,0.0469318305137891,-0.182016161877902,0.0331690641751924,0.00493497602349493,0.0186465722289063,0.18786174284113
"nig_indep",317,474,0.0459579646919816,0.00277820096174048,0.0333719170222824,-0.34475359192591,0.0198265549233056,0.00188010344900459,0.0126435925007851,0.225950906955546
"nig_indep",331,119,0.0397547554544797,0.00226980074999458,0.0281238768779768,-0.439971386445975,0.0196893689126464,0.00169135238245285,0.0105215279725392,0.188897903917773
"nig_indep",351,294,0.120293523207389,0.0192608364342156,0.0847109931518128,0.118492463441506,0.0513667279383162,0.012805197976301,0.0280124372069073,0.192299902017867
"gauss_indep",102,442,0.0170678973581312,0.0004293402565559,0.0114613102391634,-0.88679680722772,0.00893145771423518,0.000337684069866499,0.00492707139427576,0.197441351864249
"gauss_indep",104,538,0.00761952626492268,9.55633338961254e-05,0.00554579858930594,-1.24604383516075,0.00335497312255242,6.15685139832376e-05,0.00206207933452395,0.215189608586312
"gauss_indep",152,153,0.026034958562029,0.001175160592206,0.01928768770639,-0.576067898209028,0.0107759574872643,0.000754229937358045,0.00486316856081401,0.0798230865742916
"gauss_indep",169,245,0.0116433703189536,0.000217728443184402,0.00818567161492082,-1.06121058019677,0.00256102939205234,6.70886541188404e-05,0.00151899737106341,0.101484620865966
"gauss_indep",181,221,0.0145790498508803,0.000377515697701548,0.0103714950698219,-0.937667943236311,0.0072313738970295,0.000264917447692694,0.00426093207978387,0.216034371523789
"gauss_indep",196,170,0.0116047783040872,0.000238235786373582,0.00848711371388386,-1.0328215459511,0.00290953961277528,7.72101014535874e-05,0.00155951955199455,0.0935530840735726
"gauss_indep",230,122,0.0117170750560273,0.000227089464516262,0.00836592673081566,-1.0426078228825,0.00158818136074233,4.21329236245634e-05,0.000982166685363999,0.06628292011897
"gauss_indep",294,284,0.0353745607621655,0.00208974677286301,0.0253089270778687,-0.494078772620458,0.0174870836297419,0.00144552913814726,0.0101731333520956,0.20769528054513
"gauss_indep",303,229,0.0210458784490743,0.000685199258430275,0.0134822624677511,-0.804783088243625,0.00739698947508828,0.000392898438289995,0.00485639814161453,0.157080447932354
"gauss_indep",381,328,0.12702888311353,0.0200889142443496,0.0869336784170692,0.133451206688174,0.0415961202485096,0.0102529891696887,0.0208577508155952,0.143019858194985
"gauss_indep",382,328,0.1547032137626,0.0299533675512346,0.0902030531165976,0.151860603981928,0.0649140206315703,0.0206576704148346,0.0363825407750571,0.170691801208252
"nig_cor",113,560,0.156716425689238,0.400400801365219,0.0856146931391643,0.025677258446652,0.0457384484008179,0.346998234242585,0.0430500627655109,0.032690930356757
"nig_cor",322,342,0.167769198908349,0.0414902691609135,0.11697962718271,0.271694776008102,0.0820795460299329,0.0306889873982804,0.0462362820447891,0.209396701192515
"nig_indep",113,560,0.0299044488051446,0.00141426259602798,0.0216329539646421,-0.566313674116676,0.0149246612157247,0.0010972291330388,0.00792477010925365,0.149547517125303
"nig_indep",322,342,0.1645699149849,0.038811214955008,0.114344309589839,0.259216099257824,0.0815793343905282,0.0295311419101034,0.0468217465968184,0.222906020712932
"gauss_cor",113,560,0.0305364130369339,0.00137817806610055,0.0208416186613838,-0.587196855518626,0.0146744837452659,0.000961705223320673,0.00826649679134508,0.195713154655036
"gauss_cor",322,342,0.158616543696954,0.0349770774089958,0.114989499050269,0.269892025433754,0.0691735832228309,0.0239662804802692,0.0380007311469396,0.19362613454565
"gauss_indep",113,560,0.0320577926046563,0.00155394580697138,0.0224601640931869,-0.543746787694351,0.0150663779498459,0.00105668433950351,0.00768284235530641,0.144809923282199
"gauss_indep",322,342,0.158434168603595,0.0348880809801569,0.114909743329048,0.268856283825993,0.0685162596477587,0.0238458620537237,0.0379291801075975,0.19203978318167
