"model","gridID","n_points","cv_Psal_MAE","cv_Psal_MSE","cv_Psal_CRPS","cv_Psal_SCRPS","cv_Temp_MAE","cv_Temp_MSE","cv_Temp_CRPS","cv_Temp_SCRPS","cv_Psal_MAE_sd","cv_Psal_MSE_sd","cv_Psal_CRPS_sd","cv_Psal_SCRPS_sd","cv_Temp_MAE_sd","cv_Temp_MSE_sd","cv_Temp_CRPS_sd","cv_Temp_SCRPS_sd"
"nig_cor",100,392,0.0134222837787859,0.000288588467801369,0.00949329516868358,-0.973870547450047,0.0746265718005911,0.00919823259495228,0.0531865987128018,-0.121576014082676,0.000228242019554219,7.00966460714229e-06,0.000255090149824126,0.0163342008736006,0.00128214495518885,0.000200135452642138,0.00126434583138971,0.0132406218644393
"nig_cor",101,410,0.0132960702061096,0.000283529830718143,0.00961188932418512,-0.959101063635396,0.069955902569496,0.00801105991589831,0.0499879453618512,-0.1497514409037,0.000152859797655209,5.21561869459144e-06,0.000180801905545195,0.0118523024922588,0.00119127265180576,0.000191101468974653,0.00158849726914297,0.0166972236330303
"nig_cor",102,442,0.0111257073278388,0.000212009268081455,0.00797194368904412,-1.06871327046096,0.065785541081821,0.0071518503620189,0.0464686151735815,-0.169653822859365,0.000149590191472032,3.66122067187024e-06,0.000184499428174602,0.0148182389162962,0.001452440855159,0.000223475832028595,0.00169628305211206,0.0186744360469804
"nig_cor",103,408,0.0095215564653675,0.000151508494553701,0.00686151057721116,-1.14243399850645,0.0646013243572199,0.00759972145060893,0.0469096867986513,-0.175394694275112,0.000179428118346884,3.84754304637877e-06,0.000177524985936077,0.0145889584480556,0.00189778114889672,0.000321974082368876,0.00205782042052401,0.018666962016232
"nig_cor",104,538,0.00749409229100274,8.6833346260004e-05,0.00526499997062118,-1.26410077579457,0.0807026585351082,0.0109601874130132,0.0569819853691833,-0.0915050129393051,0.000165308140850928,3.12709119098059e-06,0.000203886605235173,0.0190093623491244,0.00145704603610557,0.000295239678129465,0.00161424857362811,0.0170943616235214
"nig_cor",105,228,0.00547577802906223,5.55001744412474e-05,0.00399131074318032,-1.24644615702244,0.0720320694184302,0.00955709785552717,0.0514349033950774,-0.0954789072832262,6.15757875612992e-05,9.8318593230034e-07,0.000137706212423214,0.0174235132731165,0.00104947094948773,0.00023586464659468,0.0014024760326359,0.0135957115733301
"nig_cor",107,310,0.00857138673071554,0.000139568579176053,0.00613347281757125,-1.160828365754,0.153939611342146,0.0392779861780058,0.108802699394956,0.242495050292838,0.000190837489503861,6.1519716490484e-06,0.000186302104073143,0.0190666371589679,0.00340776104260266,0.00126103121672847,0.00371637271492889,0.0166055185711401
"nig_cor",108,360,0.0229469586810056,0.00164815125165484,0.0178450702413934,-0.670344158078497,0.520565352056017,0.579702849695783,0.37236650029816,0.8264543844999,0.000779253546023346,7.61593407485367e-05,0.000964702850527395,0.0354360717924028,0.0177506316079412,0.0444959460569174,0.0221396403116988,0.0264894978936578
"nig_cor",109,610,0.0268999479480961,0.00183469299121914,0.0203506645498284,-0.601251232311873,0.446921287529506,0.402740253082067,0.33210159046337,0.782210732579912,0.000603399644590503,4.84190087517021e-05,0.000679508595667552,0.0223063701297381,0.00994887234181649,0.0105718887134536,0.0118084818039251,0.0165455726260824
"nig_cor",110,540,0.0282266341495125,0.00164893109072965,0.0203448086621578,-0.577934367672068,0.335263459924116,0.239884541525336,0.255244608169871,0.672710456711633,0.000709626915305632,4.61472520889185e-05,0.000919709415425512,0.0252027868176935,0.00850118993230545,0.00651389702892298,0.00932519777300717,0.0197534132073535
"nig_cor",111,373,0.0392158511372648,0.00277677309233577,0.0278846972858663,-0.437349753766673,0.360762820872094,0.232259771216482,0.261803287397525,0.696199834036697,0.00119423403557159,0.000122211175728518,0.00135793912547522,0.024870679299022,0.00724630225355691,0.00630879522739451,0.00717198307450325,0.019692289054743
"nig_cor",112,421,0.0532259299041053,0.00458559987877181,0.0378429933652,-0.208250951252342,0.297335185061293,0.143139065359046,0.213340924283759,0.613142303300092,0.00167169374134652,0.000194930150720877,0.00184209961978876,0.030728693777558,0.00950544794127171,0.00613010830588191,0.00999249806720333,0.0230959617684665
"nig_cor",114,182,0.0750717110485696,0.0110542832235908,0.0571790425569412,-0.0415461705039929,0.283193893738293,0.166561747304263,0.214294088749313,0.621048331342291,0.00177682452155236,0.000415241833157971,0.00230509594878848,0.0170211411730102,0.0114298304730161,0.0116982114958043,0.0208187520776446,0.0365437883672692
"nig_cor",120,836,0.0213771321427028,0.0018393165910908,0.0171156591697986,-0.689638896289215,0.146900980663897,0.0375668055257313,0.106766201256147,0.223371104210305,0.000347623131632555,2.37284693632911e-05,0.000410832662862645,0.0107519996616255,0.00188495593205614,0.000690824512089207,0.00215388118287223,0.0103570049947529
"nig_cor",121,713,0.0203977524754513,0.000712794651368241,0.0148472564454731,-0.726303944890203,0.127953812256365,0.0258948695157688,0.0902064384497235,0.159937459441605,0.000665899591869252,3.35403529246361e-05,0.000769031789309701,0.0191788038358593,0.00254045303985856,0.000799144592886599,0.00351345681103778,0.0156098854453857
"nig_cor",123,340,0.00584303189815585,5.4656661933123e-05,0.00406043360110643,-1.36017951646706,0.0953679612597862,0.0150086897858991,0.0680279064733069,0.0149894963544061,8.12337645114291e-05,1.37337852781499e-06,8.54497702917541e-05,0.0131837582088752,0.00134447044038712,0.000350654679173211,0.00128199035175602,0.00760292089020863
"nig_cor",125,290,0.00604046349122118,6.65885421033902e-05,0.00400050874408755,-1.25865267135678,0.108103130328105,0.020479422473978,0.0776398816242932,0.113994598296319,0.000181368162920895,3.58106334399608e-06,0.00029202943931519,0.0224030487100017,0.00188774109279328,0.000568118038113806,0.0032306506474523,0.0112549211059418
"nig_cor",126,858,0.0174441122222239,0.00050100468675306,0.0125107028156525,-0.820734585668482,0.152679256057317,0.0411545010515634,0.110190515706504,0.243168590570318,0.00029537657425861,1.23851630524779e-05,0.000330341676859008,0.0164906268785671,0.0028346629464485,0.00108399131202547,0.00338059752656629,0.0153171546787606
"nig_cor",127,949,0.0147465680541515,0.000359178919692772,0.0105312250982651,-0.923398543979261,0.127196355082953,0.0263491101560125,0.0896049541296886,0.141116534247237,0.000253233928901801,8.67334388459637e-06,0.000324079749744879,0.0156747070548041,0.00225435359850731,0.000669792414580172,0.00263876722528717,0.0143629355208832
"nig_cor",128,476,0.0156370360157378,0.000410884726591805,0.0113057020385782,-0.890040778760686,0.131527179792523,0.0288475572747025,0.0934290790258289,0.163231030286418,0.000223118640079323,7.81687848339987e-06,0.000245213427075154,0.0141132744810461,0.00305361838926762,0.00103582029643273,0.00334406525846086,0.016697847020737
"nig_cor",129,337,0.0124845405482571,0.000253029923070019,0.00878009678592957,-1.01398154436317,0.131796796343544,0.0317716788285445,0.0954875176834004,0.16773118767185,0.000263336601990737,7.48085778660757e-06,0.000289697266033524,0.0185878553457189,0.00299558644917359,0.000960013217351231,0.00364512362517122,0.0217374498403496
"nig_cor",130,330,0.00934234865287595,0.000167846335338084,0.00694258389285209,-1.1370436770285,0.0961900946641649,0.0143400942405952,0.0675135402071247,-0.00232049541008621,0.000205638757224345,5.3491329658844e-06,0.00026665659926586,0.0185851888788261,0.00198705255299821,0.000458853649469758,0.00221669548470636,0.0162867355301296
"nig_cor",131,282,0.00979941656876041,0.000161542400781854,0.00697406551687421,-1.1343127408016,0.106580712768234,0.0202686468530263,0.0766824352228805,0.0638958933512423,0.000199316347996225,4.60182344637963e-06,0.000236777958908315,0.0170253467688259,0.00147607382503367,0.000346777638129551,0.00179313418045847,0.0148252894607732
"nig_cor",132,353,0.0087092134876161,0.000136832432090881,0.00638176702307934,-1.17024225300301,0.111447777484429,0.0237796146585814,0.0822308495672516,0.107097121964115,0.000117667067248123,2.18934786441244e-06,0.000155582830829933,0.0170549674648575,0.00290232761791602,0.000710345052756811,0.00294954723346555,0.0163996504420932
"nig_cor",133,631,0.00796690663480389,0.000109264907863352,0.00561036186862215,-1.2406117398501,0.106530054501296,0.0204372766512282,0.0769693968995442,0.0515337560345022,0.000183971048133119,3.58476341087636e-06,0.000181405647116575,0.0171714672566376,0.00207177653106999,0.000513537677973796,0.0021950324220608,0.0167315199195735
"nig_cor",134,326,0.00832045171632088,0.000120824413867991,0.00606984133935607,-1.18826878811496,0.115037216705844,0.0215997746306846,0.081640353634916,0.107191291332366,0.00013771027038472,2.40053047999807e-06,0.00012944745646864,0.0141313317166886,0.00269511761244557,0.000732682241589589,0.00355716646841199,0.0230466728333854
"nig_cor",135,278,0.00556003790109478,5.10605572058732e-05,0.00399894588560854,-1.40411837938678,0.0883867955538013,0.0133701974512043,0.0639866851661838,-0.02391324262803,0.000102521958433513,1.25102946317309e-06,0.000136046044544965,0.0178555044616169,0.00218258374203647,0.00042807294082957,0.00216126572302356,0.0149500491049834
"nig_cor",136,250,0.00548632318091314,4.91073385701356e-05,0.00392650928309033,-1.4224395199511,0.0783207824829472,0.00950127969316258,0.0553084757612496,-0.0963531399296576,0.000137458286596681,1.69946271666701e-06,0.000126661183106386,0.0142184082596164,0.00152619911097238,0.000286332334357088,0.00193414037105481,0.016072253292311
"nig_cor",137,241,0.00588564470438999,5.58664373897475e-05,0.00414853842505913,-1.39046543819376,0.0718134228306654,0.0089654780980882,0.0518147240641893,-0.144201636324682,0.000103842840184727,1.21447053778779e-06,0.000104911068885822,0.0153876880789391,0.00126345525982154,0.000245742782697154,0.00171689000333196,0.0137077976669146
"nig_cor",138,151,0.00547098868066722,6.36812305280835e-05,0.00382018696123929,-1.32918594801141,0.0887738252673545,0.0161306717370097,0.0692200799279762,0.134808992388456,0.000353095821959948,5.76300788681041e-06,0.000343468493634249,0.0418967422986663,0.00579713552398633,0.00160617483376037,0.00923917170663635,0.024676997348841
"nig_cor",139,209,0.0102831528154776,0.000213469775126465,0.00777564290558429,-1.00673874271048,0.143976032459061,0.0366710410030802,0.104161041912587,0.207332248511428,0.000149073097413545,3.8861589337805e-06,0.000229977232890588,0.0248555393251666,0.00402105330651055,0.00168213063442889,0.00393678292690788,0.0206378098991913
"nig_cor",140,163,0.0070121600876419,8.70596714800799e-05,0.00491426267762538,-1.1569386307368,0.128615127439739,0.0305354267663246,0.0936907524414231,0.200325739832431,0.000152987870371406,3.7752814389774e-06,0.000224517946464554,0.0189763115248849,0.00244961461339861,0.000921217300883195,0.00356410734933808,0.0120087213916014
"nig_cor",141,243,0.0200306262289053,0.000760751547785715,0.0150976752584995,-0.72984130610956,0.196417123350148,0.069645542060281,0.151048839327988,0.447278905387402,0.000450428080109513,2.11313991739493e-05,0.000619924797905149,0.0241270787150111,0.00647724856239938,0.00239484305951297,0.00902695301514786,0.0222439633351012
"nig_cor",142,325,0.0316279124910951,0.00174045258545869,0.0232876325935481,-0.505166643831127,0.149095108604909,0.0385527056939541,0.104852728185022,0.223937865983953,0.000520509596032458,3.51460150861415e-05,0.000662018316599578,0.0227601576239465,0.0049211220369355,0.0019475061035937,0.00555814499081927,0.0235596052310193
"nig_cor",143,415,0.0237805893700964,0.000943576614699731,0.0170062835944704,-0.683742176501794,0.100286552007216,0.0167522491457951,0.0726334868539088,0.0550473777284971,0.000514942743431793,2.80924524384669e-05,0.000613169524543932,0.0198945271653875,0.00301857670872287,0.000712083543591571,0.00356812563064025,0.0197245781894512
"nig_cor",144,477,0.0226875305976248,0.000880491458433468,0.0166240326949064,-0.680783095018237,0.131492578584253,0.0270883706369765,0.0932709480331513,0.170001002746627,0.000537608299264591,2.77621568945544e-05,0.00070215011060338,0.0206415061716786,0.00254903276476914,0.00073774558443098,0.00293544406196542,0.016830516341366
"nig_cor",145,520,0.0248859595420074,0.00107494112982446,0.0172048427223372,-0.671573929655507,0.114151133552079,0.0221938491262933,0.0796345079751214,0.0814893284582186,0.000852085627358354,6.67795898304869e-05,0.00117600275951777,0.0259248489504509,0.00311088849797145,0.00105288103325761,0.003954358160824,0.018908558517394
"nig_cor",146,327,0.0219537967130946,0.000793520854056256,0.0158506762742185,-0.69933443020368,0.102262757904069,0.0189722693443598,0.0754012855626733,0.0712299985621746,0.000738702219167795,3.55975606403782e-05,0.00109969497909804,0.0231205178263561,0.00222997702210225,0.000491013163966095,0.00352636533203014,0.0170616497800726
"nig_cor",152,153,0.052100851918407,0.00745782744613529,0.036477360242417,-0.0185139209799377,0.253906979052808,0.166516976548929,0.178047896598836,0.446266898919951,0.000147200511037394,3.18307330952592e-05,0.000209630406065089,0.00264884551431785,0.00184027465107083,0.00196141744134701,0.0028227463111312,0.0059434482318994
"nig_cor",153,452,0.0484681444960583,0.00522144815530512,0.0367657154486411,-0.317534430441021,0.29174353334509,0.175330666016192,0.212448324146095,0.566552352599015,0.000858194849104823,0.000163308816285697,0.00127408933268931,0.0269425306519107,0.00606185773510956,0.00712418470840228,0.0101410351514002,0.0248180476087519
"nig_cor",154,592,0.0313741805366244,0.00163706416478477,0.0221327330084819,-0.531641073412025,0.164434601879838,0.0452815512369671,0.119167930258715,0.303800597690806,0.00135375784764236,0.000101592244379406,0.00193811134733727,0.0340301211060867,0.00623723264115008,0.00236610623066521,0.00831376247044084,0.028245128844859
"nig_cor",155,130,0.0190122040142088,0.000896857765369807,0.0140957807439942,-0.796261633966924,0.142791982393258,0.0375290695596113,0.101275929545931,0.197893756743784,0.000465530655090191,3.3648663597485e-05,0.000514759545694122,0.0298093565870833,0.00244314610483773,0.000865149723045778,0.00289947276374619,0.01660447565544
"nig_cor",156,842,0.00638142453520838,7.05549557479232e-05,0.00460952348020728,-1.32151838528705,0.120257794831061,0.0231437728466833,0.0844440124936542,0.104952169603644,0.00011966049015159,1.86514687405865e-06,0.000142994939243577,0.0182522443809954,0.00143870517194286,0.000416586685956686,0.00188149495812388,0.0128260237858638
"nig_cor",160,481,0.00707444789017643,0.000100786348409088,0.00519659547885071,-1.27476675499861,0.151964780285255,0.039063137801885,0.108111152364155,0.228925578989595,0.000115268104060895,2.02395325972109e-06,0.000170849234048839,0.0144785677858855,0.00230551711673427,0.000878756242493549,0.00293351905494648,0.0169031073350725
"nig_cor",161,416,0.00577718535187042,5.67352983183006e-05,0.0042194479290369,-1.3765588194412,0.134019875488455,0.0300790550450763,0.0938020751882403,0.160511595402566,6.84447614414351e-05,8.38462380057722e-07,7.68289666471466e-05,0.00779581240404641,0.00227456409049575,0.000653949870373675,0.00260146083038776,0.0136231768509132
"nig_cor",162,313,0.00605634317397727,6.01208761935741e-05,0.00422701347297541,-1.38432535381625,0.118774964262788,0.0222969610910065,0.0830283676431126,0.0961689747672307,0.000153512525181518,2.21801287882745e-06,0.000221174708871127,0.024900013568421,0.001464429329126,0.000418432008367404,0.00197848324368896,0.0138333964458522
"nig_cor",163,295,0.00514423169999402,4.61579079824568e-05,0.00361497091651173,-1.45366154236031,0.099317310496306,0.0151636517998642,0.0693714415411449,0.0134859086101408,0.000111189882176097,1.50907467721997e-06,0.000157826515336565,0.0230376797263906,0.00148916519247185,0.000369490331631477,0.00219789349879369,0.0161029098149975
"nig_cor",164,313,0.00428617610623779,3.45146729214788e-05,0.00317102582860915,-1.52553083442697,0.0894106811832966,0.0130614685898412,0.0637526277228922,-0.0414042351179907,6.36296481461627e-05,6.60273689962119e-07,6.67265027211941e-05,0.0115702403997056,0.00217469462065066,0.000531695990267881,0.00178335121804872,0.0155471418937251
"nig_cor",165,435,0.00398532088892699,2.67959466230387e-05,0.00280973396130497,-1.59054293555244,0.0936402046608353,0.0137655786104687,0.0656234077933182,-0.0183282076087854,8.87649408804841e-05,7.80053149798686e-07,0.000120693463073437,0.0210998164958419,0.00148108242900602,0.000352815632978921,0.00189505737554903,0.0140925489102527
"nig_cor",166,369,0.00372967523601514,2.69113547646914e-05,0.00276938692858133,-1.5980276133657,0.109733100201573,0.0191104661262576,0.0778932264460332,0.0853389742879578,0.000105035752189977,8.51505257715137e-07,0.000125060449758529,0.0196616009806315,0.00234623448458042,0.00058106598941617,0.00285873874661619,0.0158428170626091
"nig_cor",167,327,0.00491315078541883,7.09511799242461e-05,0.00369433877974119,-1.41009515483258,0.115106279102444,0.0213925649968205,0.0810682432838844,0.0908834040057313,0.000123702146979186,1.40281228329319e-06,0.000126992325976897,0.0257453155110792,0.00241797356997131,0.000692675384042078,0.00286508238082362,0.0148346605773687
"nig_cor",168,356,0.00494833384222679,4.1416755633336e-05,0.00348461414807025,-1.49034934711302,0.110383207998557,0.023805423708033,0.0810603207286192,0.0908008939966816,7.29630683088342e-05,8.59110438551154e-07,9.05840364610675e-05,0.0144658426732881,0.00153498498470054,0.000462655254998053,0.00200214961081501,0.0128570477521043
"nig_cor",169,245,0.00397761443909328,2.62472099225771e-05,0.00285981021097991,-1.58363461133325,0.11115898664945,0.0208936144039406,0.07955063659001,0.0747204318322487,5.72630376009803e-05,5.26507847040859e-07,8.18391278676634e-05,0.0145384128629063,0.00097581525835383,0.00028450633735312,0.00150973766014659,0.0112600096507486
"nig_cor",170,260,0.00491454296951565,4.88120695421027e-05,0.00358664174879411,-1.45088340979731,0.105421751955024,0.0154755058315317,0.070802493454881,0.0228234163320132,8.39729503361609e-05,1.11827992909771e-06,0.000104063360714625,0.0175462252126941,0.00128162714448493,0.000315771337311265,0.00167350141690833,0.0125056413488457
"nig_cor",171,345,0.0050213579176744,4.20546144216319e-05,0.00369816303472064,-1.40492314899749,0.0889264200051146,0.0118069589961399,0.0607725740009183,-0.0534888958977644,6.31651918403905e-05,6.88076250287333e-07,8.6137918666287e-05,0.0200639513920885,0.00163143154606723,0.000343532369489545,0.00159054797087782,0.0128965529148989
"nig_cor",172,379,0.00342523665317774,2.01208268989601e-05,0.00245813558164718,-1.64759843693922,0.089370895618365,0.0122058464362224,0.062094899256436,-0.0398364101508046,5.2024271664926e-05,4.10749201180492e-07,6.50368617364074e-05,0.0171798536986822,0.00205297388120278,0.000402640782708213,0.00180551166817069,0.0133110521136054
"nig_cor",173,366,0.00378264587999567,3.00552218829374e-05,0.00273965143571828,-1.58231435146096,0.0919192228049487,0.0138813216382197,0.0652800546220754,-0.0169935828709965,9.69411366922896e-05,9.98598513087381e-07,0.000123305355588932,0.0270113692534581,0.00161927960508475,0.00033547667555331,0.00170892410259557,0.0128913233835426
"nig_cor",174,143,0.0147537431107447,0.00042415039409786,0.0108549028856766,-0.779375488653142,0.0892781761010791,0.0155061592302243,0.0662896485932746,0.00786307408717494,0.000688719373201409,2.1489250439741e-05,0.000704610008514329,0.0473209071187299,0.00136290858527421,0.000325164105820665,0.00138794725232025,0.0103960192251173
"nig_cor",177,175,0.0345744296257838,0.00212610087346574,0.0253499446019674,-0.480172602351709,0.10326756683875,0.0194170121331026,0.0766374506345652,0.0701247820278858,0.000593207121874498,4.68457964499774e-05,0.000742661694318173,0.0191846024247041,0.0015894001494511,0.000362880069745132,0.00184272362759128,0.0178738450143821
"nig_cor",178,256,0.0309515114012658,0.00169990131153004,0.0228262592762073,-0.466958913916546,0.0970230885841794,0.0178612137046839,0.0731306989293243,0.101502094290352,0.00037032216738826,2.8404234652288e-05,0.000530071533748905,0.020687227609864,0.00164654469208936,0.000341527234671453,0.00179764278722632,0.0167834327799663
"nig_cor",179,262,0.0201503124757546,0.000691470233675483,0.0144151271480861,-0.778981302192281,0.0625037243680447,0.00641886227698679,0.0444174445700784,-0.207313790864091,0.000391390510532468,1.96453855511425e-05,0.000473868891819138,0.0174427230251379,0.00149289832401924,0.000217450732976366,0.00159514702620036,0.0166604390228491
"nig_cor",180,570,0.0156913815732428,0.000407306779079641,0.0113283705173496,-0.89515992327883,0.0745417080263321,0.00950807365802016,0.0534691919569717,-0.123195436911896,0.000280060161577163,1.00961653784633e-05,0.000342834520001451,0.0157071812824835,0.00140258294154746,0.000262803997075787,0.00160541273453626,0.0156526430851716
"nig_cor",181,221,0.0170421899981446,0.000529175706189119,0.0124115765842219,-0.85746052749509,0.0826830470503868,0.0147354874879515,0.061981381893568,-0.0338849846316368,0.00028661222747043,1.46627817215829e-05,0.000392319909192164,0.0197985775316044,0.00146647815967284,0.000284740462804602,0.00215498776718712,0.024584994265388
"nig_cor",187,113,0.0349208767624219,0.00210479058386761,0.0257460559285135,-0.366221601438365,0.255595399418743,0.106428736632496,0.190742980821961,0.587872893084922,0.00131820467836549,0.000113026145841825,0.00192576748281492,0.0228876877617678,0.011391105587057,0.00762920813659953,0.0172831539555464,0.0250246824844549
"nig_cor",188,266,0.0301232446913583,0.00122091424356598,0.0198383347778037,-0.613903688480226,0.195490076616523,0.0581168447012671,0.135455502011057,0.340801876348334,0.000223969665054908,1.3531915302709e-05,0.000235797460681976,0.00697728489231915,0.00242586954915918,0.000931116465101353,0.00333966533370153,0.0122624702054065
"nig_cor",189,335,0.0219938303384854,0.000896472211033438,0.0164337325137267,-0.716782400378679,0.177389753922929,0.050966267332281,0.124029665021342,0.288298820000515,0.000282491061198576,1.46358302940787e-05,0.000415606290000443,0.0134486348623327,0.0032826199093849,0.0013500932178662,0.00365604034969032,0.0122406705482556
"nig_cor",190,304,0.0193520818067983,0.000745816300011597,0.0140177451709905,-0.801706344700362,0.131151717566809,0.034139522193304,0.096480346695271,0.174615795733388,0.000411689556772611,1.77458946805131e-05,0.000526974579973956,0.0200877520835348,0.0023145365978445,0.000743283222659651,0.00198354059027834,0.0112242421739771
"nig_cor",191,580,0.00892542470516683,0.000140765601179112,0.00642889177224576,-1.17550614151932,0.117829993332492,0.0216578218150956,0.0811120190166755,0.0852665324482614,0.00028005548601966,6.50770533524472e-06,0.000213559193925562,0.0147473393010126,0.00173093795072806,0.000553576853931704,0.00173103067035831,0.0102053154119522
"nig_cor",192,359,0.0137215649766666,0.000342728489232637,0.00994493432935238,-0.961652928903754,0.132826982911024,0.0294558404531028,0.0951714198832473,0.173433861437796,0.000213935735120255,7.66852395494922e-06,0.000273169174078501,0.0137142199499499,0.00106510741557189,0.000354830337870832,0.00150060602108667,0.00932043406339364
"nig_cor",196,170,0.0051545470190448,5.48434814519135e-05,0.00379792190244507,-1.4236938009465,0.0906718352213417,0.0144289962602619,0.0681970222786974,0.0225639164693376,7.98465804646705e-05,9.64918355560275e-07,0.000100447143328403,0.0152423449933327,0.00249651115295139,0.000496542572624173,0.00206168864061164,0.0117531169972281
"nig_cor",197,277,0.00442557766978107,2.97719389411158e-05,0.00305405532126643,-1.54253886002914,0.0811403731235398,0.0116168671720235,0.0618949136592821,-0.0200776760710096,7.73649147639438e-05,8.03034949331923e-07,6.49904704628473e-05,0.0102017444316207,0.00234962337950951,0.000505667444120446,0.00265613928939863,0.0159294223703661
"nig_cor",198,392,0.00459532561758462,3.97675552943773e-05,0.00333403327794961,-1.51048775091846,0.0936373523077895,0.0158535533584913,0.0671574925890565,-0.0136415188184093,8.15417312465443e-05,1.00726042884464e-06,8.41312014281667e-05,0.016125575512124,0.00157294534309375,0.000303753829584978,0.00164902965122733,0.0133585803531828
"nig_cor",199,420,0.00374328416653825,2.19350023288662e-05,0.00262049074391552,-1.61949628140318,0.0979060830487784,0.01447826767156,0.0680926512885769,0.00196843937682923,6.46145502276399e-05,6.14692429562576e-07,7.67389439448926e-05,0.0144608622651524,0.00204539093163611,0.000448054193573332,0.00219711285620212,0.0164901771704202
"nig_cor",200,460,0.00349898102630323,2.01431320417381e-05,0.00248532543017332,-1.65460721759181,0.0807449423330579,0.0114013426616271,0.0580465630546775,-0.0763039687376543,4.0529980848639e-05,3.56945109170672e-07,6.32383984317152e-05,0.0139506210302566,0.000743593329727761,0.000171003940770146,0.000989707676357646,0.00876417659695336
"nig_cor",201,418,0.00445347768704851,3.77504192625728e-05,0.0033327039984069,-1.43162862319817,0.100255527125353,0.016893397299161,0.072293949178259,0.0415722514095537,8.72170426482392e-05,1.3666820680636e-06,0.000106457167604028,0.0220926238724999,0.000779580994380802,0.000176066464784128,0.000884877634158206,0.00741862181674008
"nig_cor",202,399,0.00293692605369593,1.48212904368807e-05,0.00211431990539007,-1.71418743482791,0.0973334257331115,0.0158323381737227,0.0695045832629479,0.0144072422457402,6.63178046016503e-05,5.18506389854173e-07,7.19358261795348e-05,0.0173637709297892,0.000534194696442928,0.000109041134197558,0.000635056297981213,0.00499630835196229
"nig_cor",203,445,0.00287110544178327,1.36225585376741e-05,0.00202256762817655,-1.7644265514276,0.100037024714857,0.0148954818306502,0.0683298134230517,0.00407252935076656,4.98539480077168e-05,3.11090743582667e-07,4.559043964209e-05,0.011276156326401,0.000195576085943177,4.23949856011098e-05,0.000364127622217437,0.00311443100098796
"nig_cor",204,419,0.00287190911591716,1.31448646421098e-05,0.00209579010632741,-1.71640090596344,0.0923887206426752,0.0142926997744058,0.0655219279789453,-0.0187618576235238,5.21138333748308e-05,3.7104564565422e-07,7.02065203388818e-05,0.0129611127694437,0.0015486769170041,0.000295553356539301,0.00126913051299678,0.0107956617925839
"nig_cor",205,480,0.00293873961311924,1.47173296820534e-05,0.00213254092808144,-1.68700450574849,0.0880416864031037,0.0127181959005668,0.0627144145538685,-0.0345260894751971,6.14130040547626e-05,3.92302766245828e-07,0.000101495665345269,0.0261499554999241,0.00131299812798287,0.000321324722310567,0.00153152709577377,0.0114382164439065
"nig_cor",206,415,0.00312629378823768,1.48994844777414e-05,0.00217756989904307,-1.71924920113793,0.10333063836787,0.0170023385886992,0.0733421577256728,0.0415194317659688,3.95511344382571e-05,3.12509719127274e-07,4.27913927439136e-05,0.0114504444181837,0.000694319255137591,0.000154624430849086,0.00119388782505684,0.00791404291247177
"nig_cor",207,472,0.00334377665277575,2.05868294457201e-05,0.00252169726491579,-1.63386422999783,0.0980914872540473,0.0159028191950283,0.070311238366528,0.0234930243485082,3.47119427448745e-05,2.91716613451463e-07,4.12088931940615e-05,0.012690538558039,0.00169580191160765,0.000367601001768585,0.00166789380668372,0.0132470074729598
"nig_cor",208,492,0.00336799239799721,1.84983638089054e-05,0.00242350178147954,-1.64969444597432,0.0977735985459177,0.0150651241419057,0.0693399414484996,0.0219815042976143,4.98597407719869e-05,3.89851200631124e-07,5.57899425668244e-05,0.0124066264924761,0.00115074938394734,0.00031380577118877,0.00131511305832035,0.0112080703223546
"nig_cor",209,451,0.00365750274942961,2.10730211975219e-05,0.00263153590662633,-1.59044064102781,0.0893018175339751,0.0125898829937718,0.06319737388065,-0.0314774562433437,6.00101998504124e-05,5.01813732137355e-07,6.86731791952242e-05,0.0176246616638739,0.000668483393957747,0.000143140421486921,0.000879954993998643,0.00879183801905082
"nig_cor",210,237,0.006182362259407,6.49724533666054e-05,0.0045818736119191,-1.26692701497727,0.102447865773192,0.0181024001348614,0.0714364823237832,0.0410154630453988,0.000109234738010478,1.81474742350688e-06,0.000222225357293764,0.0320139276243362,0.00100415031825752,0.000291904045179642,0.00191621445556218,0.0151364523583608
"nig_cor",215,233,0.0199053749783578,0.000675235342699418,0.014255711757804,-0.777835154024675,0.0406530155225551,0.00294190541811074,0.0296147936824938,-0.398675667381395,0.000247209398230256,1.04443102497709e-05,0.000460394818132599,0.0183841294857594,0.00126237918186497,0.000114829369543676,0.00143463754415176,0.0203374849586751
"nig_cor",216,421,0.0169607970716275,0.000414839683134608,0.0115370304499472,-0.875458449860713,0.0450199992181838,0.00356344592412597,0.0331321986271624,-0.336259395736929,0.000285818369107496,1.20810115415974e-05,0.000420420337543899,0.0174478748201411,0.00101254821064045,8.54145479339807e-05,0.000802018803726675,0.0138623112433462
"nig_cor",217,413,0.0168431990620901,0.000445314161669791,0.0119654073546695,-0.856150674707239,0.0379265417660975,0.00243236553467621,0.0273921636562102,-0.458412278504229,0.000264235167005734,1.06595041955486e-05,0.000238168129546946,0.0113479056544151,0.000532913959226817,5.22151318675733e-05,0.000913837023151632,0.0163866735406091
"nig_cor",218,364,0.0133496258806433,0.000331114033217675,0.00992560891192286,-0.945549591628258,0.0234868872037265,0.000835603303025632,0.0166156639123476,-0.680410986451426,0.000213350671004211,5.18527292967553e-06,0.00029912485272426,0.0173118456220047,0.000459846011978659,2.55441289326645e-05,0.0006111197209873,0.0154118250290507
"nig_cor",219,266,0.0116936106405456,0.000228859343403887,0.00845055460166572,-1.04423767924984,0.0174738552950927,0.000504856285938499,0.0127115170296424,-0.820796329990813,0.000164937118039431,4.53171158881102e-06,0.000248838048381995,0.0155736071239912,0.000371232199006603,1.56844519741067e-05,0.000528755174654524,0.0138024395642889
"nig_cor",223,164,0.0335852729048713,0.00165766465129124,0.0232484299991009,-0.533653654031517,0.257753556214758,0.125998693309694,0.18745292648649,0.52335837718062,0.00055751273744433,3.81971475035109e-05,0.000567903420567454,0.0139288894783815,0.00444505455387845,0.00212398326651682,0.00416370464104689,0.0146456764397327
"nig_cor",224,255,0.0231286948739661,0.000790610634257339,0.0159239969742493,-0.716719888727406,0.217366184019644,0.0669799684393504,0.148166600969208,0.424702281973934,0.000379792290173777,1.98987602209012e-05,0.000301300684610106,0.00946528414717978,0.00334081226763094,0.00171492601781184,0.00486469258136029,0.0192798381821781
"nig_cor",225,311,0.01523623017291,0.000349639464969658,0.0103903394808145,-0.949151309641834,0.176911869702739,0.0560913559051226,0.126468755723499,0.293182833249829,0.000266731247855862,1.05667463714133e-05,0.000299347180794678,0.014603966368898,0.00359429982281177,0.00148646306275424,0.00447785558735867,0.0136789981365871
"nig_cor",226,293,0.0176876464070986,0.000539123093684617,0.0125196080076079,-0.847477591403095,0.194877489215135,0.0699941533353307,0.139964187677143,0.345716468868462,0.000346153377815161,1.33669241046112e-05,0.00036410639987385,0.0155970315985734,0.0032058349981809,0.00142908522401898,0.00361145939027015,0.0149823283851694
"nig_cor",227,363,0.0172281149360265,0.00051559870039855,0.0122772457617239,-0.867246766219387,0.146472620320659,0.0318118839062323,0.0986457117437163,0.164512160702636,0.000437870255008422,1.92890033882253e-05,0.000371882736844183,0.0210667214238575,0.00229756724943057,0.000869008313497125,0.00230469290383379,0.01228073893909
"nig_cor",228,338,0.0161444927472856,0.000608961304104857,0.0124118115984915,-0.86614615000386,0.150898264825519,0.0371245582503371,0.106539551605937,0.21205745831929,0.000287357343162492,1.49579681422533e-05,0.000337635437827459,0.0153333219065735,0.0026580593561155,0.000956099805300734,0.00302728614036501,0.0142106124903387
"nig_cor",229,293,0.0160647140100132,0.00065721196930399,0.011644671949726,-0.915592126091402,0.132579720755478,0.0340866933537644,0.0940030773797448,0.153004631240126,0.000587017107213456,5.54274165096588e-05,0.000736820417668591,0.0375983075963592,0.00387529732696631,0.00232764270343211,0.00545222962187717,0.0219723144996594
"nig_cor",230,122,0.00675620473913531,8.80676948594377e-05,0.0052097821571505,-1.14302349100043,0.0959337687496489,0.0143514224694824,0.067224067427134,-0.00245021901410174,9.69469505273169e-05,8.96185653236312e-07,0.000124729828130968,0.0258822820352905,0.00135673939062819,0.00027987914564157,0.00142963430561424,0.0125310142511814
"nig_cor",233,204,0.0106655837029004,0.000202646120351771,0.008116558352123,-0.922622766836068,0.142359995440214,0.0514762870689637,0.108295350495515,0.229110441906506,7.01517111185222e-05,1.63290762233373e-06,9.18724275202883e-05,0.0173936144674926,0.00242382848696107,0.000954452575196135,0.00193889217845781,0.014532807206529
"nig_cor",234,485,0.00869314937895548,0.000120481259968757,0.00620723532656881,-1.13136104798514,0.10818832277612,0.0195081429176017,0.0775807977974828,0.0695451177551099,0.000147060292452891,2.65635487255139e-06,0.000152093195884418,0.0174432647214123,0.00341636918276888,0.000818720176099647,0.00426628007907708,0.031430100168265
"nig_cor",235,459,0.00550981478829872,7.24107028555314e-05,0.00426698736262826,-1.39861220987585,0.080550669950581,0.0109859165496971,0.0585857155451753,-0.0648749900654366,8.99282266464078e-05,1.38332384990926e-06,0.000102354410917839,0.0135530800021474,0.00131418101353372,0.000302873592493768,0.00179249236314063,0.0139184640975934
"nig_cor",236,301,0.00634827789560423,7.21392323896713e-05,0.00459198804218544,-1.30312894153536,0.0884140865707599,0.0117714222599048,0.0616606596929528,-0.0333504822855055,0.000194269420131503,2.07995528147146e-06,0.000187580725005984,0.0285348467714791,0.00145700241294269,0.000269674386286389,0.00210019406896141,0.0154152722284125
"nig_cor",237,366,0.00567905943393748,5.94064521053861e-05,0.00414603892001411,-1.39267024455228,0.0938496001807095,0.0138387969454004,0.0658843584534765,-0.0121099686366973,0.000128829656149129,1.57998830320807e-06,0.000159446811660857,0.0191679465695546,0.00183581076457506,0.000415932011951866,0.00254681272733272,0.018295593985909
"nig_cor",238,429,0.00493511058697684,4.18287802653396e-05,0.00351079910729218,-1.47961290750886,0.0880579898773412,0.0114375836466631,0.0602268901132624,-0.0538989680331828,0.000106245940637904,1.47552476607302e-06,0.000132072287605973,0.0223897256477222,0.000998278264345024,0.000193963620794046,0.00121309326541044,0.0095935793030483
"nig_cor",239,307,0.00530023143041959,6.60158181082395e-05,0.00408168898968724,-1.39953051238788,0.0828073604377612,0.0108861169857382,0.0591332745412134,-0.0602705122749763,7.99958260868766e-05,6.84677007570514e-07,0.000112076466280764,0.0223793548828117,0.00144293545909035,0.000298019156012947,0.00210854115213511,0.0168236040640565
"nig_cor",240,390,0.00466811435048949,4.02743247152644e-05,0.00341498734865818,-1.45555977756555,0.0811468380350063,0.0105315796533771,0.0566612758799857,-0.0884968902628806,7.02889913545365e-05,7.56561843268136e-07,0.000106576102874625,0.0234171935371655,0.000409857471290228,8.64439791108339e-05,0.000592463372448065,0.00538072506526436
"nig_cor",241,356,0.00453857481763863,3.42719313807751e-05,0.00324918307854289,-1.52800110508941,0.075232495151851,0.00909115149185767,0.0548241313372851,-0.0852782250994865,8.99703677601938e-05,1.04334848345425e-06,0.000111001518918464,0.0209418827349289,0.00152778680220922,0.000266652007876467,0.00193739718911271,0.0137348968550261
"nig_cor",242,267,0.00361294554252195,2.51785041520881e-05,0.00266145504036664,-1.62328674388521,0.0682947742375126,0.00749851826852101,0.0492362349281405,-0.11953321385533,5.08017098363876e-05,4.79982235561494e-07,6.47679123488916e-05,0.0166747742404794,0.00203110019226841,0.000315973530184532,0.00295911857557365,0.0201532709860165
"nig_cor",243,274,0.00294365962198402,1.36569914514106e-05,0.00210366615326999,-1.71338551147521,0.0795926169345413,0.0101942196514078,0.0567813191559057,-0.0744742678030246,6.21244103301747e-05,4.18794351515145e-07,8.30015219479936e-05,0.017161031542763,0.00179363468885084,0.000382310567951339,0.00277892701059608,0.018721271802767
"nig_cor",244,355,0.00399754399937284,2.5851084663544e-05,0.00287430137821233,-1.5657496790359,0.0826543191026411,0.0119405387057203,0.0601998061043964,-0.0611773955653203,5.93905906012112e-05,5.32996223477363e-07,7.52500585536856e-05,0.0160564232402174,0.00143285670499034,0.000275310855181754,0.00183934117876488,0.0154598464464081
"nig_cor",245,375,0.00412485231534137,2.97702113852493e-05,0.00303229030561958,-1.53566028566642,0.0797371049031879,0.0107983882068326,0.0576171529961604,-0.0728570810289998,7.83847243947897e-05,6.94617956155523e-07,8.78521803218853e-05,0.0161394883683013,0.00148728931865351,0.000279769298763382,0.00181015545114634,0.0144382061601648
"nig_cor",246,177,0.00662373815021224,0.000161141021123696,0.00532759982525721,-1.20777500865353,0.0964077265739516,0.0148325775381172,0.068367386810023,0.0218332002114392,9.13948672443401e-05,1.1882743300525e-06,8.74341114323973e-05,0.0171180639081883,0.00162994544008953,0.00039089541025307,0.00236529963808309,0.0151972576707339
"nig_cor",250,117,0.0242121480842388,0.00109098452467814,0.017793447367292,-0.567731170814607,0.0683710867988574,0.0085271288054453,0.0501869120035862,-0.0939594083156288,0.000392734078708786,2.22645373390764e-05,0.000451024839729768,0.020603307441015,0.00126504501968217,0.000205726042840569,0.00137525210076996,0.0198357313725902
"nig_cor",251,362,0.0158246492744404,0.000430236100832638,0.0115461484670298,-0.878095120691384,0.0450376327369583,0.00327479126343879,0.0318505660271807,-0.369645997462025,0.000275852730721084,1.04338659090871e-05,0.00038903972171608,0.0165708145351596,0.000958264124314842,9.04645983496828e-05,0.00106782990067726,0.0187738455518521
"nig_cor",252,300,0.0132128960863365,0.000284647002371969,0.00945354733136146,-0.97436343938621,0.0398908989140781,0.00244079624186395,0.0279182720970603,-0.440397730419977,0.000240435864690757,8.62469423361429e-06,0.000334319178791427,0.0145835819439852,0.000786778319930637,7.13869584335715e-05,0.00102027821740536,0.0178628016014132
"nig_cor",253,335,0.0103685933283894,0.000185756277577022,0.00759020753056761,-1.08274685718024,0.0327257762933741,0.00176789781546574,0.0235866840439226,-0.509743517275313,0.000196498637230806,4.42245201392687e-06,0.000249063468979805,0.0138788586232248,0.000826142859010867,7.26354393074645e-05,0.00101534735812409,0.0176954866582808
"nig_cor",254,352,0.00972320974544015,0.00014909395929275,0.00678229067810361,-1.15218316572739,0.032885993592211,0.00168575876546665,0.0232532913279962,-0.524246290753283,0.000338377955355402,8.34731774599201e-06,0.000356793735572322,0.0219454459429335,0.000704967499971539,5.56668583813905e-05,0.000873979294631079,0.0159331069651725
"nig_cor",257,126,0.0492264527184222,0.00420837437218876,0.0360115104273908,-0.31624795591994,0.36926550020149,0.216886592775427,0.260318688359424,0.672244533404185,0.000534621531393304,5.40638117742161e-05,0.000354112636278473,0.00558720331256198,0.00577013314845039,0.00437319233303545,0.00510794969595004,0.0100689227016535
"nig_cor",258,146,0.0286300267554499,0.00141377606386147,0.0201366974685446,-0.6299475545212,0.265700924656549,0.108433784243098,0.190992644391933,0.562748458021466,0.00074969385887095,5.41268735796048e-05,0.000635653356531766,0.0139447195216294,0.00792384214815352,0.00473140741616133,0.0102847983327649,0.0243720825522876
"nig_cor",259,259,0.0194106956323128,0.000700328567524405,0.0144560347729885,-0.762441228126741,0.210901141028864,0.0658950359389189,0.150696200435512,0.438899741843053,0.000392127894794683,1.74533965307801e-05,0.000409149210668674,0.0168810156576589,0.00493675191143435,0.00224815679409879,0.00604368215039479,0.0151914752451414
"nig_cor",26,244,0.0106344308155261,0.000193710412871803,0.00786121950838359,-1.04658353984991,0.0419037915069858,0.00304302222603827,0.0311024531456071,-0.363816058353648,0.00026782120023882,6.54894072866692e-06,0.000320206805755698,0.014460497967332,0.00127434803073674,0.000129386350197351,0.00101514321302695,0.0123823253314121
"nig_cor",260,240,0.0184783880703655,0.000562267735015922,0.0134618843736304,-0.746840980506527,0.172113002543082,0.050336514075064,0.126956832332231,0.327730738859448,0.000402137299669534,1.71299570102406e-05,0.000494064026940377,0.0212826867743745,0.00462423770422272,0.00145032845885936,0.00496131081253816,0.0155226346757424
"nig_cor",261,271,0.0191759708159018,0.00058009420559952,0.0136382385421863,-0.808538416325719,0.202676735699433,0.0656662163323296,0.145545480235133,0.394734960487402,0.000359224415758659,1.62315212932974e-05,0.000448279256170168,0.0209777542448206,0.00644586632073063,0.00326935161256643,0.00755814051830558,0.0211048641898144
"nig_cor",262,298,0.0167991309206486,0.000536982807217099,0.0125838515097558,-0.820864377911117,0.151388147937111,0.0418005221451784,0.114218001135857,0.308467305130291,0.000387635194347475,1.54708531159663e-05,0.000432292054006165,0.0228803632796674,0.00395637595836955,0.00123100312612563,0.00495012961166106,0.0204511517994879
"nig_cor",263,376,0.0184426369612743,0.000645273735221882,0.0136612105380914,-0.771955711603552,0.138145301746328,0.0330545268328195,0.100139960120393,0.207385685277778,0.000435566436307692,2.06758531341397e-05,0.000625786796569389,0.0301605890496783,0.00348271915752686,0.00102051925231632,0.00397116432167142,0.0208613841888807
"nig_cor",264,321,0.0117254103640124,0.000265939416184126,0.00841256504047726,-1.01831300281914,0.12135168986579,0.0248789363708191,0.0857080365438164,0.119462983582709,0.00045258204550413,2.05989250877007e-05,0.000651399507851903,0.0300589185157228,0.00292220685191251,0.000874875056355244,0.00420492632426971,0.0225839600703022
"nig_cor",268,319,0.00875993105307271,0.00012462769256802,0.00623286545490905,-1.1840839563288,0.112631994781741,0.0199385665551857,0.0797754139156195,0.0851827968614861,0.000125555098351148,2.59058780678327e-06,0.000114479035583171,0.0123978580059515,0.00258320303346532,0.000697386244502498,0.00318198257420228,0.019248292527354
"nig_cor",269,328,0.010945485002251,0.00022574076733793,0.00816034313626467,-1.04702777622798,0.112046897501304,0.0229839540334411,0.0841766441276549,0.126916012318828,0.000223749962854266,5.39517099807356e-06,0.000233876550904764,0.0180348223462953,0.00266743881514163,0.000776460656797902,0.00334273805958413,0.0178841970963068
"nig_cor",270,383,0.011858971239508,0.000235553061080456,0.008485120653845,-1.03295047880831,0.126374571499869,0.0270931688572861,0.0909041702746638,0.143335162034978,0.000173115819138729,5.12818614158627e-06,0.000212387075709724,0.016621139190976,0.00212780155090122,0.000621917049558362,0.00295778779061866,0.0181374441934413
"nig_cor",271,364,0.0113745587263115,0.000216988926883074,0.00829143048873693,-1.00337247261977,0.107353418825582,0.0183684223672653,0.076703484537586,0.0682499333719479,0.000128852561770922,3.54585567054372e-06,0.000146552269362562,0.016546787161652,0.00182335196612348,0.000425648330389742,0.00213536071973899,0.0167311785809309
"nig_cor",272,344,0.00768629679759699,0.00010713253462397,0.00557427073006766,-1.24061847451425,0.0856177235897298,0.0117901663206139,0.0599687059044529,-0.0628837181308323,0.000130992048186714,2.56252556757516e-06,0.000208973912123237,0.0220699963872293,0.00117961891100783,0.000259815390514966,0.00169212436978126,0.0152075315254755
"nig_cor",273,246,0.00802922502059801,0.00011196589633747,0.0058107718088626,-1.24127066031734,0.0881819344646436,0.0111608550811613,0.0591209343165425,-0.0611502267245244,0.000175183207958758,3.39510976645875e-06,0.000211169225076922,0.0228440505559767,0.00676801078375053,0.00139912646137985,0.00643472645996423,0.0492541482388058
"nig_cor",274,180,0.00765788684372177,0.000101013418323831,0.00557536972997009,-1.24490736198144,0.0823328566102112,0.0113696043612613,0.0593296438985247,-0.0609802067450368,0.000128579323421502,2.66650499183064e-06,0.000183135692724657,0.0189661947384233,0.0016096569180435,0.00030637364619096,0.00201250332396553,0.0171313929941476
"nig_cor",275,209,0.0086051943220238,0.000123719991301407,0.00623269922271995,-1.18551292578981,0.0678604313428936,0.00747588868046184,0.0487857289699421,-0.165806595812971,0.00014002410385847,2.73751646291741e-06,0.000180986159458523,0.0217458004424283,0.00105675028119891,0.000153803561718598,0.00118770015249405,0.0152277824094503
"nig_cor",276,249,0.00710793537304757,9.14808376851962e-05,0.00521516756839013,-1.27798388682483,0.0579318070174638,0.00575033328777352,0.0416821452954051,-0.231392099539392,0.000127241996964619,1.93898014417427e-06,0.000142226833941147,0.0159303396620427,0.00116262213010397,0.000177106393425707,0.00174568866115306,0.0179790008174198
"nig_cor",277,315,0.007719760220083,9.59004292222033e-05,0.00541858627863784,-1.27152650661852,0.0584902079753867,0.00538759146109804,0.04203997324421,-0.212052034501571,0.000133540128115771,2.95863718373193e-06,0.000139767438150296,0.0141191969209096,0.0014158427124592,0.000204664231346304,0.00181704529558101,0.0164024397273986
"nig_cor",278,287,0.00508210771565804,4.4687535957587e-05,0.00369794348595649,-1.43774192863001,0.0789766446690702,0.0102886645772478,0.0561755184469204,-0.086357510977843,0.000129902580865774,1.52937165713171e-06,0.000151624067591688,0.018108387312998,0.00151607660336182,0.000299978658638258,0.00191083816279909,0.0179251393544153
"nig_cor",279,292,0.00591487916389686,6.99449661917821e-05,0.00438875081415131,-1.35824029784897,0.118538267333891,0.021290126776378,0.0825156569458158,0.101359571484465,0.000159979545820988,2.22268176022038e-06,0.000132297375027404,0.0173037137699385,0.00251500471473405,0.000647604238751028,0.00229517787603152,0.0170263182395377
"nig_cor",28,140,0.015343935506893,0.000454909216649384,0.0114322817747081,-0.872777825496354,0.0932318593209128,0.0130356758898074,0.0660391805672132,0.0164261205931789,3.31140209022003e-05,9.61160490433304e-07,3.85473492253932e-05,0.00272948009917147,0.00129910181068557,0.000270432249136861,0.00176650563885565,0.020546229316845
"nig_cor",280,124,0.00833125608992987,0.00014224212475434,0.0062832242273675,-1.0252450416302,0.0844048267350943,0.0124756723462394,0.0604597420455289,-0.0414439522064929,0.000148144434080712,2.57384414464831e-06,0.000181674968381145,0.0259452402965415,0.00156735842776427,0.000232542689264629,0.00195714150142235,0.0155263537583235
"nig_cor",283,154,0.0214108639468983,0.000782348815590769,0.0160690990920663,-0.669832043347338,0.0706136415863954,0.00920786863554731,0.0510665546005608,-0.14081984481579,0.000338087406764158,1.79955895013363e-05,0.000365981379841226,0.0225693745019677,0.00204747106967558,0.000342882737092514,0.0017565080391981,0.0157365692973607
"nig_cor",284,436,0.0126581383275843,0.000275392343974791,0.00913929369780374,-1.00646657124441,0.0587321019313818,0.00650691276743994,0.0429036436141605,-0.227209024592261,0.000236482553857044,7.41890029261508e-06,0.000306525397981215,0.0183156967705227,0.00143829054693386,0.000219144014356392,0.00187711678262651,0.0198598189186792
"nig_cor",285,250,0.0107796585774481,0.000182847377391491,0.0076091755663087,-1.08666484602444,0.0540755602793496,0.00442358201812199,0.0379046501629554,-0.267460687505264,0.000211040422424961,4.88982754110728e-06,0.000207212145772838,0.0125324910468779,0.00164543437165617,0.000210992172760935,0.00213913152206213,0.0217145445242875
"nig_cor",286,319,0.0112425582739384,0.000224366385031925,0.00835407330719452,-1.02770991863406,0.0513409827145002,0.00458277751979985,0.0376039957625699,-0.256796755750937,0.000208458515813411,5.51217082133917e-06,0.000231920826121182,0.0128509214607367,0.00187804104883798,0.000242676330784903,0.00253079519981899,0.0236927572199179
"nig_cor",287,428,0.0106748065595387,0.0001797131545249,0.00760935747987876,-1.07552852465913,0.0573812538208395,0.00572448888490274,0.043891666388038,-0.138285683086308,0.000260169398888577,6.47028521634575e-06,0.000285990755317069,0.017436723199068,0.00247569796609465,0.000343899663959691,0.00399467972721592,0.0288026353700347
"nig_cor",291,231,0.0332115420758986,0.00194252696393636,0.0238591345207001,-0.519638194389965,0.656389878649666,0.729580000457569,0.479967119177741,1.02921601594248,0.000558388005744737,4.04033603555948e-05,0.00056735507783919,0.0120331669755688,0.0105781732402235,0.0145526495622537,0.0105279752026119,0.0174004319960913
"nig_cor",292,284,0.024004743484792,0.00117373042241929,0.0175534870456714,-0.675177533237414,0.390062917092216,0.284801780059222,0.277538620981887,0.701834488227525,0.000831377952577737,5.53777274667759e-05,0.00097198636798642,0.0339670532947844,0.0122056161102464,0.0135124576952874,0.0140591239097916,0.030435494656588
"nig_cor",293,260,0.0170340753399531,0.000736984456217053,0.0125653839294372,-0.797189670612404,0.361190749719959,0.241860287092761,0.263770729036306,0.754561623573704,0.000716706613324419,3.547141874857e-05,0.000992452252880713,0.0300278670363398,0.00628526156963683,0.00489463459908456,0.00733322035893804,0.0210673979326557
"nig_cor",294,284,0.0160348203058978,0.00062082915801684,0.0119792848101656,-0.869666052383816,0.33203990840102,0.170026771560576,0.230836528190573,0.646732202418197,0.000411510302454037,1.25011847508252e-05,0.000401356192969824,0.0188255975436633,0.00812353911496361,0.00497593207933801,0.0106146013223,0.0206958201871516
"nig_cor",295,354,0.0169968887259486,0.000651095467725251,0.0124673175537541,-0.848368159305178,0.303579722793839,0.182518252007541,0.223886388333963,0.589240824108398,0.000546895103136001,2.09685483229849e-05,0.00063028649369585,0.0248987410795511,0.00656503302938794,0.00512195398713846,0.00850425680846356,0.021999888382752
"nig_cor",296,364,0.0319140285908,0.00195355899829431,0.0237251824700704,-0.42573196290357,0.314149981633516,0.189085551097566,0.226948505001461,0.635271192707215,0.000676954568442557,5.00438436025399e-05,0.000727008182308777,0.0309702524778902,0.00952457499665962,0.00831667677241928,0.0129484813066726,0.0342889704431242
"nig_cor",300,210,0.00748972920990626,9.73581396010123e-05,0.0053852345608802,-1.26048288070744,0.360260914985305,0.204774257739692,0.257384888479112,0.717282392086648,0.000160653179382586,2.42373892752506e-06,0.000184658754287952,0.0134281336720241,0.0103893093290422,0.00872711303913975,0.0100752065392742,0.0237397383775408
"nig_cor",301,257,0.0131205314179791,0.00027388182482464,0.00942773976717745,-0.963572914330877,0.201509760611777,0.0700373836010817,0.147001409538052,0.409645050222879,0.000218514447223663,5.85264434366135e-06,0.000284982327305876,0.0227100102222161,0.0059174543187419,0.00274951758580994,0.00595179290514545,0.0179960675697173
"nig_cor",302,261,0.0145187590950848,0.000345771443242933,0.0104952831571369,-0.901500378099883,0.170571484708944,0.0482590739371923,0.122614120844788,0.320046960496046,0.000240135047836764,7.47163911043165e-06,0.000262711072319164,0.0157540162801987,0.00276782580809108,0.00108287007309828,0.00340145446581884,0.0160057004973548
"nig_cor",303,229,0.00894854061833954,0.000140693148178105,0.00645550421787603,-1.18663178657747,0.129226921528533,0.0291367807427116,0.0935258856780875,0.172298430120002,0.000172058216779207,3.22238143912038e-06,0.000197426438247037,0.0149489700201997,0.00261516030073692,0.000770303747414193,0.00357463907184561,0.0191120200984741
"nig_cor",304,286,0.00546131049997003,5.22095886693379e-05,0.0039469184371434,-1.42328873322541,0.103405818628738,0.0165379174780238,0.0732428606666258,0.0553722268674414,0.00011383523677429,1.49452832312834e-06,0.000133186625393415,0.0152724543867827,0.00220192752146875,0.000517778072371947,0.0023933761973838,0.0165823498345758
"nig_cor",305,147,0.00632308998509117,7.22369540059698e-05,0.0046081996022894,-1.35762121476874,0.108611486596648,0.0179501793490465,0.0763692777020814,0.0649894310146011,0.000111588701785313,1.73714433536476e-06,0.000123095598695636,0.01808244633066,0.00275289624546469,0.000697257963097713,0.00327608727391484,0.015884478337663
"nig_cor",306,161,0.00638439842463811,6.49808130258545e-05,0.00449207849980383,-1.25065436991173,0.137471332271081,0.0295537797110132,0.0961576353337501,0.206361614102173,0.000144715853300058,2.11234600905422e-06,0.000145034001030616,0.0145585458533083,0.00313024398508487,0.00106163234109947,0.00428380762211881,0.0172941997687798
"nig_cor",307,229,0.00696938878823387,8.40477198290703e-05,0.00504954838961042,-1.29197272643828,0.0761551152727619,0.0108757806703323,0.0576543094947641,-0.0597095701860315,0.00015592174119282,2.71445312858933e-06,0.000176096816110368,0.0188177369602193,0.00172303080850211,0.000360542741371978,0.00158370701084054,0.0119248505562256
"nig_cor",308,242,0.00787243578279675,9.51408706346724e-05,0.00554757571807502,-1.24205432494033,0.0691820471043656,0.00784939316931837,0.0495074480780734,-0.146118876224765,0.000194669779646153,3.55434396447922e-06,0.000200846125754957,0.0175658882109872,0.001630337920796,0.000295296351660635,0.00220426349993606,0.0169230822535123
"nig_cor",309,242,0.0103666679215751,0.000158225259441189,0.00733400999937508,-1.06078690051981,0.078965439223657,0.00940101391743633,0.05529263255509,-0.0843441052397237,0.000139366428924783,3.24404341750135e-06,0.000172402690391053,0.0170099692371047,0.00164901218308866,0.00029432045264602,0.00216343910914974,0.0201762341547753
"nig_cor",310,240,0.00959156702969177,0.00016232222872288,0.0069453738350382,-1.14547646995256,0.0853379507305143,0.0112373826930577,0.0582657631831357,-0.0673027897379341,0.000136991923926718,2.85339772059516e-06,0.000200714772066102,0.0220619855818168,0.00224798268130248,0.000466973000452199,0.00254858844576771,0.0225262859993621
"nig_cor",311,269,0.00918937927390634,0.000152451375109258,0.00664672597770868,-1.16139806749542,0.084520106172949,0.0117166991927093,0.0615187025708829,-0.021228162967164,0.000148301968311778,3.10325528043535e-06,0.000255840130767364,0.0216553280066123,0.00233625858645996,0.000437071109367939,0.00283565005568193,0.0193414182480617
"nig_cor",314,402,0.018484520995877,0.000661807023866192,0.01363552538495,-0.763239231725819,0.187502245506564,0.0743755997752564,0.139035566025544,0.413101986187652,0.000503011377818337,2.69475770147452e-05,0.000886115726719783,0.0248496082377883,0.00604401487496858,0.00322561872854342,0.00753324676978394,0.0262936164690889
"nig_cor",315,448,0.0142750176417058,0.000293772236811942,0.00989242052612728,-0.930774679715192,0.122264445181916,0.0253655407452931,0.0880192178800631,0.152056439939542,0.000227440923966987,6.90283118434702e-06,0.000360841219457861,0.0215069656699935,0.00385584752123265,0.00135533567552959,0.00361954391409114,0.0209980773098905
"nig_cor",316,404,0.0145833893636864,0.000378532964515953,0.0105255591619944,-0.940288712636226,0.122392424340132,0.0267823733232553,0.0895833778273199,0.147826262485722,0.000234969234805196,9.60424858938526e-06,0.000298277765969335,0.0164901552396632,0.0036222904074043,0.0010369672853038,0.00334818102890503,0.0224055754763786
"nig_cor",317,474,0.0154926626266031,0.000453135466061084,0.0115142770219197,-0.889464953130704,0.125273406024509,0.0279624564220213,0.0903830577880142,0.124408911277798,0.000247169667567443,9.64116009253768e-06,0.000259059223210888,0.0148333256849878,0.00392890130484738,0.00119977570074647,0.00466661279873656,0.0268492643848806
"nig_cor",318,476,0.0224406077928946,0.000853531538925907,0.0160659707167884,-0.703333832249539,0.182975659324959,0.0568354962118313,0.13350340740003,0.401385623278767,0.000649921841853309,3.51514185130417e-05,0.000747336088057452,0.0216295578922545,0.0072084405984707,0.00268803190364302,0.00820371910973252,0.0391518916605336
"nig_cor",319,384,0.0249833996355465,0.0011633762112361,0.0183489591899084,-0.667429916731618,0.162969170590652,0.0471823803540315,0.118080034202202,0.285744422930161,0.000475998594216226,2.80371242716917e-05,0.000563219014187409,0.0167657835267446,0.00535946398701097,0.00237017324576512,0.00775936938972644,0.0228547305948892
"nig_cor",32,742,0.010505797250504,0.000193715358143433,0.00760858847342484,-1.08749255565226,0.104016535517137,0.0258997540410561,0.0787322539028654,0.0929322028683236,0.000220156555985475,5.21992637535425e-06,0.000219026038434401,0.0171101176644039,0.00291865186134697,0.000891200208088532,0.00324029875894998,0.0281151423693002
"nig_cor",320,510,0.0543113449327531,0.00617151184823542,0.0407183505148538,-0.218658663403028,0.676818567397266,1.0488525435806,0.501739396820389,0.98937918230629,0.00081996709475424,0.000119253483906426,0.000953822806214599,0.0189166761349559,0.0243867989155097,0.0447463912693987,0.0326337749220091,0.0355905431397664
"nig_cor",321,427,0.0362352309923823,0.00213410814983776,0.0261995238945056,-0.468282271582965,0.400994491258511,0.3064421068167,0.29568184948505,0.724536694648154,0.00071008447838864,6.07626825627386e-05,0.000827938273077824,0.0167880860654765,0.014248160483344,0.0156151359613575,0.0149554562453442,0.0233223888098083
"nig_cor",323,310,0.0608105977015802,0.00641851438708889,0.0453380598177869,-0.0828949019052791,0.913430944433471,1.3965648681133,0.672739062187627,1.21547617597854,0.00113458493103996,0.0002055258842472,0.00152456226101112,0.0403295064467779,0.0184679688646379,0.0453015715633069,0.0229685266812638,0.039090825072275
"nig_cor",324,367,0.0204964333954067,0.000671950187713099,0.0146605320736575,-0.749310102028332,0.370364529675066,0.206749285021595,0.253778015381547,0.682995682081525,0.000414840933938175,2.11368260979564e-05,0.000569799256708387,0.0203277626821724,0.00730194542507582,0.00492555715701218,0.00993986173981455,0.0227670613529351
"nig_cor",325,355,0.02168003719866,0.000968486971014541,0.0157814342075094,-0.719258236171009,0.386268835843868,0.278344899974466,0.282924248370217,0.699651362162394,0.00071961687928799,3.08179168964643e-05,0.000737730565789839,0.0221596986207461,0.0112010072936976,0.0106602616811544,0.0141375840192469,0.027131928417697
"nig_cor",326,475,0.0201087603637919,0.000736565344422354,0.0139477875058909,-0.77822236225464,0.509309972921673,0.515984556260831,0.372421867215864,0.906418744467842,0.000760517608449221,3.58174982839924e-05,0.000736320856312739,0.0243065268070778,0.01011313287323,0.0151363050183292,0.013155264743728,0.0340493569104215
"nig_cor",327,453,0.0120054589221261,0.00030606374216136,0.0090643766744484,-0.975705337731261,0.350774851833033,0.26010971795427,0.261501145941432,0.688978643762895,0.000299245690345863,9.27526926982593e-06,0.00042656663862047,0.0204268532363245,0.00769382222888494,0.00580092109943012,0.00850509412502386,0.0224661105457767
"nig_cor",328,513,0.0134566366534036,0.000344720393821892,0.0101477912888346,-0.940534747975559,0.369382757440283,0.266903825146706,0.27621141983008,0.721540751491156,0.000188050897475814,6.54939234045257e-06,0.000296575786716761,0.0171071556628675,0.0102853980034483,0.00782449858807317,0.0106031029225332,0.0235789764724038
"nig_cor",329,319,0.0169081639009225,0.000587520072905847,0.0126996578536038,-0.814697346407138,0.494535752056256,0.434376022880626,0.364977840051356,0.910924060554077,0.000350446928240657,1.19689304309795e-05,0.000393844540065135,0.0213739728926819,0.0120384710507191,0.0127542122103997,0.0128413071469583,0.0232837435841178
"nig_cor",33,1151,0.0178511948397402,0.000620677320392516,0.0130050104931646,-0.830715763370368,0.155584823863119,0.0576670209583125,0.115636992423383,0.241562320934213,0.000532458986986717,2.86101832195787e-05,0.000528547244105171,0.0226349346088317,0.00609018143469266,0.00370660600102409,0.00619354361416901,0.0262717933866654
"nig_cor",330,499,0.0101405242892106,0.000196551457624479,0.00748498680452982,-1.10184823210094,0.334933200062623,0.217210582584249,0.245597821387867,0.668567551971455,0.000317146375849143,7.64736218639271e-06,0.000336234275668755,0.0209459233653958,0.0124225370521174,0.0105645384199715,0.0124260234588888,0.0218475264285071
"nig_cor",331,119,0.0202341653782031,0.000683349366579679,0.0149535377116053,-0.729995784889193,0.314455865060803,0.156287600157656,0.22459650519261,0.615191052884841,0.000309336894145322,1.43113940171183e-05,0.000483326892614328,0.0187615229311046,0.00437330387746239,0.00285905360605892,0.00552534236602566,0.0160220619697575
"nig_cor",332,349,0.0120436781295006,0.000242441391217488,0.00844767411686053,-1.03779174913716,0.132941979562271,0.0292559738913662,0.102003814596196,0.265844349897997,0.00038039683282174,9.22206888663792e-06,0.000383817019616885,0.0182455155404319,0.00401530296239641,0.00118120174634965,0.00462029921526706,0.0157883320964768
"nig_cor",333,399,0.00502051729858165,3.65804568717039e-05,0.00361273330967764,-1.38894646960455,0.164018874926092,0.0618374519520909,0.118306580335291,0.262931095986717,0.00026805469374242,2.59939372673944e-06,0.000281316741563281,0.0295262104785241,0.00489864441036451,0.00196786720512957,0.00680891056678718,0.027646339450835
"nig_cor",334,347,0.00605998368899796,8.27345884111166e-05,0.00449967020298379,-1.3375192165692,0.108199874884973,0.0201480884197985,0.0790879196214666,0.100770212290813,0.000128776440934522,1.72702090758018e-06,0.000211929825117983,0.0286131479474309,0.00327889110239023,0.000895739358993494,0.00444456508786378,0.0196763677998564
"nig_cor",335,293,0.00534150282421962,5.06363653661267e-05,0.00400016788094101,-1.33837579025981,0.12296273712046,0.0247919206813937,0.0882383686799132,0.173780075901563,0.000249713515186538,4.01764460677415e-06,0.000241193985194912,0.0230733411570476,0.00243005568993917,0.000779225184279923,0.00331320893608518,0.0215099466774012
"nig_cor",336,170,0.00799324434996476,0.00010705221538062,0.00561051613994426,-1.22931955341914,0.118109129723234,0.0194388655419352,0.0808372487252522,0.0924384737404713,0.000193852323153028,3.33362029196756e-06,0.000242806574813215,0.0238646526737754,0.00278405338939535,0.000711077605106759,0.00372755229973883,0.0185900641173462
"nig_cor",337,298,0.00599715176326911,0.000222574004216529,0.00499041562073738,-1.3016466461614,0.0784368300943997,0.00953723505604672,0.0547973095058895,-0.0968164565726441,0.00016132624232376,3.93535828435692e-06,0.000199595677336692,0.0246085628326771,0.00207274773118329,0.000430032498445472,0.00284323345577551,0.0250698437245332
"nig_cor",338,339,0.0136509760898293,0.000635202548327044,0.0109738234124716,-0.601259552657271,0.0663787027865509,0.00791803843299514,0.0482282066750853,-0.151470267618319,0.000273453649153419,1.69263733715689e-05,0.000297286751412825,0.0645484628249976,0.00230580849404064,0.000354450010846747,0.00259044001749603,0.0204026050904822
"nig_cor",339,304,0.0117102093531391,0.000277001909676534,0.00833395876386755,-1.07858710435933,0.0664594819979974,0.00854536874589999,0.0499228317730371,-0.104528539436433,0.000392157238237155,3.15363424099254e-05,0.000525524442838843,0.0226597834310441,0.00630345574625081,0.00227351513866934,0.00542006650881126,0.0309593001356529
"nig_cor",34,470,0.0348765324859852,0.0021875324363472,0.0249794095511492,-0.506115239895641,0.406764608944312,0.418013929048768,0.302968988958207,0.767148501681746,0.000626282863141864,5.29837188231053e-05,0.000720093172947789,0.0148731951805534,0.00519477084112864,0.00515618362469067,0.00548415424560106,0.0144703323283765
"nig_cor",341,329,0.0660106362329128,0.00711149019318338,0.0483027791451769,-0.119444578882925,0.351831783704177,0.186927283378753,0.249671765851248,0.859929489018585,0.00123058458777802,0.000262088677761975,0.00139135575259265,0.0252272680599161,0.0115744787962603,0.0103881093824394,0.0125069563429869,0.0498042502340181
"nig_cor",342,415,0.0351901351624887,0.00237833256088359,0.0257436794313822,-0.45734362740083,0.205131920773027,0.0925800471406284,0.152554020000972,0.389902675563231,0.000736905573502944,6.07626265392298e-05,0.000852112292986361,0.0228464042286879,0.00774666860750387,0.00491830213865782,0.00879060734344174,0.0340734317610756
"nig_cor",343,464,0.028883461897467,0.00153796738430228,0.0214508506399592,-0.553942356752339,0.100605346597757,0.0180989171896242,0.071366761619534,0.0273091510887517,0.00118158200912767,9.20522702316807e-05,0.00104328340908738,0.0293862041498818,0.00432904489554152,0.00154083130172592,0.00420358337707134,0.0200694629203088
"nig_cor",344,248,0.0213970412759812,0.000759165898502185,0.0152354041508909,-0.750320760472612,0.125385382020791,0.0260625350088012,0.0898278839982535,0.161550091740485,0.000588800522752979,2.73111396993271e-05,0.000470021586770914,0.0154596483756985,0.00329456336326999,0.000729663952355553,0.00417832221719325,0.025723149111005
"nig_cor",345,444,0.0264141651882472,0.00138663485226858,0.0193403332435012,-0.643285167364661,0.112378621469351,0.021836480308108,0.0803733376344854,0.101114664200705,0.000518475759523099,3.47086781732697e-05,0.000592282815436618,0.0197001287876674,0.00388959706907501,0.00116225322214926,0.00487755049594958,0.0258538660363178
"nig_cor",346,655,0.0501321031211296,0.00436696611056879,0.0368786694172958,-0.24266894634561,0.353238918586705,0.339963254480313,0.264415682525539,0.668791059050369,0.000674663463630951,8.69447253427861e-05,0.000849531774529463,0.0214582103849633,0.0226909398852393,0.0685245581325789,0.0273984760582775,0.0374619946687991
"nig_cor",347,389,0.0305466966131911,0.00169219864979036,0.0218930004421797,-0.583879278940524,0.148969610619655,0.048488450598619,0.110472758445672,0.352500012638433,0.000660119643827721,4.46873549721418e-05,0.000834918649963544,0.0165037816667382,0.0054218740132072,0.00497154179236554,0.00851364139920575,0.0212277954143475
"nig_cor",348,391,0.0237576061976119,0.0011212456243514,0.0175463849977338,-0.669315110579377,0.112569308752698,0.0209300538070065,0.0845870849835771,0.234654574359746,0.000632427462317037,3.36992166289723e-05,0.000657617998363399,0.0181356613004557,0.00942887130222154,0.00268769836012993,0.0105677945459465,0.0273380040134199
"nig_cor",349,340,0.0262366803061755,0.00133347848857017,0.0189655196368353,-0.666467989511883,0.114755762662043,0.0245326395533915,0.0947673952644254,0.244648272737091,0.000807144468978912,5.95906466053414e-05,0.000804870871946082,0.0196949120529719,0.00875277292273637,0.00281576389326065,0.00893926930937157,0.0194691371539155
"nig_cor",350,318,0.0339192423396897,0.00196231624010915,0.0250383747194322,-0.469292189487188,0.147679487460952,0.0439512515110913,0.106528443001388,0.286564812732993,0.000583608607803879,4.69689202366083e-05,0.000840264416117308,0.0246886576862207,0.00741155947967906,0.00291355607935422,0.0134376959597602,0.0325040369068875
"nig_cor",351,294,0.0327807679064962,0.00184836454386748,0.0236615434390958,-0.492380300963449,0.200020922040176,0.064146214653297,0.141999954270632,0.391578857489268,0.000530617077174743,3.7712963286799e-05,0.000813658927514024,0.0221429072781735,0.0060972300565132,0.00256366266535924,0.00831727938345168,0.027892491863699
"nig_cor",352,392,0.0215657813235531,0.00109820133566123,0.0160407877875779,-0.771266510935508,0.134084089445187,0.0538961962817811,0.105423090049931,0.106262461305737,0.000561381112555236,3.16071133476563e-05,0.000525750820736616,0.0161210894605046,0.00718587098489751,0.00335801468080195,0.00692240598740856,0.0310514295360137
"nig_cor",353,360,0.0364098284125203,0.0024683334310439,0.027310331601864,-0.361468050168886,0.253220052551544,0.134336343678422,0.191001508982513,0.505508509101348,0.000875386321611539,8.45217753107755e-05,0.000875677437050099,0.0273433418361139,0.00807541500833023,0.00401301589031787,0.00778179893460242,0.0235618350719681
"nig_cor",355,568,0.0312535684033264,0.00186988307225324,0.022917732968974,-0.543250441517969,0.371875917274443,0.246250405547488,0.273199314229045,0.702511544894509,0.000760835988178791,5.86058646665808e-05,0.000853125686124176,0.0223474241676427,0.00897882051021977,0.00822621525484107,0.0113134932671917,0.0246929683728343
"nig_cor",356,299,0.0495054984067979,0.00471704554218481,0.0383145962913128,-0.242075730182126,0.401685022791639,0.253762968888274,0.293290738472499,0.76764018447614,0.00179701333786637,0.000223970702607296,0.00169628743122034,0.0354799022915593,0.0123447476988551,0.012749417088036,0.0140328843698774,0.0371305888547293
"nig_cor",357,487,0.0240766691176434,0.000890659523043709,0.0165244394722976,-0.72148196446434,0.318428551946053,0.196392525301585,0.228828084516979,0.58923182976339,0.000755545331112877,4.67659985605851e-05,0.000694064265458793,0.0222565301755489,0.0185447519171861,0.0236423615686857,0.0188113027741007,0.0389746498296751
"nig_cor",360,305,0.0189040522658732,0.000830375527137429,0.0149176093552023,-0.711463677949573,0.258991775771995,0.128649938220971,0.188965768278968,0.568108693304913,0.000910526491583091,5.68157177345006e-05,0.00148584502785782,0.0578628918900731,0.0055755167746584,0.00372472845682838,0.00737254915766676,0.0316521916815352
"nig_cor",361,230,0.0214706281595852,0.000917574079878306,0.0158407190397369,-0.614431829079015,0.152442615398864,0.0409785894375709,0.113582430515644,0.322019423880169,0.000988909284982598,8.49826998598041e-05,0.00136834494981012,0.0549621931595239,0.00483483643695434,0.00209765362830002,0.00505518510135853,0.0254811838860163
"nig_cor",362,261,0.00936806507887755,0.000137773082625087,0.00661527796719451,-1.12173873281553,0.102936659587259,0.0159162234987131,0.0745071499048398,0.117115767498002,0.000205626388566272,3.91356789210209e-06,0.00034415809894029,0.0236324930319859,0.00206437322118262,0.000442777693827419,0.00293854829949981,0.0191446234314115
"nig_cor",365,363,0.0504154410830553,0.00408072884990469,0.0353743152620611,-0.333702190350216,0.192008245971081,0.134914307763415,0.135704615473431,0.25731937191361,0.00144482112031336,0.000166686652280181,0.00189912172321525,0.029884671012127,0.00803700885578847,0.0138744365158746,0.00617422727520375,0.0304312277630324
"nig_cor",366,473,0.0381025490556892,0.00269725318655419,0.0286337833123273,-0.397951370255791,0.1482620876311,0.0371488530755822,0.106241384883173,0.206813117100292,0.000585196920516858,5.71573792746996e-05,0.000714191044867045,0.0202501833495003,0.00446108844527966,0.0014814426890471,0.00777909870366981,0.0302675479088732
"nig_cor",367,400,0.0237298171690647,0.000925391265197511,0.0171881128205425,-0.666426436305064,0.0953273501461802,0.0165844893030979,0.071752300346272,0.053392479217794,0.000459630868371064,2.46384833971234e-05,0.000479950002080493,0.0169095082084115,0.00402121554738899,0.000779442946402832,0.00472141034580816,0.025680154575138
"nig_cor",368,466,0.0265831516578761,0.00134344817297892,0.019396546382283,-0.648862836979829,0.106761745984466,0.0185952565113543,0.0738430184986546,0.0485712378386109,0.000585371135770103,3.95152208152479e-05,0.000708910697097166,0.0253347533906174,0.0030939524953153,0.000953467596850448,0.00270339433638372,0.0190377567316151
"nig_cor",369,449,0.0247114473109516,0.00123018394780265,0.0181254462052273,-0.675707118525506,0.0789618781626729,0.0114632512378953,0.0582674595744541,-0.0916164975116504,0.000663669357740813,5.46914103338661e-05,0.000616170376545868,0.0172836550012858,0.0033253623176641,0.00090247069665125,0.00395748198958491,0.0211595814159231
"nig_cor",370,143,0.00634445907513527,6.89532417751818e-05,0.00605747457995637,-1.08624073486287,0.141697476666388,0.0239723493599495,0.0941782456856244,0.195121102265706,0.000461655042479124,5.92108966144552e-06,0.000538809242608077,0.0174743762371581,0.00263737739176279,0.00070771599563688,0.00437356614486958,0.021467337959113
"nig_cor",371,154,0.00404345200024251,3.78106323027075e-05,0.00322667090713445,-1.54567650370773,0.0892172067728559,0.0238270456388381,0.0708512086426801,0.0948296715285686,0.000205398743262324,2.36497297990861e-06,0.000166594219909688,0.0190858283319022,0.00215826248472197,0.000478430656594777,0.00212777821299614,0.0314949955760441
"nig_cor",372,167,0.011323290852988,0.000210658031664727,0.00784181784420608,-1.06376332692032,0.159094658192158,0.0457077733585381,0.112473930106467,0.210696341219661,0.000259134908752066,6.84210438628969e-06,0.000383352527708417,0.0217600001037715,0.00361898155534627,0.00119109562216356,0.00430403250514049,0.0209740534084955
"nig_cor",373,304,0.0108825244476543,0.000456140930350218,0.0086587613197229,-1.10612386582607,0.0822188345209593,0.012274917017374,0.0606204251674798,-0.0311653520831074,0.000537015114428915,3.04504115560606e-05,0.000521552936486831,0.0359682896118292,0.00289434179958229,0.000530193540613074,0.00279184965353653,0.0210856167314923
"nig_cor",374,487,0.010131285121389,0.000314009683559011,0.00769652989305144,-1.21850854886797,0.0707964568106796,0.0108640867180437,0.0510965669114292,-0.186855864631895,0.000820477186831603,4.87354851369842e-05,0.000823163741196334,0.0482715953469658,0.00140247443674456,0.000328001760353348,0.00163548713560804,0.0170404862935749
"nig_cor",375,399,0.0153582957353926,0.000487604583193732,0.0124362346639861,-0.763575450886935,0.0904622317436299,0.0148940572396993,0.0727170943159274,0.0964201713242906,0.000567540183572766,1.944023762069e-05,0.00056936110000324,0.0182103341054153,0.00474109365486748,0.00102686812926436,0.00469129626268334,0.0201426941070449
"nig_cor",376,402,0.0297806011734221,0.00262867840067416,0.0243170454818523,-0.432362262242557,0.160828854909537,0.0430168874770506,0.113357091813017,0.284898399319884,0.000799643629272053,5.60492689100033e-05,0.00112996919588012,0.028331318972629,0.00548534007443897,0.00256653284041908,0.00778364027741678,0.0286349142665768
"nig_cor",377,543,0.0309135552964949,0.00189601636458066,0.0228952311650787,-0.526104320722582,0.11803731751973,0.0397220120183637,0.0918846158822507,0.14843016934897,0.000641793139756388,4.72744817026811e-05,0.000713619003189926,0.0210008113706575,0.00507812860812976,0.00181373923248979,0.0051957886612797,0.0234403960118669
"nig_cor",378,433,0.00886289208653394,0.000171723800519672,0.00694248359969869,-1.13397061279684,0.0935610427419912,0.016484163970346,0.0672632862061854,0.00439353842883137,0.000307241506909658,6.95346715336061e-06,0.000417408712831912,0.0161317164312668,0.00281315287423814,0.00073543008768505,0.00420479065576421,0.0241751862954128
"nig_cor",379,309,0.0360323846888618,0.00234267268537401,0.027791837788589,-0.205452831909068,0.157603982597225,0.0374137369927857,0.119850444635779,0.389075814271106,0.00135438622121041,0.000165419190178513,0.00121371873272368,0.0798543447675755,0.0174774387900587,0.0077990786385099,0.0106782916378389,0.0248550520262591
"nig_cor",380,357,0.0350140865644932,0.00234066332473742,0.0271499897465473,-0.371254121781196,0.140753906336193,0.0402928427180218,0.107724973164167,0.245503140906331,0.000391941945454796,3.38111871038325e-05,0.000411923601605271,0.0127320604853634,0.00353034742468634,0.00132991120126871,0.00415160658381811,0.0238663381094037
"nig_cor",381,328,0.0328007487570393,0.00204167704557937,0.0252249868034377,-0.32166496153265,0.129665478442477,0.0264721719338499,0.0929004706187374,0.233228108101762,0.000344184379558189,3.1368690169898e-05,0.000421245608022341,0.022118519828696,0.0021164157790466,0.000645997206101695,0.00237860751694763,0.0208193943733565
"nig_cor",382,328,0.0242879998242005,0.00122878301605908,0.0180035047021802,-0.685201881192882,0.0934373367160074,0.0183082693313811,0.0702071100665517,-0.0122999914993524,0.000606232010075174,3.79003823133407e-05,0.000774338184042996,0.0273432258791772,0.00314733238850912,0.000805416458491723,0.00341344992107079,0.0184078421001144
"nig_cor",383,336,0.0450579053928806,0.0035487363776602,0.0336994245761597,-0.243768451226696,0.210678505742782,0.0723176546573635,0.152500743763788,0.476087800208761,0.000653180319460279,6.9218640169731e-05,0.000735919423977554,0.0231326859823458,0.0051901416010237,0.00278279704427808,0.00535403928052007,0.0279827062277299
"nig_cor",384,274,0.0126553547979737,0.00032048327091401,0.0098989497547724,-0.891232729538805,0.20114927456174,0.073300656183781,0.146633936201704,0.406056403037378,0.000308324961592761,1.05735014843324e-05,0.000235128991207442,0.0114236458373695,0.00383882891524377,0.00167853152632887,0.00579748407203116,0.0239320666315951
"nig_cor",385,210,0.00503147421536076,4.98013588876703e-05,0.0042108820320126,-1.30953472366343,0.12692173391825,0.0262162591140198,0.0900439043673481,0.150732033399427,0.00026429656595176,2.82350088008184e-06,0.00028415912375338,0.0228857377354456,0.00384228672316187,0.00127506543157216,0.00350279154982089,0.0195489245653677
"nig_cor",386,233,0.0032991465192072,1.45962018795629e-05,0.00299166869167982,-1.38286958121846,0.0476849495215476,0.00374246172181014,0.0400982746584979,-0.19466971051717,0.000170920682621906,1.21285758834376e-06,0.000275165963806889,0.0236485628221437,0.001827635196294,0.000227564705466084,0.00276765059029159,0.0150970102548654
"nig_cor",46,422,0.0133939579846668,0.000460784890148177,0.0102062511815233,-0.953258174911835,0.063758389252529,0.0102594748900727,0.0488939759118009,-0.126660784814421,0.000269417946185158,1.01700172982691e-05,0.000337136675636149,0.0253819421660497,0.00106264396215507,0.000180707669703456,0.00127867692792517,0.0227289871210432
"nig_cor",47,597,0.00990790798537851,0.000239524458266064,0.00733465779499334,-1.13261275371074,0.0425159177585476,0.00492462096463765,0.0322210902203488,-0.402444924448876,0.000303759333860839,1.36348323146706e-05,0.000256787369512553,0.0215395380065536,0.0011227900988346,0.000225001778531915,0.00107086595701917,0.0234045574969269
"nig_cor",48,591,0.00836056918555039,0.000123243587655652,0.00594986959829687,-1.2054037157979,0.0360484733902994,0.00215296464257026,0.025987594509882,-0.466829737466976,0.00022300653889958,4.24180071991341e-06,0.000274399872182714,0.0226617580702446,0.000862053611731219,7.929088653601e-05,0.00102763338122481,0.0158012270399979
"nig_cor",49,367,0.00914355553608245,0.000154796809086876,0.00669593706233523,-1.15547019261057,0.0692387229691122,0.00835861603346976,0.0500971194532784,-0.142588137489732,0.000199987353970957,3.51113597167052e-06,0.000174524585992274,0.0128612936264621,0.00130462293477904,0.000197621267053425,0.00136411028815453,0.0155266728913395
"nig_cor",54,329,0.00931258838072324,0.000148722911987395,0.00667153879652511,-1.1625760313502,0.0802397789756906,0.0136206146950245,0.0624884410473431,-0.0419160028126461,0.000302330112952458,1.05431034625246e-05,0.000338552462995069,0.022302332040436,0.00417832558914952,0.00145003846510257,0.0043606647532118,0.0253334649193521
"nig_cor",55,843,0.0150920173813082,0.000514927106268871,0.0113138511619772,-0.921366940654354,0.148102614122633,0.0493987503845805,0.110807067730332,0.202165516668285,0.000529998054135452,2.49998769135985e-05,0.000507441851003743,0.0179586816579314,0.00407036223282607,0.0021764690973592,0.00483726963352294,0.0234322818148102
"nig_cor",56,760,0.0904460837794509,0.0150586298834773,0.0661647139627827,0.0274613510635696,0.594835832027559,0.626057708971844,0.448203401383206,1.03317066616972,0.00183879745653932,0.000426066440450335,0.00264177567054701,0.025823688745465,0.00863213966137938,0.012530219546373,0.0114348752788072,0.0245992382848121
"nig_cor",57,173,0.0575391473588172,0.00597663450136424,0.0398880134636563,-0.169663016127012,0.242717641127559,0.107683602498796,0.181605471027395,0.582621826445861,0.0024761159148729,0.000357281983094777,0.00275763991330076,0.0250897421838873,0.0124859206661907,0.00781538284389957,0.013676151780799,0.0226616895422857
"nig_cor",59,214,0.0190622303927658,0.00154782645803401,0.0137029980143363,-0.691933117354297,0.0707049941389314,0.0214260285939151,0.0565021334489192,0.0475254434112751,0.000873487148393013,9.42827344531876e-05,0.000286377293045693,0.0187079634813569,0.00183874798359144,0.000250353933543376,0.000920101019686765,0.0243409219133867
"nig_cor",68,1003,0.0320333389047322,0.00199444641101396,0.0232755854686685,-0.533248537306304,0.188720663032131,0.0689589985615576,0.13628472551214,0.325369967926568,0.000479523249893103,4.36921839724867e-05,0.000502902285529947,0.0164991159941881,0.00479597100835015,0.00326949018240095,0.00558646142765418,0.0242051559546973
"nig_cor",69,634,0.0206196838988706,0.000903629813853942,0.0151060325556955,-0.781336257093352,0.116173313325514,0.0258835221069182,0.0852956736728013,0.103158321885093,0.000568306327565545,2.77674339184698e-05,0.000640062781843981,0.0199721162808837,0.00367415908105275,0.00101970550296757,0.00387556315342539,0.0183053777271616
"nig_cor",71,374,0.0109992007302595,0.000189559564141439,0.0076512849341908,-1.09812345305713,0.0570069897490385,0.00508623645329244,0.0399213669361836,-0.268795694208956,0.000195658335337162,5.17006435057701e-06,0.000228178881607301,0.0168435010970834,0.00106470451789198,0.00014946268832938,0.00141310786193206,0.0205805331151617
"nig_cor",72,479,0.00684619118071141,7.34480854072238e-05,0.00487088323025375,-1.301205866352,0.0335714607642973,0.00187971683264952,0.0253483550575424,-0.481628907869754,8.43973889699375e-05,1.38538357314752e-06,0.000130133896660519,0.0112866953238777,0.000755675326011382,6.46961079646838e-05,0.000949064194503585,0.0120299265433905
"nig_cor",73,378,0.00706063740639101,8.46743245689702e-05,0.00575399215404342,-1.15878500356658,0.0396561790659908,0.00259211077114544,0.0334830810741747,-0.267747550471331,0.000242227257188133,4.45078099963795e-06,0.000384138638050123,0.0160444514565636,0.00424509511196409,0.000421406111107748,0.00347208121970079,0.0346883892821184
"nig_cor",74,544,0.0155298228580199,0.000760548527066599,0.0116035225842419,-0.916352404919606,0.0925048380526408,0.0162013295898741,0.0671377647875603,-0.0105764342746365,0.000175665285853934,9.4533783048484e-06,0.000264809811982902,0.018325568923935,0.00142874773754949,0.000288481645503231,0.00184968792048086,0.024893350108903
"nig_cor",79,486,0.0328016293860978,0.0021146166824444,0.0237565441748286,-0.529091946782677,0.569323891524925,0.717992448612917,0.440681861435684,0.93805973969164,0.000707118919569428,5.64402837258454e-05,0.000958904550866629,0.0248086406294995,0.0096275895212584,0.0160252722691337,0.0140153490459519,0.0248683791244071
"nig_cor",80,496,0.0415590400152233,0.00378633080998114,0.0301190867948795,-0.407371322114356,0.578402909889029,0.701900852720357,0.432438021918747,0.93434761401901,0.000961055564169289,9.88041209638023e-05,0.00127844622695691,0.0253943704907604,0.0107011719942407,0.0150405910549001,0.012865381230976,0.0234299194633501
"nig_cor",82,496,0.119483324723159,0.025443787124427,0.0882240270987072,0.190391242386238,0.717863331614188,0.991630082761888,0.534783329559029,1.05662196646328,0.00260331690467718,0.000725051402421781,0.00323272771547151,0.0293445592155032,0.0146813391647018,0.0248071247221269,0.0203306072739094,0.0293592743584765
"nig_cor",83,589,0.10400191628615,0.0201357815566672,0.0801380193197171,0.137544304847928,0.460904879483264,0.405248280146453,0.371730335276007,0.928062391166143,0.0041442388982632,0.00111883305684512,0.00542291815021524,0.0252016828494969,0.0220681682609856,0.0251577575649759,0.0279175900647304,0.0230967158167655
"nig_cor",84,483,0.0257393040952551,0.00270465238443913,0.0234138744603406,-0.561625654655559,0.0471691911832355,0.00576235711328606,0.0611526713336873,0.0207194053451922,0.0010155659996696,7.90937262402202e-05,0.00141291649629008,0.0182273992424768,0.00404489173981399,0.00069144086923604,0.0044983820937697,0.0126022941171392
"nig_cor",86,368,0.00653535611393198,0.000145714612575214,0.00457321254790871,-1.4680667851859,0.0182751495558751,0.00087498408329665,0.0132417241205053,-0.865009988058756,0.000249340986847266,1.45999128555437e-05,0.000203797091348825,0.0166036410405615,0.00156474578083793,0.000175456197303372,0.000831038159893066,0.0173765778784966
"nig_cor",95,563,0.0289670570255749,0.00130068070268592,0.0207016977349867,-0.57750629906998,0.277055066562589,0.168777442691692,0.208697350647662,0.575569770471597,0.000491399952563495,3.0874042577288e-05,0.000524698395421311,0.0170839340453876,0.00422998609422654,0.00263819610383949,0.00493602698396333,0.0222334343871132
"nig_cor",96,880,0.0266403661858764,0.00135532711742202,0.0197330138584489,-0.586128367259855,0.210316573181797,0.0941203401848181,0.150451430865986,0.418364850445849,0.000428284427646805,2.3699064525776e-05,0.000520056247460946,0.0196791632984471,0.00869601697847292,0.00988776154924734,0.00665977614187722,0.0276974690318409
"nig_cor",97,552,0.02556141515753,0.00128752878286241,0.0192672737218819,-0.659380714091545,0.17795992769134,0.0582244610823325,0.126478341828437,0.292264857924901,0.000488400292996423,3.87980040586656e-05,0.000489635302674718,0.0177390493870209,0.00753660820525778,0.00328283340189885,0.0093995234353169,0.036271459642965
"nig_cor",98,440,0.0241488890568435,0.000930218240581565,0.0173679593608315,-0.6527889950749,0.133143516248064,0.0299348596375477,0.0959558250034937,0.184770971479932,0.000441644790789659,2.74479739956099e-05,0.000463312154033558,0.0210415119146145,0.003043468935547,0.00104388421124749,0.00334844448872998,0.0214738518158077
"nig_cor",99,316,0.0195245009588212,0.000602448630786859,0.0138946666683062,-0.771710607008335,0.108465633663573,0.0190380164274181,0.0753521972728628,0.0659284640236278,0.000234188919591331,9.54792006243521e-06,0.000279952588653246,0.0143989245316403,0.00333074088816667,0.000875642087608568,0.00685248194334489,0.0320101307693869
"nig_indep",100,392,0.0134235195820799,0.000284860396621262,0.00948507071368247,-0.975045375397656,0.0735233078980031,0.00911539672455543,0.0525619121472727,-0.128125415186085,0.000213993826530863,6.97554492062623e-06,0.00026367060872421,0.0167767660679419,0.00128437552364637,0.000217861930260167,0.00171383690860896,0.0163727302040893
"nig_indep",101,410,0.013650311580204,0.000296936779855619,0.00984399369336,-0.943927657600149,0.0688889913724261,0.00770158190219519,0.0490303389560627,-0.16084141542756,0.000135738071058669,4.8803032870039e-06,0.000175094024655089,0.0123203327386175,0.00131228258927253,0.000208242993838501,0.00158759619263338,0.0194848142456003
"nig_indep",102,442,0.0110109297074689,0.000209648992068221,0.00793053241436346,-1.07431998546171,0.0648046698390887,0.00683639773324306,0.0458107577016024,-0.182217357159165,0.000150346663469756,3.94104462112322e-06,0.00022526155918653,0.0171389436503581,0.00155153670226492,0.000215004381391148,0.0014628606906611,0.0170936014579155
"nig_indep",103,408,0.00930650185552812,0.000147218124396973,0.00674220465952499,-1.15182871304213,0.0640732365682151,0.00757543714466663,0.0459205601589384,-0.196936927331441,0.000156914782944377,3.54921801722808e-06,0.000172250615053364,0.0155487152009356,0.00126374706247687,0.000182355270174992,0.00148070389985921,0.0172835075923774
"nig_indep",104,538,0.00745450892678606,8.60781977192173e-05,0.00524146043855385,-1.27028087202456,0.0806785516107693,0.0107167471855686,0.0569523983105915,-0.0906760757147237,0.000144349805904218,2.65262136027932e-06,0.000188818945018043,0.0182404696992366,0.00108695893344976,0.000203949231215421,0.00131586864075123,0.0155848058690315
"nig_indep",105,228,0.00558998839011297,5.80042207096409e-05,0.0040512749808068,-1.23754435451548,0.0701520838597096,0.0095616854100486,0.0509216185844078,-0.102735083008552,6.34875541417117e-05,9.16810303926215e-07,0.000123989274386944,0.0160511591357239,0.000900872267735378,0.000190034939890817,0.00111182444664168,0.00923356288748984
"nig_indep",107,310,0.00813225159516741,0.000124257498766267,0.00597125546006309,-1.1582644613526,0.175347008986031,0.0481698848934128,0.125289272625416,0.349907573386165,0.000104256365425331,1.76457002471574e-06,0.000150342468834255,0.0165247992898352,0.00293848828671484,0.00130346502843715,0.00362050876893145,0.0134701458644814
"nig_indep",108,360,0.0233163616963494,0.00156859261906817,0.0180818232749283,-0.646589399619508,0.508888033213202,0.51045421993834,0.372809405436092,0.841935536518688,0.000771285575664934,0.000105468741561895,0.000791018247440193,0.0275589437192583,0.0160265561896836,0.0377515219511185,0.0153296125366519,0.0237621670773446
"nig_indep",109,610,0.0260648552389955,0.00169149697956223,0.0199168500031578,-0.596590014127335,0.426698343145061,0.37644529636084,0.315295282683812,0.757991315027996,0.000762967357297474,6.70797181433907e-05,0.00101285556718659,0.0261872085991731,0.0125868531632919,0.014029597141348,0.0131065390515197,0.0211559255167316
"nig_indep",110,540,0.0275404737433868,0.00157346475623673,0.0199076326430433,-0.601092033160232,0.34762370761926,0.249086586444492,0.264127777391443,0.706838505337579,0.000813291958689758,5.20365411233155e-05,0.000903296141495959,0.0248762168052766,0.0103681457529704,0.00841396657137889,0.0123601695075593,0.0206589978257387
"nig_indep",111,373,0.0394385289810287,0.00272968100922177,0.0283950396323318,-0.42042918188462,0.340852253990605,0.209163437865468,0.251990069998658,0.669606812414313,0.000915024749797229,7.65978634405152e-05,0.000968887115865615,0.0197699814779272,0.00902448584432062,0.00712262657583841,0.00920663046685801,0.0182739104638372
"nig_indep",112,421,0.0457323020589254,0.0037087628353158,0.0324089869210108,-0.332473652895769,0.266997754485679,0.127037674148266,0.19611056374422,0.562954113688325,0.00157191454494786,0.000169412141427069,0.00200717468086666,0.0304375541617657,0.00919689519879717,0.00558658757014349,0.0110904858692568,0.0246021710799544
"nig_indep",114,182,0.0818532451815202,0.0133805103615204,0.0845602650492992,0.256237230478672,0.308507024857755,0.200144716648004,0.275174601495667,0.843985545230907,0.0046588714914929,0.000872113321848891,0.00881855763613748,0.0260338660661546,0.0178184483669525,0.0180570117516506,0.0361357046211247,0.033990442152173
"nig_indep",120,836,0.0216838706526617,0.00183042968613234,0.0174091796912059,-0.670600771224857,0.14896090568615,0.0379950346337897,0.106626830289327,0.226496992749256,0.000397496620902915,2.62691393392097e-05,0.000405215254337348,0.0103579038522184,0.00179001149870516,0.000688185393392634,0.00196158025149244,0.0104144165263592
"nig_indep",121,713,0.0209874148484747,0.000742862811332867,0.0154959601632139,-0.709052008645004,0.129654206547621,0.0264114698824748,0.0921778508446698,0.172557844022433,0.000524787656971085,2.3724893330422e-05,0.000541689327526315,0.0127583269875645,0.0020139420445297,0.000622645581578109,0.00261565896490728,0.0113811092389591
"nig_indep",123,340,0.0059417676011692,5.69162040644364e-05,0.00416976172402596,-1.34231183523892,0.095578091905637,0.0162543264419498,0.0688783297945778,0.00758764464084387,0.000111051907817555,1.70174492583579e-06,0.00012571766931828,0.0144306852118974,0.00201923394498798,0.000532083130453195,0.00204583587661478,0.0111980168989623
"nig_indep",125,290,0.00733296136053646,9.38667253413776e-05,0.00545558622711011,-1.19985091745597,0.142959070202993,0.0374117783938088,0.104574796646681,0.218366347461351,0.000179118515628157,3.03315789188324e-06,0.000185666965735733,0.0121059810184656,0.00229944611947001,0.000895505351544259,0.00274057148537447,0.0132497303185799
"nig_indep",126,858,0.0172982873386951,0.000490211851959962,0.0124313779127899,-0.821539425418033,0.150148513497366,0.0391628058932389,0.108101609942228,0.230015625922752,0.000271523993147199,1.14317350829354e-05,0.000330987301686058,0.016784272034597,0.00247708186567907,0.000999972769552828,0.00320031956360008,0.0148371583994748
"nig_indep",127,949,0.0149371416662424,0.000370829749079494,0.0107407176496015,-0.908597578555949,0.127992237604771,0.0268035104376727,0.0906530316627743,0.146500436849932,0.000289533887433313,1.07632157705793e-05,0.0003586840775613,0.015906321260427,0.0027954754644615,0.000830365559969233,0.00276893317325355,0.0141500289598797
"nig_indep",128,476,0.0156600602862701,0.000411900542956286,0.0112498513623613,-0.893831939779575,0.129309097858466,0.0267734503542418,0.0918395252487825,0.155497475269011,0.000264466611625526,9.81148491650935e-06,0.000352034533284688,0.0165427443315222,0.00238030324550787,0.000747567428147329,0.00335455909813944,0.016888228074276
"nig_indep",129,337,0.0129954697652213,0.000278438942697379,0.00920826368276739,-0.99508148531301,0.130920128921819,0.0302598838272181,0.0951655453459328,0.172650691025626,4.91165961269025e-05,1.68391925791325e-06,6.91911605124249e-05,0.00391477226215453,0.00308837644079581,0.00104941871346075,0.00324003209207843,0.0215898071230403
"nig_indep",130,330,0.00974425819184789,0.000185865293377008,0.00722250321594563,-1.11815117668899,0.0947332072190553,0.0140382435203689,0.0663819726484738,-0.00947982654467519,0.000206720362090259,4.93783466846238e-06,0.00024102273762937,0.0177436089841835,0.0017702047724538,0.000377901912871037,0.00185468388081103,0.0145697713607716
"nig_indep",131,282,0.00979231555784923,0.000167174951699603,0.00704250342236706,-1.13328647059556,0.108196734361772,0.0203405543599834,0.0772607532296558,0.0628673403547259,0.000156096709558578,3.79239957078638e-06,0.000220255174478662,0.0173249910398885,0.00160606138524757,0.000399068309052609,0.001983043159591,0.0154664651368344
"nig_indep",132,353,0.00876034562950808,0.000136659783466433,0.00633228392463413,-1.18208946459494,0.111294738692707,0.0230460796063712,0.0807108434529491,0.0863320203431559,0.000143876197394858,2.93408280947619e-06,0.00017658227546079,0.0153485620397246,0.00166449633959907,0.00041286372443473,0.00186938111462408,0.0157576047481471
"nig_indep",133,631,0.00831339087236734,0.000119517537723976,0.00592718022666732,-1.21970786924073,0.109529813695174,0.0197135334506019,0.0780877611837297,0.0645787305607683,0.000155470490344146,2.8972866312871e-06,0.000176821726900745,0.0149210161229356,0.00149305642431292,0.0004130659208244,0.00196418683462412,0.0145142480357631
"nig_indep",134,326,0.00836313189901033,0.000122494878493074,0.00612471497700399,-1.18617086542878,0.112353873385649,0.0207451601890155,0.0793652630275976,0.0854296962232832,0.000125754570004151,2.40339837742662e-06,0.000157982135340538,0.0153549972478975,0.00163265983835974,0.000398448474535991,0.00191573631738956,0.014021567617852
"nig_indep",135,278,0.00553505773734057,5.05021464885561e-05,0.00396264473821591,-1.40705779395527,0.0850889716038947,0.0125251196349749,0.0619267121457739,-0.046323424235829,9.8665498407458e-05,1.11218083320164e-06,9.74480985346928e-05,0.0116305751920958,0.00203743561760075,0.000435747948093997,0.00202695395959995,0.0156530602466889
"nig_indep",136,250,0.00558965367219873,4.91239976332136e-05,0.00396248911944703,-1.41478135944173,0.0798347156603071,0.00988775790989335,0.0561585102735544,-0.090223866639288,0.000124417423900597,1.40550293738061e-06,0.000127031303925785,0.0140590584351003,0.00125929889610756,0.000262982701750449,0.00202496758627691,0.0182280925400864
"nig_indep",137,241,0.00597349507919106,5.79290973254405e-05,0.00424625693795263,-1.37946858772329,0.0712115262745252,0.00887896814017321,0.0518128587983487,-0.140818448553148,0.000108021414389288,1.3085006476663e-06,0.000126133271120768,0.0172981263912997,0.00173081255522904,0.000301927656492927,0.00187239999972471,0.0144845043049068
"nig_indep",138,151,0.00541765067948949,6.3790767714746e-05,0.00391864567079197,-1.31931101182364,0.0870493697155285,0.0157828777636122,0.0793892478821272,0.207591869563997,0.000152679345607486,1.75833315662637e-06,0.000296417719772955,0.0362001367566568,0.0052483831283212,0.00118987672223732,0.0102373775736337,0.0244107674269963
"nig_indep",139,209,0.00962117079084053,0.000184463973343787,0.00740621287502571,-1.06291851322194,0.135305951745678,0.0304075526414461,0.0991061479797648,0.202207855965188,0.000139739677305187,3.57479312171808e-06,0.000155750270345503,0.0211234529056161,0.00257220731806889,0.000767804379438976,0.00385744842609627,0.014554508850029
"nig_indep",140,163,0.00676135596461501,8.16001239786263e-05,0.00477896312550532,-1.17061200626309,0.125402508798632,0.0302386386542533,0.0916804439480935,0.186443006879753,0.000126694505166829,3.10783366933189e-06,0.000141209067697284,0.0132621503776851,0.00311834344426742,0.00100418113214713,0.0038237935063563,0.0121719775842322
"nig_indep",141,243,0.0207572850964413,0.000817347222485304,0.0157407898667411,-0.713521793714239,0.189641575378354,0.0667340431773746,0.145340357746245,0.412434284097212,0.000473125876352613,2.31794040183226e-05,0.000601402491371907,0.0197334363878762,0.00460255715233119,0.0018703735233928,0.00609109354065375,0.0171631590124087
"nig_indep",142,325,0.0317388851018662,0.00174742726686013,0.0233357226318513,-0.497707140448337,0.146579325960891,0.0375179467329269,0.105300291172328,0.219613839801612,0.000546460700950035,4.20275073943624e-05,0.000734143336708977,0.0233639964569583,0.00244719286422263,0.000877444217540538,0.00356639046598916,0.0166845868293011
"nig_indep",143,415,0.0238343132455288,0.00094904759916639,0.017000626744675,-0.686381095015295,0.101973740924324,0.0171243502778043,0.0736860952132871,0.0565278226015476,0.000509318262628201,2.85512993877187e-05,0.000539322467204914,0.0164589476222667,0.00239713934834283,0.000556562021113264,0.00271328377141169,0.0147992149064482
"nig_indep",144,477,0.0226373263675494,0.000869546342084017,0.0165328865551551,-0.677335872603722,0.131762760741508,0.0269400744961575,0.0930940728684869,0.170083646398377,0.000466561243673956,2.48915936340714e-05,0.00053084867385147,0.0187108907922084,0.00227376257169242,0.000681307528797086,0.00268420744497875,0.0166961361147964
"nig_indep",145,520,0.0249541592686781,0.00111131586044394,0.0171739067345453,-0.667145814005252,0.115061969846635,0.0236297471383695,0.08042271563673,0.0969457595172961,0.000914137024283203,7.06721669765617e-05,0.00115092685209098,0.0239818889996129,0.003442762471482,0.0012616911414049,0.00467810770066323,0.0200383909470536
"nig_indep",146,327,0.0218588938093908,0.000788716032570816,0.0158028574806255,-0.702313395568558,0.10283211458473,0.0190848477680535,0.075605179553585,0.0697328580132601,0.000641467137936041,3.49507134858303e-05,0.000826332002099292,0.0201243233434272,0.00225655458047363,0.000572435957177245,0.00295245946392562,0.0162014049360357
"nig_indep",152,153,0.0550480451925598,0.0082119405297921,0.0405224521754682,0.0462511248794418,0.268300295782904,0.173663116148199,0.195105862951026,0.519375900518941,0.000197732732841888,4.42965512968445e-05,0.000344766789405165,0.00474862346100483,0.00351180055790868,0.00346123495627277,0.00321890638933577,0.0101611285111606
"nig_indep",153,452,0.0502849282342722,0.00653534007329298,0.0393468991058853,-0.244849564321143,0.28895546252691,0.188127380913093,0.216693906662272,0.606227921555941,0.00112809971842817,0.000133597563163928,0.00113646178064212,0.0270029665556982,0.0079624739798141,0.00588338006784598,0.00893526894148424,0.0248520471543808
"nig_indep",154,592,0.0305701843676936,0.00161641950475242,0.0221823595718448,-0.533783695960336,0.169228186637406,0.0481471966333948,0.122600479283513,0.319464158494229,0.000675595424355493,4.37639368309007e-05,0.000859374169766977,0.0219421777051492,0.00405555016863868,0.00142711714182713,0.00478517558607725,0.0191339178440051
"nig_indep",155,130,0.019053496014826,0.00090442722972518,0.0143252124541896,-0.786684981552764,0.143506969986911,0.0378477796650758,0.10259335485091,0.20242550500997,0.000332967419380999,1.91277382364517e-05,0.000428978463341671,0.0200349113511242,0.00261730175263672,0.00098921617091786,0.00301805028471803,0.0160037955703874
"nig_indep",156,842,0.00757030575079166,9.25106592322897e-05,0.00540313410843947,-1.23290547206508,0.124073582520412,0.024741758253775,0.0876665063783022,0.131196481635941,0.000136289505938479,2.36056858961374e-06,0.000177263611211897,0.0177129956943632,0.00218988481408832,0.000672310172844722,0.00260083618793333,0.0142713889296347
"nig_indep",159,191,0.00357216311747335,2.38436090024557e-05,0.00290476057948345,-1.38729056798982,0.0618526973891891,0.00679152840735534,0.0472039903554924,-0.10806888126207,8.54573749087642e-05,9.11632745078121e-07,7.61582039035018e-05,0.00702004507784801,0.00100354047629156,0.000162647542923803,0.000996929563905349,0.00563573725589124
"nig_indep",160,481,0.00703295710545736,9.8722454990878e-05,0.00514885646321946,-1.27582290391786,0.14771296607041,0.0378776708526585,0.106430091465383,0.221545180236834,0.000151812844514402,2.69376746151025e-06,0.000162487303680564,0.0133529528043515,0.0021100996512844,0.000762473530326904,0.00267314672252893,0.0146472999385982
"nig_indep",161,416,0.00609833393369803,6.36396428685351e-05,0.00440041708155217,-1.36081380786227,0.1355198247302,0.0313747422177757,0.0957754531128213,0.171686939650192,0.00010168117272574,1.51669923692845e-06,0.000124627336420904,0.0134362054602866,0.00171219610164734,0.000541879242244338,0.00208102799439713,0.0120705114521008
"nig_indep",162,313,0.00615778130161237,6.40394706101721e-05,0.00435377292575373,-1.36908393662358,0.115943661692452,0.02114488084498,0.0809463772792143,0.084662151309456,0.000123069278275336,1.69218868958829e-06,0.000169692615624458,0.017170275562194,0.00150338624003059,0.000388943279486046,0.00194554065104746,0.0127634850028492
"nig_indep",163,295,0.00524465118691441,4.75368375707699e-05,0.00378372856352652,-1.43140904262196,0.102974188412883,0.0165442157926153,0.0729171020130773,0.0401447031317379,0.000114284804542097,1.58199964773697e-06,0.000168433975535449,0.023762235258925,0.00120656261388024,0.000325382489403073,0.0015643864576287,0.0120489076736399
"nig_indep",164,313,0.00389942251521948,2.74506744383493e-05,0.00286467294983923,-1.57143619228384,0.0931098619022125,0.0146864753381852,0.0671981125430352,-0.00668204542089148,7.18261042662326e-05,6.38068841058961e-07,8.05566900960587e-05,0.0147356168116521,0.00148498680150101,0.000343840652283182,0.00195557975031906,0.0134274975840033
"nig_indep",165,435,0.0041482554864676,2.91946100852019e-05,0.00295278442963541,-1.5684252198734,0.095571608570903,0.0142755493491283,0.0671290611162582,-0.00923790254261087,8.92323701601257e-05,8.66446774915299e-07,9.286576941142e-05,0.0171830965258735,0.00132283174307787,0.00032205379337904,0.00186488219156943,0.0150371511957667
"nig_indep",166,369,0.00352015178323013,2.45720434938558e-05,0.00263974149355394,-1.61542859975891,0.104985117602782,0.0179932027786866,0.0748684209882381,0.0532919330395073,8.68427099216337e-05,6.85050522534791e-07,0.000110844692532975,0.0186435269644293,0.00138683201417975,0.000345333950349787,0.00159041721190489,0.0116922222159335
"nig_indep",167,327,0.005090648432608,7.39534810242976e-05,0.00387783422628669,-1.3843666123408,0.114462073752062,0.0214653877933862,0.0805841889917828,0.0754381914729444,9.82441973659402e-05,1.14147824845659e-06,0.00010712253590217,0.0208241742691042,0.00172751339351452,0.000503353003420477,0.00188528044218732,0.0131392731512069
"nig_indep",168,356,0.00431489108363278,3.27031857815986e-05,0.00312460850378296,-1.52606048414295,0.111683251757742,0.0242565870065895,0.0822634077345138,0.106494313021898,8.66128085163119e-05,8.59782700604112e-07,9.58770530884291e-05,0.016887974805261,0.0014817851431702,0.000389219093431571,0.0019909735607955,0.0137880662097924
"nig_indep",169,245,0.00406439805843071,2.6403707898989e-05,0.00287255767993818,-1.57978249565897,0.112334005751826,0.0217115172417803,0.0810027694168793,0.083724009222868,7.15074063383035e-05,6.74679010541695e-07,7.78507934933165e-05,0.0145157486163706,0.00151321226453656,0.000353879871658537,0.00173138441448249,0.0125532467505488
"nig_indep",170,260,0.00432501713274048,3.73039846853732e-05,0.00321709228672309,-1.52504866384681,0.101574631035809,0.0146799587776698,0.0693625303984246,0.0125647384504337,6.98479856177414e-05,6.54643912972917e-07,8.58209316018192e-05,0.0184795784751808,0.0011144162553226,0.000272777795491156,0.00132008904080109,0.0104911372997176
"nig_indep",171,345,0.0049056259332524,3.85724153437777e-05,0.0035257904831977,-1.45625052724124,0.0873842481247282,0.0115562964000557,0.0610740226869312,-0.0459979938458102,8.67045773386099e-05,8.72828712558447e-07,8.06240662425123e-05,0.0195312270975404,0.00135715351875072,0.000281976011121157,0.00137740462810751,0.010903038804862
"nig_indep",172,379,0.00340742747666689,1.98607300641549e-05,0.00242970338841527,-1.65819017405538,0.0912398269055927,0.0126773408277722,0.0636843398791112,-0.0298282436210201,8.05221359611553e-05,7.04343585985569e-07,7.63477900335934e-05,0.017557636783386,0.00189847084206569,0.000420941090531054,0.00179260046239159,0.012679210058628
"nig_indep",173,366,0.00383135228712836,2.78774185788189e-05,0.00285169746576882,-1.56661116803607,0.0945417104500888,0.0139553525336552,0.0672017370798334,-0.00218811521659502,8.19849428544028e-05,7.15873946242993e-07,7.81537260348245e-05,0.0169070351078733,0.00180977600801657,0.000384103006107642,0.00203081327017591,0.0149164910466177
"nig_indep",174,143,0.0137879935913457,0.000415086491807717,0.0105372755673044,-0.813458473214341,0.0916335154615618,0.0154636674713441,0.0668528251958116,0.0131923020929794,0.000386124533692889,1.79683459833876e-05,0.000583914518643888,0.0396079718535521,0.00173738621083149,0.000359570270585282,0.00266174282895181,0.0166369082100418
"nig_indep",175,134,0.0303251369341841,0.00144948519271487,0.0222984239171962,-0.461699779104767,0.181439892077728,0.0479567989372912,0.127652002876319,0.346845916337051,0.000455932543233289,3.40916264418549e-05,0.000605163386708849,0.0257044296467335,0.00192684427019904,0.000666627056432597,0.00247589758358937,0.015808803266312
"nig_indep",177,175,0.0342594108742313,0.00208742271429213,0.0248325703287488,-0.491999559794141,0.10360086603136,0.0196360275030942,0.0769445753560922,0.0684694759810553,0.000493583348108104,3.82036865679662e-05,0.000654812730730827,0.0192618719470698,0.00217504208527252,0.000616457650370472,0.00176551140534386,0.0168541840432412
"nig_indep",178,256,0.0171219600027517,0.00064429748911157,0.0121973732806975,-0.565019607071825,0.0545061703294851,0.00755312292679146,0.0406568355021687,-0.0943693540065961,0.00036045946637774,2.06104169758514e-05,0.000384856655855499,0.014264380637511,0.00132336054500859,0.000187935878497051,0.00118767855715212,0.0159926516834099
"nig_indep",179,262,0.0202022083185326,0.000694868179727138,0.0144423913023644,-0.77797653958295,0.0621931635328661,0.00638882598636321,0.0442672505486534,-0.210514918762572,0.000303948026122194,1.32126877665799e-05,0.000435718586224755,0.0166516223318436,0.00119577930847576,0.000175434640159546,0.00137133553765836,0.0144529898946508
"nig_indep",180,570,0.0157084645850859,0.000407004146513625,0.0112984744922752,-0.896418263003091,0.0744710059089692,0.00951632938354164,0.0536934126152986,-0.119398048006289,0.000263458943492864,1.00399723709119e-05,0.000297875051964739,0.0137797717300459,0.00117194385791862,0.000211897683573756,0.00134274244177804,0.014694435760128
"nig_indep",181,221,0.0168927158792566,0.000512174505731243,0.0122277109613576,-0.864398507885601,0.0824592173033155,0.0144970965352137,0.0616162912311835,-0.029403217953254,0.000223990562067515,9.85481834352047e-06,0.000296775136070285,0.0148490306344188,0.00125893462237705,0.000297922103260301,0.00202983692076048,0.0239205324980222
"nig_indep",187,113,0.0359333928875529,0.00215558248298814,0.0271112415531394,-0.377632133143125,0.255325308757656,0.101340868592137,0.177647836693733,0.481392771192657,0.00108529189513309,0.000114012235547747,0.00133741280619285,0.014061557089456,0.00453777052397604,0.00291161812962754,0.00576172512593198,0.0148085204636905
"nig_indep",188,266,0.0322348824082755,0.00178888106162345,0.0232426487114705,-0.529486383037724,0.214352776811849,0.0812111312278577,0.158765425790183,0.448190967925823,0.000811256247862417,5.59868161360121e-05,0.00109132392437267,0.0209525357124825,0.0066359932722369,0.00301275348011095,0.00811622798181848,0.0193653770579707
"nig_indep",189,335,0.0243607732067147,0.00100800377953867,0.0174731559841362,-0.676637403187538,0.188550983141022,0.054427918862654,0.132172777472932,0.332213402447339,0.000667214841696339,3.81400869143996e-05,0.000708029620406356,0.0178407104211549,0.00339560429547416,0.00136546243997865,0.00373882333806134,0.0157183449641538
"nig_indep",190,304,0.0205035028434835,0.000791377343717061,0.0150923782754215,-0.74598107952727,0.148705239660826,0.0394061980985478,0.107978453487083,0.237346647614562,0.000446179066527076,2.02136339370096e-05,0.000551927026495123,0.0198415145543929,0.00302685375406491,0.00100341758899463,0.00331873149113856,0.0148166463574802
"nig_indep",191,580,0.0102288149376962,0.000179294700543136,0.00736052439241146,-1.0982230388777,0.116640954748968,0.0217690173922994,0.0823781302190625,0.0973301305581048,0.000232461257724029,5.7821451089235e-06,0.000275585606046572,0.0184688987262615,0.00154510154624473,0.000458668643894098,0.00196672822050562,0.0120794991968395
"nig_indep",192,359,0.0146307154193458,0.000390281324910343,0.010844188273718,-0.877439291186834,0.149165627706846,0.0347507132278827,0.106060516419652,0.242937273771735,0.000274047775305148,8.98718362028026e-06,0.000265117521342147,0.0172215999307602,0.00245553527127284,0.000846008488083809,0.00274479102958993,0.0140866751248481
"nig_indep",196,170,0.00491157629225007,4.2462758149386e-05,0.00348835468190367,-1.46411204665016,0.0919608025626667,0.0149699570241202,0.0701726157613167,0.0353498345741833,7.86045086921571e-05,8.20221833578468e-07,7.4597674336386e-05,0.0129218305947477,0.00138853118629188,0.000292083753060552,0.0018023532612945,0.0107394704220974
"nig_indep",197,277,0.00427457760695407,3.13861628588368e-05,0.00311644918813248,-1.53263819524019,0.0860947649694738,0.0120108835510494,0.0618042495305296,-0.046232102573446,7.02248177141467e-05,6.8161963095694e-07,7.2740821041087e-05,0.0131604973210274,0.0013685478270883,0.000277351259529206,0.00139235267487888,0.0105089359907817
"nig_indep",198,392,0.00443226254015415,3.51860127807839e-05,0.0032211261801196,-1.51572301035581,0.0918622354280772,0.0149691310837306,0.0658177542740286,-0.0201385239346104,7.57582371626466e-05,8.33932314539257e-07,7.82245680499163e-05,0.0144152978206245,0.00106375023542743,0.000247144519785031,0.00132121102385143,0.0116399653466734
"nig_indep",199,420,0.00425568244915896,3.09244246182471e-05,0.00304855569272544,-1.54235010882172,0.0992329323151386,0.0151824278983611,0.0694806974557541,0.0157882791134022,8.00342232827919e-05,7.49147647640468e-07,8.10215692124e-05,0.0151081676588455,0.00126814724698528,0.000295557818160299,0.0014478702243604,0.0119183028668915
"nig_indep",200,460,0.00421153040464596,3.07696749350255e-05,0.00308336452210818,-1.52609312281246,0.0880196514374998,0.0129979317670665,0.0633767608547508,-0.0366198621506458,4.91783468173839e-05,4.56334016145882e-07,5.31682218131245e-05,0.0117442135349538,0.00112156569164063,0.000232436341333634,0.00133971876552494,0.0113728754684422
"nig_indep",201,418,0.0044182517553777,3.24369687305395e-05,0.00317969608858787,-1.50073231630567,0.0984629945393754,0.0164827190560214,0.0720311993045105,0.0331860663921636,7.22757749446354e-05,6.99702972302926e-07,8.71523258239605e-05,0.018304013991421,0.00107856692647907,0.000239877862424578,0.00144411117206224,0.0131719395271572
"nig_indep",202,399,0.00313127328250878,1.71238960913248e-05,0.00231973854905945,-1.6732710535698,0.0998363112044245,0.0159461394191626,0.0707591758979884,0.0258574199573201,5.57792843599438e-05,3.55926948546844e-07,5.33455852877669e-05,0.0118407639854831,0.00129788112938544,0.000276738480097687,0.00131171512436484,0.0101365188507615
"nig_indep",203,445,0.00309810978155156,1.71722557248677e-05,0.00222702413692949,-1.71707365982769,0.101522861230138,0.0169145013866919,0.0715927770317105,0.0272751584296932,4.29642014548988e-05,3.28966472909257e-07,6.56729385473809e-05,0.0154851207763441,0.00113369596947933,0.000274085538797465,0.00157203632496006,0.0129436960471971
"nig_indep",204,419,0.00297273674155517,1.6042920222458e-05,0.00216193115048643,-1.7255270659603,0.092760790659381,0.0140361771003914,0.0657795006539654,-0.0148126012350937,5.64794354908276e-05,4.18538699764179e-07,7.00003161649887e-05,0.0162864752857896,0.00103862323751826,0.000206940389012508,0.00107017271190054,0.00908629748057787
"nig_indep",205,480,0.0031943682329153,1.7505794093782e-05,0.00229922749276551,-1.6893059965877,0.0994658613894547,0.0151031073720578,0.0694721365231195,0.0123889840370328,3.73427396219615e-05,3.21984315700217e-07,3.64290994604162e-05,0.00902504863455219,0.00114103989347413,0.000265576668728233,0.001372097014028,0.0106471672170592
"nig_indep",206,415,0.00327355568364741,1.76449056759757e-05,0.00232958309235598,-1.69244533995155,0.0936511307160317,0.0153529296872034,0.0687216860571331,0.00916664965786775,5.33402659178701e-05,4.15787106323179e-07,6.08879819176674e-05,0.0152684931660704,0.00093110835133064,0.000225503241499642,0.0010903652733673,0.00947114911896824
"nig_indep",207,472,0.0038541448786242,2.47813041253716e-05,0.00282556155139256,-1.5419889652313,0.0998681761218749,0.0153810268856064,0.0701158654947326,0.0204482934424936,4.31809254092762e-05,3.76735932158891e-07,4.98306181668084e-05,0.0140933297132387,0.00117705142833279,0.000251986344185982,0.00143134424176081,0.0115147166036166
"nig_indep",208,492,0.00361593852489405,2.21601610145824e-05,0.00264772322048415,-1.59951781406835,0.104034576229569,0.0195200783572958,0.0758386150425341,0.0599872370483398,4.53666382276344e-05,3.87810918175011e-07,6.53285452560884e-05,0.018441227919336,0.00133412506337522,0.000334184961759707,0.0014426328934607,0.0130142227712315
"nig_indep",209,451,0.00388253896327657,2.3702440886234e-05,0.00280820530032126,-1.55024913424142,0.0976389173018559,0.0152618160474445,0.0697193727554816,0.0141354309168024,5.94588351470603e-05,5.41402560758229e-07,7.59279085184893e-05,0.0179444052080312,0.000932145599855975,0.000220058815762775,0.0014107258814049,0.0123955148993304
"nig_indep",210,237,0.0053888131415189,4.93544913798467e-05,0.00401074829727794,-1.33120270398672,0.109381714318856,0.021621529092927,0.0802311724729797,0.106017106088307,0.000118370926401925,1.32943181252038e-06,0.000150839731357937,0.0265424922194367,0.00109460132857506,0.000253147505243499,0.000968643274369424,0.00944402794563248
"nig_indep",215,233,0.0184053609065702,0.000586689058658041,0.0131710805615941,-0.820938398356967,0.0482594607742937,0.00400377605326301,0.0344638838185252,-0.34389225930407,0.000283239807672653,1.21094240386784e-05,0.000275950071347763,0.0104546386458505,0.00106353980270062,0.000133491570886792,0.00122512994747958,0.0193170623268489
"nig_indep",216,421,0.0171238500158167,0.000461310367084134,0.012123278878609,-0.854064478801205,0.0421653089821238,0.00295435914709865,0.0303706934018908,-0.393729768425487,0.00023458965745687,9.31976576734521e-06,0.00025429215732501,0.0118843475533156,0.00076275458512745,6.73704032251342e-05,0.000886855719669532,0.0143117043124242
"nig_indep",217,413,0.0181896316428831,0.000512324150531911,0.0129554846575723,-0.810890106297254,0.0352001478044337,0.00204259428920817,0.0254460303587695,-0.487155057886564,0.000188727251075559,8.22932820706598e-06,0.000240998581876705,0.0126048675294001,0.000603969261556889,5.0365016909754e-05,0.000603586345698345,0.0119889997613449
"nig_indep",218,364,0.0136617488107034,0.000309933963225594,0.00986524835279722,-0.954034722257771,0.0255129329339536,0.00111619944941489,0.0184836500947892,-0.643599372009895,0.000233932076914215,6.75058191230906e-06,0.000287698215910962,0.0158048949605452,0.000496989023982116,2.8470518799392e-05,0.000636758520083493,0.0163972270361764
"nig_indep",219,266,0.011540803010934,0.000210718059670207,0.00810978209096475,-1.06434029639519,0.0194327880578801,0.000579219536099705,0.0137118698890686,-0.790901978881991,0.000132975565837274,3.61231424523767e-06,0.000173771513148443,0.0115108440219442,0.00037834236768112,1.83400481361865e-05,0.000503115610845989,0.0130699776859563
"nig_indep",223,164,0.0284735253041489,0.00133253466059062,0.0203339357088715,-0.576720969851114,0.223434741797309,0.102979963964977,0.164812570630145,0.444095155386979,0.000448833370911408,2.95783446199315e-05,0.000524814163727535,0.0146662764554521,0.00421331210066274,0.00228549830388064,0.00478338499755208,0.0162331439135954
"nig_indep",224,255,0.0159548757482286,0.000562172176436137,0.0109657368618937,-0.630825434219633,0.151171031863837,0.0520610636290953,0.108464006403736,0.274939224555891,0.000300078390843941,1.5383104983473e-05,0.000314647207329706,0.0112197141374663,0.00275126539347532,0.00129930864414787,0.0031041384394256,0.0132877441762889
"nig_indep",225,311,0.00971637483777109,0.000262567265590698,0.00723337918966536,-0.649654034353891,0.104847251423148,0.0299398895496491,0.0777527417939621,0.161185235603956,0.000258626609197897,7.99543166312398e-06,0.000219338186042513,0.00819495186873354,0.002260700943148,0.000887614949017371,0.00227441706850437,0.010379365448894
"nig_indep",226,293,0.0175922435884689,0.000537450060254067,0.0124159360834122,-0.84035209397794,0.191381956137616,0.06785342710975,0.138965822673674,0.348279716586265,0.000444481686912205,1.5262591253267e-05,0.00046813171892118,0.0181828144712468,0.0030520435452374,0.00136764307610754,0.00350406787115013,0.0163309958598792
"nig_indep",227,363,0.0186828599992497,0.000558203061512798,0.0135782372592671,-0.76214888107345,0.164437142425265,0.0406991290108281,0.113827874195745,0.266153512512176,0.000349633368597873,1.41184320795476e-05,0.000412601925435253,0.0207495933302238,0.00303364415620771,0.00114833459942318,0.00350988877676445,0.016119898304277
"nig_indep",228,338,0.0168764178550705,0.000558415432526136,0.0124920364108856,-0.845235947547457,0.150677889140072,0.0363863980611062,0.10831551557697,0.234212651717905,8.28374370814164e-05,3.43359626087873e-06,0.000104627879372115,0.00549816528478449,0.00289990164741889,0.000937911131317786,0.00369773736201642,0.0193841673235971
"nig_indep",229,293,0.0133006826445302,0.000363980208844113,0.00992322793599317,-0.956709593573397,0.151374730949793,0.0423645954903005,0.110657402886556,0.264934792895551,0.000241411345215103,8.62659958466174e-06,0.000369253728186525,0.0260005140063287,0.00274183557000396,0.000972221962911968,0.00343707107965542,0.0225324805397878
"nig_indep",230,122,0.00628454396492368,6.83804009292658e-05,0.00468554466319007,-1.26685493336759,0.107587995246992,0.0189063726311703,0.077615160102967,0.071503879475041,0.000110412004431354,1.42108080756381e-06,0.000134661034259214,0.0211191654709628,0.00146169321672951,0.000341580398592039,0.00151866991365528,0.0111589492676767
"nig_indep",233,204,0.00946658811335542,0.000161029154548807,0.00697606853859063,-1.13307215999045,0.138781031187715,0.0407827903900278,0.101228615555443,0.194904939067199,0.000168575462133063,3.58522483602079e-06,0.000178092944261371,0.0215358460746011,0.00344102519251325,0.00106518374467606,0.00330929576421728,0.0213107483904009
"nig_indep",234,485,0.0077557481680993,9.93545432837184e-05,0.00557592594171659,-1.21888019882704,0.107309596699413,0.0197085770174115,0.0770876376486303,0.0664308321643285,0.000124662199572932,2.14344703123779e-06,0.000134853011035238,0.0163185995508459,0.00188641257417348,0.000475472434904874,0.00209197621836352,0.0143598281370593
"nig_indep",235,459,0.00595635436386147,6.52247166808931e-05,0.00428340670461788,-1.37890769041695,0.0966577727754546,0.0159405607687831,0.0700618810362549,0.0167419099781952,0.000123866521583829,1.92789058015965e-06,0.000147386441848609,0.0191583609942236,0.00148583064590147,0.000352401838678461,0.00153051780253669,0.0117884509269396
"nig_indep",236,301,0.00683172109817663,8.29723152842668e-05,0.00502225449279266,-1.28421515039783,0.0994764117886432,0.0157746951954779,0.0703371559830151,0.0162330604656949,0.00014679997683255,2.4256230911485e-06,0.000185549422003587,0.0214027716597018,0.00146876097918683,0.000335768353889841,0.0020275953862345,0.0144621560318785
"nig_indep",237,366,0.00553537166109893,5.70242108878195e-05,0.00407110393896509,-1.39800080716326,0.0930495961189441,0.0134559293520384,0.0652211059451955,-0.0202092685985539,0.000141073179827989,1.7821580110645e-06,0.000149152907195012,0.018459330956837,0.00131383108074567,0.00032721578927938,0.00160421163596196,0.0123587415267295
"nig_indep",238,429,0.00518034139919148,4.69436518853774e-05,0.00373216379438297,-1.44497705154685,0.0856933651041829,0.0113088704941714,0.0606116692241039,-0.0472815894407655,0.000110664488000896,1.73225073368833e-06,0.000113998682129867,0.0190010488511064,0.0011579084262072,0.000222900438770512,0.00129004780435647,0.0113302159307171
"nig_indep",239,307,0.00501115702420998,5.07068180386509e-05,0.00372430006156479,-1.41475173402921,0.0871830424917616,0.0124505802412598,0.0624479507109408,-0.0413919278639114,9.25640356857434e-05,1.11530984323995e-06,0.000105936847896728,0.0187815765305298,0.00151025842959248,0.000299566629846037,0.00137265150561339,0.0119320118424471
"nig_indep",240,390,0.00420192224692315,3.17653671680864e-05,0.00300210147362902,-1.55147813619513,0.0781246680084926,0.00986390300077478,0.0557371054294562,-0.0946527337804596,8.07507384117638e-05,7.89475917379372e-07,9.59041685843238e-05,0.019824479252761,0.0009878976433334,0.000186295101061974,0.00147061222499679,0.0118079716628686
"nig_indep",241,356,0.00452270042498462,3.38343323255737e-05,0.00322967574737529,-1.52770216291742,0.0756843748829952,0.00920293487424833,0.0542281663730963,-0.107330303538576,7.21252531146535e-05,7.9107577956073e-07,9.62846128769784e-05,0.0196582873286149,0.0012051034523481,0.000221758488869737,0.0012683643913289,0.0106267263912412
"nig_indep",242,267,0.00368742916122233,2.59221213589632e-05,0.00268815591749676,-1.61919803685398,0.0696363578559935,0.00770056113593506,0.049677283130369,-0.136791985689049,6.58366460318977e-05,5.5443352048189e-07,7.17608640031562e-05,0.015463472048984,0.00144692205702736,0.000244782867265772,0.00158249235444085,0.0121505717039133
"nig_indep",243,274,0.00298022257808378,1.40290285628035e-05,0.0021151781798369,-1.71604265333588,0.0765577269843727,0.00959956739117069,0.054556768056541,-0.109404867994628,5.88715194475907e-05,4.17536716462361e-07,6.77919605636417e-05,0.0146829859128258,0.00121972345332451,0.000211289559209052,0.00118103199416702,0.00985009911868819
"nig_indep",244,355,0.0035090832241988,1.98786964095465e-05,0.00249489139931421,-1.65426669995369,0.0824158487070959,0.0118139880138325,0.0597549625978171,-0.0655025403559187,7.70020055448685e-05,6.25180760005149e-07,7.20984043394598e-05,0.015919951655415,0.00118055964871633,0.000251687675539059,0.00139193849237479,0.0109759384473771
"nig_indep",245,375,0.00416655224231328,3.01833462339617e-05,0.00302476188924343,-1.53797003334084,0.0767119700596303,0.0102562160907383,0.0558349911684408,-0.0904419976043879,8.02608696745372e-05,6.99406792500132e-07,0.000103294673584598,0.0195968197863105,0.00141164689410437,0.000240264827159155,0.00152250715614288,0.0120500940683013
"nig_indep",246,177,0.00659416639592263,0.000161566318491826,0.00528785934675913,-1.22356277116287,0.0922466728201841,0.0135212683574312,0.0655223491443368,-0.0139918054584141,6.80514407330584e-05,1.08037265714272e-06,0.000118444133233465,0.0234227916025445,0.00146409705387198,0.000322935877344762,0.00169159505338337,0.0138351326029453
"nig_indep",250,117,0.0241773892130855,0.00109055760116073,0.0179521014721917,-0.5569404712447,0.0684325790716439,0.00878329627634741,0.0512448293486187,-0.0387964155898336,0.000377096666187877,2.24888775064899e-05,0.000371316197406547,0.0203054052207954,0.00109333156881724,0.000176359526052092,0.00142679988968989,0.0241984614219293
"nig_indep",251,362,0.0158011810560805,0.000428344474208843,0.0114956804177921,-0.882189732751814,0.0450030507285052,0.00317973836996108,0.0316729449713583,-0.372372164058126,0.000227855900202111,8.66113363153936e-06,0.000323238741995087,0.0148831338162515,0.000792400514268168,8.20577183072942e-05,0.00085354486550084,0.0163151909534634
"nig_indep",252,300,0.0131799183549148,0.000284836612322328,0.00945542144346308,-0.97789746863845,0.0392058426212126,0.00237173744545032,0.0273198117715462,-0.452463246800326,0.000232123351454615,7.44830842552355e-06,0.000246594383960795,0.0125934855084536,0.000587227935609038,5.29356349936083e-05,0.000747408478511315,0.0139373915488358
"nig_indep",253,335,0.0103218678062608,0.000185624122854027,0.00758326528274305,-1.08385812155733,0.0321580113341498,0.00169514773441361,0.0231228643059923,-0.53427513551488,0.000175530250489768,4.52252008043941e-06,0.000210838018018103,0.0114980582691121,0.000507201526903783,4.17223143492546e-05,0.000623883910909115,0.0130260802188077
"nig_indep",254,352,0.00939086831605153,0.000135216532010217,0.00661666029786507,-1.15269904883203,0.0332917447083203,0.00174918749300652,0.0236238622575135,-0.522441506068839,0.000154535297611639,3.38727318586765e-06,0.000187389504601983,0.0130258596028989,0.000628196754402581,4.9277279330607e-05,0.00078136312279322,0.0152724175230654
"nig_indep",257,126,0.0529408765367044,0.00485533014997428,0.0391889865743388,-0.25905784933046,0.405827963132486,0.248447634535629,0.289194003211474,0.739100831807292,0.000646484787146451,0.000101834231679065,0.00102547333294286,0.0155024963573285,0.00766116374890079,0.00655181038821368,0.00928097618857258,0.014531388845358
"nig_indep",258,146,0.0138100678232679,0.000554686499154559,0.00972967214066798,-0.376237061922847,0.11824283950385,0.0440234943445537,0.0870888943772886,0.23568157982578,0.00026199292865912,1.5144833188224e-05,0.00033489094096621,0.00904240294210333,0.00303280961291692,0.00157510089453803,0.00354666501811074,0.0074188150601923
"nig_indep",259,259,0.0193103560430137,0.000686279713655507,0.0143011430826707,-0.76456352337265,0.207405236528937,0.0652001610887881,0.150058098708596,0.431267907089103,0.00035661843852622,1.6443421023396e-05,0.000423263352199133,0.0156209479234831,0.00479298165903538,0.00245879211254744,0.00575075992032464,0.0132849808673875
"nig_indep",26,244,0.0113863081665124,0.000225903255441719,0.00867705347404045,-0.982744289866566,0.0444250771032397,0.00333185217208167,0.0325146068805081,-0.347793064891079,0.000409418672577134,1.02938949028881e-05,0.000396862420814543,0.0162008579155416,0.00125224025826815,0.000112506361640453,0.0014470592159957,0.0181295352938746
"nig_indep",260,240,0.017809474912365,0.00053555631582355,0.0130548639676612,-0.762349490236957,0.169715812609006,0.0495974800753404,0.124466048832374,0.311820947506384,0.00033572560075531,1.31693353621748e-05,0.000414578267024613,0.0194705771863732,0.00431987623268748,0.001495506103357,0.00467249107947415,0.0153958043522036
"nig_indep",261,271,0.0186343663600286,0.000581803452220501,0.0135565526268348,-0.799940495706974,0.200671801144906,0.0678189877596411,0.143978958239947,0.37601264510153,0.000328298402004093,1.27133604478726e-05,0.000388879124005879,0.0218636916002372,0.00442889345492021,0.00212806285227404,0.00432768710489208,0.0188294241196357
"nig_indep",262,298,0.0168882990330252,0.000539332405457931,0.0126965064243923,-0.80513148781881,0.15132841549756,0.0393827597152243,0.110964153457577,0.275261565922998,0.000294770722563664,1.27099669424613e-05,0.00035250143710806,0.0210765095991318,0.00297002040689039,0.000999296968131412,0.00349050182687387,0.0174887771928815
"nig_indep",263,376,0.0181875603005215,0.000630610209512961,0.0136151539792841,-0.770956534351232,0.141266049916994,0.0343334045172092,0.102314490870531,0.206199886646515,0.00036744019514848,1.7631849656385e-05,0.000507227394832977,0.0266141170124484,0.00268486907933625,0.000845387958340182,0.00329696671148364,0.0176361701726619
"nig_indep",264,321,0.0115611635058258,0.000256025903920782,0.00848790362194655,-1.01188780187863,0.115219973260601,0.0228766245110211,0.0821916172832308,0.0842444047218786,0.000336866122563716,1.44754263722678e-05,0.000352572634797509,0.0262951087079967,0.00192813617969948,0.000537475886361674,0.00253774799019408,0.0163613291101806
"nig_indep",268,319,0.00896844615138468,0.000127013488297334,0.00638521240987369,-1.16332795120754,0.116213618051829,0.0209302989638866,0.0822788713297717,0.109560107996875,0.000186447765341011,3.47467989686538e-06,0.000198723323874057,0.0155455344223288,0.00242677020163636,0.000665186356218777,0.00239822140454445,0.0123177177073423
"nig_indep",269,328,0.0109220047990771,0.000226522361777175,0.0081778366686925,-1.04341642814811,0.110782825681211,0.0222857685197062,0.0824623328139751,0.104383813193249,0.000194016758374403,4.79130478047242e-06,0.000212871693590647,0.0171490730759294,0.00205543993385985,0.000533777591111948,0.00247404923339393,0.0150150150962906
"nig_indep",270,383,0.0115737377676609,0.000223581309275957,0.00830508051454087,-1.045566124001,0.121665501943666,0.0252656720573863,0.0878731388774764,0.126209732905905,0.000190549416499844,5.06153978790319e-06,0.000237850019396741,0.019565860385304,0.00203018731923472,0.000614303610485504,0.00251056505163121,0.0144210419083849
"nig_indep",271,364,0.0113257854768615,0.000214890367025912,0.00827420543317863,-1.00591512975651,0.105049662933213,0.0178204889978651,0.0753880791035542,0.0566586657097157,0.000129426063734726,3.20364698116177e-06,0.000192583158648976,0.0188889129204133,0.0014839503859803,0.000340682501700637,0.00173844428927604,0.0147591072646667
"nig_indep",272,344,0.0076741291262909,0.00010745819557812,0.00562179532993126,-1.23263060158112,0.0857845484906484,0.0119264541988874,0.0605226157539232,-0.0571800768885289,0.000110640687122323,1.82301500800199e-06,0.000116556289770912,0.014563588802461,0.00106941623736086,0.000219936530012615,0.00128953930457034,0.0134262313363815
"nig_indep",273,246,0.00793448862710427,0.000106904536460494,0.00573783116839401,-1.2402748871452,0.0878227024430765,0.0107293641803597,0.0596004272250414,-0.0579002388416436,0.00013301739278947,2.49555648754378e-06,0.000138978883634706,0.0176141423925516,0.00149644115104452,0.000285043386500405,0.00159930894236413,0.0135434908988852
"nig_indep",274,180,0.00759716670856886,0.00010022448223654,0.00555176731449723,-1.24538050037579,0.0825492574227943,0.0116397123449612,0.05913392421248,-0.0652580332081927,0.000122905530547967,2.15651162159603e-06,0.000158053829996135,0.0202881510542722,0.000982255605537836,0.00018820398994573,0.0017338900966495,0.0154417451940328
"nig_indep",275,209,0.00883427883220828,0.000130120532309228,0.00645971503291985,-1.16389796497967,0.068414106093545,0.00759497196630666,0.0489094279842558,-0.16435037198815,0.000125436049073849,2.50859546698367e-06,0.00020480705893451,0.0237853976661117,0.00127150466902986,0.000196181040011616,0.00133686917446205,0.0153522203641742
"nig_indep",276,249,0.0068498941710646,8.54367929411353e-05,0.00505198830329128,-1.29351134419712,0.057800335268801,0.00577515954628944,0.0422107532131181,-0.232561686072982,0.000136278924766911,2.27066049181294e-06,0.000145648972071213,0.0201135008778622,0.00120927521054227,0.000172006227385937,0.00143073410423383,0.0167472006480753
"nig_indep",277,315,0.00689053328988808,8.50306954040791e-05,0.00504922461124379,-1.29936843220363,0.0589669383292301,0.00539672722080749,0.0413972802481135,-0.243404715341516,0.000140247070647909,2.16060797921739e-06,0.000157486975050697,0.0190913107051419,0.00103822495851834,0.000152242792134784,0.00135000086382806,0.0138816810248818
"nig_indep",278,287,0.00540342797395701,5.08572681777123e-05,0.00396547112472039,-1.40320211733215,0.0765144287226948,0.0098120609431312,0.0549578975026287,-0.103864969555853,0.000113380247405292,1.43668798000546e-06,0.000137860849440299,0.0185864509654307,0.0013179344970848,0.00023540790660914,0.0012754458914767,0.0142226479070634
"nig_indep",279,292,0.00608196471627433,7.18714776287569e-05,0.00438558460600775,-1.36513247645542,0.114211038570462,0.0205513075573284,0.0822248616355632,0.113316737383993,0.000114564605369411,1.33236374599789e-06,0.000131406714919173,0.0179944498947965,0.00173263472260382,0.000496445856117092,0.0019374548498385,0.0164932686031667
"nig_indep",28,140,0.0167316479890936,0.000514490282460242,0.012388390396346,-0.792247585055001,0.0824845376890916,0.0118411187353367,0.0613541021534233,-0.0176703439968251,0.000286137990761853,1.12171143685876e-05,0.000332636269096774,0.0246620898517178,0.00135023511377381,0.00029097721893162,0.00116510183296986,0.0164225268737453
"nig_indep",280,124,0.00818426544180041,0.000138576452382629,0.00616474499501111,-1.03861118725251,0.0850003556662868,0.0127890835074706,0.0613768853685027,-0.0313291143296553,0.000142465318108524,2.33510967123279e-06,0.000184232997168253,0.02847172347086,0.00174153630821737,0.000420878008380292,0.00196906881658021,0.0170824529717996
"nig_indep",283,154,0.0216687479994494,0.000798231807808854,0.0162969448127538,-0.66199712836296,0.0710003779167227,0.00921118514458594,0.0512795484215928,-0.141035106074538,0.000268290361180477,1.46335364043416e-05,0.000333417980582199,0.0199410985101774,0.00140012635606596,0.000225848964252961,0.0015681831726289,0.0140612838240251
"nig_indep",284,436,0.0127244966887188,0.000276479996852822,0.00915606777451023,-1.00502621437611,0.0576894857410299,0.00632048780022058,0.0426844661366265,-0.232434040071841,0.000202400246909243,6.01631118023262e-06,0.000259208059396996,0.0148000512967398,0.00109620041298801,0.000143499093845384,0.00130157502006744,0.0153265819943485
"nig_indep",285,250,0.0106167289796562,0.000179539596007996,0.00757004670769346,-1.08721845443088,0.0528929483454993,0.00408869551110345,0.0370730948393832,-0.284755926638599,0.000187860886146102,4.19597220509203e-06,0.000246290796409229,0.0151512833055044,0.0013138498242457,0.000171056038849119,0.00164069226384762,0.0170477107785389
"nig_indep",286,319,0.0112460033415614,0.000213406583797249,0.00808083946002703,-1.05402411058588,0.049965845578528,0.00425887672587387,0.036695527260416,-0.284469171248751,0.000228122105433771,5.5949808190576e-06,0.000256981387825191,0.0151386460255291,0.00161509863875631,0.000182770943214906,0.00192899754698829,0.0178348584696486
"nig_indep",287,428,0.0106534131881525,0.000182050892261051,0.00774017627270451,-1.06217863973967,0.0571061949196385,0.00594819053356323,0.0432899576540242,-0.198401055210698,0.000245365470358201,6.3276448917549e-06,0.000279321457798663,0.0150899839336154,0.00152008250835597,0.000196268072042742,0.00152973814039479,0.0150859637515189
"nig_indep",290,291,0.0245474616265778,0.00168329960273972,0.0174059496817711,-0.312655230079475,0.345065959442068,0.350685704175368,0.248212327141125,0.55571413924919,0.000729959218361133,6.49502410044273e-05,0.000832318967958333,0.012633758889435,0.0104461315736373,0.0161283655798821,0.0106420173238408,0.0108479896216209
"nig_indep",291,231,0.0356079157018004,0.00227907805011215,0.0262968706960458,-0.444999341631405,0.627141062350425,0.692435678861494,0.460400146664339,0.992050628253716,0.00101876296077511,7.97343673488367e-05,0.00134120577152554,0.0227295911632389,0.0165137108055636,0.0233024595114927,0.0209476731616063,0.0224849640702858
"nig_indep",292,284,0.0259622245584458,0.00139177737634308,0.0184023947528423,-0.577728043662157,0.378175260788811,0.266066020414203,0.269282734661861,0.691615096693113,0.00180239353372706,0.000129313735664893,0.00210688545931151,0.0405202437699354,0.0137972347562941,0.0151794836710754,0.0160333334513455,0.0309093089629644
"nig_indep",293,260,0.016921579112937,0.000719876941109943,0.0127434729545239,-0.805553435092799,0.3690820083068,0.25149447258489,0.268538946912332,0.729962865533751,0.000554626869977748,2.4009945272427e-05,0.000579821448287568,0.0208626630668303,0.00765078232521274,0.00622065112512234,0.00821377927984963,0.0217326838188914
"nig_indep",294,284,0.0142083925293166,0.000490021952193425,0.010766578158426,-0.929945250303523,0.267849984415014,0.121602433413187,0.188523659595456,0.515475774927214,0.000315675917229165,1.03922634424603e-05,0.000309090019549392,0.0161995471717911,0.00625143295487546,0.00366779967970351,0.0069949707553071,0.0190048504878956
"nig_indep",295,354,0.0169375338878792,0.000642614713543729,0.0125334102362003,-0.850697342729795,0.308837781616646,0.189785000912781,0.230391651322997,0.613989088250212,0.000464184067571092,2.00159712953503e-05,0.000424871859125002,0.0213383479276222,0.00536975910633001,0.00422870923300687,0.00570431055593626,0.0182349272987589
"nig_indep",296,364,0.0313223621707746,0.00180834140961261,0.0233878647871859,-0.437733689810201,0.304038329907921,0.177277213702315,0.222435260284964,0.623266737636706,0.000587934638844746,4.79234261100725e-05,0.000694268050174589,0.0304822412589294,0.0075772030926986,0.00560908527965364,0.00926189196831788,0.0255064175874815
"nig_indep",300,210,0.00717639059868972,8.72779641708134e-05,0.0052182336847488,-1.27559238792812,0.360316030224058,0.204955045985285,0.256113095542629,0.689565112690514,0.000125607534998567,1.87426754238103e-06,0.000121577109546336,0.0100389692954102,0.00587874834066178,0.00521908308168849,0.00669415096877812,0.0211968572010567
"nig_indep",301,257,0.0132587705847301,0.000285112106587399,0.00957560130418799,-0.952428017025113,0.204740972883357,0.0725509521990868,0.147450165717849,0.389611508518027,0.000254785029299863,7.56685969714014e-06,0.000288518921665187,0.0256157453428165,0.00334651930122659,0.00147320589951725,0.00496084124025262,0.0171360135608271
"nig_indep",302,261,0.0144063252939474,0.00034328313294409,0.0104061965217892,-0.902994317638699,0.171307415436568,0.0482643867598195,0.123130905764364,0.312974397429295,0.000229660599358377,6.96142449778595e-06,0.000258754180999825,0.0165510885646486,0.00234333446923283,0.000917530903792487,0.00285962564207402,0.0153859818167147
"nig_indep",303,229,0.00806934318194036,0.000119442674423827,0.00592573539315508,-1.21457102971917,0.129600510531952,0.0295587229595429,0.0942429931499638,0.170749446282638,0.000159951439181734,2.60535882117893e-06,0.000187632518111078,0.0161944088076805,0.00227468146974918,0.000686178178492836,0.00284579091848555,0.0175132199198061
"nig_indep",304,286,0.00599622765734086,5.81462125731696e-05,0.0042012921091984,-1.39673667145254,0.102673398111881,0.016493734222899,0.0726926731689391,0.0423124062951017,0.000136476969158303,1.80179593682239e-06,0.000137237925835058,0.0160670288774351,0.00157690414422966,0.000403247452581435,0.00194792569893089,0.0145630929771592
"nig_indep",305,147,0.00620702474618871,7.06561813517166e-05,0.00451936152829399,-1.37164240995534,0.105832744271199,0.0167650297045235,0.0730490187355091,0.0328810624620377,0.000102777438694991,1.8122876535684e-06,0.0001376773051298,0.0146377696244515,0.00179188553919415,0.000438497840100301,0.00218567645383847,0.014155991348004
"nig_indep",306,161,0.00615937129372745,6.1832385465529e-05,0.00447483733002689,-1.23984306806899,0.120784055684314,0.0227605068278391,0.0857932727420373,0.169006627649716,0.000110310817559083,1.7261033282021e-06,0.000120213199701354,0.0117581177075718,0.00143636532498012,0.0004376818008308,0.00182605625294905,0.0162404901278526
"nig_indep",307,229,0.00467850605884901,4.86431363345416e-05,0.00337187485070301,-1.12635524233021,0.0567745249422594,0.00730452691833043,0.0409682920928273,-0.127039003813398,8.37184112243699e-05,1.07897374873565e-06,0.000133939355889947,0.014283759987593,0.00103213879196777,0.000151746737822117,0.0012074533247836,0.0128719357446674
"nig_indep",308,242,0.00771369134131081,9.19854730295313e-05,0.0054383694250724,-1.25653539674531,0.0680792464385702,0.00769627099258212,0.0479184755005426,-0.180704121186099,0.000159151365616611,2.81820067422439e-06,0.000185405487118739,0.0170495720294893,0.00102182618820208,0.000164015781224371,0.00135348991026214,0.0141101597223081
"nig_indep",309,242,0.0103127286138843,0.000162043082746973,0.00735525599577643,-1.0759813321516,0.0782969372396468,0.00915734736511075,0.0546612125357424,-0.0934307049810977,0.000175547412775847,4.08335222139201e-06,0.000190795818514522,0.0175090085934408,0.00116062686928026,0.000183168761636011,0.0015908518309509,0.0191242306313992
"nig_indep",310,240,0.00921190615405749,0.000146273837560053,0.00664084164484163,-1.17299492649435,0.0782238477713362,0.00945133399673709,0.0546626049165915,-0.106873433626725,0.000156427852269253,3.11867714332719e-06,0.000149094551995453,0.0155889834298126,0.00125854055295547,0.000231066739201716,0.00192249590423933,0.0204093564202305
"nig_indep",311,269,0.00991216706973521,0.000181461496706554,0.00723762815452746,-1.10788199053434,0.0824533795304946,0.0105603900207084,0.0575394126920812,-0.0787286272345069,0.00017323941650204,4.02439811069169e-06,0.00019883175701923,0.0190735373857469,0.00143507877578388,0.000264655549202846,0.00183700648652208,0.0178678752450648
"nig_indep",314,402,0.0111600458770186,0.000384859472981358,0.00830595014582969,-0.783548414430912,0.122863709977637,0.044492535730322,0.0906825684668028,0.187817385135921,0.000269396834183085,7.80888772901889e-06,0.000289853006421032,0.0131205327425914,0.00259089282901663,0.000871858695708254,0.00311070892296338,0.0187442041160012
"nig_indep",315,448,0.0146029998469303,0.000324843002818442,0.0102647140899594,-0.919214079623521,0.125029092305303,0.025125344872078,0.0896189742135742,0.164288085529088,0.000232346177780197,6.91741089723254e-06,0.000293693199997813,0.0183660492849113,0.00215587935389994,0.000594848775407018,0.0027337458160907,0.01835765950115
"nig_indep",316,404,0.0131718308105692,0.000306253989139849,0.00958894236864183,-0.974523480568806,0.110814768638277,0.0219344363818489,0.0786408182171468,0.0739299071641888,0.00021711426459741,5.95370206696868e-06,0.000251506557446533,0.015021221897824,0.00248720703507805,0.000645762180741068,0.00303358593373128,0.0199662005714962
"nig_indep",317,474,0.0152206998154634,0.000392199461422714,0.0109896951356436,-0.901002459297949,0.133191982861322,0.032460155399772,0.0966528991381976,0.193232156942758,0.00022728662541531,8.19219409599393e-06,0.00026065860137061,0.0146452557961538,0.00238346613650693,0.000722228849167408,0.00319886028843871,0.0224953539301261
"nig_indep",318,476,0.0202314316688547,0.000731314820118164,0.0145418819831035,-0.763838763810576,0.166018876653061,0.0469707350293446,0.117321851614216,0.290207000490175,0.000435232850415486,1.89413168478466e-05,0.000496167803211112,0.0187211079927212,0.00429164485448351,0.00170096945212576,0.00467829078498325,0.0194807984379626
"nig_indep",319,384,0.0256250373989921,0.00109050878325087,0.0182165063912022,-0.650024778915249,0.182719668815981,0.0586750883590541,0.130812902160029,0.332034202780492,0.000621865216618093,3.65926938213179e-05,0.000561086541993716,0.0165284374295716,0.00476097224404496,0.00201860113333555,0.00536439797034044,0.0182403775022867
"nig_indep",32,742,0.0112100816542202,0.000228857416529098,0.00824962070494274,-1.02493745729524,0.105614438742632,0.026711921259513,0.080715740267991,0.130619072281444,0.000184198329138757,5.09191032957936e-06,0.000209650763892882,0.0180472626716035,0.00183047854477389,0.000485657155966973,0.00217738969033255,0.0216622093743383
"nig_indep",320,510,0.0510238535246584,0.00513139285213131,0.0375712806301334,-0.269717388491554,0.670016763490392,1.02896596967571,0.525051422553441,1.06389001029725,0.00074909488528859,0.000101115370026183,0.000913571249814637,0.0178494450179177,0.0112020797851244,0.0169604454409124,0.0108600436301811,0.0201935022693185
"nig_indep",321,427,0.039025867909833,0.00287759163965961,0.0283287788279884,-0.443907317409882,0.461433903442651,0.454996017275411,0.351538930961874,0.81681800425889,0.000807688079153389,8.03489600440309e-05,0.000801434554915377,0.0158925339617415,0.0104363371105676,0.011813330565025,0.0105525649473513,0.0179122515224606
"nig_indep",323,310,0.0516247715223741,0.00464189033283371,0.0374882621128243,-0.250961698691256,0.725096843466738,0.929223327143587,0.529066915370038,1.05466613872102,0.00106037251390481,0.000120684586466303,0.00123365780535145,0.0272132202448415,0.012915278552686,0.0205414879168053,0.0162598080042353,0.0256837850605101
"nig_indep",324,367,0.0206498650053377,0.000753086225430298,0.0151231465439745,-0.723399674311855,0.37637836551789,0.245651458130076,0.274121889591393,0.75142595236967,0.000434552507547245,1.97671554965771e-05,0.000444112234342001,0.013520269152254,0.00548135943357954,0.00487760640403415,0.00656673526819015,0.0184894743857758
"nig_indep",325,355,0.0198296596141141,0.000705029637114547,0.0143311962391781,-0.768840147619273,0.375591612201028,0.249389403941307,0.273192596306915,0.703092547461004,0.000505208719941862,2.01030825174003e-05,0.000544226381375319,0.0194652805825942,0.00597184174672059,0.00450126337963285,0.00737232033118934,0.0188397244932813
"nig_indep",326,475,0.0182850927384541,0.000625697229155739,0.0131867370947931,-0.811066036477039,0.451639606015392,0.397025941025957,0.337121805940621,0.838769544422141,0.000448307248819973,1.96393276175988e-05,0.000521304768793235,0.0197922868349215,0.00868556914631628,0.010417266330748,0.0111418214164916,0.0267488244677179
"nig_indep",327,453,0.014087996035251,0.000377914616878359,0.0105490435854453,-0.910499616712165,0.332022417448091,0.211163234622136,0.244781106399183,0.664945524511854,0.000361419351579644,1.04772573978006e-05,0.000379266086565161,0.0172788696306578,0.00787985808981527,0.00544849145607301,0.00822143558392995,0.0197544833837891
"nig_indep",328,513,0.011821157780174,0.000281064350268912,0.00891420500447593,-1.00011606419718,0.329085023090182,0.230615466404662,0.250558140797725,0.66775267839796,0.000302575030993858,8.56476717093342e-06,0.000311739537118978,0.0162020926985234,0.00632414614443576,0.00554766939679401,0.00812024908824861,0.0198187183167425
"nig_indep",329,319,0.0156537739420507,0.00048870608403593,0.0117486677644329,-0.856608350877057,0.454495187067397,0.379414467409825,0.341821820424787,0.883498597695005,0.000311528553037561,1.07768607779908e-05,0.000296181697763015,0.0149535706724374,0.00714994840000165,0.00761449088599662,0.00858120388752956,0.0222841615810309
"nig_indep",33,1151,0.0193243004470472,0.000815403845352307,0.0137124435923461,-0.804703685655422,0.152799303614349,0.0578032525264814,0.113325416924293,0.237882489705114,0.00111724035038197,0.000136530508506948,0.00120003717376242,0.0341068852821741,0.00580072641754226,0.00385295287815936,0.00742091406382032,0.0281644564128988
"nig_indep",330,499,0.0117365755685884,0.000271190626935213,0.00871422019007883,-1.02039535505416,0.272967182332389,0.156862420346949,0.206855962276598,0.553906427829442,0.000184783347267581,5.33514698883908e-06,0.000221008675010858,0.0133417109725435,0.00578470238432168,0.00387557901650103,0.00677291993702792,0.0177554537782679
"nig_indep",331,119,0.00887603728524854,0.000206606246105152,0.00657864510169729,-0.698219859254014,0.140391295524535,0.0545315570307226,0.100694110362824,0.236270674473533,0.000167184976891603,5.10665257702465e-06,0.000309342803850698,0.0165358350314203,0.00256987559330044,0.00129956406732486,0.00247008804132933,0.0118538517007894
"nig_indep",332,349,0.0150103194516769,0.000381709788462398,0.0109128050755191,-0.855286215989525,0.161453550283975,0.0452936719016725,0.120426976400709,0.320960413682899,0.000397062381438338,1.48474835842087e-05,0.000415689419174463,0.0244622202596284,0.00512602667097172,0.00188801527805841,0.00634473262736276,0.0180417878687405
"nig_indep",333,399,0.0054822330625446,5.19269055823601e-05,0.00398046191209648,-1.36079878833103,0.142662566775814,0.0395824464816644,0.102703689036515,0.204629948185189,0.000210400733242207,2.48640837805333e-06,0.000323434334576071,0.0289614414963394,0.00345199419245378,0.00112028940795612,0.0057844217024803,0.0233740871602538
"nig_indep",334,347,0.00532908275274506,5.63161657835409e-05,0.00386419032433178,-1.4132281770114,0.110565421511822,0.0207924497230919,0.0799841587655803,0.0860894998303555,0.000134256634179807,1.43848926456889e-06,0.000138487585875839,0.0218352434141225,0.00245296282841771,0.000645293751756951,0.00301208836244315,0.0180603068020792
"nig_indep",335,293,0.00530269985460576,4.36808983431752e-05,0.00382701887498285,-1.39551433449008,0.117090053121336,0.020433487497791,0.081099366115551,0.0984285487871513,0.000134138736313827,1.50122084060036e-06,0.000144306279550839,0.0179794304807703,0.00224015264761039,0.000612548604339533,0.00290365703899278,0.0170153910504322
"nig_indep",336,170,0.00566147270583545,5.26961499272857e-05,0.00403910806205229,-1.38905499580146,0.0913564084692911,0.0129542050336521,0.0654299028847767,-0.0109976891551562,0.000142576594529809,1.87800004730546e-06,0.000216706552569766,0.0232750218634059,0.00214651537809416,0.000424957338973232,0.0023389649836884,0.0142398054037809
"nig_indep",337,298,0.00712534496835938,0.00013937995232926,0.00548770049160645,-1.1967836619533,0.0753452954741717,0.00896059848372963,0.0538375430350911,-0.105617523596077,0.000187836933710132,3.161046959448e-06,0.00019573125896372,0.0227143372580755,0.00169003481217477,0.000329159907606108,0.00214083744275403,0.0172114900192238
"nig_indep",338,339,0.0108361638743127,0.000348659097731559,0.00848067006520631,-0.947150695718545,0.0714735327581869,0.0121508847676719,0.0533726433088944,-0.127018835715785,0.000174511068907965,4.10099512383582e-06,0.000244408678668231,0.0252821506818597,0.00117388172506958,0.000171289047462713,0.00143437124590761,0.0157097264545573
"nig_indep",339,304,0.00995888340769875,0.000189316260342956,0.00716395862049278,-1.11203571397661,0.0611712642119006,0.00675782854454346,0.0458146559995204,-0.145542785663222,0.000201969886460614,1.18517269904234e-05,0.000219704139067483,0.0196038704888381,0.00278431916964522,0.000914104618897871,0.00316785735626424,0.0220709902006697
"nig_indep",34,470,0.0350047954827283,0.00221417434082802,0.0252828945852206,-0.494340031375062,0.404728764359697,0.415492227629984,0.302007014586838,0.756249556379057,0.000712713092226996,5.62551694862848e-05,0.000856874747052726,0.0171229600216597,0.00561086737308752,0.00543387180453298,0.00646700386455661,0.019457427387301
"nig_indep",341,329,0.0506987600905843,0.00460915256641101,0.0374996074197895,-0.273558536130259,0.27093567162737,0.135498125254292,0.203920739580016,0.591733000091914,0.000764608850261658,8.42580611889614e-05,0.000810844936640743,0.0183943731493333,0.00432671891902505,0.00303945034819375,0.00556386124393501,0.0269996783941434
"nig_indep",342,415,0.0304365632867341,0.00174730882969118,0.0223509959324346,-0.540094294592277,0.172914016984821,0.0646232484256464,0.127405565633739,0.308196018321956,0.000690937912847751,4.7056364560693e-05,0.000723489986272797,0.0169438253943557,0.0043700043992084,0.00273908424162461,0.00359112966764173,0.0199544523603246
"nig_indep",343,464,0.0226116811595715,0.00101160296633905,0.0167916136362946,-0.688012651385387,0.100018822844811,0.0178750079339921,0.0726358464833768,0.0336491115813508,0.000705826082422078,4.6114221948221e-05,0.0007413494299658,0.0225886775604794,0.00248921107225663,0.000617120616155374,0.00242996339232179,0.0166873232224695
"nig_indep",344,248,0.0219602111514123,0.000928906941558139,0.0160485421936754,-0.732311497636997,0.11330314351684,0.0213650086796162,0.0801883622670832,0.0896864703605582,0.000483881945991034,2.25829983767055e-05,0.00049938784353405,0.0140043697026987,0.00275061858491809,0.000726823808530934,0.00332736503557387,0.0202754465165492
"nig_indep",345,444,0.0259575596434776,0.00121262253369459,0.018667832292732,-0.651759190079071,0.116198173821495,0.0239968872762166,0.0834430094905122,0.0982884179801749,0.000556873225743074,3.17661227579992e-05,0.000536338866997125,0.0159826903210523,0.00280086102022331,0.000722633290677955,0.00330789381170587,0.0174135575518254
"nig_indep",346,655,0.0512329850959086,0.00460994109184927,0.0380877699487656,-0.209713683326087,0.385509406228723,0.343528211823288,0.299824039244058,0.82062870599964,0.00065813897952043,8.85270657863662e-05,0.000859010474791717,0.0242362143072402,0.00800959763200198,0.00990120458678036,0.00894616986660946,0.0387548945777057
"nig_indep",347,389,0.030293213510051,0.00157086198498572,0.0219301382673974,-0.570422548262893,0.165076856683343,0.0467792754442734,0.118363072192581,0.294809920314428,0.000513288415133391,3.87181371430477e-05,0.000537173821110166,0.0147133670235127,0.00387188462067987,0.00147895441103075,0.0050150510870584,0.0178392566331751
"nig_indep",348,391,0.0294868026287201,0.0015710990638998,0.0215489160377972,-0.568742086073144,0.112093901501578,0.0217016788710679,0.0814681956724722,0.136586873513327,0.000496274250321384,3.31579356781196e-05,0.000603335213537276,0.0181909519222145,0.0038302274582501,0.00106663630442584,0.00475234720773658,0.0219794727715323
"nig_indep",349,340,0.0222049683079112,0.000895748207164703,0.0161709291090045,-0.724253874112624,0.112209728770279,0.024653565620009,0.104907784330395,0.279852303521223,0.000670528605395295,3.71604094433292e-05,0.000862656275008432,0.023632324208375,0.00836326626029531,0.00266735280288229,0.0120740526061608,0.0251262045729683
"nig_indep",350,318,0.0331630579761425,0.00188012641351501,0.0246575243900229,-0.460083122776328,0.174478947507666,0.0654562899996524,0.135963462863646,0.357106550225512,0.000588908235844813,3.99509476454513e-05,0.000705416960599942,0.020427114486645,0.00427306743686691,0.00156072405672197,0.00579003854038363,0.0205906895872766
"nig_indep",351,294,0.0383198525313071,0.00227297354682161,0.0277621661811441,-0.390259152998214,0.198415036552712,0.0694243692209824,0.145655118719977,0.394595084777922,0.000542555827282252,4.58198294679295e-05,0.000639706284009748,0.02205574970451,0.00428192783046413,0.00214509807385184,0.00534355407689255,0.0203823240563102
"nig_indep",352,392,0.0213809328582676,0.00105895623834036,0.0158427077094622,-0.776839266803865,0.134596527443811,0.0528310259946098,0.103048204123085,0.0893909539121844,0.000512665509376732,2.13089420160734e-05,0.000559679346222769,0.0182364412637727,0.00544074205936902,0.00229823778941712,0.0048605503981471,0.0226642272768732
"nig_indep",353,360,0.0397205647015055,0.00295469783323045,0.0297645230509474,-0.323524903633856,0.292755422409229,0.178922029793412,0.22055853249929,0.565053495596972,0.0007152235271277,6.73557368480897e-05,0.000781825831322706,0.0244856000314461,0.00782364990501619,0.00599454678437138,0.00789995965478774,0.0282248863079793
"nig_indep",354,489,0.0338506839562577,0.00193170427776638,0.0247201277331654,-0.457342728244755,0.31300541906665,0.202687712437564,0.238407285896498,0.638720142944088,0.000508117953174294,3.6444270341551e-05,0.000566729994607842,0.0216637821709657,0.00787132294076366,0.00655793496087937,0.00838158836861719,0.0229009973391267
"nig_indep",355,568,0.0357018966765987,0.00245005984178522,0.0261279884605032,-0.452845820211952,0.353304936820725,0.228762220595025,0.262476381905605,0.696483235177349,0.000758847097725551,7.72251020288255e-05,0.000959669553816827,0.0272337556509963,0.00737299690839011,0.00580789547026171,0.00661109187553989,0.0182585889737369
"nig_indep",356,299,0.0432176762530806,0.00376661197969986,0.0329510221009643,-0.315725277871608,0.319846680723133,0.174850164425582,0.235416753854873,0.649251396364466,0.000746874308893603,6.88928343894599e-05,0.000866027201459482,0.0221474631269681,0.00543754602924242,0.00446575337296039,0.00576103637547878,0.0228107294917027
"nig_indep",357,487,0.0281665424747141,0.0016214116046386,0.0206707929999605,-0.596213980665498,0.304094320408162,0.179390169913484,0.229079795581712,0.642877567200657,0.000605979834197387,4.80659164897337e-05,0.000669003714536685,0.0217133965470464,0.00848361640352249,0.00739587533802614,0.00909085766085559,0.0334129881757249
"nig_indep",358,444,0.0190985388606863,0.000666798052753658,0.0141157693230327,-0.752865510882711,0.244145175510065,0.113986431162384,0.184109706152209,0.531531607728397,0.000339616006414082,1.34522340834187e-05,0.000427759246022404,0.0263220480956308,0.00358013883777916,0.00188041278512023,0.00488820259685722,0.0246415970160771
"nig_indep",359,327,0.0272791007761098,0.00225812194138307,0.020535327884725,-0.597399199359117,0.32306541521818,0.182143333000262,0.230536219881222,0.628538578826431,0.00148301095081021,0.000276321616842424,0.00160827611229014,0.0550125793188598,0.0114518703253132,0.0148805710239028,0.0118461131894257,0.0324652235358352
"nig_indep",360,305,0.0222988356484411,0.00105830070503299,0.0167431053020766,-0.706582982303848,0.259562920413349,0.135859462423679,0.196957579338908,0.567675416401036,0.000806651278637641,6.13830345777258e-05,0.00108480796296951,0.0388328782969614,0.00597735196922434,0.0042293211240472,0.00660306432927273,0.026222150119211
"nig_indep",361,230,0.0223051650297516,0.00125466583686357,0.018089987385144,-0.540679702855938,0.192085180945533,0.0629573450158987,0.143639925655544,0.422350815174944,0.000523463061228024,3.81150291918678e-05,0.0006066046588816,0.0324306058947381,0.00377577916556402,0.00171183387864234,0.00379763501501171,0.0245347065622611
"nig_indep",362,261,0.0101306990355416,0.000207499255917367,0.00733282513874622,-1.06568004377296,0.116047404590949,0.0226724282380583,0.0850474950983355,0.159325504057984,0.0003859787068205,1.20664121116092e-05,0.000410057098186408,0.0245514240244628,0.00205636691116693,0.000602868497944414,0.00267655379340904,0.0235550002351347
"nig_indep",363,189,0.0128178839190404,0.000344957638901505,0.00992315582610461,-0.859076393258731,0.0967645627342686,0.0157487705099853,0.0694052464673199,0.0641888723825643,0.000324314804353054,1.05475053969217e-05,0.000411701287379389,0.01950761562887,0.00205550925546932,0.000421292906449645,0.0023186106896681,0.019654863901665
"nig_indep",365,363,0.0533461982497797,0.00502089285054061,0.0388091682343303,-0.25755038804491,0.168708232558893,0.0928630328919495,0.12761075088183,0.286261276913289,0.00106064143374819,0.000129419481903774,0.00130092119529322,0.0237583253996644,0.00382061932459244,0.00164835114677478,0.00469956627449138,0.0245742709396693
"nig_indep",366,473,0.0398067079451929,0.00312958794103973,0.0302615399692121,-0.377179146299472,0.155419906574766,0.0401041919346076,0.111076273349038,0.25344301600095,0.000733384733002475,7.62425201840288e-05,0.000879538921865003,0.0262175297200626,0.00422069909271344,0.00163845221781883,0.00490823219709022,0.0273678491454573
"nig_indep",367,400,0.0264831004778688,0.00137761727379217,0.0198579522488904,-0.590673539938041,0.116012973243467,0.0273912604350474,0.0856361315922822,0.135467342152732,0.000400562179727874,2.15396365516007e-05,0.000566242852373852,0.0252744095217944,0.00227470912029842,0.00060746614100437,0.00242608232249192,0.0189058513407178
"nig_indep",368,466,0.0250211723173176,0.00118251061497272,0.0185617254050708,-0.652318081807881,0.102095204951244,0.0172221245714277,0.0727637220649077,0.0497635658186057,0.000454360056792734,2.83002992366187e-05,0.000492549536197327,0.0184551672486757,0.00215200059944386,0.000557525926204885,0.00228942481881273,0.0183816328021083
"nig_indep",369,449,0.0234533877918788,0.00103733264199272,0.017162039325097,-0.685435640080359,0.101856498553973,0.0203980560433381,0.0734018246128939,0.0352204672959751,0.000578298198805882,3.11361513115994e-05,0.000607271630436008,0.0178596390698317,0.00380892926432428,0.00144175540854009,0.00399657831851167,0.0220093719780074
"nig_indep",370,143,0.00764611717343342,0.000113237615071173,0.00666524514942774,-1.08765818354948,0.160137146161642,0.0395428672942928,0.113704461281537,0.281233963820042,0.000240646529897509,3.15059845485619e-06,0.000294141077019682,0.0131757147738127,0.00299791849187444,0.000895968690144637,0.00309374057826129,0.0159651074802127
"nig_indep",371,154,0.00400340963719917,3.70868705616104e-05,0.00312210545295088,-1.57555384356805,0.0653828589586261,0.00796072076192596,0.0463357896648871,-0.251633012021115,0.000145061051561572,1.30941771588877e-06,0.000126331110995322,0.0151137585119443,0.00160583110343179,0.000281071795290449,0.0015406897002123,0.0142304377085232
"nig_indep",372,167,0.00335013699245234,3.30454218513553e-05,0.00255580642624625,-0.77238717901356,0.0437082329142669,0.00787017312154998,0.0327391293446931,-0.0787666481269971,0.000138487811447629,2.0565482357021e-06,0.0001507585043683,0.0113012954851343,0.000853542965491209,0.00012756553510901,0.00102322171292429,0.0103964264303148
"nig_indep",373,304,0.0111617618474999,0.000483613220527372,0.00885615653641861,-1.07974603552905,0.0802329250057676,0.01170513473553,0.0579784351291335,-0.0954081488386377,0.000299598486010996,1.10049625854502e-05,0.000342482487386252,0.0327766128189357,0.00151066133706337,0.000248342211262957,0.00146880609926464,0.0144088794505717
"nig_indep",374,487,0.00984991654614334,0.000307691867750785,0.00772728019539964,-1.18264112213096,0.0656527232385123,0.00881549345446482,0.0473879411876436,-0.213959659568368,0.000415669527230364,1.75317778451876e-05,0.000428231212486027,0.0206667228636599,0.00115503252372079,0.000190453245810215,0.00106510186573753,0.0131663889533046
"nig_indep",375,399,0.0153720627039451,0.000480112408112804,0.0115867441975877,-0.844376768248776,0.0890754437078563,0.0141091724389605,0.0639515660519694,0.00449641849170513,0.000662681954350701,2.57563580976098e-05,0.00074025854184512,0.0240946513180934,0.00398699441749359,0.000985461202823883,0.00577458312642487,0.0251301398133473
"nig_indep",376,402,0.0337374671489467,0.00313973619074564,0.0270365487911859,-0.4590198126434,0.173725172991328,0.0606221278756138,0.128042224965023,0.306736929727246,0.000939577848535035,0.000100799683005847,0.000958764958508916,0.0260794624781992,0.00506907381077726,0.00226199558872123,0.00511666626060197,0.0184410198057934
"nig_indep",377,543,0.0330199416271221,0.00221470948783501,0.0246747790689424,-0.490809399716824,0.13375307473802,0.0446695545027366,0.103557510074542,0.208628297205691,0.000705289599056664,6.84266435131462e-05,0.000743858567331738,0.0247419383966413,0.00433766992691897,0.00175685072050897,0.00472729814947271,0.0223593436092434
"nig_indep",378,433,0.0140337863880447,0.000402154547509062,0.0102598695245765,-0.958182629571565,0.0819082793039727,0.0132471402062417,0.0616172969277369,-0.038765517464234,0.000373809746496292,1.41941503970801e-05,0.000405407774158922,0.018395340783828,0.00361475308158751,0.000941132570539964,0.00437568773772252,0.0214716782046475
"nig_indep",379,309,0.0337080325388112,0.00226966428307252,0.0258291833404489,-0.387604765707127,0.172718504915345,0.0508077811042522,0.12739568400988,0.3615752491948,0.000681635030472862,5.81241341111608e-05,0.000734638375947117,0.0280436082986927,0.00403177113367237,0.00152230917494473,0.00450602195779304,0.0193452282187648
"nig_indep",380,357,0.0316274845647638,0.00177361005042445,0.0231103926691747,-0.519475233328155,0.129743176939632,0.0308938823271299,0.0952332721230434,0.173639911857596,0.000470521268419121,3.78895077810452e-05,0.000613131328995666,0.0202640100185698,0.00259265437999954,0.000899025724697024,0.00325323778689041,0.0166099851012916
"nig_indep",381,328,0.0242456734022282,0.00108424647066482,0.0178737381988762,-0.638434399406481,0.108886358883581,0.021680102981088,0.0795463181135016,0.0863868333723141,0.000412078901136541,2.37744307492393e-05,0.000485587438018494,0.0204599975639346,0.00191824700108724,0.000546542959109459,0.00210416661327331,0.0185532821664517
"nig_indep",382,328,0.0302192605133202,0.00186653828885632,0.0224339748007157,-0.543716586505094,0.118612224402415,0.030055069595837,0.0893674131356218,0.108468739596758,0.000515926208157371,3.87980992921729e-05,0.000640678148806207,0.0235118260114214,0.00179217223201236,0.000569607069839579,0.00216000088669263,0.0176625308402323
"nig_indep",383,336,0.0365207550609713,0.00298710325218432,0.0279456771374865,-0.396537384945556,0.191191992501847,0.0736966862521648,0.145422405302969,0.452820131274678,0.000808804196518829,7.75358485948957e-05,0.000848334879268948,0.0216322383347129,0.00332323437927218,0.00160574982207765,0.00407643745560103,0.0231212721228292
"nig_indep",384,274,0.00858218362785845,0.000151438081036637,0.00700745550462467,-1.07263285301566,0.164605766137342,0.0539296734991506,0.125467664889322,0.31249592311284,0.000247887244880527,4.51307730273558e-06,0.000317647558749325,0.0154219802325063,0.00289919584334733,0.00105178831590351,0.00390993171657862,0.0221823953738144
"nig_indep",385,210,0.00586011765651968,6.76646040187783e-05,0.00463443186813613,-1.30516551718563,0.126265650727726,0.0295469757473979,0.0944464492068632,0.184497276559569,0.000175312997852125,2.31029143760808e-06,0.000225452802977867,0.0186664071059792,0.002536862975554,0.000634525242738012,0.00271395307024401,0.0213515425644369
"nig_indep",386,233,0.00450633616894985,3.25767170862935e-05,0.0037538123118363,-1.36053983174585,0.0769634997116609,0.0154183091716598,0.0618242584670746,-0.0480879519600844,0.000169745630953837,1.47120230581214e-06,0.000191227485096848,0.0161573575555417,0.00216192399706245,0.000351350499786327,0.00236156319692,0.0171803446974499
"nig_indep",45,434,0.0175483652904837,0.000546137613454809,0.012834258396091,-0.793527924324398,0.0759223633538943,0.0101924670459436,0.0553596965110683,-0.0727017945519566,0.000405681684001407,1.70074685429034e-05,0.000417695480356409,0.020911590749941,0.0013654462318558,0.000240249637681133,0.00140418516923013,0.0187323883555704
"nig_indep",46,422,0.0138548491862339,0.000524664109381029,0.0106507624903947,-0.901793522817139,0.0615019120821053,0.010361016546629,0.0481570342457784,-0.0961998841521315,0.000238607822129982,8.50841459281812e-06,0.0002640394893778,0.0208470068615185,0.000807824226968089,0.000131999624146342,0.000994653761991321,0.0178208931251672
"nig_indep",47,597,0.0102537652998342,0.000252747680593468,0.00748534005567052,-1.1337860728531,0.0436531368252469,0.00519367454869658,0.0329462107405516,-0.393388264384938,0.000279239312438382,7.37098775495169e-06,0.000309077846122091,0.0243281545927576,0.000884783345957938,0.000162216924202176,0.000948709370780219,0.0225436540917117
"nig_indep",48,591,0.00832891116848767,0.000120882579465696,0.0060331650955384,-1.19413922039021,0.0360122797399514,0.00209932793058876,0.0258468414686249,-0.464405973928645,0.000187255983852034,3.80552756221339e-06,0.000219452800021762,0.0168286019224466,0.000888378713172584,7.48450078410481e-05,0.000971262213393818,0.0149471561835201
"nig_indep",49,367,0.00933509793299709,0.000159827151846736,0.00682301580723947,-1.14862072625812,0.0689437294957132,0.00837155866323438,0.0499727474618572,-0.141270779432788,0.000174442391754216,3.41189620977879e-06,0.000172233715312648,0.013301724767512,0.00129754523359237,0.000180885030724632,0.00142805770731358,0.0193425943419319
"nig_indep",54,329,0.00849864496574081,0.000125580383305387,0.0060726296954438,-1.20965983500751,0.0790930635544614,0.0116232552105092,0.0600051158756704,-0.0755472458083356,0.000188141205174112,3.65751964120642e-06,0.00020878480002664,0.0147117001219131,0.00364924128351125,0.00065641688438852,0.0034877912441893,0.0237692040995199
"nig_indep",55,843,0.0153085311761411,0.000531086188212211,0.0113074101675014,-0.923068972552537,0.151230969826639,0.0534001841518419,0.112564898649672,0.216434982914374,0.000668052703195473,3.32860473311015e-05,0.000692477115813675,0.0326891889182119,0.00569302114803793,0.00332306964599631,0.00573794699426631,0.0314927883555871
"nig_indep",56,760,0.090522867730287,0.0150720945729841,0.0662418751368977,0.0281895187935558,0.594427653764512,0.624541815064646,0.447949890612764,1.03051432557766,0.00174640492495981,0.000401435444368472,0.00233043066066033,0.0287072269518985,0.0079527391510944,0.0116266941908438,0.0104814919407616,0.0266060883256555
"nig_indep",57,173,0.0551293949657132,0.00621008126836788,0.0409167020455875,-0.16610667977859,0.248072104456449,0.114757228266716,0.179682785134029,0.521885912946144,0.00129707838192175,0.000232539356166427,0.00163519207154896,0.0209774156745919,0.00555141190019183,0.00402536693143501,0.00584114897912407,0.0155748833909324
"nig_indep",59,214,0.026767917104853,0.00400532991429713,0.0222479053810199,-0.381350892168449,0.0734999876146865,0.0218175040095949,0.0609684644204252,0.148816999088442,0.000442449665631105,5.15633566716624e-05,0.00082587038526548,0.0373883658740265,0.00136024959468636,0.000571903322336059,0.00245634487138304,0.0320786848468481
"nig_indep",68,1003,0.0329120478446585,0.00210666439714389,0.0236965892497475,-0.532172888815221,0.189375804715027,0.0702025283458565,0.137393319993871,0.327219802691881,0.000526280593867276,5.14451335144576e-05,0.000684887280474178,0.0195179227953549,0.00478752970777182,0.0026563392715678,0.00523388865282726,0.0224962461451624
"nig_indep",69,634,0.019123769661346,0.000807830917448537,0.0143524651352426,-0.793047745680764,0.11433406036095,0.0243559997813041,0.0827536195808651,0.0790715772887526,0.000581264944005069,2.90454726225113e-05,0.000651444245389885,0.0204101439418008,0.00248299712231469,0.000696398154284056,0.00260669320182126,0.0177053102830651
"nig_indep",70,380,0.0155032665927511,0.000491609847865473,0.0115014501322296,-0.89315333567973,0.0940290811632358,0.016772760920484,0.0691749777177576,0.00275294442239114,0.000352864661261523,1.28334609887488e-05,0.000420101145423183,0.0180506970565608,0.00200454602212977,0.000465270629215661,0.00251213094239771,0.0192363586559718
"nig_indep",71,374,0.0109370281491789,0.000188281777659798,0.00753972722518874,-1.10352096497128,0.0571323599964644,0.00507859272128691,0.0400943207984519,-0.266530037401492,0.000212188151060749,5.52174360446239e-06,0.000315447977550091,0.0183074498509677,0.000885326186004366,0.00012190864596951,0.00126107282447154,0.0174688325532068
"nig_indep",72,479,0.00775648794952202,9.52091557067595e-05,0.00552475526852698,-1.24023371627623,0.0371735317385992,0.0021773780326752,0.0264092323821244,-0.462440502874909,0.000129763483727289,2.68827024419875e-06,0.000173762473870475,0.0135740987443181,0.000604949325595438,5.80691225261919e-05,0.000802010589524855,0.0121204245402501
"nig_indep",73,378,0.00855300019299353,0.000125825438284055,0.00618272933261163,-1.19435258229939,0.0402435955635731,0.00328098694982496,0.0298715139937094,-0.406339983317511,0.000157672122673863,3.20868928611446e-06,0.000210151957508552,0.0152807326576534,0.000842716508094951,7.82591229034081e-05,0.001118183012788,0.0169183918368061
"nig_indep",74,544,0.0119059502305471,0.000243947630270173,0.00852299529652516,-1.0386125162895,0.0776791200055992,0.00954914235434861,0.055333289851122,-0.0959994271378485,0.000173103606703107,5.45286056328042e-06,0.00021685865093677,0.0154705221868193,0.00147441068609867,0.000241029034651493,0.0014782707079372,0.0186519491141912
"nig_indep",79,486,0.0347480435397496,0.00242961848257213,0.0263794963360001,-0.401674267602361,0.665539327065145,0.922266846875099,0.516759058051444,1.07807351803911,0.000752920314887049,6.69264545555002e-05,0.000857374717134312,0.0242280442814812,0.0119435007598904,0.0204502683122636,0.0136360934040339,0.0274344385106744
"nig_indep",80,496,0.0420302745629711,0.00405923938399362,0.0308548104034247,-0.386304354635455,0.58837775680837,0.716455578843124,0.437750231340369,0.941977716562576,0.00105902268262008,0.000125102874895924,0.00111134619456163,0.0255185221799792,0.0101952781276839,0.017072852628451,0.0120215935530043,0.0223775954625586
"nig_indep",81,400,0.0602937790398698,0.00601102695125186,0.0435249801016802,-0.171915070024513,0.583850696268319,0.567595934983214,0.42391333218034,0.978930312296405,0.00111675312956661,0.000145062261667859,0.00113602596354126,0.0201385549599096,0.0122580661400147,0.0157864162298362,0.01081949841195,0.0173086400920888
"nig_indep",82,496,0.106706545309926,0.0193932661167285,0.075647096568507,0.0893653190611463,0.624234141199801,0.658040741401886,0.440608709403367,0.958463970957908,0.00298633542360818,0.000727913736197464,0.00394206404812572,0.0316170633036799,0.0186895924821844,0.0267966880029464,0.0227045641121854,0.027129728135438
"nig_indep",83,589,0.0995655561482326,0.0180667746976247,0.0738071961841795,0.070739086960323,0.458018687316802,0.371400777025371,0.336245178186071,0.826434454042995,0.00214216873934908,0.000487817419264154,0.00238530303776842,0.020797918472322,0.00993546411431178,0.0107425771807903,0.0117534102466811,0.0191581541671651
"nig_indep",84,483,0.0245246215147934,0.00256436832732516,0.0204447886952236,-0.64543638085765,0.0495757332314555,0.00623253244025963,0.0467730949531421,-0.0929870140059233,0.00140249505436097,0.000103462489720014,0.00141052410059586,0.0251023752683188,0.00453839777314095,0.00080360400169091,0.00522754975989089,0.0199719522058039
"nig_indep",85,436,0.0221172906491504,0.00136132365110574,0.0170214482499287,-0.695442262555667,0.0706108463155927,0.0124743201816256,0.0528914492697433,-0.109801599054896,0.000522996673697,2.81995383003832e-05,0.000639042924220804,0.0216118245012793,0.00124838886790431,0.000198991040222326,0.00160101639592748,0.0210259375273278
"nig_indep",86,368,0.00749842541781963,0.000190740138911269,0.00609372340717068,-1.31307096741363,0.0176075443301601,0.000844602964048604,0.0148044527329018,-0.822347169419704,0.000431104656133739,1.87839760811463e-05,0.000347179579287248,0.0161280435219846,0.000733633049608488,4.8758593034037e-05,0.000770490980069529,0.0193150335544767
"nig_indep",95,563,0.0287549282080782,0.00129523647131766,0.0204932801726358,-0.574350969940646,0.278482322901943,0.167752066312604,0.209983601695879,0.58500216122282,0.000397572092793992,2.56734804607611e-05,0.000465036729721874,0.0156887723845127,0.0035890335022719,0.00217545253350215,0.00467199275703661,0.0210544944313078
"nig_indep",96,880,0.0275412678182423,0.00137381889566036,0.0199258244178617,-0.609518842461766,0.203855560867086,0.0810131790614225,0.148382103535801,0.378475574619649,0.000578388801752303,3.75092757260185e-05,0.000643426911748574,0.0203203787719359,0.00399751087757077,0.00230139679076283,0.00479353454397611,0.019800058960246
"nig_indep",97,552,0.0271219890511918,0.00140072937020716,0.0198938695384045,-0.621119482156529,0.185320438266563,0.0649810780968586,0.135659274068201,0.349282644663082,0.000495722046931019,3.76589283375789e-05,0.000611342711268147,0.0171343532196598,0.00333837351586847,0.00159263423771019,0.00399624214241906,0.0191082101577826
"nig_indep",98,440,0.0241385504589897,0.00094518801546821,0.0173153186010371,-0.660669121764734,0.133962955575033,0.0302843499567395,0.0973008483183968,0.19505424487476,0.000462604282026943,2.59701243941304e-05,0.000481044874327179,0.017575875644906,0.00275326240807986,0.000841096629942787,0.00283330764947852,0.0166084963145546
"nig_indep",99,316,0.020909400607305,0.00067683783357791,0.0146841350304933,-0.746849729417861,0.10824954138034,0.0190677170411418,0.0772789424101042,0.070584287610494,0.000358362730240596,1.80081480811916e-05,0.000400300107493853,0.0181012803999788,0.00211880133183292,0.00051691125705109,0.00239130831005559,0.0171367514841071
"gauss_cor",100,392,0.0133510606908279,0.000286641650230566,0.00950835145309573,-0.971643145435474,0.0744557752780475,0.00915222898698664,0.0530043673927287,-0.120896388771467,0.000234824273903842,7.3140928931352e-06,0.000277135630950546,0.0165613409718246,0.00174747111757308,0.000355724351755217,0.00220909075687121,0.0211058357042649
"gauss_cor",101,410,0.0135143128236062,0.000293626554556478,0.00975015236283066,-0.95295400714541,0.0686958048236112,0.00767955219657961,0.0487816256662624,-0.166890936250395,0.000197533796729839,6.60793727909206e-06,0.000281918060425799,0.0235733990968971,0.00136195707262368,0.000188486270358997,0.00187967284468364,0.0204869447195539
"gauss_cor",102,442,0.0111052931348472,0.000210771643526729,0.00800409895667363,-1.06743362858089,0.0651021153012703,0.00702149606013977,0.0469034587310695,-0.167166312609279,0.00022604629893994,6.322803765307e-06,0.000251148012211654,0.0183612877415759,0.00172539321721601,0.000239218554034138,0.00179967647286062,0.0199803804134272
"gauss_cor",103,408,0.0092392177986366,0.000145164451303781,0.00674740363775571,-1.15125181596962,0.0640464311659999,0.00758381853320772,0.0463406222256918,-0.191262376525251,0.000156170092847634,3.19703731814466e-06,0.000213567046999333,0.0173989398392942,0.00162130269551241,0.000250871194698212,0.00176692459416478,0.0178356872125992
"gauss_cor",104,538,0.00733760684749728,8.42024549593563e-05,0.00521400171318554,-1.27242461914205,0.0798729096112782,0.0106086347410244,0.0561739860325145,-0.099335730366522,0.000176166261085228,3.17936800482318e-06,0.000229467743743664,0.0214337013037913,0.00141147093342133,0.00028175685387125,0.00190617964768115,0.0198013157917048
"gauss_cor",105,228,0.00520714379842866,4.96019811725764e-05,0.00382071507571736,-1.2548418119486,0.073170682658375,0.00990331924955489,0.0526731152138283,-0.0826044487337643,8.41765879485086e-05,1.25291664114271e-06,0.00010482072391305,0.0165473636326274,0.00100065372433804,0.000169675155691398,0.00136037382698919,0.0150599391279854
"gauss_cor",107,310,0.00801541743321967,0.000120879330876499,0.0059199328397681,-1.18428351525182,0.166480946333384,0.0425031297647346,0.117900314888766,0.299211332438394,0.000124404896096735,2.14554784310803e-06,0.000131740470887902,0.0157671220887166,0.00283969503602435,0.00109510016383859,0.00295075874196152,0.0135635469684897
"gauss_cor",108,360,0.0221277687829673,0.00137517579088438,0.0176199051571054,-0.64026507430908,0.484075343168876,0.450425031133458,0.354500249690111,0.825527602237363,0.000574735725669632,3.59723401700435e-05,0.000612883947706831,0.0191780870189681,0.0110428951107173,0.0149966230290125,0.0119422803079823,0.0199622196894173
"gauss_cor",109,610,0.0252807312009681,0.00158264755381818,0.0201343833764559,-0.598256903807187,0.416850353547394,0.358605483635254,0.319843715181572,0.772564910610188,0.000703418891641549,3.73622038358951e-05,0.000801118507381961,0.0216398272333308,0.0131876629687219,0.0120955795952167,0.014348652778456,0.0189765237622864
"gauss_cor",110,540,0.0264924563293874,0.00152701854722554,0.0204730078205016,-0.589470540839788,0.334615613804975,0.239815013464426,0.264820314371161,0.694623834149682,0.000896163534064066,5.16971313752347e-05,0.000951886192023202,0.0192920012748008,0.0109854200356359,0.00828458059526756,0.0117841105868055,0.018789190540267
"gauss_cor",111,373,0.0385290429587139,0.00257887479414457,0.0277776987184087,-0.445076306793221,0.337419994836664,0.200768696767061,0.249349708926555,0.656235506949305,0.000964075292449401,7.8032696270563e-05,0.000934678989709011,0.0206256368316458,0.00830644590920731,0.00649855848380793,0.00835016416610046,0.0186497685239287
"gauss_cor",112,421,0.044931861581786,0.0034446374834577,0.0324323978695377,-0.356541079624293,0.255684221468736,0.11488240047968,0.186446540412977,0.508499274187061,0.00128017172696857,0.000126645274779158,0.00126493825599221,0.0204830475052072,0.00726704606912761,0.00402458701000275,0.00709348747517065,0.0185668432579957
"gauss_cor",114,182,0.072926385785275,0.0105062674203705,0.0565591989753183,-0.0498101382082158,0.279787414443201,0.140402888573615,0.212453886916516,0.607434888779952,0.0017878948568844,0.000340731867888924,0.00167221578131543,0.0155117596604143,0.00688538885436159,0.00486546907118345,0.00715662902203085,0.0172036875475834
"gauss_cor",120,836,0.0202996522821762,0.00116909194673815,0.0163525928674714,-0.700350724468352,0.150341119639229,0.0378572802667356,0.106660434191617,0.228323520936147,0.00034331439419767,1.55853746775493e-05,0.000384153186423386,0.0106984930498693,0.00236055093159046,0.000826781195123979,0.00319006682532876,0.0143474021916235
"gauss_cor",121,713,0.020127634038322,0.000702181311442405,0.0151310198885906,-0.733205924644995,0.127337948378176,0.0255262517771587,0.0918659628664608,0.171040507204943,0.000503357444911442,2.58545770691677e-05,0.000558087570974641,0.0144711674508896,0.00304747333564483,0.000957592937353804,0.00392562775421097,0.0159599300254605
"gauss_cor",123,340,0.00597570542175929,5.80610436841163e-05,0.00424872734896311,-1.33224105690393,0.094515154416764,0.0150420603473783,0.0663695413101984,-0.0094465645644214,0.000120932991283112,1.74457739892799e-06,0.000154864532838813,0.0194888943293145,0.00132332006616908,0.000326901270818447,0.0016924351220236,0.0134801513190658
"gauss_cor",125,290,0.00688926034618467,8.3654868073626e-05,0.00534721756345791,-1.20569490491166,0.13931544049543,0.0359281073191614,0.102141096261247,0.206497242396702,0.00016807778012849,2.84388279672776e-06,0.000217286969996107,0.012679026169067,0.00208511022449024,0.000832546451461312,0.00237207048300351,0.0114143589027809
"gauss_cor",126,858,0.0172337960356422,0.000486863301857406,0.0125081737228534,-0.817698298612055,0.15110606711301,0.0394451360647676,0.108871481273545,0.235714941612227,0.000315666572724305,1.15095020274594e-05,0.000350733760429596,0.0178664145427681,0.00290616949906823,0.00111098223942831,0.00358741834212559,0.0163242477850567
"gauss_cor",127,949,0.0145270241888677,0.000347236993371955,0.0104962139480913,-0.925113358399362,0.126159002634769,0.0259336140855109,0.0892972689498517,0.137071537688076,0.000286820353954559,1.0291609896196e-05,0.000363725687649001,0.0170127977317891,0.00283556055841049,0.000890619621781208,0.00332933566420839,0.0162757601956143
"gauss_cor",128,476,0.015509372393202,0.0004007100205156,0.0111865968185786,-0.898126815782026,0.128569717087457,0.026724632524215,0.0913679978625551,0.152237202794329,0.000291174253243634,1.03411600213845e-05,0.000333751473464649,0.0159728539916925,0.00311048865297714,0.000882405623376141,0.00361248833720842,0.0189109724951904
"gauss_cor",129,337,0.0121585856004508,0.000247199791347598,0.00880292464674425,-1.01301571535245,0.128941325835955,0.0301371942711858,0.095203791245647,0.174793931697167,0.000268109622143146,6.75677401012789e-06,0.000265708625866121,0.0168921122636211,0.00287415995882751,0.00086231304710822,0.00312121825915768,0.0190756125551204
"gauss_cor",130,330,0.00939029676428183,0.000163616516293289,0.00699365616615917,-1.12907877085358,0.095151890070989,0.0139505633554876,0.0663146270225766,-0.0129052727996049,0.000203717807939005,4.89370212601786e-06,0.000242853768701024,0.0173436226968499,0.00234876717846259,0.000452046605585425,0.0024096239293782,0.0173429376969319
"gauss_cor",131,282,0.00976367521368173,0.000159076674817418,0.0070280986008505,-1.130137077683,0.108519922116358,0.0204313484549645,0.0773885727526489,0.0644465719715168,0.000193614859276013,3.88595297561817e-06,0.000222577039935105,0.0162935534994274,0.00206823188617133,0.00051987494961222,0.00234576701919972,0.0194097902912187
"gauss_cor",132,353,0.00928061202901092,0.000152648529584672,0.00672560861740307,-1.15368443074968,0.110219123171554,0.0223973609647096,0.0797588850115558,0.0837313092687914,0.000151761413226213,3.23543893225095e-06,0.000200907368469607,0.0196266119268507,0.00229480601319372,0.000525281088307393,0.00260438107864133,0.0208531791825618
"gauss_cor",133,631,0.00826271846562753,0.000118864931662351,0.00592531583081613,-1.21887289596964,0.109906747624019,0.0198506635668925,0.0779907167404818,0.0655648138538116,0.000166909777165904,2.93900788806797e-06,0.000221423693612791,0.0194599369284344,0.00211271936963954,0.000532837446423565,0.00251812370224582,0.0198483938553904
"gauss_cor",134,326,0.00828017095596997,0.000120072144364103,0.00610047272732864,-1.18585756921275,0.113535710249015,0.0212679262977871,0.0804476481210884,0.0934142682864964,0.000164874807844495,2.85868182679359e-06,0.000201482741116185,0.0207997650391205,0.0021669905718935,0.000529178525399146,0.00190791151750195,0.0152747646167506
"gauss_cor",135,278,0.00550496694592236,4.95865714209989e-05,0.00396530638877235,-1.40578190641586,0.0852577077159447,0.0124031047736917,0.0618030507145698,-0.0451340617913984,0.00013960848688017,1.64468902025542e-06,0.00015992071072972,0.019229649419497,0.00202492597991642,0.000355137302237191,0.00233936029992743,0.0179114572320835
"gauss_cor",136,250,0.00549074875095053,4.90977600892017e-05,0.00396401858584683,-1.41669271627412,0.078927208924797,0.00974451583383116,0.0562329430789593,-0.0887518415373358,0.000146774794499531,1.6952317967224e-06,0.000151876525709305,0.0194546607814805,0.00183759260549331,0.000378484620110274,0.00235237326527653,0.0197205705355003
"gauss_cor",137,241,0.00591451005237542,5.59553547131781e-05,0.00416153938033633,-1.39294375583156,0.0716354990222051,0.00888515200458444,0.0519007652933147,-0.13966243711224,0.00011747597129728,1.36646973086527e-06,0.000176077755631798,0.0259952241674299,0.00150244304093019,0.000296305855888393,0.00219152045555806,0.0179666469286071
"gauss_cor",138,151,0.00563055524735148,6.82834742657204e-05,0.00429407903553039,-1.24375359505154,0.084395871217129,0.01526921917011,0.0627673282138595,0.0020785661700572,9.79182122579076e-05,1.51908774215313e-06,0.000118245267314012,0.0243264609937435,0.00280994458229338,0.000663544430517557,0.00244728890485396,0.0151937728395614
"gauss_cor",139,209,0.00965081813971836,0.000186287076241506,0.00739044117359519,-1.08284275827607,0.131149254570802,0.0299609802813887,0.0972305766647214,0.183464264099167,0.00019933145936786,4.25238863073136e-06,0.000247318412400532,0.0258972954483381,0.0034419141466948,0.0011738982973092,0.00358179106675172,0.0160400638237672
"gauss_cor",140,163,0.0068556905524103,8.39283020820457e-05,0.00506883110360162,-1.12679329084865,0.123045351040032,0.0295167158396685,0.0965285755272119,0.21738370570547,0.000267475439248491,5.05444575050988e-06,0.000230000893269897,0.0132649441609063,0.00429490376182223,0.00161345325577169,0.00457757403799367,0.0132892726842116
"gauss_cor",141,243,0.0201498764242776,0.000780281552848798,0.0155061347996003,-0.715759030918119,0.188308045024755,0.0662224347973869,0.152844758050733,0.444462553390196,0.000474419820030595,2.1245702640179e-05,0.000507593006536741,0.0190534865016111,0.00517654994524346,0.00220484126360029,0.00717324331003341,0.0157011231033775
"gauss_cor",142,325,0.0322883697001255,0.00178108863956064,0.0235199771715654,-0.498696260064572,0.146086710057047,0.0377235625460436,0.10782815218396,0.240297359530745,0.000557324053192725,3.92604162816472e-05,0.000658537277830692,0.0227334437149913,0.00346256351935739,0.00125674946069112,0.00424342031912481,0.0150988702696474
"gauss_cor",143,415,0.023784483054141,0.000933377667524219,0.0171200335000975,-0.682780943985946,0.102348846007651,0.0170479406960708,0.0751741638092256,0.0767916917210989,0.000543921937158876,2.78302973907307e-05,0.000655418361538874,0.0196933146434245,0.00360516643813433,0.00084897872549009,0.00397788838968863,0.0183239212708284
"gauss_cor",144,477,0.0224607822075364,0.00085600448192051,0.0165075888413676,-0.684226714255012,0.130987723518303,0.0268421485414981,0.0922344181334638,0.16137935268739,0.000546289478607096,2.95226027291041e-05,0.000617930074378547,0.0210546384739162,0.00281999888455758,0.000827507752322655,0.00298315091239932,0.0174486622125399
"gauss_cor",145,520,0.0231028906080451,0.000853542481753162,0.0165468872781943,-0.695499093362471,0.10781753660704,0.0191127421862684,0.0778899657331027,0.0770706147182216,0.000682638059238398,3.61036530814364e-05,0.000740382380406712,0.018037499691624,0.00280838020124018,0.000690798864000537,0.00307073435477469,0.0161127625305294
"gauss_cor",146,327,0.0219381482332101,0.000796238910116683,0.0162973678420068,-0.697917316796859,0.102480523055129,0.019109814956998,0.0769010061203965,0.078093775425817,0.000744897411324499,3.63931572463284e-05,0.00077812353148795,0.0184203020341231,0.00300041529984759,0.00072476483408151,0.00259008156860353,0.0123209297337072
"gauss_cor",152,153,0.0523829279572754,0.00717167749153027,0.0380189825376223,0.0227698160742484,0.25304632888657,0.15978201463366,0.185398102108142,0.489000267921791,0.000488000993769642,9.34346903854405e-05,0.000608365149818902,0.0103348704491423,0.00236306051113841,0.00263527354382924,0.00312263541089324,0.0100449778089174
"gauss_cor",153,452,0.0465159929482348,0.00460947634296022,0.0355505262815532,-0.309093553524713,0.262380374128271,0.127498654876637,0.191290679758268,0.533655511544802,0.000844537302386336,9.41982328780079e-05,0.00123062023036346,0.0199734326156437,0.00532494845830468,0.00299586518420165,0.00678914803267633,0.0188094687662674
"gauss_cor",154,592,0.0306589792804636,0.00159669193880878,0.0221309665210256,-0.541844180778614,0.162301237612749,0.0443277284626324,0.116850617892032,0.277031461694887,0.000653961584517575,4.66481523688605e-05,0.000707896727114879,0.021111732348519,0.00356340727338185,0.00124167093321213,0.00404558161415501,0.0181660542380134
"gauss_cor",155,130,0.0189081769635061,0.000878596102617006,0.0147134934059436,-0.731378383246263,0.141081273842338,0.0369200044418794,0.10255692001241,0.207993339090853,0.00044814253035107,1.80608928823226e-05,0.00055901733881426,0.0245872424766951,0.00232144610377309,0.000853216366507734,0.0032214481978604,0.0181767346863344
"gauss_cor",156,842,0.00752589792422167,9.26881752300187e-05,0.00542069181658841,-1.24354263996206,0.122457866093635,0.0239717053917254,0.0860078278828895,0.116656442018043,0.000131273137119748,2.26865719821994e-06,0.000159660416463349,0.0181176020462569,0.00188594470577196,0.000557540249065167,0.00232240120994977,0.0155904700389933
"gauss_cor",159,191,0.00538453206356081,5.82477504048248e-05,0.00440059245338684,-1.14433899173904,0.0842644078710331,0.0116722481614652,0.0647000973318849,0.0696446190882675,0.000157566180057035,2.18173417893837e-06,0.000182939250161946,0.0138063439724012,0.00285102467642968,0.000637734143205927,0.0032427183786677,0.0141022040840955
"gauss_cor",160,481,0.00701628177146262,9.80145561588558e-05,0.00530439248873974,-1.2623926187116,0.146913493684608,0.0375993664823672,0.10614619685206,0.222236167876395,0.000158521564344085,2.55656820608099e-06,0.000179045412916441,0.0142849134571034,0.00266422690742884,0.000814035206771978,0.00256688942972167,0.0147227842349326
"gauss_cor",161,416,0.00614334158022018,6.32432772652801e-05,0.00461264431198684,-1.32570070224772,0.135218490372036,0.0307009255664379,0.095421853945509,0.1710479208695,0.000164348259508505,2.23490608612307e-06,0.000163889096503001,0.0131882412090851,0.00232013781879564,0.000717710778744322,0.00297333995850298,0.0175239392012312
"gauss_cor",162,313,0.00594929767479861,5.59815155102456e-05,0.00425592615505866,-1.37874059065452,0.117923955244591,0.0219511885563203,0.082400711445773,0.0943807950458651,0.000155601743710569,2.12649415609092e-06,0.000176908152994105,0.0179290049182013,0.00206854713203432,0.000609338905870687,0.00246790547039971,0.0178181219916072
"gauss_cor",163,295,0.00497052828540526,4.35128199887215e-05,0.00367484100517382,-1.44746090591888,0.0994912164127063,0.0152103173555617,0.0702699873091765,0.0214394007550079,0.000120339911584633,1.41086533271083e-06,0.000143991013958089,0.0194028212123969,0.00147948285967916,0.000373508885709702,0.00230921450896397,0.0164975775321483
"gauss_cor",164,313,0.00401121609965397,2.85212116982598e-05,0.00298310669982041,-1.54944287807877,0.0919166613344275,0.014521207623179,0.0665866505205557,-0.0111410539347038,7.10334388441447e-05,6.31782499685977e-07,0.000102794371560263,0.0175110402251096,0.00155172373826825,0.000352339989541072,0.00210726340804771,0.0183172637612738
"gauss_cor",165,435,0.00414469896436912,2.93123729256182e-05,0.0029902670227181,-1.55753368970764,0.0943167480565797,0.0139859080331221,0.0662157734190457,-0.0142892467966189,8.48833995194355e-05,8.39601245608481e-07,8.70294071299616e-05,0.0163284732369107,0.00151495255157191,0.000354308896711986,0.00183140637963727,0.0154635178987741
"gauss_cor",166,369,0.00395541528617806,2.97987952106058e-05,0.00296187685022007,-1.56315029752986,0.103918687810315,0.0176945277414733,0.0745594659003439,0.0503467560443931,8.15659145369875e-05,7.40345956102313e-07,0.000100074829047483,0.019615129772694,0.00157346600383385,0.000412237146896824,0.00188051801528992,0.0145704165973345
"gauss_cor",167,327,0.00480986388464971,6.92024496641104e-05,0.00372260095548437,-1.42770919789299,0.114547445223328,0.0211420008485024,0.0801023444125922,0.075888777735618,0.000118378685662128,1.41006762328332e-06,0.000116943924204556,0.0171058672768881,0.00192081142549402,0.000524934599957212,0.00237280342096344,0.0157988317307645
"gauss_cor",168,356,0.00419885578845222,3.07130162354453e-05,0.00306491815774386,-1.53998750078966,0.109963282393985,0.023148185750798,0.080909094395187,0.0982289182774754,9.96481609042072e-05,1.03611975339175e-06,9.25728179403504e-05,0.0148396216479266,0.00143481282403634,0.000384187288072973,0.00187110786133233,0.0141223726506093
"gauss_cor",169,245,0.00397001158265733,2.52777411051222e-05,0.00282175094323917,-1.58902237986362,0.110284664909637,0.0207085605900746,0.0796761559727667,0.0746709227434984,8.0726143572543e-05,7.82100139472641e-07,0.000116206316650217,0.0218697004219445,0.00196570687480254,0.000530071828417978,0.00287271033605883,0.0192561270720882
"gauss_cor",170,260,0.00473282126183599,4.44580199896942e-05,0.00350187301677729,-1.46471647281045,0.101941485867605,0.0147138758725685,0.0693103142151751,0.012913115889048,8.31810876412947e-05,7.13088407557777e-07,0.000111795707396959,0.0271006125467061,0.00127998973878417,0.000322951488014026,0.00155862763695209,0.0134416686595875
"gauss_cor",171,345,0.0048142187688037,3.82080274991573e-05,0.00345943370852184,-1.47274851786558,0.085723427226733,0.0110615993397923,0.0598579004581311,-0.0580441397372154,9.49186357601939e-05,1.06393678304787e-06,8.66200564551753e-05,0.0188786244626374,0.00134663290635924,0.000256623675530657,0.00171799936683252,0.0140853218517865
"gauss_cor",172,379,0.00355395993119085,2.20232092827432e-05,0.00261063921187194,-1.60338623220889,0.0899335107076888,0.012250831971381,0.0624483292017694,-0.0402923017965615,7.34112939505317e-05,5.66813311520442e-07,9.11065177518638e-05,0.0235230888387304,0.0018719498710325,0.000393841615073308,0.00203681894341228,0.0147323910951484
"gauss_cor",173,366,0.00378814128216324,2.68640041229213e-05,0.00283284047457518,-1.5718487059379,0.0918485056215539,0.013752398668511,0.0652817735534669,-0.0197487314396645,8.44935395583332e-05,6.90786913310219e-07,9.7161570343543e-05,0.0177956840048117,0.00155038267763836,0.000305554762522494,0.0017779063083032,0.0128849247714627
"gauss_cor",174,143,0.0140966161470739,0.00044837724896294,0.0110391073605786,-0.814845777804695,0.0885376872226,0.0151299428754437,0.066161794646891,0.00867011607903675,0.00043080705341253,1.2719958223526e-05,0.000464806223517912,0.028369190523339,0.00197617059535986,0.000399115504962244,0.00188122642819427,0.0135053303082233
"gauss_cor",175,134,0.0299324253304534,0.00139753991815045,0.0217763789081475,-0.411010231848918,0.163854531382316,0.0402381704248519,0.114437180231796,0.295452904527486,0.000380577234671131,2.73572965013198e-05,0.000562840935942027,0.0246017207548284,0.00254528546090247,0.00104194547440317,0.00399280642749868,0.0201767605644825
"gauss_cor",177,175,0.0343152255169899,0.00209101263949442,0.025146465973309,-0.476239649929101,0.105494758890961,0.0199539175181694,0.0777214461139484,0.0761543189014919,0.000669469026929618,4.33678445550699e-05,0.00064431046195614,0.0184213894545198,0.00176362947940536,0.000410781183313875,0.00239477042601662,0.0217135476584802
"gauss_cor",178,256,0.0274773266834933,0.00139131989906411,0.020141627425684,-0.541216677941054,0.0849371061957218,0.0135783893491613,0.0642387912817484,0.0318633594418196,0.000559267593143329,3.39451770801169e-05,0.000633091039401891,0.0209601385477072,0.00143987190010241,0.000297210566073931,0.00181480700878847,0.0195161989534855
"gauss_cor",179,262,0.0201849678536263,0.000694849535536592,0.0145666919225726,-0.771151206347078,0.0622320352578921,0.0064214687184963,0.0445569512898531,-0.206091753047375,0.000469592081797265,2.27082626822999e-05,0.000575146626029298,0.0217884164087929,0.00161762938811772,0.00020470654714707,0.00172520595080084,0.0165357727350631
"gauss_cor",180,570,0.0157136601752862,0.00040550679254899,0.0113418723875115,-0.893732584649393,0.0739642503466657,0.00936545191420583,0.0535296379876508,-0.118311354694853,0.000332535863029072,1.22015537386267e-05,0.000401190507840263,0.0182285898060158,0.00145787123745873,0.000261398270083647,0.00166207808293528,0.0164824441238095
"gauss_cor",181,221,0.0167766569563503,0.000500465754265527,0.0122050669792185,-0.855358848130049,0.0821247698609406,0.0149439125747365,0.06224255597359,-0.0120231452205937,0.000306219908758223,1.3370688547448e-05,0.000460118693255958,0.0208932081088436,0.00122075828429445,0.000220584819887641,0.00194265184433479,0.0224485501699573
"gauss_cor",187,113,0.0344239400169787,0.00195681405336736,0.0235712194176372,-0.491950776899682,0.25789328923069,0.102831402576746,0.173639739577965,0.471805214973375,0.000389017659508165,3.31242941831247e-05,0.000536960649825154,0.00977437402517088,0.00411176266416913,0.00291682430651615,0.00769626029370465,0.0186704194042878
"gauss_cor",188,266,0.0329342145693523,0.00184706976460604,0.0234985730177944,-0.530519557210256,0.21812831652472,0.0836989941430783,0.157310526576016,0.417047754059136,0.000610175659320826,4.50018057363134e-05,0.00067615348270511,0.0162019027072301,0.0043285981080436,0.00188961492399326,0.00561796679348431,0.0193955755644632
"gauss_cor",189,335,0.0239681413577047,0.000994295816678672,0.0172475681924105,-0.690545440823135,0.189412795816179,0.0554695270235454,0.132494142209437,0.33301486690896,0.000562686264881948,3.16852137210036e-05,0.000644121971091268,0.0187931989104699,0.00363698572181839,0.00145172457207728,0.00399454615484672,0.0173726678256866
"gauss_cor",190,304,0.0214666595950704,0.000900573992318735,0.0161118831825683,-0.712559241388422,0.149665641727066,0.0395524137477736,0.108885537108401,0.24161927513532,0.000359124139904736,1.69291180103216e-05,0.000522222588274043,0.0224490408671695,0.00267775477638007,0.000938130954425289,0.00369804476212507,0.0179904912166785
"gauss_cor",191,580,0.0098890195234758,0.000167160862882371,0.00716875009920044,-1.11727547594866,0.116863514001223,0.0215109996523297,0.0816712253028467,0.093345530455267,0.000216032177397248,4.5106556833212e-06,0.000238753203821183,0.0155275840037966,0.0017485900580615,0.000499645810287045,0.00239359228056706,0.0141556777045718
"gauss_cor",192,359,0.0139078172643619,0.000355069970388605,0.0103182628036045,-0.926086552501284,0.139684315017595,0.0301116876317518,0.0988312813092136,0.193797730888678,0.000264024653045861,9.04161820882321e-06,0.000306733250450096,0.0185900869959103,0.00231972156355645,0.000754009646497796,0.00268197661584479,0.01539194043726
"gauss_cor",196,170,0.00508420696870851,5.0144691098307e-05,0.00374298785685203,-1.42010206202464,0.0922270588767971,0.0142466807770345,0.0669631208043699,0.012138972388594,9.079615615182e-05,1.03913026665672e-06,0.000112049782738184,0.0176290410914532,0.00207082101592565,0.00042957513555308,0.0023286769428361,0.0135487710251139
"gauss_cor",197,277,0.00417572942144594,3.01127443949973e-05,0.00304354752070427,-1.54721524869529,0.0813908288498523,0.0103264514728858,0.0568734059718741,-0.0834256826147196,7.77700904146919e-05,8.47851971170493e-07,0.000118260059240248,0.020515416889203,0.00123045381789271,0.000242582642088334,0.00150068674618055,0.0105361692691588
"gauss_cor",198,392,0.00454040041431954,3.59584747276995e-05,0.00331457607289117,-1.50201865465062,0.0917252843643077,0.0149806944484964,0.0657116721731749,-0.0201720841719988,0.000101640277382128,9.62276145597218e-07,0.000107773043997211,0.0185670216276411,0.00139016168907568,0.000303387839384986,0.00177015534223259,0.0136737858099488
"gauss_cor",199,420,0.00428349265417037,3.10842132016844e-05,0.00309138090216443,-1.53735635834087,0.0995604294596952,0.0152037042863559,0.0697609803777387,0.0163221992050304,7.44297754451663e-05,6.56306019660073e-07,9.37298242526194e-05,0.0172762517433298,0.00150445108318337,0.000339171716303417,0.00164652458986186,0.0127658572987516
"gauss_cor",200,460,0.00396362671408879,2.68728641799171e-05,0.00285368976223517,-1.57478751315741,0.087281975819144,0.0126781798002215,0.0621494120787949,-0.0448416838349185,6.61669462714974e-05,5.53900868141774e-07,7.44136067687372e-05,0.0154360942014328,0.00136725191276964,0.000246737077948501,0.00157517549141688,0.0131053381525679
"gauss_cor",201,418,0.00433789236760793,3.16354765141715e-05,0.00317366015935541,-1.48927763665207,0.0973878502115204,0.0162269302406167,0.071021194134631,0.0243960083583556,6.94972578034843e-05,6.32433868240056e-07,8.97291810363349e-05,0.0215467833999539,0.00128156419888881,0.000314729198749843,0.00189905323635507,0.0165778278116134
"gauss_cor",202,399,0.00302429579799742,1.57517435155835e-05,0.00223001170459608,-1.69244345992196,0.0961264130816948,0.0147431180690549,0.0679974560790364,0.00338726108091027,7.4847423729424e-05,4.62639555501652e-07,7.66493078613228e-05,0.0157085982955265,0.00128353451142902,0.000299666333272846,0.00171019552481698,0.0147008494266699
"gauss_cor",203,445,0.00292286215836462,1.51137586866641e-05,0.00216325168464923,-1.71680494929479,0.0995318308243553,0.0159647421169089,0.0699935306662774,0.0172458143591862,6.31623280801463e-05,4.23421539829573e-07,7.25291097372234e-05,0.0136555223072993,0.00111450828282856,0.000253329635675944,0.00173445358966129,0.0141614640209184
"gauss_cor",204,419,0.00315039090138249,1.78811044052199e-05,0.00231752138987578,-1.68946775971171,0.0910730374609462,0.0135948485874371,0.0644652446902798,-0.0239864434509749,6.47718869246469e-05,4.96081913406608e-07,7.02090090434261e-05,0.0158886773519137,0.000929828947823484,0.000197019823946673,0.00125990548543854,0.0104462293135637
"gauss_cor",205,480,0.00291177404399219,1.45128190293224e-05,0.00213571475526494,-1.70614578372568,0.0936682435386512,0.0138231231509954,0.0663030991008214,-0.0091610454267212,5.53582438918219e-05,3.70054255582958e-07,7.13139191732202e-05,0.0186102102921624,0.000909166865359353,0.000199554102659608,0.00119644003732437,0.0105641050071621
"gauss_cor",206,415,0.00313147927788763,1.64548709283956e-05,0.00225022086663766,-1.70381676282971,0.0941791786321574,0.0149850541886008,0.0672862044666126,-0.00287662098946467,6.35210209095339e-05,4.2714605880015e-07,6.79765393683522e-05,0.0159085441307018,0.00112320875248156,0.000237016944648943,0.00158709618825062,0.0132623317426844
"gauss_cor",207,472,0.00380751161805235,2.40065590416711e-05,0.00280839327466993,-1.53566874030261,0.098205761411031,0.0147869487277504,0.0684575737744798,0.00639438772121386,5.64196360859703e-05,5.00299926264221e-07,6.49619851890238e-05,0.0189687071691505,0.00100226551872911,0.00022461474786192,0.00132393547001359,0.0113482440013274
"gauss_cor",208,492,0.00355805761256832,2.15152770412282e-05,0.00261458686228386,-1.60513272077572,0.10286534016955,0.0188684853869324,0.0744959297976042,0.0523983562925331,5.60592725689831e-05,4.96334552078701e-07,6.58176836987651e-05,0.0171778391498279,0.00101389520657508,0.000254473518128054,0.00146727105546181,0.0143336465115505
"gauss_cor",209,451,0.00389064977290769,2.35896608778188e-05,0.00282662394687492,-1.55366935087389,0.0962046478834419,0.0148628227299072,0.0680616867813862,0.00202093223381523,7.66554380017324e-05,7.29929278929674e-07,0.000102276214799685,0.019701747922615,0.00106821358499803,0.000265225239963806,0.0014344148701778,0.0121107764101188
"gauss_cor",210,237,0.0050262905810644,4.09217863433517e-05,0.00418919655333616,-1.33233948814077,0.108080873829029,0.021095542586934,0.0789870605785234,0.0939590147773469,0.000222426264628602,2.69809650174204e-06,0.000198814952607855,0.0185622893064521,0.00123548216242263,0.000300826139130076,0.00163405465008201,0.0143830422304539
"gauss_cor",215,233,0.0183210031078417,0.000589174183056865,0.0133409378605617,-0.815220406223756,0.0478726312083213,0.0039813758017048,0.0345952342089985,-0.343427922442743,0.000380466031641075,1.62667759064382e-05,0.000481820068946188,0.019276118383416,0.00110472331054969,0.000134177643472118,0.00137458891855588,0.0198562882257766
"gauss_cor",216,421,0.0171738514556127,0.000462522095692013,0.0123014667878567,-0.842322147711018,0.0421462679365205,0.00297129934848732,0.0306400394311386,-0.390930499272653,0.000264431565299625,1.01290359300263e-05,0.000332651097365858,0.0162150722865376,0.00089207397063709,8.54137701364558e-05,0.000925467448359375,0.0147328621503415
"gauss_cor",217,413,0.0181226007079358,0.000511787530151446,0.0130171123572841,-0.806656897689142,0.0351204374424094,0.00203913274693622,0.0252010403157226,-0.491999064597742,0.000258764116603005,1.0768842597502e-05,0.000312611425816408,0.0167778516053473,0.000779326950367111,6.59621950102973e-05,0.000833142940187562,0.0142458256577947
"gauss_cor",218,364,0.0136583077830464,0.000308479179055075,0.009975267915674,-0.950312930580924,0.0251143588125076,0.00110976796952034,0.0184434198202692,-0.6486921330023,0.000240769990224924,7.88183342284561e-06,0.000336518089920369,0.0166834366106145,0.000552105220542204,3.30358220632873e-05,0.000677693273055552,0.0173765522771887
"gauss_cor",219,266,0.0115949269292109,0.000212368672378911,0.00821129244846327,-1.05853103809129,0.0190526104226161,0.000563538876702978,0.0134654921576718,-0.794188773993557,0.000212092224599951,5.1663317901858e-06,0.000236481254878941,0.015810803836394,0.000520829971549991,2.3106653492856e-05,0.000505328296522701,0.0131812199626924
"gauss_cor",223,164,0.0276560844450555,0.00125799992533704,0.0199809884849078,-0.585390627804148,0.221261647540465,0.0998104508476166,0.164107625573698,0.451702528878908,0.000542209234685425,3.47607606195228e-05,0.000707452337963849,0.0196666086060417,0.00398419341414374,0.00211844536142419,0.00549742277398796,0.0195202455331606
"gauss_cor",224,255,0.0210100495327261,0.000763384215134106,0.0150922004044469,-0.708106905611342,0.197093773098026,0.0628210294081966,0.138488002628871,0.36136573407047,0.000492541514823664,2.28562596678066e-05,0.00053372037193632,0.0181279855356715,0.00412753841939509,0.00188366628489309,0.00457763327678554,0.0181019055886979
"gauss_cor",225,311,0.0162518104980947,0.000426050686688362,0.0116335352370229,-0.871601871691242,0.175579304958155,0.0546044501436769,0.127017766889697,0.299857341908275,0.000507602938877386,1.65463797364405e-05,0.000500207361250119,0.0180312910936477,0.00367956624605006,0.00162814245258358,0.00480955387563458,0.0187209262764516
"gauss_cor",226,293,0.0174267893509103,0.000533113894256986,0.0125676451576168,-0.842292381615192,0.190751001944141,0.0703450507906884,0.140350907092323,0.349836178882511,0.000510055229465454,2.05186342852552e-05,0.000450850821008088,0.0178258111763961,0.00414206012099302,0.00203183056549223,0.00404540342718311,0.0199404254230709
"gauss_cor",227,363,0.0186048089814936,0.000548056954765334,0.0135413891435814,-0.767334639006419,0.163479739047727,0.0403146472802478,0.113950935132405,0.267332312043509,0.000355497297463627,1.5882288780655e-05,0.00041377635910632,0.0255339199412568,0.00359133512522171,0.00136608038412504,0.00395153405429688,0.022139017873543
"gauss_cor",228,338,0.0147993629966995,0.000463837615124334,0.0111872080088552,-0.902971454170202,0.135771630027284,0.0298227614490429,0.0957574374300088,0.171393440194,0.00029282162112447,8.5462301822072e-06,0.000364372765516121,0.0189370267112736,0.00254235734590571,0.000807640637355984,0.00318897786647997,0.0189181326785227
"gauss_cor",229,293,0.013022541032626,0.000353239851885986,0.00989286521502626,-0.959867625073754,0.145236022937551,0.0383704512129918,0.10676571574664,0.248592188719086,0.000302088274418636,9.48580457427252e-06,0.000378302776329723,0.0243715992036128,0.0022622163547842,0.000735445093083771,0.0031604960000317,0.021367600099551
"gauss_cor",230,122,0.00628777390732799,6.85667600831456e-05,0.00473952703505812,-1.25533300504646,0.108777761071856,0.0189771615355017,0.0777506794038002,0.0761825042340561,0.000134712253254195,1.46359171335771e-06,0.000106613300219854,0.0176467015255256,0.00135549434749033,0.000312751015661873,0.00184583046645745,0.0135523554937051
"gauss_cor",233,204,0.00989453651147047,0.000184969589377101,0.00738517390839024,-1.08433716784241,0.142976839066589,0.0426603770420055,0.1062995417071,0.258315331469621,0.000147385640480146,3.90743637048014e-06,0.000203866253908135,0.0235457297091347,0.00189739709660818,0.00057594587607179,0.00246442771068528,0.0203957647640766
"gauss_cor",234,485,0.00758307833753503,9.55757013227654e-05,0.00547633482664667,-1.23546922520137,0.105368835713931,0.0187948333351647,0.0754736006187723,0.0542042959293741,0.000152241231050631,2.50545275705638e-06,0.000181104467633423,0.0201882779630157,0.0019121334166995,0.000473233364212641,0.00226377729136098,0.0169251369998518
"gauss_cor",235,459,0.00578458817069173,6.12132649981755e-05,0.00422889553433681,-1.3859167191626,0.0962469948387768,0.015851470226043,0.0692919985340819,0.0111779865426623,0.000134377955207751,1.75706677554752e-06,0.000153620977837586,0.0184924092588808,0.00167121363609274,0.000427365894683012,0.00210848937961142,0.0155063326097722
"gauss_cor",236,301,0.00679135871456767,8.22851367893531e-05,0.00502100134660888,-1.28867572081782,0.0989271474135105,0.0154963545062618,0.0691267773090198,0.00732221511500736,0.00014909648952794,2.27527180994497e-06,0.000174129123317909,0.0203433679908235,0.00170824740126024,0.000398053924942405,0.00203114574893343,0.0164735163631928
"gauss_cor",237,366,0.00561924773944176,5.81383843351099e-05,0.00417911366306722,-1.38563870734187,0.0924335734943983,0.0132850961511287,0.0643723900438976,-0.0253930553585593,0.000161037268778031,2.13461572460495e-06,0.000149595728495806,0.0161129134393927,0.00187123048179372,0.000390435054726161,0.00240794331279011,0.0172803435207794
"gauss_cor",238,429,0.00509842818224573,4.50149769926769e-05,0.00370393262461087,-1.44177577317592,0.0843524278285404,0.0109164463234623,0.0590736090925359,-0.0645825908892644,0.000100644235845479,1.11550460542206e-06,0.000112828230651983,0.0195111423985268,0.00112919868278901,0.000217369301204917,0.00128624900186664,0.0114671702519387
"gauss_cor",239,307,0.0049545004787056,5.02122991073816e-05,0.00375591015423202,-1.42241256950373,0.0863683155972688,0.0122644163641818,0.0610973445963195,-0.052641702345236,0.000105796509871062,9.30004449533137e-07,0.000114949897551405,0.0205095406481574,0.00119371846555144,0.000238177033945755,0.00138225941588113,0.0108950743152296
"gauss_cor",240,390,0.00441295152810484,3.54157475655351e-05,0.00320378645740615,-1.51613807448589,0.0799833246189186,0.0102570483530916,0.0564942384930842,-0.0897198503185762,9.38720315448099e-05,8.76795704197611e-07,0.000113491170898813,0.0224887083554434,0.000970801274244656,0.00018120081813588,0.00143392031180953,0.0127592556697611
"gauss_cor",241,356,0.0046346195123693,3.50112973078557e-05,0.00335403619386568,-1.49274326522737,0.0740399634506646,0.00881267939239062,0.053117005927057,-0.114892652452935,9.72237891547565e-05,1.09793073935001e-06,0.000123321994451732,0.024150811954671,0.00124790021743208,0.000222298735831973,0.00210814839265275,0.0166231701330625
"gauss_cor",242,267,0.00358241769684515,2.46609760511059e-05,0.00264457378914583,-1.6298512390606,0.0687263892363678,0.00758872345782544,0.0492170613950828,-0.147049657449169,7.94573408886821e-05,6.54563692631637e-07,8.09179731585557e-05,0.0174468361084018,0.00149952830505908,0.000244800021352587,0.00188595876101392,0.0140957982907356
"gauss_cor",243,274,0.0029874916319438,1.41905132361517e-05,0.00214153554243066,-1.71085960251015,0.0777018867396707,0.00996532765340896,0.0559737814500875,-0.0967448990559495,7.09506243654338e-05,4.26706880640415e-07,8.8074180189015e-05,0.0200031966296904,0.00123308261381273,0.000241359834703885,0.00177067165861587,0.0141129642505055
"gauss_cor",244,355,0.00349396424609215,1.98510312130721e-05,0.0025095461261325,-1.64911353121749,0.0814522421833179,0.0115183376875172,0.0592123476347968,-0.0684628955353738,8.78497591048629e-05,7.26257209405418e-07,0.000100758661805236,0.0220150726175094,0.00139436178623516,0.000342780335982166,0.00197347204132676,0.0175302006670299
"gauss_cor",245,375,0.00412589782971541,2.99953111029366e-05,0.00307258054647827,-1.52679492606221,0.0767842426164911,0.010280134749869,0.0558644885397973,-0.0875938654738917,9.86694076137212e-05,9.09107959435527e-07,0.000132345993901449,0.0222312510799447,0.00167328746190479,0.000304290080220268,0.00203373310130778,0.0157644786278289
"gauss_cor",246,177,0.0065518695714637,0.000157416121974832,0.00528323078304787,-1.24011037788775,0.0920635620859578,0.0134486445934002,0.0652889847470622,-0.0156948804902329,0.000103985509661117,1.6065190399344e-06,0.000114053358440844,0.0234785605855758,0.00210034860375736,0.000466167274793842,0.00219050264081241,0.0176029542818082
"gauss_cor",250,117,0.0244111663500647,0.00110290206154649,0.0181995633893875,-0.545556013446821,0.0682524647177728,0.0084552268191437,0.0506982768361766,-0.0817491206363106,0.000403752956906104,2.14441083898857e-05,0.00039486310364703,0.0197022943864646,0.00138414819844454,0.000195755941606629,0.00134714218774226,0.0225484655951829
"gauss_cor",251,362,0.0156122350501034,0.000420463171114461,0.0114053922548439,-0.882965234721595,0.0442293957798236,0.0030697446640422,0.0312277939300348,-0.380187624316615,0.00026279981975584,1.00828923818121e-05,0.000409267409817504,0.0214855201732366,0.00102943826723124,0.000105195289279112,0.00121076428127689,0.0219481707015808
"gauss_cor",252,300,0.0132902779790342,0.000287157039524924,0.00959170652240202,-0.970438988526227,0.0392535136658531,0.00238487484295213,0.0275509052211163,-0.448329393774586,0.000264702562192043,8.91371768826109e-06,0.000355965702195633,0.0178621840814953,0.000933522677712666,8.35126274464406e-05,0.00111255618797926,0.020631408899601
"gauss_cor",253,335,0.0104300852016639,0.000188340529632998,0.00771284693911414,-1.07646708475931,0.0322056991003963,0.00169806457968155,0.0230870894971145,-0.535711667040336,0.000214824346933564,5.26697243627014e-06,0.000250302724927987,0.0135117069149069,0.000765419736529157,5.93584063946183e-05,0.000846602289973122,0.0167966501697651
"gauss_cor",254,352,0.0093812625529857,0.0001349929517909,0.00664279656804842,-1.15506133434112,0.0333492891456677,0.00173335684398312,0.0235992920598554,-0.524083646695003,0.000179583858533372,3.98004502788873e-06,0.000239937373470969,0.016173520026205,0.000726820299279735,5.72986222123138e-05,0.000886065844463653,0.0171620319332042
"gauss_cor",257,126,0.0503605540257842,0.00440270365618814,0.0370998992855819,-0.289512180232029,0.382758213893882,0.21520379715517,0.265173320918942,0.699048732775063,0.000871982030123382,0.000105285390769169,0.00090408093813453,0.0143839940284009,0.0101197086393809,0.00873784922012479,0.013706451500692,0.0174385533490381
"gauss_cor",258,146,0.0317229880305179,0.00174530681838917,0.0227604808318172,-0.525176007093767,0.245249726245973,0.118714818701775,0.193347017469541,0.533225123323329,0.000699593623627581,5.09540560766756e-05,0.000931534912186897,0.0230065714977204,0.00834311328529841,0.00451693848839719,0.00824572897185405,0.0158814088276931
"gauss_cor",259,259,0.0194368922840854,0.000693822377865681,0.0145208472484044,-0.759062285889002,0.211038820976232,0.0672280031958876,0.151359202252363,0.426752578701457,0.000516434782177649,1.9870573097068e-05,0.000587617048023876,0.0196325702333027,0.00612426432901376,0.00286947102525383,0.0065426625397826,0.0159500463841921
"gauss_cor",26,244,0.0104071293801628,0.000185141313415818,0.00807845940680595,-1.02059434349828,0.0415262297009595,0.00292736615384674,0.0330536369810915,-0.305426628554216,0.000357785697584415,7.69264050674359e-06,0.000444972355981321,0.0183851209091106,0.00167120775806594,0.000135094773876575,0.00193700573941221,0.0179584823488401
"gauss_cor",260,240,0.0176277015944795,0.000536972747021161,0.0130662142178587,-0.776430728066461,0.170236110377858,0.0500636545598071,0.124930714437635,0.311933445123429,0.000345190331762881,1.36794194477933e-05,0.000475525435869682,0.0208564235248805,0.00486351680269954,0.00206805789905641,0.0050533729961578,0.017261961575535
"gauss_cor",261,271,0.0187742400560846,0.000560914893826764,0.0133279468350327,-0.817191398869732,0.199654037451035,0.0687916256164128,0.144754030675953,0.383401441053265,0.000450557764774063,1.78946284510153e-05,0.000559337754168225,0.0254997438070816,0.00484696734000305,0.00195850573935422,0.00552244848869476,0.0235502536018736
"gauss_cor",262,298,0.0166576004674209,0.000517349638589437,0.0126317938872167,-0.809574661962151,0.151336954431303,0.0390767265262393,0.112021742089636,0.274001043156742,0.000373637182998351,1.24486867083701e-05,0.000389973739878564,0.0218233465896026,0.00416636657591756,0.00120316421406749,0.004802363891125,0.0207748939523356
"gauss_cor",263,376,0.0176631433347464,0.000551255148764541,0.0131475448304674,-0.798850114010203,0.13848768190042,0.0323179450362999,0.0999541614433123,0.196286508211252,0.000362715040736789,1.38482072120822e-05,0.000427275662276554,0.0230503201394946,0.00374061268030659,0.0011009014265528,0.00350564767770907,0.0180964822674963
"gauss_cor",264,321,0.0107891143503595,0.000218213862064898,0.00826656891340272,-1.0325846492731,0.113223555403159,0.0225167779604607,0.0824288264523098,0.0931793889004737,0.000329867223803433,7.59842846015415e-06,0.000343894726294991,0.0216536103301993,0.00213902624586681,0.000570835186953017,0.0027037796227965,0.0149034752067565
"gauss_cor",268,319,0.00873129604663989,0.000121864331765229,0.00622790438837249,-1.18339883317069,0.114024867031738,0.0203283807409894,0.0815490824374212,0.10125938498976,0.000193054531399093,3.79059801275507e-06,0.000235397912442154,0.0224620181944565,0.00263309785863862,0.000701754733181796,0.00334914484684648,0.0171118954967019
"gauss_cor",269,328,0.0109283123794857,0.00022472096057719,0.00819360285060966,-1.04109741095216,0.108835776121376,0.021762932448234,0.082195237989662,0.10066347548353,0.000226458251078952,5.69543595197986e-06,0.000207409235326127,0.0156333335925756,0.00232572290799105,0.000568783885540083,0.00344086410470326,0.0184676340266583
"gauss_cor",270,383,0.0114694339119158,0.000223410412474085,0.00826178250584243,-1.04761851422611,0.122623197594894,0.0254314753407625,0.0887188000291597,0.133404595876638,0.000228094382704718,5.84702943767914e-06,0.000304157883051902,0.0220431809717956,0.00218336945957685,0.000612602578350007,0.00296414783165248,0.0177324043070673
"gauss_cor",271,364,0.011284294940788,0.000212617099341301,0.0082467858544598,-1.00255865525666,0.106277862452414,0.0181950608602659,0.0758147108462656,0.059826416542464,0.000145235035808983,3.869513733443e-06,0.000223438521704794,0.0196950360150904,0.00226906010580292,0.000591770168274001,0.00267231549309687,0.0182135926563206
"gauss_cor",272,344,0.00757838534413952,0.000104238664201786,0.00558700507240371,-1.23498959454613,0.08573185122507,0.0118657359705842,0.060770035945129,-0.0559954801852017,0.000131207484881263,2.02175473977052e-06,0.000168315592755363,0.0184370359310523,0.00139475234610758,0.00029898778818944,0.00159873298859568,0.0144672373959886
"gauss_cor",273,246,0.00823972766683671,0.000115431645915478,0.00599338331277014,-1.20283050326947,0.088508151616898,0.0110044920242334,0.0604158568533694,-0.0533239271266494,0.000147994127940174,2.75313980956537e-06,0.000151700746197586,0.0203201611601165,0.00142096108435621,0.000283140126738074,0.00215546966653999,0.0182472092235581
"gauss_cor",274,180,0.00764798173344322,0.000102120685079849,0.00562229394998685,-1.23746589899559,0.080484753835502,0.0111700516606313,0.0589182738917326,-0.0691449135193032,0.000177486122082986,2.87339991846463e-06,0.000169356254117654,0.0207848061701932,0.00148905146783212,0.00029128518707124,0.00186718748000298,0.0183284426483961
"gauss_cor",275,209,0.00837557812443816,0.000119169999780271,0.00611804998312339,-1.19192683325643,0.0686700648386826,0.00761062820500023,0.0495337229032976,-0.156129796782781,0.000167149911610774,3.33429992655594e-06,0.000212200167515725,0.027641269792395,0.00131773139500466,0.000226278258840034,0.00170538203270381,0.0207748623697412
"gauss_cor",276,249,0.0069119495174452,8.81696370884948e-05,0.00510436500030942,-1.28910708915046,0.0574641875555918,0.00570689830203399,0.0418568551881865,-0.239193644566838,0.000171659211408853,2.81137816116668e-06,0.000187005095664806,0.0242888839588107,0.00144460430467212,0.000195244200255759,0.00140074926070529,0.0157212827138485
"gauss_cor",277,315,0.0068788663314378,8.46238290950207e-05,0.00500261944047152,-1.30590104270764,0.0589508357439643,0.00537989326959591,0.0417486595668194,-0.24061722880255,0.000154614591083431,2.48793245705611e-06,0.000160959847946523,0.0193214940895241,0.00138773791152176,0.000186986832267749,0.001728962742885,0.0192269852681077
"gauss_cor",278,287,0.0050872708321471,4.47260986460563e-05,0.00373305137563256,-1.43820822368364,0.077327657191809,0.0100132101577606,0.0560839062726749,-0.0906917199634121,0.00012366210288557,1.42111395616117e-06,0.000142801336635466,0.018099876976493,0.00170586877820346,0.000272301638317127,0.00178736166499819,0.0176280487184155
"gauss_cor",279,292,0.00609115659935831,7.25533666954139e-05,0.00442807469483681,-1.36479094563616,0.113422243713372,0.0203619655342024,0.0817529223458892,0.118683440881804,0.000152969753123133,2.62336811253495e-06,0.000144394495088021,0.0168405786673629,0.00180404474671925,0.000563047226516191,0.00253154244458812,0.02224101576915
"gauss_cor",28,140,0.0160542141514764,0.000476772057962184,0.0119264713065363,-0.832313691031841,0.0827436076777294,0.010956978544177,0.0591307079200069,-0.051131841591848,0.000250485630118121,7.57861457561645e-06,0.000316035229916027,0.0239197292819529,0.00147389423342235,0.000258246752689271,0.00195083487513584,0.0244560629637867
"gauss_cor",280,124,0.0080657290836931,0.0001334788362959,0.00593344121024955,-1.10659217501118,0.0854162554586543,0.0127283290953908,0.061264036010355,-0.0358059731187018,0.000186231819379669,2.8710858583362e-06,0.000195115701734532,0.0242096319370792,0.0024872338743996,0.000524791253928932,0.00250739728570118,0.0224409995821028
"gauss_cor",283,154,0.0217709516700687,0.000802588807000679,0.01627329841106,-0.667243770884531,0.0717219217487628,0.00932457753704441,0.0530286038344861,-0.12253486096715,0.000405337079411549,1.84521794616708e-05,0.000449985357617304,0.0223639304706877,0.00199837180430854,0.000411126299513887,0.00264224274634567,0.0217671207238337
"gauss_cor",284,436,0.0128198510785998,0.000281405881184985,0.00931901535807217,-0.995542858126718,0.0570090297377868,0.00604269185387848,0.0422781343669744,-0.232911868063179,0.00028739752868182,9.89573720841656e-06,0.000391579041352708,0.019340231440453,0.00141840552526649,0.000193106620087124,0.00176782375340226,0.0180332335042897
"gauss_cor",285,250,0.0105791178825093,0.000179482104025449,0.00763392005485442,-1.08341619537788,0.0527224023234893,0.00402425760907901,0.0375192368947987,-0.276084144387384,0.000233622407652634,6.12679352271308e-06,0.000275326374311129,0.0178875032362757,0.00188324024772932,0.000213841856412683,0.00183017542386639,0.0175878121192311
"gauss_cor",286,319,0.0109443748941713,0.000208341267960632,0.00807769510527521,-1.05421962121117,0.0482326871775053,0.00411085050305244,0.0377343626010821,-0.268955740048841,0.000197250825310573,5.33718220406233e-06,0.000258639264081803,0.0163981336987839,0.00165753228067052,0.000190671500163805,0.00200840710627663,0.0183059705162377
"gauss_cor",287,428,0.0104518560240062,0.000173752021792095,0.00759984714326617,-1.07513287800544,0.056998617584914,0.00584599510513645,0.0439985908320265,-0.187310299828238,0.000262069759618663,6.66129827836543e-06,0.000323765269101125,0.0180956931019535,0.00224794442982483,0.000306765489151778,0.00205999401523916,0.0184630403126223
"gauss_cor",290,291,0.0425761998879285,0.00334220256724589,0.0315564457502813,-0.374441398223374,0.618106316711462,0.62661839777218,0.438174640748083,0.925046204072008,0.00113867972720748,0.000115504533501953,0.0013602502496534,0.0166968707757199,0.0180927995241476,0.0241227163819733,0.0176135018650231,0.0171960051564775
"gauss_cor",291,231,0.0351334420512113,0.00222612949020195,0.0259518535080936,-0.471585230425864,0.609006510277525,0.674585112645606,0.452191875374728,0.963711201192556,0.000893429498110757,6.80174112686077e-05,0.000976125196697082,0.015928047036506,0.0144226842570733,0.019594364190063,0.0166253065147069,0.0195006011543108
"gauss_cor",292,284,0.0235841155733771,0.00110279928166413,0.0186477384849217,-0.628963278976984,0.375991447676212,0.251449946057548,0.279090326511462,0.711439917071812,0.000830799834486848,5.15705658404589e-05,0.000807015550079257,0.0178000094561807,0.0111924215505496,0.0108482003374809,0.0110960675067523,0.0195320796448955
"gauss_cor",293,260,0.0158278767398315,0.000660924167961795,0.0128244922614661,-0.805452663907263,0.355687725275534,0.236440361862616,0.25837829423114,0.684319972242231,0.000422144925014619,1.54046353345425e-05,0.000573080685120127,0.0181734550485799,0.00795833764263192,0.00732873868154852,0.00871012421739289,0.0224493718297895
"gauss_cor",294,284,0.0145897145263837,0.000512016146162011,0.0113225639188182,-0.899308179166487,0.269359341979879,0.123615023890213,0.192494046236174,0.524109218688532,0.000404312134565442,1.14583961733329e-05,0.000416914621491529,0.0193257617437367,0.00771442704411417,0.00463529821182721,0.00708069115708869,0.019731935118914
"gauss_cor",295,354,0.0169282180913902,0.000648088299206913,0.012949512695182,-0.832922092243245,0.314969939192372,0.198594618087459,0.237380963154521,0.633430674343059,0.000480348212488475,1.90683616813988e-05,0.000435976835616112,0.0152099417542235,0.00861329644928074,0.00678370520237122,0.0085163218485182,0.0227309197632844
"gauss_cor",296,364,0.0313667941844068,0.00168564506655752,0.0234749409941099,-0.433777862990598,0.300423141867103,0.177877187860005,0.225129680847822,0.620446770956698,0.000477004476051446,3.49316357030658e-05,0.000620216841476717,0.0235840639379602,0.00721690623825396,0.00520998414031067,0.00814432407394695,0.0179500317347815
"gauss_cor",300,210,0.00711407238953427,9.13050782346553e-05,0.00540713279563058,-1.24928212287166,0.357459217712225,0.198710817136649,0.249546613598681,0.661417709329774,0.000218500322790622,3.18198428714959e-06,0.000190754908303674,0.0168091433822366,0.00577218786397856,0.00516959357698058,0.00716369235472844,0.0175825111340537
"gauss_cor",301,257,0.0132930947892864,0.000288684780213147,0.00966581490512188,-0.94482543302734,0.204032956091879,0.0724009257862756,0.148988383712387,0.397051762757825,0.000263481446618177,7.17809691095213e-06,0.000317549916409531,0.0244366559855272,0.00469030145846515,0.00220787669078247,0.00582498663863397,0.0183838813766656
"gauss_cor",302,261,0.0141212939705033,0.000332716153204845,0.0102638320117925,-0.91731997801769,0.170532373782935,0.047786618212441,0.122511805713974,0.310294016096459,0.000302788924453711,7.89210548840314e-06,0.000322236598718389,0.0200554920410859,0.00279261517824562,0.00107950435539699,0.00403652717324136,0.0191539976889378
"gauss_cor",303,229,0.00823169650850919,0.000122241898891927,0.00613678679318242,-1.1959816970711,0.13072198761249,0.0301576899678567,0.0953407190865871,0.178773024876516,0.000223323500341749,3.18759092825745e-06,0.000265803476103844,0.0215982385884787,0.00277200237702775,0.000856082023638954,0.00346147912186493,0.0180070973204099
"gauss_cor",304,286,0.00541205491327741,5.16695915625136e-05,0.00404314942205308,-1.4006202829932,0.102582628988761,0.0164057820186061,0.0726892649626364,0.0402434945933597,0.000168996644142789,1.86908977850126e-06,0.000208560458173797,0.019899242399551,0.00208715837614014,0.000435870405002252,0.00244197204824243,0.0178949346770288
"gauss_cor",305,147,0.00641376546394085,7.25068540808604e-05,0.00467434586559046,-1.34821041884598,0.109801464558197,0.0179011179791966,0.0757917448119366,0.0535442385684548,0.000149765268406642,2.02225764624964e-06,0.000188654583443243,0.0213583625666971,0.00211946959669626,0.00056654969789351,0.00244489093160418,0.0186148882992058
"gauss_cor",306,161,0.00638212454808795,6.4545370150438e-05,0.00448884538395682,-1.25102850515209,0.126016705461809,0.0250665974068346,0.0901209226135869,0.1932093687663,0.000140683213035681,2.15035022000527e-06,0.000192695768732093,0.0205572368852112,0.00234694536724494,0.000701781971089128,0.00274216987766084,0.0235601293621112
"gauss_cor",307,229,0.00665548081851816,7.8587154314664e-05,0.00486061487845471,-1.26643740268414,0.0815780743250812,0.0120444470407138,0.0592329095427359,-0.0564265240974028,0.000174471813986167,2.3679761835092e-06,0.000221172938992718,0.0212878151520867,0.00202342306603369,0.000375025185254408,0.00209777836595432,0.0168941397147127
"gauss_cor",308,242,0.007836989828796,9.37808023680792e-05,0.00549967090348271,-1.25261897919052,0.068127703582575,0.00770953278544143,0.0481146142459331,-0.180051757061333,0.000208498525744026,3.91810334895707e-06,0.000186252674428821,0.01659434800769,0.00179692970952497,0.000280660575379406,0.00173815324976491,0.0177457304003408
"gauss_cor",309,242,0.0102568218989098,0.000158803227501633,0.00728468848290481,-1.06963108032376,0.0786159977275845,0.00926349049611671,0.0550192275058381,-0.085088673386206,0.000172357359043721,3.75056319161845e-06,0.000241173543144952,0.0215216831904164,0.00160237973520962,0.000278246601719137,0.00178546559111297,0.0202039025897477
"gauss_cor",310,240,0.00937150444224302,0.000151628595151988,0.00675945234286426,-1.16159746661354,0.0781229946433358,0.0092868324153056,0.0544674526384943,-0.103876875276485,0.000182472547205316,3.09557050571262e-06,0.000218915196928067,0.0230183022458008,0.00141044784983667,0.000248419685382339,0.00175528184609264,0.0186274237552011
"gauss_cor",311,269,0.0101955067718596,0.000188400355854581,0.00760391537234254,-1.06766984464874,0.0824275906970781,0.010518182154075,0.0580380496096158,-0.075329977501247,0.00020003907768316,4.93355930016629e-06,0.000249779576012627,0.0243263813554786,0.00197703905993296,0.000367992734527597,0.00249680996672775,0.026047200036395
"gauss_cor",314,402,0.017606795049121,0.000562452245073329,0.0134587369179736,-0.775106420482893,0.179393584848476,0.0648394547550358,0.134682942813017,0.354479544545081,0.000483718795571384,1.78493848805131e-05,0.000488426460000242,0.0150766961921563,0.00445746626446574,0.00176395747301128,0.00432719324689757,0.017887830472129
"gauss_cor",315,448,0.0144690086585016,0.000318662819186966,0.0102116523353302,-0.923012630728266,0.124990809825428,0.0254117254202539,0.0903062510127524,0.16463483909694,0.000346408952841147,1.07810449219652e-05,0.000398203719887681,0.0208482899364756,0.00266250777378312,0.000778503179433546,0.00343044764435963,0.0245337875013706
"gauss_cor",316,404,0.0131016973865579,0.000298277855795659,0.00956733748924063,-0.972095942772809,0.110184225851399,0.0218939582098644,0.0802389925807312,0.0834553706242736,0.000312703801535527,9.94710872543304e-06,0.00035005447766037,0.0208138468476068,0.00287969247111527,0.000701853340278879,0.00294583435298595,0.0206998752286944
"gauss_cor",317,474,0.014915282135723,0.000381438335797808,0.0108495507426139,-0.910540793733727,0.134274835505646,0.0328765439601473,0.0979416065918815,0.196414867875662,0.000281037645840323,1.03777190028008e-05,0.000347019030565166,0.020655897924364,0.00263648051685279,0.000819446763624546,0.00315748945088505,0.0195081542762391
"gauss_cor",318,476,0.0198905313511442,0.00070575200048078,0.0145784629641145,-0.760836362634564,0.160645578009511,0.0436233794618925,0.115353736520037,0.274783319204054,0.000464269343380732,2.1670351582318e-05,0.000541844247665538,0.0182610398040592,0.00379996311381508,0.00128541197678124,0.00425120780178568,0.0182047119979962
"gauss_cor",319,384,0.0253546877746828,0.00108103523802194,0.018543497282192,-0.643019005191669,0.180325770669144,0.0575187096264736,0.139552956664462,0.387222234715684,0.000645267372645419,3.88544027340995e-05,0.000649297442691882,0.0154521036924226,0.00661671361021455,0.00239577798123196,0.00590955233031909,0.0143250936675217
"gauss_cor",32,742,0.0107426100010801,0.000201574853357209,0.00788116582736016,-1.06310929044492,0.104723334057703,0.0266068570902993,0.0806058440475571,0.0969687239410934,0.000184587187000338,4.87290621604532e-06,0.000250963505329329,0.0205544923026867,0.00222058434733467,0.000546415441882307,0.00231450667372398,0.0197353090141093
"gauss_cor",320,510,0.0509304573816297,0.00512882608220932,0.0375469999166454,-0.279446649317851,0.666983910319511,1.02890505786347,0.524063112247339,1.03363531189563,0.000832434509733103,8.90917784769537e-05,0.000997157543294885,0.0205847970298354,0.0114611662798507,0.0170237396022499,0.014325664721435,0.0217159239563542
"gauss_cor",321,427,0.0394934324816856,0.00295189425955412,0.0289232282974364,-0.429416745618776,0.45931638019783,0.463799819801749,0.35737270765426,0.829594926205431,0.000820724309584664,7.58840394276468e-05,0.00092963461846073,0.0175526813589395,0.00924781012544267,0.00858067694985147,0.0122552721762413,0.0212533113743275
"gauss_cor",323,310,0.0515715186732068,0.00448850144115919,0.0372865178008071,-0.270158582408577,0.734436422822156,0.91951356784426,0.539047660467431,1.08883016644422,0.000918425928942589,9.96969324705262e-05,0.00104909915336607,0.0201793496554461,0.0124696576994741,0.0199475669777437,0.0148963774953203,0.0267050180997254
"gauss_cor",324,367,0.0205706424923114,0.000751697499545349,0.0155027293688613,-0.711585439178728,0.378628482738072,0.246910292502238,0.276458693730536,0.745943318341989,0.000541483316746092,2.12307209088578e-05,0.000571186832715703,0.0140405868979062,0.00771514167833356,0.00680002311535005,0.00685311117335876,0.0202606531403114
"gauss_cor",325,355,0.019637751764934,0.000693013012686765,0.0145755380685991,-0.758577479213511,0.3719473140458,0.247666606495681,0.271348328827583,0.692889680246992,0.000593803294698409,2.49519004200109e-05,0.000604587609084812,0.0196066926451268,0.00793057822901063,0.00629921619857903,0.00899044436740264,0.0230818119080371
"gauss_cor",326,475,0.0182533832690319,0.000626090747614007,0.0137353792003384,-0.792467102086236,0.449056437044445,0.39191270109174,0.334212528315686,0.831068794145934,0.00057877835676938,2.26341710084544e-05,0.000567525306809967,0.0176116143237194,0.00895036368509172,0.0084273416936563,0.0102539716343641,0.0264324317865834
"gauss_cor",327,453,0.0137079721314253,0.000364058941584837,0.0108415627362052,-0.892723769066558,0.328240590239751,0.211264869625116,0.24614649479055,0.665577218452974,0.00046761769107427,1.49482407190268e-05,0.000441477340010514,0.016787096956163,0.00873917182201761,0.00684861035140394,0.00918925708934626,0.0198309377591444
"gauss_cor",328,513,0.0117362455369597,0.000272870971597999,0.00928976966311086,-0.971298512674257,0.322746573874948,0.222510954862311,0.248633031818805,0.658129377576594,0.000386841859790446,9.1306631266016e-06,0.000441981367441164,0.0190263476821509,0.00779578836360682,0.00477420314973324,0.00981151393170302,0.0227312364185503
"gauss_cor",329,319,0.0159356968498613,0.000507212654193769,0.0120791579621193,-0.846226721156322,0.452486470118677,0.370370726083574,0.337281525571675,0.853119774624759,0.000348956895987216,1.10918154561696e-05,0.000396398332618601,0.0184439733751717,0.00877464838069548,0.00862324781130151,0.01093138236681,0.0245538367582286
"gauss_cor",33,1151,0.0169289136959843,0.00056774614896862,0.0126688838226346,-0.84347392513665,0.149732016030579,0.0519647545442533,0.117143995477222,0.268495814151537,0.000386836692873871,1.72335621352614e-05,0.000428571603938547,0.0156315008254859,0.00410486387850971,0.00162236168341366,0.00429990090222528,0.0154027175103774
"gauss_cor",330,499,0.011122628661299,0.00025185007793157,0.00862121236900733,-1.01538273352695,0.274059049942744,0.160550960110424,0.210474508138329,0.560396987301888,0.000258081699293275,5.8557191879517e-06,0.000306879265520482,0.0155840446011389,0.00694647461919274,0.00435074815690796,0.00804892184705901,0.0199989174117846
"gauss_cor",331,119,0.0206501471496689,0.000729952426498438,0.0152465856306488,-0.683539527446653,0.273778517027855,0.12011879052106,0.193554080419606,0.526136311067971,0.000460247961182791,2.57788712116361e-05,0.000560975888001605,0.0238662574638691,0.00593703899040331,0.00329931302655929,0.00645467325722648,0.0190268781239585
"gauss_cor",332,349,0.0145919809444493,0.000343034707936908,0.0105323807702803,-0.896473850914783,0.157750064397348,0.0428877915136503,0.122240968071708,0.332421205324047,0.000387101087507718,1.13827332299419e-05,0.000435850872048947,0.0228058214614501,0.00578677437163622,0.00200856025258615,0.00607658290361011,0.0182143450041088
"gauss_cor",333,399,0.0058520709738395,5.63908649555626e-05,0.00444792480193242,-1.32609607241431,0.141072857773783,0.0384862692488022,0.107752776368013,0.241343911644444,0.000245734428655819,2.88591706736557e-06,0.000205982515908616,0.0167628591866222,0.00468136901566008,0.00129148376980553,0.00455047560644093,0.0159948576472293
"gauss_cor",334,347,0.00518117899669406,5.39722649795273e-05,0.00383624579314791,-1.41534891460887,0.113299927077992,0.0211328510584138,0.0818277033756079,0.103447474747918,0.00016937961695935,1.86848398701447e-06,0.000163377418731242,0.0203978429845494,0.00358350331563666,0.000945912245243096,0.00374421322217653,0.0187257731513776
"gauss_cor",335,293,0.00510272525311561,4.18858940922807e-05,0.00376762096868593,-1.41789431847526,0.116599161932086,0.0201468399826663,0.0809220399436714,0.0949490978846617,0.000165916759579768,1.91238809875473e-06,0.000151155337651261,0.0167844936187664,0.00348100925499327,0.000872414363261769,0.00343932257831375,0.0193476095333141
"gauss_cor",336,170,0.00639801748209993,7.64897599081525e-05,0.00475839476134763,-1.3227454165168,0.0959927800296978,0.0150624598500706,0.0699432459956908,0.0241727029601723,0.000173248677136902,1.98695401288492e-06,0.000180106394133635,0.0199146227176338,0.00275860273203151,0.00055579935094911,0.0033841011805671,0.019671246908931
"gauss_cor",337,298,0.00603728667694687,0.000120425436638057,0.0047201000803409,-1.33085438307793,0.0748992753448616,0.00878289207265223,0.0542940770847114,-0.0958241281018719,0.000224866448947472,2.60420139313517e-06,0.0001900121188743,0.015461040268357,0.00189895876294078,0.000326483871209106,0.00248058212455099,0.0188047914516519
"gauss_cor",338,339,0.0104026435015119,0.000334657980510403,0.00833080847642581,-1.03967802840389,0.0706914875863388,0.0120222392065413,0.0539653561348749,-0.122401525537843,0.000246420199104887,4.84994931451823e-06,0.000288429144791491,0.0232039053616791,0.00164627649790281,0.00024357694057902,0.00205120523951306,0.0230002506973537
"gauss_cor",339,304,0.00923672409080961,0.000161802714730777,0.00685507654922351,-1.12904785643238,0.0602321704895672,0.00603626016046323,0.0436463548281058,-0.208995180230639,0.000264304845749106,5.67593118809328e-06,0.000245080169642485,0.0212390910550969,0.00172286366617913,0.000220233090969519,0.00198385953505788,0.0213084128247863
"gauss_cor",34,470,0.0345558794265409,0.00214039016023059,0.0251995034348244,-0.497135168060653,0.41245877782678,0.413877178057376,0.303401950402926,0.732522360554974,0.000886214906897336,7.20846395445386e-05,0.000946982597685074,0.0157767504548762,0.00875468453384773,0.00935307468209498,0.00944101576729929,0.0178149551735624
"gauss_cor",341,329,0.0512023194035844,0.00459681997984015,0.0377473753015866,-0.274816027225005,0.26675625573846,0.131247790383191,0.200490395131235,0.565804985359617,0.000875084452721283,0.000111762178803932,0.000937964492040115,0.0189065143072451,0.00466400170673649,0.00255792715996245,0.00491994791766213,0.018908756308979
"gauss_cor",342,415,0.0301917728476486,0.00173268120048375,0.0225947733054452,-0.538102849660338,0.165206849231886,0.0551746854006758,0.125351525136256,0.315072811866116,0.000806642324845637,5.59812951718874e-05,0.000866003736501539,0.0192406995820815,0.00340568631040587,0.00123374898807579,0.00390584756282294,0.0177917245016204
"gauss_cor",343,464,0.0219138735947962,0.000966656753947573,0.0167752978432821,-0.694504810895373,0.0963191148408857,0.0168249871851426,0.0710054434273705,0.0242040800300129,0.000683793877242364,3.25682531337553e-05,0.000592268989894685,0.0168320749374937,0.00247088824858298,0.000620364939371341,0.00292075233581024,0.0183987473940376
"gauss_cor",344,248,0.0219723512778769,0.00092385091601737,0.0160870729813505,-0.72720598344843,0.11347436747549,0.0211842423680838,0.0808441477065773,0.0985189001343683,0.00054984123498626,2.79813702227517e-05,0.000621334245044882,0.0186678117506033,0.00284671481038427,0.000798529824678347,0.00306566546360525,0.0173983229602462
"gauss_cor",345,444,0.0255417289277994,0.001201329659715,0.0187247759070974,-0.652559769939163,0.115506737223661,0.0234334451854978,0.086144241950902,0.134161366809714,0.000641670403386402,4.07264805742753e-05,0.000630120600878493,0.0161314787325323,0.00288900015150226,0.000836462507415253,0.00342078841663467,0.0154192633181733
"gauss_cor",346,655,0.0510691441174084,0.00456805288859236,0.0381730584276415,-0.214698923748661,0.384331798506152,0.325445771722777,0.296280677462024,0.80005547291542,0.000654445843911658,7.52266350569339e-05,0.000826247230140844,0.0213227648441907,0.00579172906490185,0.00485169606913296,0.00699751985962661,0.0223147145930828
"gauss_cor",347,389,0.0299238925188886,0.00155170887261593,0.0217877479953667,-0.575132405527912,0.164286226760936,0.0466112238861605,0.12646709827318,0.343118892070774,0.000723309979519139,4.85990248553578e-05,0.000687930465213973,0.0177588645613396,0.005701999216643,0.00189277641980924,0.00571123652728046,0.016768744862968
"gauss_cor",348,391,0.029298586608239,0.00156143002215242,0.0216698027114733,-0.564106303161838,0.109617528418797,0.0204470515207067,0.0969302492690328,0.234986124606803,0.00065639602057282,4.05263033446301e-05,0.000755179366363918,0.0202100021869474,0.00617871042855943,0.00147763826151087,0.00501714654847556,0.0157236267334163
"gauss_cor",349,340,0.0216316302602806,0.000845010086241918,0.0168227023467421,-0.684645949337261,0.0978678718987259,0.0219151393525168,0.131100227483301,0.413722754435854,0.000808964649406576,3.65164681860043e-05,0.000671106960654931,0.0140884330268283,0.0100023686132785,0.00231199182099897,0.00903992549776954,0.0157911474716477
"gauss_cor",350,318,0.03290771621648,0.00186714530713309,0.0245954638625909,-0.470574085208958,0.174076771068878,0.0651686564853106,0.148589663876068,0.427121204087473,0.000641223460927337,4.42423024738885e-05,0.000798806372713654,0.0217656568375214,0.00720634755769011,0.0027511804055126,0.00807714966983511,0.0181335802170948
"gauss_cor",351,294,0.0376281231898095,0.00220054198920258,0.0271516364074156,-0.411468840707986,0.196339208123422,0.0663201951576081,0.144327330908857,0.384540932756582,0.000642502584588866,4.97351894478776e-05,0.000652001543469595,0.0203625265060082,0.00584110796175694,0.00253810613366984,0.00548234111839579,0.0153791960349216
"gauss_cor",352,392,0.0220556981207735,0.001073566853161,0.0163311092289185,-0.756847823360558,0.129162574376118,0.0497839783123522,0.108072632918048,0.180604579660274,0.000721649897890757,3.73706122871273e-05,0.000727035520656516,0.0207884465881713,0.00516076991021774,0.00159498800048722,0.0056070902308302,0.0238094004202954
"gauss_cor",353,360,0.0390835247985195,0.00257459452947179,0.0290791715873092,-0.338686241626876,0.292122004759773,0.177748185316005,0.22131476783766,0.587049788603449,0.000701908203554062,6.25931742873767e-05,0.000844947271756411,0.0244054090682376,0.00653340006279543,0.0043342678460209,0.00750120468535699,0.022247352391291
"gauss_cor",354,489,0.0337510775919949,0.00191531651543095,0.0244066611430242,-0.480478009075595,0.31415609317065,0.201277833353593,0.240594855619872,0.641857264742941,0.000576780895219062,4.25043337352768e-05,0.000672858030316649,0.0212997049490028,0.00800204596960292,0.00503641456676409,0.00672891885314663,0.0174351840542182
"gauss_cor",355,568,0.0353745801679165,0.00241198723165852,0.0259408021678283,-0.468536994351841,0.359205214147354,0.238490296855435,0.267975343290557,0.701436309899008,0.000701765288219616,5.63221668155365e-05,0.000819232338081611,0.0231458510341671,0.00704422632312788,0.00564647533838526,0.00746473722193104,0.0200951650872238
"gauss_cor",356,299,0.043103245954442,0.00368336835140278,0.0326182603498648,-0.337482130637284,0.315345949640213,0.172196639449396,0.231767489828236,0.642150713067189,0.000910408730011735,8.5592848741716e-05,0.00107141555065489,0.0276958449810714,0.00549323564920989,0.00378067264154899,0.00624798523220307,0.0229310857780281
"gauss_cor",357,487,0.0272568748342242,0.00135311485525295,0.0202001102434268,-0.59023562635423,0.292290244959582,0.163238818535432,0.219539126603042,0.613310463374522,0.000541908777400773,3.42868872593887e-05,0.000597207636590008,0.0189027409420236,0.00584060659810458,0.00387773024606279,0.00638679690607567,0.0205790811573187
"gauss_cor",358,444,0.0191740455353487,0.000678087811595109,0.0141234137590591,-0.769878245204211,0.244548567970228,0.116095875666661,0.184545726576891,0.508184482074758,0.000422680353117488,1.9335802279681e-05,0.000493483795386878,0.0224909334730307,0.00548337675185295,0.00295974106392397,0.00630228588166423,0.0236146189219189
"gauss_cor",359,327,0.0231988907804932,0.00137245005626226,0.0187308167619236,-0.624828547519992,0.298369296518375,0.14965749737035,0.218829777965667,0.623585920460885,0.000554927282253253,2.84032418780205e-05,0.000621119141509872,0.0217565042559141,0.00574116760406378,0.00346751562693784,0.00628065910532941,0.023331982786368
"gauss_cor",360,305,0.0213967627683398,0.001017432130761,0.0171270898114165,-0.690401635582173,0.261548498024228,0.141966659370508,0.198066220166939,0.571867740171801,0.000624070775365178,2.77614918086175e-05,0.000728381566499955,0.0183731213683922,0.00463604136312651,0.00261471438372067,0.00491799565337591,0.0240667618058174
"gauss_cor",361,230,0.0217720118374681,0.00114238660193811,0.0174386570499184,-0.661481320970721,0.188197674080715,0.0605727704319087,0.141324884701677,0.418746040165006,0.000573376023533909,2.89895491443225e-05,0.000618958645969411,0.0224764494714922,0.00358147316215816,0.00141623078830418,0.00407306897824036,0.0241767364004504
"gauss_cor",362,261,0.00973924658739936,0.000179502147741469,0.00787522968117304,-1.01607589438618,0.113051002067244,0.0213735212169648,0.0821131019864377,0.119422804128506,0.000430911563598103,9.94899714404047e-06,0.000447223775163692,0.0197065801441516,0.00250948523949709,0.000592812741497219,0.00273820031747056,0.0193148299761602
"gauss_cor",363,189,0.0130472637218519,0.000359190587538484,0.0103291661230636,-0.864696216744354,0.0975151483574075,0.0161717243315672,0.0702345932643054,0.0505032920394539,0.000523042565220786,1.78615222723549e-05,0.000496346120212303,0.0196968430358212,0.0027556644494864,0.000658366283821576,0.00348314195783259,0.0241792476660517
"gauss_cor",365,363,0.0528977691593,0.00484400843600641,0.0385832220263924,-0.260802807607234,0.160543414343754,0.0620283904978118,0.121126176318995,0.295814347752019,0.000952210073718169,0.000110547856119962,0.00110260904823236,0.0207586727336926,0.00368062767286638,0.00143838376837819,0.00398290134254687,0.0186328813561681
"gauss_cor",366,473,0.0389123765401459,0.00290206679569683,0.0295918322212968,-0.38509391342623,0.152121635563669,0.0382657432367392,0.108315859968453,0.227344805385277,0.000655935648326451,5.32340295138987e-05,0.000734531368642926,0.0199651630342226,0.002770831331036,0.000936918147024878,0.00297054489325067,0.0161899967835512
"gauss_cor",367,400,0.0262529870701028,0.00135082472835096,0.0197957851140994,-0.602357083293265,0.118205022221412,0.0289151316922456,0.0889175337940195,0.157031342816417,0.000507032616982991,2.90472743112268e-05,0.000545599248481005,0.0182930693237171,0.0025299392147739,0.000610902079805411,0.00271565922805877,0.0214069951177771
"gauss_cor",368,466,0.0244973845188438,0.00111557075191149,0.0181857436405224,-0.662228252637874,0.101492457554545,0.016979277199982,0.0727477105980509,0.0474604031573997,0.000481529724713317,2.78823213328131e-05,0.000607737656801225,0.0215987719625915,0.00206443621004748,0.000482131318511818,0.00268327996136674,0.0230129024010218
"gauss_cor",369,449,0.0233275699917785,0.000998621735641339,0.0173229833905206,-0.680435436294743,0.0991677183961024,0.0188951275422381,0.0793565571507744,0.101386654965425,0.000691268854272329,3.46767430743136e-05,0.00068131170441925,0.0160752074130339,0.00381868420429566,0.000827580260068131,0.00362065621845668,0.0149807558489777
"gauss_cor",370,143,0.0076262361635072,0.000112945765641733,0.00747157473032015,-1.02784360316839,0.161381518463761,0.03973383037616,0.115054908486328,0.287047969937285,0.000348014928074685,6.42246593554819e-06,0.000364694588842045,0.0154841340558346,0.00299636701496067,0.00111087822935589,0.00341349844265609,0.0171953740912495
"gauss_cor",371,154,0.004167009820063,4.07375816156132e-05,0.00348432416989283,-1.48238884477963,0.0627757171723467,0.00725620577785385,0.0440590637652959,-0.269934594082673,0.000156355211102998,1.384070931756e-06,0.000143089727047823,0.0142801696187306,0.00158109861740141,0.000274086884518439,0.00140922000882101,0.0142522955631727
"gauss_cor",372,167,0.0117570682135107,0.000262879448367453,0.00938676369259644,-0.913505354741869,0.142987367541403,0.0396512570369215,0.106193448569597,0.22475934500207,0.000571117604043475,1.55051735024078e-05,0.000521849203864845,0.0191327446569765,0.00378309820868722,0.0011991604501622,0.00351613520157999,0.0218152750026854
"gauss_cor",373,304,0.0104968285106707,0.000386193812540928,0.00924298228442201,-1.01587141830898,0.0795938808985672,0.0117481330480681,0.0573622100511354,-0.0976973961855344,0.000478710776414555,9.57567736675856e-06,0.0004552950701176,0.020298929158937,0.00193236682872188,0.000375802541566182,0.0018323246991596,0.01646472108636
"gauss_cor",374,487,0.00958216007719925,0.000263908156052433,0.00829745246024201,-1.10982336225875,0.0654166344274323,0.00865242722165392,0.0475595054125575,-0.205418746163753,0.000401332814860801,1.06404460274591e-05,0.000473486148021952,0.0213764206746279,0.00162861635943892,0.000251217885415844,0.00189680514294741,0.0222967291482399
"gauss_cor",375,399,0.0142368690533212,0.000411892592293487,0.0132087894674733,-0.772318882526891,0.0744586997971238,0.0104067997961527,0.0744696490047575,0.119818476408297,0.000810325901983857,2.80362410303284e-05,0.000741914741506932,0.0157238811739499,0.00479400940571652,0.00083584640959957,0.00423324138913882,0.0141209812285248
"gauss_cor",376,402,0.0322967298483542,0.00261355670788532,0.0264711927359389,-0.461992063347087,0.169462106996582,0.0566149583916166,0.133508567200189,0.354042256673912,0.000797652591139467,5.47632191979692e-05,0.000930057586344788,0.0180137350595723,0.00620587863063452,0.00235663867724566,0.00673045353641537,0.0174473381410773
"gauss_cor",377,543,0.0326251096942205,0.00219132232062016,0.025166424212792,-0.475207110843901,0.129206602198885,0.043968987102932,0.110457100672631,0.263700869276282,0.000775883271908602,5.15026002383942e-05,0.000714429812598948,0.0205581941040374,0.00466100366169923,0.0014993695310974,0.00465160693397551,0.0161392570542343
"gauss_cor",378,433,0.0131885482655788,0.000344352384347235,0.010120949972176,-0.955963221657189,0.076259324849814,0.0104450234709203,0.0748980817728061,0.0996209873950508,0.000498144713776706,1.59490472283663e-05,0.000452824666869686,0.0179631694878007,0.00517416114549209,0.000916941259612703,0.00421762698593032,0.0147958924451341
"gauss_cor",379,309,0.033065638837222,0.00215615864136319,0.0252102127070306,-0.472583903591095,0.169810397908364,0.0482329016131192,0.127770774383455,0.354761893199621,0.000705729642463544,5.43386847326924e-05,0.000747740997836028,0.0194254844995685,0.00572402314240393,0.00212167550496879,0.00508433512150288,0.0170210831204391
"gauss_cor",380,357,0.0308385259183832,0.00168562779187869,0.0225985366340852,-0.542497374843465,0.12864025516454,0.0305017758398014,0.0965338112793794,0.181024597145424,0.000668110333082986,4.71413436680659e-05,0.000707259877096695,0.0201193517427665,0.00385857319541354,0.00119254289621935,0.00348218763556003,0.0167503936364488
"gauss_cor",381,328,0.0236132884688495,0.00103479465110536,0.0175113616129283,-0.658436679777585,0.107193264232704,0.0209391878793706,0.0791822990595691,0.0763211197877577,0.000528748771713192,2.75228704307448e-05,0.00049364702773492,0.0194724655826142,0.0026620921725835,0.000622842780091495,0.00295114072638857,0.0228542582060743
"gauss_cor",382,328,0.0293620429483822,0.00180141412184486,0.0220194786530901,-0.569624913237912,0.115074227097454,0.0286892814767632,0.0873393993814023,0.102657138830577,0.000587258527035551,3.96234444519118e-05,0.000732058816621791,0.020547929097608,0.00222796639216443,0.000629286917080254,0.00279001352745476,0.0208935678016189
"gauss_cor",383,336,0.0364450352210888,0.00287983158762418,0.0280517690018382,-0.41328565793889,0.190069895426716,0.0708500807640807,0.143449634182354,0.406306667299294,0.000840552521055779,7.06985349426667e-05,0.000999689420652363,0.0196733369600992,0.00342222934409103,0.00163787147763069,0.00442054473506576,0.0203461788717554
"gauss_cor",384,274,0.00862488508441714,0.000154140306056534,0.00773955334563329,-1.03035260713613,0.164616738483385,0.0542945799240106,0.125928252673411,0.308681221412994,0.000445204043218525,9.08780532660198e-06,0.000411632153389812,0.0177862023026027,0.0043062674361863,0.00150113868295616,0.00438574197259838,0.0219583649804633
"gauss_cor",385,210,0.00579679077389143,6.25254248117478e-05,0.00493947579703338,-1.25817923989395,0.127395903899959,0.0295097921159109,0.0948814278910726,0.185503996256322,0.000335674703252127,3.99480786928619e-06,0.00026689234781563,0.0159275636301687,0.00374007390746299,0.000996842623139688,0.00297120089496625,0.0177936890730268
"gauss_cor",386,233,0.00438274635880634,3.14027426661043e-05,0.00396997702954532,-1.34839118531608,0.0768550232650492,0.015452931885476,0.0646993354363512,-0.0188284887784706,0.000239451921142959,2.41231149519194e-06,0.000209530298866453,0.0155897696598058,0.00301733958759789,0.00049694122780112,0.00301865371553657,0.0181129880026067
"gauss_cor",45,434,0.0169985816590411,0.000501875482270257,0.0124349039626477,-0.825865580763044,0.0739848208348527,0.00959111192586753,0.0536265345154967,-0.11232975386999,0.000334636808990253,1.18156431336111e-05,0.000388985243872863,0.0223518419440068,0.00151886132435152,0.000261232072281113,0.00202967512780032,0.0230854749530228
"gauss_cor",46,422,0.013373078058561,0.000484426628524636,0.0104125651646952,-0.926849950794114,0.059855807047267,0.00991276290720784,0.0474088401238394,-0.155133564296044,0.00033229858603394,9.20349602416444e-06,0.000335479343714089,0.0196238960320125,0.00133018169465425,0.000168304531017412,0.00160697372764949,0.0218938827387399
"gauss_cor",47,597,0.00962877432804635,0.000228485020313292,0.00748851373732685,-1.10577293552764,0.0423557704487887,0.00492735053286048,0.0337111320526427,-0.35581143078968,0.000267556597848311,5.98707187600737e-06,0.000293290851176222,0.0209730909806861,0.00124476479022369,0.00012223291009456,0.00140958432845004,0.0217696612343033
"gauss_cor",48,591,0.00838064955849192,0.000120898028321895,0.00615157369001339,-1.18970053967762,0.0366754061081188,0.00217259962068507,0.0270489990858924,-0.438126963697228,0.000239994377292284,4.77599390971084e-06,0.000247012280928321,0.0170305735612998,0.00125461641601229,0.000105913714178968,0.0012966340967144,0.0174496319021327
"gauss_cor",49,367,0.00920044417829058,0.000154677435106622,0.00677592692208756,-1.14966445183277,0.0688100743126585,0.00828665066927254,0.0501073711890246,-0.13871438346257,0.00021758479017901,4.22661507566684e-06,0.000277738892694596,0.020682076189343,0.00155859068917653,0.00023978115053037,0.00183969896441939,0.0232442402364023
"gauss_cor",54,329,0.012704279022482,0.000326983093524498,0.0104641403849251,-0.905076391447723,0.123346825242592,0.0328387241477875,0.108250616691955,0.265440053866268,0.000456899253657301,1.40737183375403e-05,0.0004423634793913,0.0136761996561846,0.00489602226867372,0.00140286452716346,0.00646005177968077,0.017012577866158
"gauss_cor",55,843,0.018577141637943,0.000776044482581935,0.0160695981089242,-0.684163756537264,0.184478317654636,0.0755896834925006,0.149363542118715,0.408662287382821,0.000759055859287121,3.14317110701917e-05,0.000721548570791382,0.0146212668982134,0.00647457095054643,0.00262530310476585,0.0064736205498534,0.0170068638492915
"gauss_cor",56,760,0.0823908657806877,0.0124019582761913,0.0620067152301214,-0.0101834616764319,0.567304124626209,0.561088939476722,0.418993511346391,0.937181307905797,0.00142629508393755,0.000247596843261906,0.00167315086608624,0.0215950942763215,0.0101913853823753,0.012784113253745,0.0122293709200885,0.0225316355697771
"gauss_cor",57,173,0.0498739895640134,0.00471558906111063,0.036865840894824,-0.23990704388942,0.236146149510067,0.0998659605858323,0.179518385211102,0.521274069581545,0.00149697412854827,0.000148883587756962,0.00145535127481022,0.0192095888218114,0.00914570147227848,0.00468959668194221,0.00673065288762488,0.0150805972222916
"gauss_cor",59,214,0.0153532698734016,0.000752549278910253,0.0134862491249019,-0.59199008091741,0.0526270178362495,0.00898165421560409,0.0448586656783841,-0.0172084798778672,0.000499166218297856,1.19410491314626e-05,0.000299420477652895,0.030449858205362,0.00158285874444828,0.000139295248110867,0.00127938554580354,0.0304974894057203
"gauss_cor",68,1003,0.0318212002313648,0.0019320269622857,0.0232506923988869,-0.526165033779863,0.18127234369603,0.0646493665961184,0.133790260995103,0.320294580253605,0.000478563051810677,4.70617508257722e-05,0.000571363133554867,0.0188131354990355,0.00326756871571073,0.00158704145768225,0.00404799517045151,0.0189820129144226
"gauss_cor",69,634,0.0202146112672506,0.000892798103545752,0.0151910669067999,-0.76964175597525,0.115530211748508,0.0253399521734669,0.0848575400323994,0.0997606607873294,0.00051492615304095,2.56140211925468e-05,0.000579454264877415,0.0199315525416951,0.00306662317316619,0.000885314753614986,0.00358762567278087,0.0219657272673357
"gauss_cor",70,380,0.0152634948534141,0.000493659592564802,0.0114808462232595,-0.898890666064846,0.0931987280612325,0.0165661646338218,0.067858524943771,-0.0120152191853407,0.000347496276943305,1.20092531518887e-05,0.000394468586592661,0.0172334598932791,0.00208415936397315,0.000455639676906397,0.00228575767838747,0.0189185420632686
"gauss_cor",71,374,0.0108262480422529,0.000184599960412246,0.00752842027332335,-1.10420351324587,0.0563456857886301,0.00499421641738155,0.0393444499925696,-0.276547724908272,0.000240946650770451,6.64964703618685e-06,0.000301315730761253,0.0189478791072783,0.00119210242579055,0.00017855311390363,0.00161382061409795,0.0183013982155435
"gauss_cor",72,479,0.00780591337659446,9.50691996914371e-05,0.00556747013235232,-1.23979581671023,0.0371723792711409,0.00216798854777131,0.0263759434719198,-0.462547764338522,0.000149109641142699,2.97370218953646e-06,0.0001813462944636,0.0148774678510954,0.000899630416738808,7.95463462988094e-05,0.000974289887821133,0.0167076745532749
"gauss_cor",73,378,0.00865729900318875,0.000130830235685241,0.00630571731205188,-1.18695002889235,0.0404063226256268,0.0032979033950789,0.0305748142276297,-0.389584261992534,0.000194792732258123,4.16877806167525e-06,0.000268218141789375,0.019036667624158,0.00117274397513417,0.000115746942949222,0.00113942805399107,0.0169423461996333
"gauss_cor",74,544,0.0118999907925886,0.000241199704876754,0.00859438368951652,-1.02519332002757,0.0774475975351307,0.00952056797528044,0.0548519467915469,-0.102631830046971,0.000201127738989499,5.21403407252626e-06,0.000276877274696013,0.0227351142176493,0.00140288350631075,0.000238272085546357,0.00179123425926605,0.0209637812414509
"gauss_cor",79,486,0.0337815306796161,0.00231129314144771,0.0252764818380645,-0.469053605355133,0.658727090777498,0.906463387259396,0.506123885746998,1.02712762319892,0.000531558651580257,3.88792284395694e-05,0.000651174916950246,0.0192924584520636,0.0104884137342816,0.015320557226992,0.013287622508308,0.020684260670203
"gauss_cor",80,496,0.0410710081853279,0.00369418463827336,0.0305053891641634,-0.393634609705699,0.583790103999006,0.702106433288665,0.434734168897812,0.928681931046712,0.000867200115715791,7.21733547352783e-05,0.000937481124769005,0.019037592728921,0.0133756934035428,0.0174637354945317,0.0129542413099509,0.0210419735354233
"gauss_cor",81,400,0.0583195026735571,0.00562736165770672,0.0424649948988764,-0.19415959694945,0.566062426759022,0.524083387168849,0.414283733074266,0.963342181869597,0.0011580870371607,0.000146290168854801,0.00116677933392991,0.0227946813569423,0.0111315993300112,0.0134912960587024,0.0124424246887661,0.0233068156657053
"gauss_cor",82,496,0.100916448815102,0.0170682778726301,0.0739854461828427,0.0795700956263761,0.593437103818495,0.572963039120831,0.428081827962283,0.950781984989147,0.00180368863911855,0.00037502658509599,0.00209428424218154,0.0216080305437401,0.0112667320566267,0.0141439413839775,0.0124353095383784,0.0210252200015486
"gauss_cor",83,589,0.0967423346597871,0.0169540455913312,0.07187815950133,0.0464865974166533,0.437498978431809,0.345040554355098,0.32410462386793,0.789468022199935,0.00182951241045406,0.000379679842160663,0.00205358867693943,0.0193410318210988,0.0104704182459057,0.00973708660345684,0.011861124592848,0.0201270057321292
"gauss_cor",84,483,0.0264599035683945,0.00269505186323418,0.0251212642547538,-0.505030748837073,0.0476112892460624,0.00568683772519059,0.0595925901974708,0.0317632366455974,0.00127126729107355,8.59098933072555e-05,0.00109457857773602,0.0153399040284581,0.00361754501361405,0.000404376204223132,0.00368417624591757,0.0127499396139392
"gauss_cor",85,436,0.0226797211805153,0.00136505487214944,0.0177529725217725,-0.674947524173605,0.0711199564791259,0.0124147916426859,0.0534341678503306,-0.117804979482544,0.000736329623267358,3.19113804268608e-05,0.000717560601474651,0.0226520410711146,0.00181379840812103,0.000288867139064953,0.00226383213062978,0.0240984221099321
"gauss_cor",86,368,0.00610759086678179,0.000114392455406131,0.00534064594740688,-1.31002185811721,0.0169678807339713,0.000666583908827333,0.0164943984539259,-0.700194311949893,0.0002813751390783,4.51577483685608e-06,0.000209824002303408,0.013670541354764,0.000965981728918881,4.89491685254398e-05,0.000867404803625382,0.0135436476110513
"gauss_cor",95,563,0.028518546423096,0.00127528411480094,0.020323689353281,-0.574828462427738,0.279285961337712,0.168334161612236,0.210814725777268,0.592490185295181,0.000508174559670854,3.63023100278083e-05,0.000568445201833509,0.0191367164984583,0.00471531339003242,0.00391949715287928,0.00538848067670756,0.0238791547470519
"gauss_cor",96,880,0.0270901543980567,0.00132153123080044,0.019644689477226,-0.616843445965285,0.19956518297648,0.0789275769261062,0.147395154616148,0.375893880406082,0.000496244870480749,3.18316945519811e-05,0.000589791572547459,0.0192084056344362,0.00380174081882078,0.00199155312809939,0.00478532489064517,0.0211288321275649
"gauss_cor",97,552,0.0265229035720079,0.00136352765430019,0.0197573217135576,-0.624835229103634,0.182098578875679,0.0637612120019106,0.134870352799814,0.344049565361981,0.000522549814865719,3.50974748143223e-05,0.000727646387125895,0.0228959291065651,0.00439879177059155,0.00189964299680975,0.00504361590092761,0.021544321884318
"gauss_cor",98,440,0.0236660892745656,0.000941073787853826,0.0172716109456496,-0.652749901148784,0.1320617042994,0.0303137396828081,0.0971499643940928,0.199064527318904,0.000432214781377435,2.32514883329661e-05,0.000571839264238654,0.0232546971285222,0.00284190777955753,0.000843173117335242,0.00368784266629478,0.0225468213321222
"gauss_cor",99,316,0.0205013741630991,0.000642069220402763,0.0142977815460317,-0.762039350729522,0.106568603297507,0.0182328447775339,0.0757838137636518,0.0592128543446479,0.000370405202233413,1.60690199407209e-05,0.000458290686528942,0.020323907690342,0.00205710691204179,0.0005201231312237,0.00251954336766984,0.0198790634342106
"gauss_indep",100,392,0.0133950795605961,0.000285876353270407,0.00951444638639408,-0.972912954679784,0.0735877248156063,0.00905797696996953,0.0530349711804246,-0.123237772539811,0.000241475186069878,8.08421949748339e-06,0.000255761157935377,0.0159863047815792,0.00156814672723458,0.000253236849274326,0.00169935067144966,0.0186745460555217
"gauss_indep",101,410,0.0135170517444545,0.000296218144020279,0.00977676294573079,-0.949900901067942,0.0693393805931154,0.00772771341225735,0.0490329148900309,-0.163115251396954,0.000215047291502145,6.68351547496338e-06,0.000297172640390477,0.0249496629568237,0.00153012437417654,0.000256987874732702,0.00175686340585599,0.0186016492514727
"gauss_indep",102,442,0.0110240447520608,0.000209495703680427,0.0079531740375101,-1.07115628738022,0.0641495531226282,0.00672946745677854,0.0462004838003726,-0.176592606268105,0.000209252394834612,5.40372650009795e-06,0.000234951031201152,0.0189678713721736,0.00160862555740899,0.000212273448237023,0.00175176500758394,0.0196969892844879
"gauss_indep",103,408,0.00928833171852865,0.000146241145819341,0.00672962431804762,-1.1531408465021,0.0636844633627063,0.00747966657993286,0.0460830588070241,-0.194702220496488,0.000189145788050966,4.25985540091559e-06,0.00022677839151976,0.0186731503798173,0.00142045487698559,0.00020839337375362,0.00203084618232204,0.0228093860553244
"gauss_indep",104,538,0.00736041539484843,8.44311164349078e-05,0.0052012579587273,-1.2755005335638,0.0798479811733289,0.0104916418957524,0.0562242899687464,-0.0983407252211715,0.000194985262311857,3.43117078702994e-06,0.000263793931370009,0.0239501692442934,0.00139063166531678,0.000251943651936595,0.00210267366537076,0.0192125476737749
"gauss_indep",105,228,0.00538762194665411,5.30989772131177e-05,0.0040210204490015,-1.22944417311184,0.0701478976169371,0.00949903973523848,0.0508468101186208,-0.102905408544915,9.66176339058807e-05,1.54373122775504e-06,0.000123207266108928,0.0154179817572676,0.00159561657155574,0.000310733723493811,0.00168986761156804,0.0168405391310802
"gauss_indep",107,310,0.00788361432180952,0.000117525024078641,0.00578842199950742,-1.19386374933904,0.166263100698204,0.0436865597368613,0.119241205695757,0.319519955697293,0.00017232450588539,2.96920429237382e-06,0.000170567106372098,0.0182636339055229,0.00324732462604747,0.0013026089737063,0.00329858988567376,0.013357867577193
"gauss_indep",108,360,0.0228735299681958,0.00143934047936374,0.0185484377653831,-0.602517666538049,0.50090684969903,0.471032857590451,0.367722202599264,0.849745752851551,0.000521772579463048,2.3915781571757e-05,0.000573205156807922,0.0197933827979139,0.0109418980198191,0.0121508131265084,0.0121103202458256,0.0218992111596762
"gauss_indep",109,610,0.0254318082692178,0.00158939114995959,0.0205259475137202,-0.583150805405722,0.424072835538303,0.365162415435924,0.32311712359653,0.774808986272095,0.000744507809352608,4.92565844545902e-05,0.000790824961263896,0.0178214409585551,0.0128506481057731,0.0126024597959312,0.0129412502435528,0.0170877460419903
"gauss_indep",110,540,0.0270065045674534,0.00157506195767149,0.0206010442637766,-0.587783299813781,0.339104925060775,0.243976491061151,0.271595028645408,0.714183028673005,0.000854316144581256,4.97461222884451e-05,0.000924899853137669,0.0197598430081319,0.0126866123252678,0.00888429137833313,0.0131151650604514,0.0192037733730629
"gauss_indep",111,373,0.0387137560701185,0.00260143956587052,0.0282585766507776,-0.433833670001734,0.340093856098882,0.202284293618814,0.252910461586625,0.666837384531527,0.00124039341262473,0.000109304648993534,0.00102572512139046,0.0210124993533213,0.0123605301774472,0.00976230334454969,0.0111772357051277,0.0222565606604855
"gauss_indep",112,421,0.0442070238731059,0.00332784897918806,0.0329750674837009,-0.3281256319873,0.255649571970443,0.114748160281982,0.192449574699005,0.537972535349827,0.00146229386365042,0.000145905243947032,0.00161618154429274,0.0200558812785849,0.00785522785504887,0.00443627020739683,0.00826314901798448,0.0177010104409327
"gauss_indep",114,182,0.0739647892803187,0.0106015834490124,0.0581749160351178,-0.0183055720153684,0.280504002635389,0.14011974382741,0.214873387516737,0.625027249791972,0.00214840404541272,0.000351534721945495,0.00225733037177191,0.0188261753039743,0.00766399239326576,0.00433182044670222,0.00769817168624772,0.0194482839575373
"gauss_indep",120,836,0.020186729279938,0.00111201470556878,0.0158206205628821,-0.720391161214074,0.155590953604214,0.04066425836687,0.112010770783846,0.256068438756396,0.000246246608202521,1.20116367563123e-05,0.000279061596114089,0.00825983143512878,0.00253845550156616,0.000869672697932446,0.00283375175863697,0.0125513785900922
"gauss_indep",121,713,0.0208293747032706,0.000734733207215762,0.0157622286837297,-0.704992893369139,0.12983196980521,0.0261899148155874,0.0937933735689973,0.183962204906535,0.000626855598310369,2.90347910074245e-05,0.000576084079867722,0.0136709797384823,0.00316452348906958,0.000993761683050039,0.0032828543257321,0.0141577787160895
"gauss_indep",123,340,0.0058547994798382,5.47629835272204e-05,0.00416745816758819,-1.34458478400474,0.0951388228316233,0.0159633571926266,0.0689254521986229,0.00918587486325995,0.000153780463808586,2.05104068304718e-06,0.000164228521764875,0.0169472119627037,0.00216195192237953,0.000577704418115031,0.00249050934832509,0.0146041693692662
"gauss_indep",125,290,0.00707323743590791,8.61612063787604e-05,0.00541651667706745,-1.1945302324085,0.140480636781479,0.0361147217030129,0.102276028999367,0.208626447534192,0.000223047306158293,3.90054733437098e-06,0.000242373319217915,0.0153080118848155,0.00246985751159474,0.000897122112487543,0.00331707257701027,0.017618214548827
"gauss_indep",126,858,0.0171736110567536,0.000484458766994962,0.0124977631956424,-0.816035698240421,0.149323031822817,0.0391154833745508,0.108499187944977,0.235844993216576,0.000317761915838711,1.18897525919162e-05,0.00036935577470484,0.0186399992586052,0.00319061383272908,0.00116630795999155,0.00386131152745789,0.0167704721921335
"gauss_indep",127,949,0.0146441720912755,0.000355927124975967,0.0106705985746131,-0.913475190490873,0.127890145921454,0.0267461049497485,0.0908178670835617,0.147793339424967,0.000313146233602065,1.02444637594766e-05,0.000336228592850005,0.0157553136068342,0.00269102454428101,0.000862476121879144,0.00326001727285542,0.0159571778531391
"gauss_indep",128,476,0.0156269044553571,0.000404049874033676,0.011356835679215,-0.887952614550151,0.129231409609773,0.0269579633829261,0.0926940353716508,0.158802470606648,0.000337703883277141,1.2854815937846e-05,0.000378588600902819,0.0179061195140834,0.00300606331047127,0.000964872736110541,0.0035711185588509,0.0205954057924233
"gauss_indep",129,337,0.0137782307773355,0.000313629595310245,0.00982758749196432,-0.957751488270315,0.129617197110014,0.0297481601267045,0.0954980330392329,0.178340974930956,0.000150011519744366,4.88959399932112e-06,0.000186936823599122,0.0129364819446509,0.00243078343852411,0.000719382162851485,0.00346556071264774,0.0221835500873152
"gauss_indep",130,330,0.00943988106462522,0.000167266198668742,0.00711522062867744,-1.12106693676127,0.0954224415505747,0.0140705226646017,0.0674176718736046,-0.00252057646343246,0.00020613649347495,4.14626020906352e-06,0.000243096778421605,0.01767650544746,0.00238113395481937,0.000529651760362489,0.00255151060680335,0.0183825763692737
"gauss_indep",131,282,0.00972139147212284,0.000158876547542187,0.00700755474110039,-1.13163799180056,0.10887929405807,0.0203570035521068,0.0779639351437648,0.0691474410173732,0.000189154406932104,4.07297423510334e-06,0.000278965491679445,0.0208865933550027,0.00170943821135846,0.000436636308509233,0.0025575381563643,0.0209226314315422
"gauss_indep",132,353,0.00909637398040021,0.000145132656439533,0.00658751262033336,-1.16582276827677,0.110958645305965,0.0226187174758445,0.0806863976817243,0.0865358909217304,0.000172934655006984,3.50520227503527e-06,0.000220439184357098,0.0181436074631467,0.00232073409678809,0.000563044518511928,0.00256760772084259,0.0173278342693716
"gauss_indep",133,631,0.00831182612964705,0.000120012186099698,0.00597708667063753,-1.21534527405638,0.109538923350273,0.0196352336519984,0.0777939307259522,0.0645520985509879,0.000180422238517331,3.36549013838063e-06,0.000182457224419902,0.0159147522428372,0.00208586081600219,0.000531356554240564,0.00229161695996731,0.0188320267414451
"gauss_indep",134,326,0.00827644265606955,0.000121589891604568,0.00612030437521115,-1.18572847676274,0.111865932913685,0.0207115120535861,0.0797880423213856,0.0886405208194274,0.00020379831561996,3.98459099260461e-06,0.000219079071155485,0.022059303745985,0.00236017329624381,0.000602708859696194,0.00301238427784941,0.0211999760081523
"gauss_indep",135,278,0.0055680125946256,5.03794586889863e-05,0.00402159703597701,-1.39959781437876,0.0840064879770592,0.0120533941435985,0.0609467997187066,-0.051722496204362,0.000130210076593803,1.48650124533847e-06,0.000160075134318874,0.0183998823761852,0.00219507249291573,0.000394696679756532,0.00273825940379362,0.0212548333346196
"gauss_indep",136,250,0.00548375629572483,4.88935644082725e-05,0.00392552210054635,-1.41949343866618,0.0786394884839733,0.00960582264835556,0.0555550683251486,-0.0960020797265527,0.000141555683069877,1.74067985335307e-06,0.000161624445628775,0.0194138358423053,0.00146227099337438,0.000324310763687779,0.00196228081588135,0.0185657083324446
"gauss_indep",137,241,0.00595065395786975,5.62489355942542e-05,0.00419072511951507,-1.39427432837172,0.0714713617235573,0.00892791610377991,0.0521093424715816,-0.138974793049741,0.000145609992922125,1.7994200664917e-06,0.000167752070430762,0.0220535451377023,0.00180497858396515,0.000341773972955302,0.00252933172308864,0.0207218579128579
"gauss_indep",138,151,0.00551598032039447,6.53889693170717e-05,0.0041675185041425,-1.28601333872145,0.0861556190301444,0.0156925445613737,0.0617143088581182,-0.0206048282501231,0.000124199151196659,1.2505631884029e-06,0.000176873802537076,0.0248868697006342,0.00149185630176853,0.00041003764838885,0.00239770657327526,0.0149603549800609
"gauss_indep",139,209,0.00973332261263637,0.000189704938348625,0.00746975735274093,-1.07761389100832,0.133453204604102,0.030216037438722,0.0988809100923489,0.204324701880229,0.000178616861476221,5.09494183797873e-06,0.000209927973534433,0.018973273770187,0.00332485178605093,0.00112126025428831,0.00393586554588462,0.015770591675119
"gauss_indep",140,163,0.00708083610231229,8.90640769061652e-05,0.00535083189165677,-1.1113357731628,0.120420627845256,0.0282980246755041,0.0948994459765718,0.206350432822014,0.000230470785970328,4.81423806779151e-06,0.000261045818590052,0.0166639710533437,0.00416012075361609,0.00206046695580687,0.00386789964055457,0.0104043418910794
"gauss_indep",141,243,0.020263897058885,0.000775387630824318,0.0154222350433778,-0.721206317203801,0.187658341914187,0.0671004567951194,0.153355297816046,0.445724978851189,0.000450262803450445,1.88112083583906e-05,0.000545459063312893,0.0174206777590338,0.00605838909528337,0.00270792745366956,0.00644946108290715,0.0154108585107332
"gauss_indep",142,325,0.0322546092073953,0.00177588896376838,0.023430840624197,-0.505307588797178,0.146442172059243,0.037658219716699,0.108048831029746,0.239436240066029,0.000599110893497258,4.50377308629404e-05,0.000660976843170891,0.0225301885754626,0.003940397356995,0.00147024334118138,0.00521670531775696,0.0186621333390997
"gauss_indep",143,415,0.023774078911019,0.000935199003374816,0.017145857847825,-0.679580743092488,0.101659415656856,0.0170685464344596,0.0756173539804753,0.0797442203773955,0.000612052475316633,3.37136509572008e-05,0.000733760943784402,0.0210968433113176,0.0031565057392098,0.00072577463777889,0.00362748286183334,0.016955255451731
"gauss_indep",144,477,0.0224868551809996,0.000860792683075693,0.0165807302855085,-0.676779099529356,0.13203506128565,0.0271583053065606,0.0936647103215237,0.173086442269536,0.000705315397518632,3.43521419955301e-05,0.000691202070171252,0.0230050720405181,0.00339756336112637,0.000889575799359833,0.00300491841534868,0.0173626260866381
"gauss_indep",145,520,0.023132627540417,0.0008719838939137,0.0167989028768187,-0.68052515779629,0.107748726343001,0.0192505138235458,0.0789463983029402,0.0884722782235307,0.000766670762931479,4.02759568237244e-05,0.000738237622709174,0.0177833357019117,0.00321256952438037,0.00084133177755158,0.00329153906400678,0.0161404697297223
"gauss_indep",146,327,0.0217262810582848,0.00078468102766037,0.0164073226658086,-0.690087737086794,0.102224153651587,0.0190212749898033,0.0781101386288876,0.0918511133924435,0.000848115472228505,4.06821044441358e-05,0.000860971021981401,0.0184936759025403,0.00334440423744811,0.000847562957520526,0.0037598542337028,0.0172121112008202
"gauss_indep",152,153,0.0482450079744112,0.00709151113594428,0.0359721089437643,0.00464544987922883,0.253329537600083,0.164944970658587,0.185753442484013,0.502903219381065,0.000601542116912,0.000117533945416499,0.000730900477021898,0.010062048334357,0.00384242312122325,0.0035842009301073,0.00362823534118952,0.0144189474611056
"gauss_indep",153,452,0.0498503836427229,0.00556499567050466,0.0390423781523485,-0.236557298606678,0.282994062163013,0.161223463445532,0.210247318073699,0.603748590218679,0.00112404198372304,0.000118734971422329,0.0012591566156673,0.0201924336930479,0.00595618081839208,0.00338766407532706,0.00699951039412079,0.0216952031764265
"gauss_indep",154,592,0.0303472162718324,0.00159094081092551,0.0222607254454543,-0.532390278754535,0.16794089953434,0.0469568022879766,0.121567770203245,0.309034724418805,0.000716202847264712,4.83207271248991e-05,0.000807351834410726,0.0219876280960336,0.00373003247082658,0.00132791752138122,0.00446069386442948,0.019512982997245
"gauss_indep",155,130,0.0189784663002947,0.00089218919320891,0.0146375252768557,-0.746692502463555,0.14151808538835,0.0368420846250714,0.101911679460066,0.20535532150965,0.000506191756841837,2.10996297904837e-05,0.000532393410347583,0.018613027679061,0.00314891431363471,0.0012429300471911,0.00347818621974315,0.0189019301430843
"gauss_indep",156,842,0.00747824712212763,9.01745235399872e-05,0.0053882561902678,-1.24035660406093,0.121941848588052,0.0241312301063,0.0865445228418599,0.122346145359621,0.000171116396266488,2.78813988228174e-06,0.000185736026152421,0.018248939647571,0.00239227206722896,0.000676944448894613,0.00296941858305778,0.0166547246559481
"gauss_indep",159,191,0.00541517258348017,5.89679028829939e-05,0.00440547670655904,-1.13678218933144,0.08352237267511,0.0114761386116614,0.0644293168258796,0.0791800564847924,0.000172593851273667,2.37526006137039e-06,0.000212343828749825,0.013946871754911,0.00261614470645622,0.000659950478917543,0.00381431260894778,0.0147692153485212
"gauss_indep",160,481,0.00702577250498157,9.80644138779254e-05,0.00532394377963327,-1.25862886283004,0.146233402166997,0.0373054701753025,0.105433699346575,0.217076768078343,0.000164102580463042,2.71869202502926e-06,0.000187705828316473,0.0144663109218607,0.00285535043030512,0.000847795090231515,0.00274660321159403,0.0157120184980348
"gauss_indep",161,416,0.00556654215498535,5.30170040975727e-05,0.00414396776724273,-1.37992170604235,0.135494480871454,0.0314120115572943,0.0963648634153826,0.177752906906274,0.000132360560334042,1.70913287417736e-06,0.000150334730587492,0.0142369261934707,0.00246404856727368,0.000781983989021995,0.0029745748954506,0.019124811204464
"gauss_indep",162,313,0.00584739471123137,5.45152795975359e-05,0.00417510884883838,-1.38784498768985,0.115742174837543,0.0210905375764417,0.0814264025680913,0.0883019052885372,0.000144565058111808,1.86606715405848e-06,0.000172662921184481,0.0180360175437308,0.00224125876969136,0.00060943672011051,0.00276084127749034,0.0197106433196885
"gauss_indep",163,295,0.00490472651592587,4.20522477967764e-05,0.00364343382010591,-1.44909503861889,0.0999270722665833,0.0153344539372731,0.0705652015771133,0.0250272913900251,0.000130395682121422,1.46472456020018e-06,0.000135262442679971,0.0187285282477806,0.0019810849553874,0.000463580934069694,0.00261219450147359,0.0178291595029278
"gauss_indep",164,313,0.00390032048736588,2.7568202889271e-05,0.00292198070807677,-1.5596583475848,0.0931616059081428,0.0147743526228297,0.0677485539597485,-0.00175301077461631,8.73706491996905e-05,7.53236002584812e-07,9.38849192495116e-05,0.0177493685839199,0.00207585346343719,0.000446290438515985,0.00197437669879567,0.0156658299872876
"gauss_indep",165,435,0.00410843918136636,2.83999650602834e-05,0.00295580455324132,-1.56332453225968,0.0947895267217849,0.0141153889660031,0.0666364464044321,-0.0124889632010922,9.76214960723205e-05,9.35874534413959e-07,0.000111851276447664,0.0190657914815611,0.00182963367577232,0.000453256009698445,0.00224245505921662,0.0172012160273215
"gauss_indep",166,369,0.00392639679781956,2.9207359214507e-05,0.00292165449226358,-1.56970460411228,0.105183610402918,0.0178939406062646,0.0755375423257398,0.0594928842892306,7.8540341751171e-05,7.01101244195826e-07,0.000104848549588693,0.0198251824926271,0.00205237298984516,0.000473306629030874,0.00252291683937536,0.0174733629225512
"gauss_indep",167,327,0.00477727675859799,6.90772781908059e-05,0.00370928543956018,-1.42776665986067,0.115155805490026,0.0215601835980568,0.0813640223455852,0.0843356064701091,0.000121020524375105,1.36259580038434e-06,0.000115029162199144,0.0172541635473041,0.00237041453562072,0.000695583275956382,0.00258520733242258,0.0161290516392648
"gauss_indep",168,356,0.00428548134386593,3.25156778939523e-05,0.00312752281710207,-1.52729727960074,0.111822343217602,0.0238791011619496,0.0819842839006237,0.109062519999784,8.95852050675852e-05,9.30025140715886e-07,0.000112154161645214,0.017005008556015,0.00216551594819715,0.000581819076178885,0.0022558116211959,0.0150571304864665
"gauss_indep",169,245,0.00402363588795956,2.5724731361002e-05,0.00284775102691285,-1.58263808585941,0.112596395257717,0.021492802996618,0.0805412189164672,0.0789208474399114,7.99585154951626e-05,7.58466749767559e-07,9.64465743165669e-05,0.0180858567967081,0.00229096988997271,0.000644037738832839,0.00304727870081507,0.0220146934500643
"gauss_indep",170,260,0.00467869497430886,4.37302237967184e-05,0.00345651416129382,-1.48009100594432,0.110388388077076,0.0168456753460076,0.0748002474032376,0.0510915470360675,8.24070197385387e-05,8.28184268241468e-07,0.000119591451760305,0.025751040127185,0.00181793285789779,0.000413077539380324,0.00195049643689535,0.0169870871989731
"gauss_indep",171,345,0.00487337761429306,3.83695541796092e-05,0.00347751337351996,-1.46946097923754,0.0869233117440692,0.0114259486505318,0.0613094827471567,-0.0446252094435053,0.000105271160388363,1.14737739770228e-06,0.00011572929293703,0.0243944280203427,0.00159982330150559,0.000320696785572216,0.00181926029254158,0.0144054840766684
"gauss_indep",172,379,0.00354120066206589,2.16571621774212e-05,0.00260360289066284,-1.60942056953671,0.0925066842653689,0.0130019257715929,0.0642370709158742,-0.027088964649461,9.4051195103211e-05,7.49224899654078e-07,9.97622928197394e-05,0.019953819236323,0.00170225637916275,0.000366628211490826,0.00223318475321851,0.0172043233414272
"gauss_indep",173,366,0.00386387189411727,2.73304551067808e-05,0.00288749472401349,-1.55376136692685,0.0951818794503885,0.0141451059917421,0.0674491789574518,-0.00130849082721671,0.000104203978021454,8.34290270827849e-07,0.000132051003725654,0.0249644954205879,0.00176163321726154,0.000355535016376895,0.00242959757013022,0.0179361416694055
"gauss_indep",174,143,0.0139282890876404,0.000447486663505832,0.0108568246350633,-0.834747655378524,0.0905587255939432,0.0151835411179942,0.0666939602513177,0.0109827644621077,0.000328357526207332,1.11941444924261e-05,0.000469200521217655,0.0319023911793063,0.00166998464758797,0.000450673862789821,0.00180585758203396,0.0150958872398604
"gauss_indep",175,134,0.029254324269382,0.00136266252111988,0.0210092435650296,-0.44510886533257,0.16444865936775,0.0411539461387352,0.11375769190865,0.297754822782107,0.000497937751304814,3.33519023962236e-05,0.000825346839905314,0.031705348209378,0.00347342614901497,0.00131803424054771,0.00307058747281465,0.019645932372368
"gauss_indep",177,175,0.0342189483801245,0.00208794466548141,0.0251735809373533,-0.473719713598889,0.104898485713967,0.0201759505422942,0.0780992114767956,0.0845417406121758,0.00062640497102931,4.92080354945059e-05,0.000811003917335278,0.0238655308997192,0.00225608237311291,0.000577851576317299,0.00221842170205409,0.0186059131637416
"gauss_indep",178,256,0.027562166079953,0.00139478923898834,0.0201776879269666,-0.542949756193257,0.0846035197724063,0.0135222423563549,0.0635949298562726,0.0247576370078224,0.000508520772763872,3.39562925901024e-05,0.000706099156616096,0.0206207256640598,0.00176354034030991,0.000295632510363035,0.00202222836634659,0.0216865411818359
"gauss_indep",179,262,0.0200969302712498,0.000690402469250393,0.0143926377880233,-0.777643457390217,0.0625376194679807,0.00643544944225567,0.0445215161940244,-0.207035113126833,0.000432505634007153,1.93620346633392e-05,0.00048460975401815,0.0184244800906145,0.00130437086243186,0.000169327785967151,0.00188713748475064,0.0185346755702725
"gauss_indep",180,570,0.0157012649790623,0.000403972616999903,0.0112827310115112,-0.896198992476595,0.0740661725874275,0.00936793691939538,0.053576710535116,-0.118455816803084,0.000316370712107277,1.25057891659904e-05,0.000341824176809545,0.0155093888961035,0.00156654838582735,0.000270595555306548,0.00186715922152914,0.0178556735308685
"gauss_indep",181,221,0.0168016124385947,0.000495163523307421,0.0121851784225486,-0.857254859794007,0.0822654006458962,0.0149524277756122,0.0626458373915935,-0.00712500231700128,0.000297535557258615,1.26856488028635e-05,0.000372218101938907,0.0207268498105516,0.00144124299023353,0.000257106094219969,0.00146538885444814,0.0194662887440869
"gauss_indep",187,113,0.0347091686914455,0.00198246953117887,0.0247134813937551,-0.470500197217066,0.259811515144756,0.103424963470647,0.182090485720658,0.499061614177651,0.000606859315581686,5.25758761877072e-05,0.000810991902547698,0.0169386751966523,0.00677515563079467,0.00397046779583084,0.00736447923717222,0.0158294465900745
"gauss_indep",188,266,0.032488835870268,0.00179160131637693,0.0232801020917146,-0.532200643481269,0.219828383415382,0.0820003849986453,0.157913749391144,0.422231794221054,0.000906549262930428,6.5236636441725e-05,0.00097745369725099,0.018003097111692,0.00511955161460918,0.00259387932867828,0.0050340653581438,0.0157311464257446
"gauss_indep",189,335,0.0240578387088243,0.000984307603729133,0.0174205234971959,-0.681346760977729,0.190044251733955,0.055684889387239,0.134158532343413,0.34582267881701,0.000757099993031361,4.0935843319399e-05,0.00068167293286323,0.0175218692129932,0.00437382894999779,0.00202106671259221,0.00460021440600114,0.0162719828917301
"gauss_indep",190,304,0.0211985730496993,0.000856180662670672,0.0157286643399321,-0.723016793796273,0.151330124972738,0.0409449077808893,0.111156163856315,0.254212174552559,0.000402889985358838,2.01538195546707e-05,0.000492916705065066,0.0196844054599394,0.00295102630901519,0.00109889976013825,0.003846827914177,0.0184043645533175
"gauss_indep",191,580,0.0101167035009776,0.000180742505959118,0.00750955347665832,-1.08644197649652,0.118724778338421,0.022922341144405,0.0850587597904591,0.118434071532359,0.000260874404814261,6.15081521579947e-06,0.000275702286100011,0.0166360887964459,0.00218481280720532,0.00063782425287546,0.00254984032240177,0.0139866962637827
"gauss_indep",192,359,0.0145012898347693,0.000380447808138106,0.0107366135754727,-0.890807825923716,0.147430486538833,0.0336992391221137,0.104631575376634,0.233678834530982,0.000296671610632866,9.53766621646321e-06,0.000341027034544328,0.0208828486434799,0.00316978876321574,0.00108527170073228,0.00357494516297602,0.0191939485562783
"gauss_indep",196,170,0.00500177771942862,4.61722262945036e-05,0.00364511136351077,-1.43035246428195,0.094393187108931,0.0155053218932933,0.0709554503392545,0.0438116306767827,8.75887851876495e-05,9.34444195682258e-07,0.000112701514108731,0.0204197965121844,0.00215104529027693,0.000427570840470322,0.00263460683120731,0.014638894568173
"gauss_indep",197,277,0.00418721723146755,3.04796283539228e-05,0.00308284203357124,-1.54075366868024,0.0834832859586543,0.0110279477028627,0.0590907250484405,-0.0661321422766525,9.1825612989823e-05,8.26104164989621e-07,0.000116870677190477,0.0184978445966485,0.00128837601139085,0.000254626200937001,0.00162633571104693,0.0134481573720633
"gauss_indep",198,392,0.00450152971412009,3.56375002403879e-05,0.00327239082302219,-1.50759582336182,0.0914828990825627,0.014855650884874,0.0652500843264039,-0.0231696130142436,9.35304122203984e-05,1.0064737099837e-06,0.000116816331740774,0.0199101464897988,0.0016903403849026,0.000373439557831319,0.00189173783751705,0.0155793776032952
"gauss_indep",199,420,0.00426670060749957,3.10202296901575e-05,0.00309756854963261,-1.52991877368162,0.100614699767052,0.0154856190882176,0.0704607213059538,0.0239263883954585,0.000101381780202237,9.29974623650297e-07,0.000104738516807831,0.0183984943634614,0.00142145267257643,0.00030483744667388,0.00179949334206324,0.0150028132580323
"gauss_indep",200,460,0.00401663717999644,2.67377460314718e-05,0.00285012149306972,-1.5780284521347,0.0886235367283532,0.0130563543457736,0.0634170133912142,-0.034462520895769,7.85146960178865e-05,6.77001323847429e-07,9.12331436087672e-05,0.0190264856198855,0.00152020413835607,0.000317389071020291,0.00173973307987159,0.0142290139131516
"gauss_indep",201,418,0.00441477215722801,3.23968978039646e-05,0.00322505115028965,-1.48128118553379,0.0996382843743205,0.0166928297059875,0.072358589446363,0.036232101791267,8.76772934212723e-05,8.43725542294174e-07,9.58286893803493e-05,0.0192459515573599,0.00184340068560304,0.000424830974917607,0.00196235527697843,0.0155767573604914
"gauss_indep",202,399,0.00311291763519945,1.69168264284417e-05,0.00233573424465705,-1.65835295366065,0.100745197076156,0.0162638259286104,0.0714813878864362,0.0324055923285412,8.06505077013872e-05,5.73487391251806e-07,8.96553220667414e-05,0.0184557746046503,0.00134656851502601,0.000327652498250027,0.00201910509619143,0.0151805578344577
"gauss_indep",203,445,0.00300163412284878,1.58485170623035e-05,0.00221001530474735,-1.70643012675073,0.0992452300708455,0.0161413921853787,0.0699425089482494,0.0165167636812561,7.93640245254502e-05,6.75638876924815e-07,9.23250302930118e-05,0.0182720821814623,0.00127403062920714,0.000271932666661628,0.00156357048094169,0.0126691110799217
"gauss_indep",204,419,0.00307670848777625,1.7434691559055e-05,0.00228878974427103,-1.69391785441046,0.0962919855115422,0.0148933342190059,0.0683164576321462,0.00381679463105252,6.3533018995443e-05,4.75584854738581e-07,7.36178040781861e-05,0.0150291347502435,0.00160529429578017,0.00033615991678298,0.00198328557398036,0.0147020089620592
"gauss_indep",205,480,0.00290259990833239,1.42417839261266e-05,0.00212445036303624,-1.70626806332794,0.102097883686172,0.0157813920244517,0.0712175005070673,0.0257311760873551,5.85269517058337e-05,4.03868894393579e-07,7.51145756290444e-05,0.0170553148818486,0.00160963993755051,0.000370779970866247,0.0019983876315412,0.015272922716697
"gauss_indep",206,415,0.00320176195784659,1.71676092962691e-05,0.00230299341167273,-1.69374911867373,0.0952590851815658,0.0157488012979332,0.0693759552869971,0.0147917211409247,7.63534733433191e-05,5.7054863209769e-07,9.57188535953432e-05,0.0206201791620512,0.00136977807131815,0.000300288710927162,0.00183691836196556,0.015026366307114
"gauss_indep",207,472,0.00387497511658211,2.53702559588457e-05,0.00287875735551528,-1.52041662931588,0.10001048715944,0.0155046788153048,0.0706602603570848,0.0276082606744239,5.51070837869978e-05,4.7350186204779e-07,7.19031948997239e-05,0.020298536141801,0.0012124658763017,0.000263530226702511,0.00151184282133045,0.0120609472341836
"gauss_indep",208,492,0.00362501880610918,2.21738230643634e-05,0.0026677606369713,-1.59179741309394,0.104245541178633,0.0195221496141038,0.0764941592606452,0.067218969480887,6.31056289905594e-05,5.39245663529872e-07,7.33974099375255e-05,0.0192042512704512,0.00121708624106535,0.000294275292322117,0.00162739337458122,0.0143669818086805
"gauss_indep",209,451,0.00385495806787903,2.34300931060265e-05,0.00283016355520162,-1.55190113874552,0.0981142325150697,0.0154196156843505,0.0697634712782082,0.0141472795212124,8.5312592240583e-05,6.98929953096249e-07,9.30751151119127e-05,0.0188302314645072,0.00132900932087712,0.000316948242471195,0.00176542720093987,0.0161950353958329
"gauss_indep",210,237,0.00526877073162179,4.50680548518006e-05,0.0043721609364774,-1.30733168164948,0.109995204546323,0.0220554389162582,0.0807419755007537,0.107316857789934,0.000258063598233991,2.86444848333679e-06,0.000249170650865272,0.0210445917031528,0.00124520711729882,0.000327020948838559,0.00157861629673095,0.012561635767051
"gauss_indep",215,233,0.0183067089070257,0.000583366718550355,0.0131950565815215,-0.819272790734609,0.0478317483775205,0.00398189804357621,0.0347359379477215,-0.339690639699771,0.000409474791644998,1.74983496371934e-05,0.000509832132144955,0.0179136236494896,0.00126304455239958,0.000137740328123509,0.0015138541603745,0.0207318182651064
"gauss_indep",216,421,0.0171404834578058,0.000461582979938735,0.0121812762803052,-0.846819065613046,0.0418125243004196,0.00292548458737387,0.0304438811503828,-0.392797437102418,0.000305039127073927,1.15241555572318e-05,0.000388593973116421,0.0184805232182363,0.00086339729533056,7.79187393878973e-05,0.00114463049765239,0.0178442983886362
"gauss_indep",217,413,0.0181376482533804,0.000513443640739738,0.0130634790234591,-0.806963612696669,0.0352629972514725,0.00204604321538241,0.0252895422506221,-0.489846448811885,0.000263281430184866,1.12989010999765e-05,0.00034745974652009,0.0171991575563795,0.000758562391347787,6.12491605599262e-05,0.000737679694445601,0.0131927468375269
"gauss_indep",218,364,0.0143769988822892,0.000333063813177169,0.0103414508526045,-0.93012812486287,0.0252238438355294,0.00111634285347717,0.0186494070583205,-0.641844801067187,0.000297224312404135,9.68118653947841e-06,0.000316634446315012,0.0160922404070359,0.000622974804872984,3.29835558044315e-05,0.000653486465342876,0.015620349974014
"gauss_indep",219,266,0.0114389281832272,0.000208048049153172,0.00805213373913275,-1.06712465226392,0.0195430408172917,0.000583028623712503,0.0139748991359119,-0.782049553151478,0.000231957087258562,5.83563489741762e-06,0.000254731575107849,0.0160097451295399,0.000517044463381594,2.44647466305933e-05,0.000611903875020579,0.015769644856405
"gauss_indep",223,164,0.0288603020456801,0.00140148832533343,0.0209870053428934,-0.558783513578146,0.223946503265265,0.103241582738984,0.167974655194024,0.466928469770312,0.000532248404691684,3.78106710290514e-05,0.000546907199406852,0.0165358730233298,0.00454398031469918,0.00219904085123964,0.00588892744209652,0.0180885361161422
"gauss_indep",224,255,0.0209944619988992,0.000765884837235275,0.0151260207617766,-0.706803792221948,0.20266250327736,0.0668355091468932,0.142420717649986,0.374464325187739,0.000497464154487993,2.61381462888705e-05,0.000539374291046877,0.0174286122056239,0.00383680348910726,0.00178090756013709,0.00480118005709284,0.017724340621734
"gauss_indep",225,311,0.0160397420486398,0.000444366744160679,0.011851655332672,-0.853888567389432,0.180063854114438,0.0570880553986289,0.131417955577322,0.317192978327088,0.000487128749682739,1.68986029374128e-05,0.000562343078521672,0.0192063762398149,0.00452889386375346,0.00178145142240862,0.00472718303023672,0.0201121295146494
"gauss_indep",226,293,0.0176647292903001,0.000539619522900337,0.0127149686088183,-0.833605134535444,0.19589522981979,0.0712696699999265,0.141636525373205,0.353825044922612,0.000461459839938476,1.77418188223233e-05,0.000521655149255408,0.0175155681678731,0.00420621609146394,0.00205829294561413,0.00422469920753611,0.0174224184466363
"gauss_indep",227,363,0.0186397366574629,0.000560473703405527,0.0135795235384995,-0.76913308636034,0.165031715836338,0.04131945413243,0.114432284173778,0.271614210921973,0.000347748570160282,1.52206749618998e-05,0.000437987340938067,0.0232914430815822,0.00331419885165304,0.00131264236885101,0.00394703298752557,0.0213167032341391
"gauss_indep",228,338,0.0171787150818554,0.000584966649122687,0.0129902378924018,-0.821572009507954,0.157121001494825,0.039008712314411,0.18408900499239,0.592112608617674,8.80539226916152e-05,3.24417896011437e-06,0.000119877648138639,0.00605683951964932,0.0134331975049031,0.00499373477280497,0.0121992027249079,0.0151878272967666
"gauss_indep",229,293,0.0131447942223701,0.000358487638714562,0.00994793593395385,-0.952363930834372,0.148976345467459,0.0396637525044216,0.109256786920746,0.263526550802734,0.000266264043006108,7.40208973512252e-06,0.00030050754642299,0.0180860378012561,0.00212029677846048,0.000668401745647347,0.0029589183619464,0.0186470480778567
"gauss_indep",230,122,0.0062675222719175,6.893269192326e-05,0.00473379165897451,-1.26442677315362,0.109589964587292,0.0192028280992655,0.0781497173639677,0.0772626179460897,0.000125913613673613,1.31227175353756e-06,0.0001321504261904,0.0192067906771836,0.00128532655938593,0.000290561579606632,0.00174759015426141,0.0154988489592829
"gauss_indep",233,204,0.00948656765071021,0.000172551790365579,0.00703202869354627,-1.13533815131722,0.136913520319511,0.0397394964695601,0.102543713963651,0.226689554653304,0.00021264525392474,4.65641911829269e-06,0.00021086118357352,0.0217906226744111,0.00293563099429011,0.00101106599842316,0.00289760313594533,0.0220285114845579
"gauss_indep",234,485,0.00767144131166786,9.71907211345808e-05,0.00548558161099446,-1.23633505664142,0.106703776245211,0.0193368134079531,0.0765250149497648,0.0625330923376808,0.000141798391970798,2.40103595774511e-06,0.000176075504734403,0.0199316653073498,0.00209241940624695,0.000488106470411993,0.00219443647432979,0.0152998819403158
"gauss_indep",235,459,0.00582126637475296,6.11147778907871e-05,0.00422971486515875,-1.38484771108028,0.0979304993372591,0.0161196424407392,0.0704727623759519,0.0193481167880833,0.000133088319365016,1.95578725458826e-06,0.000140579720921176,0.0151164189595014,0.00210893073078777,0.000492240702377819,0.00232198562678769,0.0164926031708572
"gauss_indep",236,301,0.00681022949154029,8.27668059510569e-05,0.00504496452976739,-1.28702661953338,0.098740856733427,0.0154933467833571,0.0694703070475209,0.0101293179746586,0.000153593705316351,2.14035508780974e-06,0.000155486861881556,0.0180394388091405,0.00204172499218938,0.000491015501759953,0.00235410170664318,0.016469075713865
"gauss_indep",237,366,0.00546202549187111,5.67045374351233e-05,0.00413382898624694,-1.38898683154913,0.0919459855997755,0.0132029045658845,0.0646182201076837,-0.0241161360469948,0.000150094069434536,1.82550598771418e-06,0.00016804865542228,0.0178289846477961,0.00192112941709659,0.000446962502699588,0.0019880487981214,0.0155349090844995
"gauss_indep",238,429,0.00513256370441431,4.52209357446019e-05,0.00375351037690098,-1.43017145918639,0.0855402797489714,0.0112791836530233,0.0604243441899902,-0.0487190599796953,0.000105489030733834,1.29472522024946e-06,0.000115550010300904,0.0187320654803893,0.0014867829396644,0.000300003428163407,0.00162999827741222,0.0141425252978444
"gauss_indep",239,307,0.00494360217037795,4.9987902664088e-05,0.00373659274174252,-1.42316070143924,0.0867453719801594,0.0122034411035959,0.0614308804165771,-0.0494890787424965,0.000100110112185203,1.03888837679198e-06,0.000112804187566462,0.0201098805600169,0.0015325052718243,0.000325226571205573,0.0016615490925526,0.0130723371283282
"gauss_indep",240,390,0.00436176856454388,3.44429063635391e-05,0.00317027556111449,-1.5231585918437,0.0784999828935377,0.00990988409548498,0.0555594560174704,-0.098615725989474,0.000103094688443418,8.91922272989283e-07,0.000105547215000732,0.0200466194304374,0.00130747940150119,0.000261143682129406,0.00156211829934392,0.0141320867595098
"gauss_indep",241,356,0.00460589130339805,3.57095625031294e-05,0.00337638516768892,-1.49325019482746,0.076139241423529,0.0091756380618868,0.0544204709160532,-0.103783856396928,7.57008000389264e-05,7.8819102708339e-07,9.56732516096306e-05,0.0213392862462204,0.00162930099555247,0.000282609852336273,0.00204575553658964,0.0163198131643047
"gauss_indep",242,267,0.00359654076493017,2.48837380462998e-05,0.0026666271600639,-1.62355613825455,0.069371617639727,0.00766929662765457,0.0500500894017235,-0.13857870980917,7.67905027714438e-05,6.39440866299745e-07,9.66138132555229e-05,0.0202605176405162,0.00170235800030599,0.000304909483754675,0.0015339231124477,0.0129041819985874
"gauss_indep",243,274,0.00297418402548398,1.3962308670872e-05,0.00213656071319145,-1.70815835643989,0.0780420300419748,0.00992634561472238,0.0555117426984632,-0.102304477213198,8.29487119108035e-05,5.61556005169745e-07,8.02944518720312e-05,0.0179906619785092,0.00159226635764282,0.000294277508826927,0.00189800654112105,0.0166778372237025
"gauss_indep",244,355,0.00355757271146801,2.06223318763695e-05,0.00255020621882868,-1.64192401109336,0.082294488368053,0.0116836545106701,0.0596843132670749,-0.0636396152890099,8.62826682687008e-05,7.02410273190983e-07,0.000102264127051141,0.0201659802639186,0.00137054651012063,0.000280844004984484,0.00200746028632538,0.0156154012554661
"gauss_indep",245,375,0.00416708257761527,3.0260256015498e-05,0.00307026392890463,-1.52905868598036,0.0768307916182621,0.0103457865210629,0.0561313746803484,-0.0864121145329627,0.000104537668394597,1.01142749633103e-06,0.000122503763078462,0.0217431919939729,0.00151371668433004,0.000274699827754879,0.00213045054939596,0.016761106052281
"gauss_indep",246,177,0.00652077079275562,0.000158249184783617,0.0052878468818899,-1.25432371787003,0.0912913993277267,0.0133392933971335,0.0650501870845438,-0.0159869862564689,0.000124420966425699,3.16082063825969e-06,0.000143803720243946,0.027763158065461,0.00178033386722469,0.000393302460881429,0.00201160901446564,0.0161411591888446
"gauss_indep",250,117,0.0245266003888581,0.00110872587573523,0.0180833491027503,-0.556991605557855,0.0683766211209082,0.00845589282918172,0.050479655842691,-0.0840925963755128,0.000462183192746296,2.72554889042859e-05,0.000447767360384106,0.0199110208482008,0.00114151336203333,0.000203966504753441,0.00155307540704039,0.021353416229174
"gauss_indep",251,362,0.015691476689172,0.000424028762050794,0.0113706074518695,-0.883480309170364,0.0440214574598499,0.00305768160707868,0.0312223050446889,-0.380254343473283,0.000307490709682275,1.14460449269803e-05,0.000344100571349818,0.0167065111072476,0.00095929096100185,9.04388460354736e-05,0.00104686857633878,0.0209536362637512
"gauss_indep",252,300,0.013241825863238,0.000285499926379093,0.00953481364729218,-0.973774148175713,0.039025800698479,0.00234145661918665,0.0272913515888218,-0.452942297928469,0.000291799169822718,8.66569629327871e-06,0.000354760316275712,0.0174109036590045,0.000968917945027334,8.95411040180062e-05,0.00105130074744067,0.0187567128843615
"gauss_indep",253,335,0.0103725605723887,0.000186253387225877,0.0076944476072248,-1.077077676041,0.0319760512754445,0.00168175762893762,0.0230718945776531,-0.533549596327452,0.000238667849025741,5.83487334659359e-06,0.000250991584786111,0.0143273652477459,0.000787102324215364,6.6296746907374e-05,0.000801453327651298,0.0159107769144578
"gauss_indep",254,352,0.00942428847911656,0.000135080879526963,0.00665708316966705,-1.15312058644033,0.033107899175549,0.00173339798410444,0.0235409172190242,-0.522262636349926,0.000174320559659984,3.60614758508201e-06,0.000235737205807028,0.016300656894494,0.000884601645510307,7.26718594386423e-05,0.000970606843467884,0.018283750774416
"gauss_indep",257,126,0.0509769760296957,0.00452443124052746,0.0375110739092577,-0.276367167896389,0.389717177987846,0.229147234559267,0.28019521614363,0.73449729554943,0.000809972238323408,9.6946089768266e-05,0.00106551273318432,0.0158447003807006,0.0102608875346996,0.00938232431401676,0.00833891192405536,0.0128523255284795
"gauss_indep",258,146,0.0321421869935315,0.00179220184010568,0.0229648244425117,-0.519983136597613,0.267096559904397,0.130709852309792,0.203010163688273,0.564302985965629,0.000662727666983538,4.23798860677775e-05,0.000713837211738162,0.0178087711159958,0.00909159731835068,0.004300181330988,0.00838235881473441,0.0155718522475613
"gauss_indep",259,259,0.0193413940742825,0.000690440666378353,0.0146337860931368,-0.74933848746634,0.207854778190745,0.0657026930958578,0.148221438460675,0.414804595790376,0.000491483430852605,2.33583114567602e-05,0.000569822089718178,0.0181765914059016,0.00624258497799407,0.00318080694778643,0.00767727037075374,0.0184771486802809
"gauss_indep",26,244,0.01030321250696,0.000172917765685253,0.00824143990694705,-1.00250343855432,0.0416306202213335,0.00293487077229176,0.0365291552504066,-0.242075001434412,0.000466147714310156,1.14682808323684e-05,0.000461663838549334,0.0177656800780888,0.0023808440886635,0.000250842418412096,0.00224812748510272,0.0183540480049809
"gauss_indep",260,240,0.0178294781323843,0.000540281717803181,0.0132320029354399,-0.767311206365922,0.171178027875769,0.049992638919227,0.124445937148698,0.308620025049853,0.00051639752291701,2.13738396253186e-05,0.00052477259716627,0.0212533379990736,0.00549996039823841,0.0023140709376,0.00510767185250961,0.017740496731126
"gauss_indep",261,271,0.0187442251914491,0.000560848527275683,0.0133652587841352,-0.81533009482064,0.200625753584189,0.0689039291618066,0.145626444267154,0.386879689555186,0.000351832121618597,1.56424013640489e-05,0.00047123819044877,0.0226515629410331,0.00495262761439519,0.0022615451641398,0.00540062400489706,0.0237079877255785
"gauss_indep",262,298,0.0167026455746392,0.000519992985398419,0.0125993878842916,-0.805075015769688,0.152628880729129,0.0400033255451506,0.113191245725194,0.28334058370464,0.000342781205677904,1.30226870912813e-05,0.000386538800224568,0.019895066484459,0.00369474371267783,0.00117783397058047,0.00452038592275567,0.0214145831197735
"gauss_indep",263,376,0.0177060778947063,0.000552541763686199,0.0130992107178304,-0.801314096941241,0.1391075347256,0.032591311036689,0.100946161724202,0.201994794518824,0.000400350644115236,1.57308335901446e-05,0.000460920700982415,0.0236396658459521,0.0037632357892728,0.00118377257380806,0.0036515714701759,0.0197813809211808
"gauss_indep",264,321,0.0107194833657922,0.000214932684174239,0.00820164635909356,-1.03292182504062,0.113665930136998,0.0227640615539291,0.0824119957472859,0.0915129074178422,0.000322254324836909,7.90767931666857e-06,0.000370422223199671,0.0233824683827687,0.00209779996739231,0.000533621220278061,0.00301582877199027,0.0183208231458451
"gauss_indep",268,319,0.00888641695838558,0.000125564785908199,0.00631490996892242,-1.17220135362227,0.115723018828245,0.0207753026842949,0.0831688154832548,0.117680603348968,0.000233373584317036,4.04245902073487e-06,0.000196827160616689,0.0170050834481436,0.00325470922069493,0.000851102998211905,0.00377003128466695,0.0173575130078137
"gauss_indep",269,328,0.0110072676517876,0.000227498825912204,0.00825079969529806,-1.03912593691531,0.110223781406362,0.0221028758038603,0.0830161726095248,0.109145913130675,0.000265988042113524,7.15441047522492e-06,0.000306494728947087,0.0237583716500629,0.00260579685449501,0.000716184103181278,0.00324679292348839,0.018729730010778
"gauss_indep",270,383,0.0114246779858077,0.000221390619134935,0.00823721315476222,-1.04805571524197,0.121924079895991,0.0252766134850608,0.0880019111369422,0.128738566099816,0.000245602685371025,6.1288485954696e-06,0.00025181368590923,0.0198677417913913,0.00269053616264387,0.000783474139948867,0.00293999822071919,0.0193570984341847
"gauss_indep",271,364,0.0112353480604963,0.000211533187525004,0.0082364062768427,-0.999790965492543,0.104513837269675,0.0177395473018791,0.0754779409090658,0.0601846515653415,0.00016150212784348,4.29392110847953e-06,0.00022175637185528,0.0219540080334724,0.002610168631408,0.00059633094738864,0.00265881907425635,0.0180105577071955
"gauss_indep",272,344,0.00755472331240122,0.000104372674127392,0.00556562501169155,-1.23861513531697,0.0862841121015719,0.0119510487564947,0.0613752505461316,-0.0488599748445065,0.000136614059523634,2.38234815008412e-06,0.000138366002806085,0.0154505552501832,0.00140040057454762,0.000324375837231305,0.00172192691041149,0.0165463026555612
"gauss_indep",273,246,0.00815038606873895,0.000112906138377925,0.00591071698275509,-1.21685118112439,0.0887105918241682,0.0108348451937474,0.0596729964471676,-0.0599359496961452,0.000138959535346886,2.68426682505301e-06,0.000169200823728989,0.020822050152893,0.00169175841424942,0.000332625988207187,0.00211486694305929,0.0186234185055037
"gauss_indep",274,180,0.00751053382822085,9.95282314482054e-05,0.00550834825922084,-1.25290151413195,0.0813445908185924,0.0113186572400723,0.05895428218139,-0.068808547663945,0.000141792861190574,2.47354093671401e-06,0.000203200739127284,0.0223680149791164,0.00146925216747447,0.000265809406250878,0.00249440323625156,0.0223549730710839
"gauss_indep",275,209,0.00851597230391071,0.000120662339500684,0.0060953005447542,-1.20254755644239,0.0686147561935707,0.00769938137399519,0.0493838521879339,-0.158976584735294,0.000155251628926944,2.9039648714877e-06,0.000212569375770117,0.0251060887108226,0.00131242543808015,0.000253895558776743,0.00189765992798608,0.0217149181360879
"gauss_indep",276,249,0.00692754233650318,8.81203172952968e-05,0.00513912634303262,-1.28532937189598,0.0580665238369959,0.00579419537018139,0.0422889747348001,-0.230629505122322,0.000154214866051611,2.19978194394884e-06,0.000185797957966647,0.019396169532132,0.0013138913049288,0.000193387717001556,0.00177469010356238,0.0168699844610202
"gauss_indep",277,315,0.00684911595278473,8.42495083854454e-05,0.00497951996080452,-1.30708440440325,0.0594887051464853,0.00548547987636892,0.0419067072642035,-0.237342674958683,0.000151346119176048,2.45585612992735e-06,0.000161191787937354,0.0194444410863156,0.00151136964327636,0.000214317622588794,0.00182997935623224,0.019460375912139
"gauss_indep",278,287,0.00501775413644687,4.31176262014889e-05,0.00370106788130179,-1.44156255821873,0.0775296655662076,0.0100217241795126,0.0561129249915054,-0.091908620892419,0.000134725952372287,1.43987444295134e-06,0.00015122540243988,0.0186282754119414,0.00165101457035732,0.000293306892274855,0.00186996618208672,0.0181845545981569
"gauss_indep",279,292,0.00607173374911358,7.20341003398274e-05,0.00437947223750861,-1.36852202128455,0.11496728949483,0.0207437626148971,0.0815675590793271,0.104558153182489,0.000168580531720764,2.01002343129084e-06,0.000148694843168307,0.0210110620594534,0.00226091899234952,0.000641636860073326,0.00259787121547747,0.0212723726085071
"gauss_indep",28,140,0.0151893624350432,0.000453005207156963,0.0114650361344613,-0.870472293648752,0.0844180717079723,0.011051969084077,0.0596815018392542,-0.0510778850811282,0.000258240296749916,8.00540228409203e-06,0.000330365372298748,0.0214604323115884,0.00178017122301565,0.000328624657503879,0.00214598859851864,0.023176878757739
"gauss_indep",280,124,0.00803247314725391,0.00013298015584064,0.00599536719749307,-1.09329641300307,0.084722319231493,0.0127316796365717,0.0607784616985175,-0.0397138306517691,0.000139734586437296,2.02966301842924e-06,0.000183079747473623,0.033546407381849,0.00204266247793695,0.000604792919975384,0.00243438884638685,0.0211464296123649
"gauss_indep",283,154,0.0215406264106163,0.000791637186525237,0.0160748006300399,-0.683735388329413,0.071275281301831,0.00924644755096771,0.0516969859810929,-0.132377257626022,0.000365192538544189,1.6225304005292e-05,0.000467376889863588,0.0225105365364989,0.00166365844122683,0.000301298508040467,0.00175322873239407,0.0121856319110084
"gauss_indep",284,436,0.0129588034856362,0.000285737049674316,0.0093483793454104,-0.9909395978459,0.0573760591826026,0.00619702868291304,0.0430548853325096,-0.224301883554576,0.000295365299579065,1.00793781744337e-05,0.000367882187024067,0.0173807526290876,0.0014740426909137,0.000219772399031688,0.00167751563137027,0.0178523305952264
"gauss_indep",285,250,0.0104420689630796,0.000175611456249965,0.00760502218076717,-1.08574074591553,0.0527155488055614,0.00401372735187243,0.0377187463429752,-0.268274338486193,0.00022839803360982,5.3310435999812e-06,0.000251050428864276,0.0168357291991414,0.00201363834240247,0.000233406445682828,0.00221844536218987,0.0193590642236278
"gauss_indep",286,319,0.0109827118750374,0.000209998001464931,0.00814623374247288,-1.04929273182907,0.0481667684435962,0.00404051504621639,0.0377527575795818,-0.262664231044576,0.000303763167643216,8.43012122381025e-06,0.000313832741627981,0.0194127372841469,0.00214595854877743,0.000238692352990247,0.00212635282879605,0.0183483229458395
"gauss_indep",287,428,0.0105580268558672,0.000176446122809685,0.00772628359863708,-1.06317226725077,0.0576193990128471,0.00595170399943806,0.0445150141490966,-0.183637781849173,0.00027772624697014,6.36047391101197e-06,0.000293869825354944,0.0159937239809453,0.00182967323357786,0.000225621729988113,0.00222801712008838,0.0179436996518508
"gauss_indep",290,291,0.0448880564058516,0.00366952747360876,0.0331150039993611,-0.349590353205741,0.64360226057162,0.66105577901793,0.449599767480263,0.935824728792075,0.00125994109444488,0.000126052107196471,0.00126154283772326,0.0164965325768273,0.017533329372358,0.0248607838323118,0.0209057480304396,0.0209049651047418
"gauss_indep",291,231,0.0357200020363064,0.00227013515592968,0.0269901636685011,-0.445028472585495,0.606497292283052,0.6609529606574,0.449615880143674,0.965900330595269,0.00110641290099034,9.23641743004282e-05,0.00116143344908831,0.0180452525759567,0.0138111640882915,0.0204594339418423,0.0139128824612577,0.0217754035138504
"gauss_indep",292,284,0.0224659644604778,0.00101594806350224,0.0182892212343051,-0.624287129351041,0.359173135204989,0.231037178371493,0.270520740966079,0.707973586095759,0.000920589105736092,4.81650032227586e-05,0.000828737652926022,0.0181882291271689,0.0126966255473447,0.0102982878147858,0.0113373179229841,0.017254247084378
"gauss_indep",293,260,0.0162163790479924,0.000670870706113747,0.0129041207032102,-0.795176902242744,0.358041851948073,0.239086421307479,0.25921571271378,0.693142010326337,0.000554320557751685,1.99228867512082e-05,0.000495736196346364,0.0200030589497105,0.00931089123148674,0.00783327352892345,0.0086182883408751,0.0226547940158258
"gauss_indep",294,284,0.0144871150061476,0.000515659149297652,0.0112837969881112,-0.902306187077788,0.267647078498079,0.121518580243041,0.191808338395072,0.523869233475039,0.000457668724368589,1.31424695881456e-05,0.000356908985736766,0.0156100593816694,0.00649835599275828,0.00343873151731161,0.00640864750379057,0.0168380224311888
"gauss_indep",295,354,0.0169010614886711,0.000648114097193934,0.0130202450910622,-0.829583606805278,0.312847031779083,0.196002079665401,0.23735032880989,0.637349695007397,0.000506144380227493,1.79651334583653e-05,0.000477839742552961,0.0170872833322698,0.00610190972203718,0.00393363402683653,0.00727488597006597,0.0231353058405972
"gauss_indep",296,364,0.0313875838267486,0.00168329590403005,0.0234040758543766,-0.437676898655394,0.299763375743365,0.177760849242316,0.22581158716586,0.623724027239853,0.000510012426834067,3.60499563646852e-05,0.00059793624801148,0.0266828559105922,0.00763373322343027,0.00549958769813061,0.00856524612367932,0.0211165935774962
"gauss_indep",300,210,0.00714308531289062,8.69183170619488e-05,0.00522560342130195,-1.27291770129239,0.355704953336361,0.199577549223702,0.249654659542864,0.664091024180308,0.000168494530219802,2.71160170609943e-06,0.000184554770567042,0.0148140789833656,0.0075870160354856,0.00651883928466159,0.00787965232287203,0.0198803140422647
"gauss_indep",301,257,0.0132734821538025,0.000287270023454423,0.00961612094718966,-0.949127606792555,0.203163933898519,0.0722519370303695,0.148388706457018,0.395562918499213,0.000228090453403424,6.00619670190203e-06,0.00030671470854771,0.0213770538158348,0.00496362369765857,0.00240062092949176,0.0062882916843347,0.0198261039932271
"gauss_indep",302,261,0.0141211649552772,0.000333705508745884,0.0102911397807881,-0.913791388282053,0.170448919118236,0.0481601836911058,0.12315110866479,0.309928868905621,0.000263581727186106,7.9175677595442e-06,0.000348616008846408,0.021005693653814,0.00277618238546179,0.00099427508028697,0.00388840846545811,0.0190787128795557
"gauss_indep",303,229,0.00819176956988567,0.000120992685776143,0.00612192647994021,-1.198295449192,0.131319864284859,0.0303415984815353,0.0962603221167575,0.18370144879796,0.000217865840672209,3.71569182253736e-06,0.000234672434454989,0.0187272724180021,0.00297087110497858,0.000885019103290538,0.00346595239041137,0.0198729261343806
"gauss_indep",304,286,0.00544886293738335,5.20887760290804e-05,0.00406262498680486,-1.3998156268082,0.103359374012192,0.0165903686857602,0.0729448226038367,0.0429579278817609,0.000210222272364677,2.575370148613e-06,0.000181424687270498,0.0192243726429769,0.00226110220321733,0.000583469318553043,0.00277655871155273,0.0185572580519802
"gauss_indep",305,147,0.00622170980356395,7.09984188547489e-05,0.00460058537746702,-1.35348581098294,0.10706253164664,0.0170172754996226,0.0741385182864691,0.0440098893352603,0.000182130319938712,2.64250308636096e-06,0.000191079711975769,0.0174136748840355,0.00204813059385946,0.000591083635167945,0.00194640196863282,0.0145693879812474
"gauss_indep",306,161,0.00637719120591273,6.45029836031867e-05,0.00447729982079947,-1.25148929735368,0.124420701588538,0.0242737669282083,0.0883947327179585,0.174283613603348,0.000154340158075152,2.40020396662087e-06,0.000149230472444914,0.0153627664787923,0.00213117955939484,0.000666489349446936,0.00216253434611382,0.0181558555644813
"gauss_indep",307,229,0.00650976971148525,7.63874829105833e-05,0.00481568886392919,-1.26946228054361,0.0788158751249612,0.0115144200093845,0.0584312453043926,-0.05945796080056,0.00019037550976554,3.01470457565582e-06,0.000216446156385601,0.0198135079250318,0.00201908894724752,0.00046264229347448,0.00232807568982512,0.0179249929232753
"gauss_indep",308,242,0.00782768310111012,9.33506097983294e-05,0.00555687960690293,-1.24826199615852,0.0680289609635132,0.0076382709546118,0.0481694923613488,-0.177561180795318,0.000171944292114231,3.00057474741781e-06,0.000168194671083153,0.0161008569864752,0.00178292226862388,0.000285395122953229,0.00194081428115138,0.020052586400149
"gauss_indep",309,242,0.0102830630773271,0.000158071717503176,0.00734551497924473,-1.0597290590769,0.0778402897521702,0.00904318398615714,0.054320691770103,-0.0975763235251373,0.000165156970726404,4.05797820030282e-06,0.000241777566506301,0.0233079521959559,0.00168949319774518,0.000312769370940837,0.00228455752071437,0.0250123637870259
"gauss_indep",310,240,0.00939075692416751,0.000150468783436779,0.00672935815471787,-1.16486332204739,0.0772429911254385,0.00915394256935371,0.0545532849165811,-0.104439218409663,0.000189023826685612,3.94993623496107e-06,0.000234604205488981,0.0219650282821384,0.00195268456681157,0.000337804401977947,0.00212178304069763,0.0205965298773303
"gauss_indep",311,269,0.0100005237381006,0.000184533273724073,0.00747722976183209,-1.08110833070546,0.082255315079552,0.0104207776935583,0.0580111937631168,-0.0747778910932033,0.000193474599232471,4.26821342561661e-06,0.000275970544162509,0.0235774801583976,0.00172706181951967,0.000294282019847378,0.00203287381418741,0.0203293027966931
"gauss_indep",314,402,0.0175145872436702,0.000553509915133238,0.0133993269897743,-0.771120464361176,0.179900799059815,0.0656829794678828,0.136150054991986,0.360191326326606,0.000567996107809108,2.36485467052149e-05,0.000572280585799305,0.0178039658620442,0.00412989653424214,0.00158682961055531,0.00440727030477692,0.0178642433921876
"gauss_indep",315,448,0.0144653617982566,0.000317189408165406,0.0101709395604993,-0.924928146860362,0.125344060299976,0.0254599629392919,0.0903717149465132,0.164210877743117,0.000381044141077094,1.17485236073541e-05,0.00039157093447617,0.0218234668450989,0.00238355085054239,0.000646299051884773,0.00278612987493057,0.0205745285018313
"gauss_indep",316,404,0.0130508313016495,0.000298066947558911,0.00951739358048642,-0.975232266112495,0.109976943915119,0.0218079005422419,0.0799821411524418,0.0833459127737621,0.000314597628113421,8.2448162427302e-06,0.000370364074251228,0.0204238036633697,0.00250337401642462,0.000645075296546222,0.00252603311407065,0.0169760516144492
"gauss_indep",317,474,0.0149546777362405,0.000382368877797538,0.0108403971596457,-0.910200091275024,0.133570577524816,0.0326823843047256,0.0971669415637785,0.191284792488403,0.000280923905230661,1.04153657081431e-05,0.000377449244026627,0.0203090546888176,0.00308615676620803,0.000946692847450804,0.0032873682195155,0.0208662043254029
"gauss_indep",318,476,0.0197696086372209,0.00071508623655994,0.0146165629916722,-0.759893765194012,0.158394908385006,0.0433068213931889,0.115553045973358,0.274886972655806,0.000426317192340468,1.79428017449818e-05,0.000548375414023315,0.0185350934222058,0.00366616411003398,0.00126918334021069,0.00382857131210229,0.0156229175311274
"gauss_indep",319,384,0.0254842208799954,0.00108814123224843,0.0184909838421894,-0.645138578146026,0.182759706024937,0.058715387504767,0.140927378867189,0.392228139273935,0.000634611491294591,3.71554981028744e-05,0.000729935459015742,0.0182757069075001,0.0067221093175834,0.00283143076967365,0.00657840155048342,0.0153382169591814
"gauss_indep",32,742,0.011057943539146,0.00021644510499583,0.00816193823842352,-1.02726450110067,0.109535110244336,0.0282582430114377,0.0844696940300535,0.127842444723542,0.000142315964760905,3.43880096681546e-06,0.000188339791208452,0.0179267967420481,0.00236223027624716,0.000563145804301686,0.00252636477169549,0.0198546464223896
"gauss_indep",320,510,0.0511356614100246,0.0051319103678887,0.0376692478397237,-0.270036461427607,0.66781051886096,1.02207289831299,0.522530448850563,1.0422848406525,0.000963701137168276,0.00010374720865422,0.00109822043564571,0.0216083795756745,0.0135228144105255,0.0214904704460901,0.014055591380163,0.0186630354982609
"gauss_indep",321,427,0.0394224609995485,0.00293215646092274,0.0287539817015357,-0.43234276383708,0.459202350204923,0.462578581419679,0.356468383616616,0.82942193475662,0.000969071182322477,8.32692987039734e-05,0.000972165726860159,0.0164479586245089,0.0108016692752806,0.0119886854310742,0.0121468145854089,0.0211017178030367
"gauss_indep",323,310,0.0512244563326505,0.00452337623305464,0.0373417975860308,-0.263528779258475,0.721011560765091,0.905958962769019,0.530739006676762,1.06992747048231,0.000964605860526454,0.000104025602466053,0.0012224468909776,0.0239523750510771,0.0140827374430753,0.021363813144493,0.0163944193643471,0.0254893974967386
"gauss_indep",324,367,0.0205277445962532,0.000750691927147172,0.0153730515088817,-0.718342194800694,0.379574177791753,0.247288028747448,0.275359784794483,0.742023740203634,0.000576541602970808,2.32292920417368e-05,0.000548219826499464,0.0162218758287716,0.00798422020566799,0.00644839446169285,0.00881078460719188,0.0236862162541274
"gauss_indep",325,355,0.0198396715183928,0.000700471064461933,0.0146148030214473,-0.755977980353451,0.373501543167396,0.248329693725632,0.271755021466649,0.693083882285242,0.000666114130876481,2.82397531998853e-05,0.000626373367171768,0.0199337790095139,0.00797818465441238,0.00734260162794953,0.00895570254722051,0.021853393517523
"gauss_indep",326,475,0.0182440636965394,0.000628980484287449,0.013855650327397,-0.789277656661548,0.447331583109936,0.389506232003192,0.332322762495699,0.830735812706925,0.00054041107672246,2.09055398874564e-05,0.000556221709210389,0.0160340498591811,0.00842184943292962,0.00812996680502608,0.0101347895088414,0.025995995433831
"gauss_indep",327,453,0.0136723387260886,0.000362641323210202,0.0107914431699753,-0.894611611656483,0.326753936534186,0.209405606960186,0.244263083464074,0.659185779600127,0.000441059823263,1.28806909690153e-05,0.000488140216915895,0.0176941730867871,0.00867089203625132,0.00587008525144809,0.00904314833113881,0.0204223660500587
"gauss_indep",328,513,0.0117409828846046,0.000272650452359872,0.00927080855053532,-0.970123203501013,0.321630315693465,0.221404101291297,0.2494490647419,0.664542604241731,0.000386105020642824,1.01260548433787e-05,0.000393617039102469,0.0170298248125124,0.00859675420660989,0.00559780346504189,0.00900578472756404,0.0209262876497844
"gauss_indep",329,319,0.0157227948083797,0.000497162380030304,0.0118673121071557,-0.857782936562232,0.457324338571381,0.379856986679899,0.343827486668531,0.869989166708045,0.000263532527733646,8.63536085683464e-06,0.000334495584709527,0.0168001813760222,0.00810199433221221,0.00762027359479057,0.0110277441139896,0.0227650258527273
"gauss_indep",33,1151,0.0178745072682803,0.000643612714708887,0.0139556288491907,-0.775393017171134,0.155708976700379,0.0563891444494736,0.126017217500956,0.318692470367364,0.000565911507987716,2.12888184017992e-05,0.000588524350697382,0.0175234442095949,0.00506230037764763,0.00173768870522965,0.00523302076199083,0.017617716433383
"gauss_indep",330,499,0.01113555661756,0.000253998582873582,0.008593292908607,-1.01817067604586,0.276654895273036,0.163512560540693,0.213808044566463,0.569292180528892,0.000284978283453792,6.79014856112064e-06,0.000324405348607361,0.0174948756711735,0.00718489827936736,0.0047504237522001,0.00879126175500201,0.0210286155998438
"gauss_indep",331,119,0.020748399384211,0.000732245308899951,0.0153766752028883,-0.678428396148866,0.276890861323862,0.122597845833952,0.195438989272868,0.533294275587712,0.000512946162798195,2.1661655771425e-05,0.000554002880312882,0.0255479414869456,0.00510033019006292,0.00317576943229892,0.00744360360775677,0.021326917513196
"gauss_indep",332,349,0.0145776385611277,0.000342929977616327,0.0105269787499435,-0.892739236393076,0.158233668431893,0.0428887483121085,0.12327963595733,0.335554501514227,0.000361164242397152,1.07380065114184e-05,0.000437457755598795,0.0217163425716718,0.00638072704502202,0.00215848965642849,0.00614449432181785,0.0176229354578625
"gauss_indep",333,399,0.00580289603071533,5.54842284408e-05,0.00436940158580679,-1.33642560718354,0.141509095457273,0.0385946336282898,0.106495216578295,0.237659786241426,0.000182648967393514,2.56821847564232e-06,0.000253910318727857,0.0193659494794905,0.00507124405867677,0.0018409701783767,0.00529118023593776,0.0188026755605206
"gauss_indep",334,347,0.0052241319879332,5.47437631747595e-05,0.00387899004839406,-1.41149304622997,0.112242155946789,0.0209026591597993,0.0814092201994574,0.100441211069651,0.000191113986151418,1.98823546770813e-06,0.000156318124344464,0.0206498500647026,0.00353817230162197,0.000978460530464278,0.00390053157486125,0.02073997592235
"gauss_indep",335,293,0.00520622763736493,4.24162581639203e-05,0.00380300554292751,-1.41658589867461,0.116504550771166,0.0204212126987914,0.0811203733228601,0.0954311833250793,0.00014446767756977,1.57070164811109e-06,0.000155331758441484,0.0192045411475528,0.00310639666302805,0.000791162584900155,0.00324680883913356,0.0190616849056465
"gauss_indep",336,170,0.00628408854336746,7.02078428547623e-05,0.00456458016522713,-1.34205681976209,0.0961404839036443,0.0145254561172834,0.0698015283521793,0.0349286921312148,0.000194090329795115,2.7058946764249e-06,0.000181308721280297,0.021865807509753,0.0030562208016636,0.000700932228403315,0.00330487606924797,0.017136234454899
"gauss_indep",337,298,0.00599522179117019,0.000117968506684821,0.00476672635971335,-1.32079028726867,0.0750674728033265,0.00883599951949432,0.0543211945983848,-0.0949333471325811,0.000232620541779314,3.16500732596555e-06,0.000249865949840568,0.0200983839162357,0.00236699071906312,0.000414691373307384,0.00301525356052081,0.0234591326551418
"gauss_indep",338,339,0.0105865272653027,0.000337865573104875,0.00845491807101367,-1.02620788082477,0.0720807399024853,0.0121892436601248,0.0548235186102129,-0.114835792945354,0.000289912015953175,5.89679555598408e-06,0.000314841468752714,0.0244816566104256,0.00196787681055876,0.000272653993672765,0.00241121526255886,0.0251910584766714
"gauss_indep",339,304,0.00898516793374448,0.00015064018049794,0.00668463197233297,-1.14352657052675,0.061497194918599,0.00614709368829387,0.0446166652047839,-0.194834345927709,0.000215992882908766,4.37814854350015e-06,0.000215865461241065,0.0164974708564397,0.00176609267942623,0.000243362412774094,0.00187508149252838,0.0182832089345696
"gauss_indep",34,470,0.0352659831207418,0.00218200055040242,0.0259770813773424,-0.468554738587456,0.408285508897931,0.416609498733005,0.303976403686898,0.738920185301509,0.00103539806244772,9.00034100021096e-05,0.00107661702811339,0.0171684343109376,0.0102800304683945,0.0118154493330563,0.010870572319627,0.0189272486229202
"gauss_indep",341,329,0.0503302372571559,0.00445583266072855,0.0371603691252703,-0.28137189821782,0.268312882759868,0.132498646516733,0.201591913286318,0.571060031023509,0.000808562185228652,8.86677571767828e-05,0.000989309798523922,0.0205672556128462,0.00434964703568304,0.00261726711711604,0.00604180785041249,0.0233826208230698
"gauss_indep",342,415,0.0302683884181054,0.00174057460309352,0.0225592912565024,-0.54009977211071,0.165058764922279,0.0555248262117681,0.125440313382818,0.317191094266312,0.000908830993363909,6.14994293569403e-05,0.000908985651768111,0.0205175169173576,0.00420636012906086,0.00174301284239627,0.0042660393678363,0.0181798944598404
"gauss_indep",343,464,0.021945594079519,0.000972012212701107,0.0168733458664529,-0.692056217644562,0.0962387810912729,0.016824902856072,0.0715650285061038,0.0265861283382,0.000620502876839123,3.34590232776706e-05,0.00069988563304512,0.018698978588583,0.00238735417836584,0.000563779763764749,0.00269241592561542,0.0181983240204575
"gauss_indep",344,248,0.0218924609466683,0.000919263074727217,0.0161170477620478,-0.727627675664083,0.114343526560152,0.0213626499207987,0.082058960333299,0.105951264240199,0.000529601327488672,2.62292642411379e-05,0.000642179257242446,0.0199440924259013,0.00281449813152885,0.000630658186121937,0.00354586222233088,0.0206363662074901
"gauss_indep",345,444,0.0257597921472271,0.00120683450419321,0.0187692828606498,-0.64914630350173,0.116615649678585,0.0236667162775748,0.0865383546655545,0.137453401905787,0.000720821646528821,4.00543455407247e-05,0.000820655412686349,0.0209307000710383,0.00337115225806049,0.000900576898724226,0.00340333178101107,0.0157573708582159
"gauss_indep",346,655,0.0504898086614861,0.00448698058191381,0.0377955428091992,-0.222034760716468,0.383387084045991,0.322419952018378,0.295138465876812,0.796030774315335,0.000677399254140909,7.41522205872295e-05,0.000866915344080186,0.0228606647548702,0.00549319458392428,0.00487506854267587,0.00667861479832853,0.0229537623424667
"gauss_indep",347,389,0.0302687813312904,0.00157886032131238,0.0220108888180671,-0.570365501217116,0.164385830461522,0.0471080115325615,0.128150501516474,0.347160375161492,0.000740519910178406,4.96202295658139e-05,0.000809372784001862,0.0193112818179401,0.00657795966090799,0.00232904941642122,0.00495027202300915,0.0145342444720672
"gauss_indep",348,391,0.0294021110256003,0.00157220922553562,0.0216995094823665,-0.563954404170672,0.108554960918247,0.0200941194384449,0.0966052050632992,0.234866841136203,0.000643583033008007,4.18987784798436e-05,0.000710821637028032,0.0192433781843747,0.0056245170395059,0.00138814769387082,0.00497174049428888,0.0144063212882136
"gauss_indep",349,340,0.0214854082658374,0.00083477280447899,0.0165534834619887,-0.692384365239557,0.0961931738411924,0.0215338492283976,0.135359254689924,0.430753507955768,0.000791450692210774,4.03792511431189e-05,0.000919453210688546,0.0191536414894881,0.0106427989304621,0.00266511130336602,0.00932407773202538,0.0156810809540654
"gauss_indep",350,318,0.0329768006747694,0.00186550420574526,0.0245048097239893,-0.471537604925399,0.17753063136746,0.0672979754397428,0.151269295125279,0.43648775145364,0.00076727901764299,5.22349941767297e-05,0.000806814548843349,0.0241129551590796,0.00839577960469595,0.00285163565783951,0.00740241553863072,0.0170394134455864
"gauss_indep",351,294,0.0373356609450858,0.00217277560808856,0.0269747626115922,-0.421251349017791,0.196646877198326,0.0670852466665044,0.144818064682022,0.383773092589256,0.000719216902945586,5.22993181019554e-05,0.000699284177435969,0.0202322457115822,0.00545643420204709,0.00236136443544474,0.00661937357282652,0.021554550297757
"gauss_indep",352,392,0.0220064113332488,0.00107343504231989,0.0161663276481937,-0.758207321862103,0.129868513109042,0.0499639017165977,0.108156466030708,0.184744471806483,0.000707266594694871,4.03974639151057e-05,0.000656067541217483,0.0212849789929354,0.00541749112029267,0.00186134694341823,0.00492078994944387,0.0209346391059057
"gauss_indep",353,360,0.0389935880287896,0.00256619630969542,0.029041364988925,-0.34089153639096,0.289532000718178,0.175954185698678,0.22077887424838,0.585404773299926,0.000713460428170937,6.43725304291911e-05,0.000882314330282461,0.0262755395034123,0.00788535577571307,0.00536702275960156,0.00727099952856581,0.0224932588737369
"gauss_indep",354,489,0.0338654288941569,0.00192550104273899,0.0245219373959033,-0.478896415981928,0.313010447744774,0.200928323984555,0.240253657927039,0.640896104749129,0.000608466783437207,4.607188318125e-05,0.000720808240643292,0.0228538464981041,0.00787744530597841,0.00529148020007201,0.00876965260637921,0.0229973011698592
"gauss_indep",355,568,0.0353968905025502,0.00241590262589301,0.0258359545261905,-0.471371196907946,0.359239239408832,0.238109005914141,0.268071317374909,0.700980510323932,0.00064968725321848,5.26891683887893e-05,0.000743916086247462,0.0193023765283812,0.00663622423839851,0.00597917282076131,0.00782850779009673,0.0211729760502145
"gauss_indep",356,299,0.0428810832099127,0.0036844501737512,0.0325079511895653,-0.33705812762779,0.314493027578822,0.171073304674725,0.230789816736926,0.637659336709999,0.000918763708127133,8.60533496043593e-05,0.000985178335293384,0.0225939999851053,0.00527053234985794,0.00364582444503222,0.00621550535680416,0.0223766745659785
"gauss_indep",357,487,0.027319538008281,0.00136204369473736,0.020145261573759,-0.594700937203096,0.291743072272962,0.162547314505586,0.219925316173848,0.616009912757171,0.000642133084058787,4.06804796911803e-05,0.00065820834737624,0.0192321904949919,0.00540571688323295,0.00353308410257826,0.00633859254458173,0.0218461777189839
"gauss_indep",358,444,0.019164648956886,0.000679316328989238,0.0141231969693078,-0.772101063499157,0.244052396837927,0.115886061385602,0.184027893364622,0.509544315335212,0.000450120809604699,1.80755861909806e-05,0.000483453460579865,0.0226870756297683,0.00506179737731418,0.00300295590378753,0.00565598306312052,0.0218268700343025
"gauss_indep",359,327,0.0230356081824242,0.00137809662162407,0.0186786141563327,-0.63083567259374,0.300142633384633,0.151848836940172,0.219095928581578,0.621132243279553,0.0005867611894456,2.69549900845372e-05,0.000590552217494131,0.0204404755067717,0.00537243555867854,0.00358549316368616,0.00557824582466491,0.0225760541730694
"gauss_indep",360,305,0.0214671245106462,0.00101107746019896,0.0172688471314321,-0.681751664887775,0.259452163418692,0.139763821234499,0.196495403260363,0.55965890847212,0.000660309098243151,3.13867871997276e-05,0.000644946844048742,0.0165836604911288,0.00490475313532219,0.00275856565056009,0.00491382159032224,0.0238681781669443
"gauss_indep",361,230,0.0217562951305684,0.00114827981547535,0.0174646121567975,-0.659805612848537,0.188316399659678,0.0605226783828887,0.140739536990888,0.40834565104094,0.000628374784469346,2.60461137190831e-05,0.000601856404002347,0.0226283987072413,0.00417065266453494,0.001712267517635,0.00442392337903824,0.0249309807972355
"gauss_indep",362,261,0.00990347081476509,0.000184918001910785,0.00815175501367483,-0.99777928290493,0.113665625046628,0.0218754301942431,0.0837501968327898,0.131586774480846,0.000422247312708616,1.03131155378318e-05,0.00043926125471506,0.0184721369984481,0.00248258302896726,0.000646681017808565,0.00292998763505007,0.0207596466319485
"gauss_indep",363,189,0.0130268976222059,0.000354168710372065,0.01035888365255,-0.853587345076618,0.0973350250070805,0.0160194550354937,0.0698709413731354,0.05150879215748,0.000507481271240001,1.52545975445786e-05,0.000534704339700769,0.0193480823050482,0.00281900435467281,0.000655025637390159,0.00301570409656432,0.0203415405351677
"gauss_indep",365,363,0.0534730306513282,0.00502227961606676,0.0393845880296894,-0.237405582049628,0.161083869585694,0.066155759822017,0.123771630886937,0.313879413445393,0.00110645999909632,0.00012705064902468,0.00116054521408408,0.0234509570232311,0.0040545686788671,0.00143580652240107,0.00430727678345147,0.0211565812965512
"gauss_indep",366,473,0.0388800803552871,0.00289006030449603,0.029428351507181,-0.386776125784413,0.151083830617047,0.0378642952020841,0.108227980288951,0.226740310044685,0.000736153630177886,6.24976387597601e-05,0.000728567727362487,0.0190296820533836,0.00319641584762177,0.00111217886035105,0.00346892284231868,0.0183269142725153
"gauss_indep",367,400,0.0260764486230706,0.001338863744359,0.0196399471778421,-0.606650413670266,0.118238751813393,0.0289064154663555,0.0887615668155207,0.156055930188028,0.000546765049900167,3.04837272730582e-05,0.000628846696527112,0.0205905510164404,0.00256491103751327,0.000627460315185835,0.00284252702167159,0.0225831074083187
"gauss_indep",368,466,0.0245565941842252,0.00111826064442152,0.0181334757728339,-0.662038593893572,0.101259402591554,0.0169423476300648,0.0725704259023516,0.0467702163802014,0.000549324247180836,3.07693424215962e-05,0.000600830284135011,0.0220528749222487,0.00205725270363114,0.000474662599951919,0.0023025635587473,0.0201500337777421
"gauss_indep",369,449,0.0234104296503066,0.00100432520958634,0.0173782645781831,-0.680647093689059,0.0990288722273043,0.0188069624604076,0.0791301703614121,0.102145671207397,0.000745873308569299,3.99103388882637e-05,0.000691183756872064,0.0175821032961454,0.00329172628417089,0.000663487699530759,0.00340882795239739,0.0146133373731861
"gauss_indep",370,143,0.00768794673173604,0.000113434516119475,0.00751430977726461,-1.02642465928419,0.161222022924758,0.0397811298685152,0.11369378105052,0.279041264724301,0.00046011235455429,7.41820945886775e-06,0.000427225482604555,0.0161930168124798,0.00491251005157452,0.00181184188907915,0.00426522584146069,0.0224760526177114
"gauss_indep",371,154,0.00421219489008849,4.29247637535619e-05,0.003588581624859,-1.47072510283197,0.0623557659499182,0.00734101271755861,0.0439479052572918,-0.272988625225284,0.000139744977287433,1.52574981202045e-06,0.00014536124328166,0.0153131115595289,0.00204729202037394,0.000366820723712482,0.00216057089770698,0.0206544828216589
"gauss_indep",372,167,0.0117990225218108,0.000262939822840214,0.00942995970895251,-0.909165726645556,0.141134191684974,0.0384854761862616,0.105643869656547,0.235947771633114,0.000470845527436958,1.173822554658e-05,0.000435737138398815,0.0152752787028174,0.00298040714672334,0.00081345218166798,0.00327254262938307,0.0274295111598674
"gauss_indep",373,304,0.0102093457471699,0.000378276922104929,0.00924544915099966,-1.01623127659091,0.0794774283956457,0.0118678345349852,0.0577909740510759,-0.0996469492498635,0.000453925724007551,1.09070938553277e-05,0.000529723663559939,0.0220365263741573,0.00187753551418485,0.000404846706380726,0.00201798829025699,0.0185825090443714
"gauss_indep",374,487,0.00967779662630002,0.000263291223458807,0.00830979752042622,-1.1065620643653,0.0650976504322887,0.0085777733768305,0.0475807124769442,-0.202992829649402,0.000506760744967881,1.41212415859281e-05,0.000361168229842791,0.0177302485565099,0.00153409835369453,0.000249382982159376,0.00177296144121626,0.01911186839917
"gauss_indep",375,399,0.0142840666188714,0.000414625513890673,0.0130643846833506,-0.775784754707121,0.074419873322946,0.0104519059122534,0.0736679134224133,0.117445296351874,0.000818706447212688,2.9212705880677e-05,0.000753458018243587,0.0166047781154694,0.00482100696811719,0.00091167733451265,0.00477954574046513,0.015862986421054
"gauss_indep",376,402,0.0324027038323244,0.00261038503391693,0.0263915379773713,-0.461267858637674,0.169092560674467,0.0561080502363039,0.131187005833692,0.346137058260986,0.000904520333763556,6.81207563394458e-05,0.00107383430639839,0.0217747012910433,0.00626219240877356,0.00265412258214567,0.00596200092836878,0.0152622413213901
"gauss_indep",377,543,0.0325189110553568,0.00214207474380185,0.0247810024466592,-0.485511240950518,0.130627542386502,0.0444877359114664,0.111672744449353,0.271228000141705,0.00076269926269606,5.32636100617953e-05,0.000786688062774131,0.018992212312915,0.00537319459003557,0.00170477404349268,0.0045096836493763,0.0151066725542793
"gauss_indep",378,433,0.013280481261797,0.000350402931934143,0.0101051953313727,-0.958057969230083,0.0763280007868293,0.0104455720852758,0.073768251607017,0.0938575701739962,0.000451918814983655,1.48003631354409e-05,0.000433570136476389,0.0168343626296449,0.0043095503775959,0.000784560746767139,0.00412931686017249,0.0152163616401194
"gauss_indep",379,309,0.0326726749735533,0.00213052742160489,0.0249675650931833,-0.470035123464143,0.169789909471433,0.0481301985943788,0.128408212231827,0.363293162453193,0.000648523686514322,5.46923197368353e-05,0.000790209537945699,0.0241115599047668,0.00570299155541138,0.00231098575913269,0.0060610232715536,0.0196584639158519
"gauss_indep",380,357,0.0309732225080753,0.00170576833093949,0.0227229151413034,-0.534398138123507,0.129160603938281,0.0306075476450133,0.0972064473210265,0.186630658960367,0.000534678103711565,3.80698644015057e-05,0.000765385303738647,0.0232596369911593,0.0035828320501753,0.000999488144473259,0.00467647452601147,0.0202704264274202
"gauss_indep",381,328,0.0236511727843707,0.00104145824405377,0.0175691494583659,-0.65685915920584,0.107394656019258,0.0211342569643181,0.0789447885493819,0.0761609008018876,0.000530710387433409,2.82152009763381e-05,0.000542243320510461,0.0205195466911876,0.00267546821629703,0.000661201221938207,0.00279239430332615,0.0220825647951853
"gauss_indep",382,328,0.0298525394723529,0.00185640510868066,0.0225466866715593,-0.551351509032478,0.116054622935805,0.0289025883420233,0.0880700457455727,0.104190757369544,0.000638473147212551,4.43443239218745e-05,0.000732038826826666,0.0209793678705971,0.00272852375963855,0.000732738703090355,0.00312179652542049,0.0229013419687655
"gauss_indep",383,336,0.03655468632074,0.00288690560529224,0.0278445099590686,-0.418510878208489,0.190966771355394,0.0709977959425694,0.143468483927183,0.411390896233786,0.000940906654169067,7.70696360780956e-05,0.00094875037315412,0.0185955220501345,0.0040071897185146,0.00160032327590336,0.00406639082935167,0.0204529472587932
"gauss_indep",384,274,0.00858045201706619,0.000150530825483921,0.0076477171961712,-1.03394623949767,0.165002227607948,0.0544028924511104,0.126103282864378,0.309659460551829,0.000447882804024954,8.03902478865288e-06,0.000444295306191191,0.0172350539000714,0.00411412771140359,0.00153029431321151,0.00406211946611462,0.0199928916582581
"gauss_indep",385,210,0.00575883905455991,6.23376438949534e-05,0.00497028660814414,-1.25410809228503,0.127508861677301,0.0297538215732299,0.0953767981223065,0.189532387091462,0.000260776263995848,2.89008067277629e-06,0.000262370043724675,0.0157477164800576,0.00313576365918346,0.00085484469606076,0.00372110513676933,0.023510590953175
"gauss_indep",386,233,0.00435639108319789,3.11281850500738e-05,0.003934019539593,-1.35104626725016,0.0764039003648482,0.015282125564906,0.064361616343971,-0.0222968008153724,0.000312357455279469,2.73779692620713e-06,0.000256669042275899,0.0176015774719303,0.00345523594630236,0.000564781622545931,0.00324758241429859,0.0187550282549663
"gauss_indep",45,434,0.0170171793913231,0.00050050998408716,0.0123622191123856,-0.828736242976939,0.0744377030410421,0.00966154103219253,0.0538226311264922,-0.106535202778477,0.000358272010936306,1.34375390975709e-05,0.000398031220795743,0.0224695444465904,0.00171992999024074,0.000284476361672645,0.00200158283444025,0.022424715483347
"gauss_indep",46,422,0.0135284398344088,0.00044769932131887,0.0104146913051614,-0.936601394045883,0.0589930863635963,0.00894842948106577,0.0465111730718025,-0.165598623750649,0.00034346646223841,9.88492680398596e-06,0.000395150444887117,0.0211686222090654,0.00161602961066083,0.000210940901207942,0.00164284473889373,0.0220677980044526
"gauss_indep",47,597,0.00975141983314255,0.000210805671747425,0.00766008224524751,-1.08274544440919,0.0437624390283784,0.00444539891630448,0.0352296767846313,-0.314243990304249,0.000334310902251427,7.07728655715399e-06,0.000341752447085052,0.0199188667489502,0.00164606562784407,0.000166301525691086,0.0018672436891949,0.020482220644626
"gauss_indep",48,591,0.0084706451860368,0.000122715991545462,0.0062382362877866,-1.17897179163568,0.0370496795910476,0.00220173796806378,0.0276988241028373,-0.421973179906222,0.000246725511542197,4.66581365620567e-06,0.00027655773047911,0.0204072212460202,0.00129091397998129,0.000110361470981896,0.00136386760662472,0.0167399944728536
"gauss_indep",49,367,0.00928072409096501,0.000156306872720304,0.00677927183391332,-1.14696928753169,0.0690544468155671,0.00836883782989972,0.0505830847393069,-0.131171752859057,0.00027829480046253,5.71348982083118e-06,0.000279231683985255,0.0190172650954742,0.00149173754769763,0.000241297379375426,0.00169663467483719,0.0209891267378827
"gauss_indep",54,329,0.0128151644439745,0.000334128001993487,0.0105133111977371,-0.90772930757147,0.126320959076403,0.0343727345589151,0.113893221260297,0.287630841043019,0.000499142120108652,1.51362733456177e-05,0.000562169658785297,0.0180270517169013,0.00585604935919108,0.00184833648754119,0.00643441131114132,0.0159232187916214
"gauss_indep",55,843,0.019257476316214,0.000828847391436158,0.0168271011732197,-0.661946441474359,0.187790505250094,0.0790048165344714,0.154824571012263,0.432477695584765,0.000899112058336943,4.04448380334752e-05,0.000816395045481207,0.0156048129877709,0.00698974517429978,0.00328580920646134,0.00735047233664347,0.0179997739737444
"gauss_indep",56,760,0.0822062098457438,0.0122557153929561,0.0612951685781439,-0.0115514344294034,0.565117521878874,0.546530631520743,0.412120999120128,0.931246692407706,0.00158684167646417,0.000274674980737323,0.00184505325435629,0.0228532423622953,0.0114927489088218,0.0144529979583167,0.0134550981278937,0.0228693815780853
"gauss_indep",57,173,0.0508196029800896,0.00494179370363182,0.0380383970633355,-0.219345813831632,0.255947422732988,0.126108191514621,0.201187397127602,0.577688209636039,0.00196764108958433,0.000257760380226665,0.00170139597362775,0.019138296325493,0.0112194540976303,0.00689109737820148,0.00945182438962616,0.0171521209591477
"gauss_indep",59,214,0.0153790708122196,0.000739213193803809,0.0134600056319414,-0.523955847765177,0.05069798129786,0.00903626952102062,0.0452733995264633,0.038101590448103,0.000529618491067378,1.49358061745528e-05,0.000361046075935268,0.0284375043614612,0.00144900099346847,0.000152853401892345,0.0010638931781989,0.0187473369533922
"gauss_indep",68,1003,0.0316593010465207,0.00190475771395235,0.0230461387780768,-0.527758869407156,0.182680392641452,0.0658932485326531,0.134619517788522,0.327280794255556,0.000479576666669414,3.90027482605407e-05,0.000572757090475349,0.0181536030544854,0.00340343247613484,0.00166938097256925,0.00385819610707017,0.0182486535147494
"gauss_indep",69,634,0.0201784188509229,0.000887461284015055,0.0152286373232758,-0.76946830502714,0.115077238098689,0.0252571596614611,0.0852668528225751,0.103428271723765,0.000498586016222915,2.65662990012597e-05,0.00060988049345738,0.0214586458814305,0.00308304515920413,0.000901616172176775,0.00333868974982092,0.0187869379987726
"gauss_indep",70,380,0.0155879052672766,0.000500166465506508,0.0116795547604308,-0.884447638124733,0.0945198577800629,0.0166303921625279,0.0682102878514916,-0.0040279692008774,0.000453121250149636,1.57904967969643e-05,0.000469375628991729,0.0209167791038272,0.00233632295890604,0.000491825174433377,0.00251583017770509,0.0210635011666794
"gauss_indep",71,374,0.0113425767832976,0.000199435561663908,0.00802628065384826,-1.06345181787787,0.0597139355868621,0.00545073404616381,0.0414936446870628,-0.246971074523832,0.000329286854109672,8.44995778230001e-06,0.000314380181415188,0.0176606112648808,0.0017936441237889,0.000260849883717462,0.00176282732235905,0.0189678779525373
"gauss_indep",72,479,0.00770707534985083,9.36208858942565e-05,0.00556572690799299,-1.23679890816342,0.037154657439419,0.0021644664330748,0.0264302310811189,-0.460760166428057,0.000160885651450609,3.29053437376952e-06,0.000198809647659319,0.0148049183594276,0.000808366436189376,7.07908973444232e-05,0.00104263971784909,0.0163801436261406
"gauss_indep",73,378,0.00852142954684622,0.000126859675127096,0.00624855088529748,-1.192560661517,0.0401705476896346,0.00325622777130655,0.0301957045332836,-0.398028329891992,0.000223449560051169,4.78825496306352e-06,0.00026872064714718,0.0203397894068235,0.00100560766036329,9.69463265811474e-05,0.00135357146910346,0.0189152683094186
"gauss_indep",74,544,0.0118704069195608,0.000239939270255116,0.00854262010186302,-1.03049567250309,0.0775952934702537,0.00951359805257569,0.0550468895992254,-0.101636824579938,0.000225680711671114,6.44326008450013e-06,0.000257981209323782,0.0205966275225457,0.00153597253300969,0.000266878864994873,0.00194550782548247,0.0216723993532414
"gauss_indep",79,486,0.0338970398240582,0.00232755477329675,0.0256108757082277,-0.434049329388713,0.663223628613851,0.903367667690561,0.507203846135439,1.02784567612486,0.000637231257193188,5.04846603167511e-05,0.000748475909248314,0.0256108866625995,0.0128543447542294,0.0202107956857477,0.0146411862913437,0.0238048530059726
"gauss_indep",80,496,0.0415632271382188,0.00373582187950791,0.0308893712300224,-0.377948405425783,0.589999062561469,0.705173503882753,0.437506685743289,0.935414038418009,0.00099753286688303,9.1200203549518e-05,0.00104645652137735,0.0198132398350441,0.0127736552339037,0.0171604379581569,0.0153330617734696,0.0224544997646247
"gauss_indep",81,400,0.0582325590606689,0.00561631195213532,0.0422007815262391,-0.198186330069631,0.577330712826721,0.546543314336501,0.42142969680801,0.976691747223557,0.00110986877628008,0.000136643870248279,0.0013749425521738,0.0252299319796011,0.0121501873145197,0.0140405911366248,0.0126862934375598,0.023607077322214
"gauss_indep",82,496,0.101522487141421,0.0170440137630852,0.0733891465113294,0.0674875277424831,0.597809812610313,0.57962823913026,0.429936169941946,0.95523102257349,0.00214904711616471,0.000482516521437556,0.00250659216984536,0.0233853181052276,0.0121770692509223,0.0167749704465078,0.0153069924234106,0.0253755012794017
"gauss_indep",83,589,0.0964074456372695,0.0171118227411428,0.0725369187088663,0.0544799551402093,0.442511744610087,0.354104569120874,0.331560048489515,0.811834907060695,0.00216723909593679,0.000491652419817712,0.00284654331041124,0.0229427257058478,0.0110336256268232,0.0116452434323432,0.0129747818726594,0.020038379322744
"gauss_indep",84,483,0.0256558389512408,0.00263619948714121,0.025566433877211,-0.493812650625201,0.0520165965862905,0.00644415923022117,0.0648221936035776,0.060495764687236,0.00132435875535503,9.64968881756625e-05,0.00133174408616777,0.0159586625232992,0.00433442109866457,0.000614904433974921,0.00469546053600144,0.0150988100394508
"gauss_indep",85,436,0.0228339898992394,0.00137181875183692,0.0178529118384559,-0.670454056539293,0.0714731902357289,0.0124863308295192,0.0535597994526834,-0.117292338122435,0.000775309002345871,3.92847420129076e-05,0.000778529358473474,0.0232875811218436,0.00202189252725843,0.000342983139230081,0.00206289891694516,0.0236092307691466
"gauss_indep",86,368,0.00872391320706639,0.00035857887727792,0.00857829339034792,-1.20134234617815,0.0346402323386889,0.00579872234313591,0.0365029585926144,-0.509849704251074,0.000477272349765721,1.92710831136542e-05,0.000509469898067791,0.0156221836059105,0.0019525377842113,0.000308338542633785,0.00220075668183551,0.0170500484700885
"gauss_indep",95,563,0.0285849493658484,0.00128663621420676,0.0204332011029051,-0.565921449864856,0.281069975230901,0.168501356062334,0.211459268547236,0.589367754777876,0.000421952742607217,2.86852599795073e-05,0.000580561702322853,0.0214843662775008,0.00468444157630255,0.00346513841208298,0.00525674141848964,0.0205150765958484
"gauss_indep",96,880,0.027169441922531,0.00133173508534815,0.0196934544762479,-0.612113147601245,0.201228504527717,0.0792642469607668,0.148052409459176,0.382839823034069,0.000456068421843117,2.87815488526863e-05,0.000580645837130712,0.0186153855540548,0.00406402138455588,0.00202887313909513,0.00465562973709288,0.0199437679593051
"gauss_indep",97,552,0.0270966058326632,0.00139812442640261,0.0200761598848447,-0.618761123531777,0.185825663404588,0.0651517162345764,0.136905627329735,0.354102243867273,0.000660754579988126,4.44213369892161e-05,0.000691681270590564,0.0216615579047006,0.00451458415968382,0.0020014808820119,0.00481505737569699,0.0215341009557608
"gauss_indep",98,440,0.0241087636304842,0.000965026092819287,0.017515247833701,-0.642398471098642,0.13256081476267,0.030452070867534,0.0973576182628365,0.20285716851347,0.000582891108223909,3.24419695531924e-05,0.000651373578704202,0.0222209831053246,0.00308020213158193,0.000947479115057107,0.00348088191048467,0.0201770211990046
"gauss_indep",99,316,0.0207077347867371,0.00066493994028248,0.0145774684486958,-0.75192819091938,0.108015888817792,0.0189516905803551,0.0771831117846419,0.0761224996526598,0.000432000419507261,1.86854317535991e-05,0.000486380783529304,0.021283288429222,0.00238109254831523,0.000575511677412236,0.00276480141640127,0.0220274946843758
"nig_cor",159,191,0.00538211035875675,5.78038454065678e-05,0.00428001668088146,-1.15565450634682,0.0825382262359092,0.0110960230497371,0.0642723754579211,0.0906466540456965,0.000144760643198127,1.86909402647662e-06,0.0001939511931234,0.0154875955541893,0.00196939847525844,0.00046465120322137,0.00239056630812956,0.00998059558818309
"nig_cor",175,134,0.0317500542284447,0.00162650027413567,0.0228944652456506,-0.38701818232058,0.167007123616305,0.0428647489982659,0.114355134836142,0.290002268026315,0.000490495391812085,4.39770815692825e-05,0.000862257710225902,0.030511907120538,0.00314269693848754,0.00115919602497268,0.00483717019862904,0.0234642189287493
"nig_cor",290,291,0.0422951970788953,0.00335222486384984,0.0306848583603758,-0.390542224058358,0.649949778346151,0.701724309348806,0.460661363778032,0.949585982949608,0.000923820481756774,9.32700857732486e-05,0.000958609688287277,0.014913941667996,0.0146428296321736,0.0213520479514837,0.0152102108745186,0.0136665616321228
"nig_cor",354,489,0.0345370727783879,0.00204626645513126,0.0251862963857558,-0.452576053196069,0.315749798419794,0.19936440087821,0.238377760388154,0.638843164547505,0.000692964421764332,5.93024455301228e-05,0.000806885262519905,0.0248458871608544,0.01098231245215,0.00798202988614323,0.0120551028021172,0.0265891414107677
"nig_cor",358,444,0.0198860011300753,0.000732354863570006,0.0147437144697646,-0.682848362749735,0.246543294363673,0.116291569443257,0.180535566794818,0.475962883055701,0.000537354865224287,2.73955557239858e-05,0.000530613275456249,0.0318226160495343,0.0104138781062048,0.0074737046146794,0.0135112408245581,0.0360245495059875
"nig_cor",359,327,0.0264017574557568,0.00219111646245455,0.0205458203533514,-0.634847922322252,0.301238480006608,0.154187783073229,0.219784675544288,0.595351900567162,0.00135610633645364,0.00021585626711137,0.00215004218758757,0.0597193470391417,0.00803679029238682,0.00627714322582018,0.0119096493239809,0.0322019439817203
"nig_cor",363,189,0.0128496797611766,0.000344021359455333,0.0104655481168345,-0.804941668930039,0.0959272446984611,0.0153366166909311,0.069285335961405,0.088028913263008,0.000572008375165478,1.6996558828902e-05,0.000619882491001355,0.0189688793417977,0.00279970647573557,0.000589955432009729,0.00312767918542657,0.0196647438353147
"nig_cor",45,434,0.0168334120122147,0.000488058752286022,0.0121786018151265,-0.83955907696679,0.0733096798699808,0.00934116393292578,0.0526430250882917,-0.112512402120979,0.000353719358050323,1.20667534044648e-05,0.000410382568670519,0.0225900492458874,0.00167903943854147,0.000251751944211946,0.00210723786176516,0.0203053463827942
"nig_cor",70,380,0.0175681021539141,0.000608302156693138,0.0130249977001635,-0.811460470703884,0.101313859725001,0.018691181661416,0.0711559745278017,0.0144730756917972,0.000297574135975663,1.29123023614907e-05,0.000341658507970788,0.0200655491723692,0.00477636541749318,0.00129882373548227,0.00381595729764258,0.0268543184767318
"nig_cor",81,400,0.0605582538515716,0.00606986329846805,0.0437763192381252,-0.183673400344499,0.575876104502502,0.546755977333151,0.419983354069441,0.991757131144397,0.00112813244991247,0.000146937860049493,0.001205464533051,0.0198880696993351,0.0102855927633191,0.0130239288087577,0.011741900749886,0.0241179931837214
"nig_cor",85,436,0.022780791319415,0.00140182813944959,0.0181161622946194,-0.650940335500733,0.0719178110056668,0.0129414595892119,0.0537995864272077,-0.110780735262832,0.000941651337381945,5.1438887331314e-05,0.00088473849017686,0.0202196560828031,0.00206887194394635,0.000388070659561688,0.00215479296791991,0.0203017157861917
"nig_cor",113,560,0.252813142595183,0.133128717807467,0.560947809632106,1.10753982853493,1.29160895547319,3.53429368113192,2.9609668923803,1.96063189902829,0.0449092365367606,0.0321228792152252,0.0740921716368267,0.0224106928590324,0.230644494243527,0.832756725147912,0.380577627499045,0.0230596170076293
"nig_cor",322,342,0.0559134391714844,0.00651962051042082,0.0416416762769659,-0.153317066824214,0.696361462369134,1.24518759012866,0.547958705365795,1.23034936787937,0.0010680323963743,0.000134587416462462,0.0012790840023228,0.0250226577849233,0.0184948426289797,0.0314251345699496,0.0235080361224593,0.033866308255218
"nig_indep",113,560,0.0722970727275313,0.0139666460333011,0.0557827796914995,-0.0133630226417725,0.342046482324987,0.305277832609194,0.265828938742095,0.794072721159498,0.00534760228267645,0.00153134221197402,0.0103323536211184,0.0753910414519341,0.0282728937382737,0.0384584776101278,0.0512609355939565,0.073431925869766
"nig_indep",322,342,0.0576249558193548,0.00775320021714305,0.0426614472351275,-0.1190560387429,0.699990814492402,1.21240376677544,0.544740346856604,1.18091045732197,0.00158781816719067,0.000313959418170438,0.00193574280140325,0.0485232896047183,0.0206546681806443,0.0444079651873255,0.0228697048209927,0.0486702471864027
"gauss_cor",113,560,0.0677478535937679,0.0110232041896794,0.0516375923562947,-0.113764644044356,0.292918568144122,0.194057856923005,0.219797393364526,0.592182600484324,0.00100387745361776,0.000167043470076844,0.00124661834395951,0.0180881441895392,0.00506076508417673,0.00369114386237307,0.00649326107482256,0.0187680564938398
"gauss_cor",322,342,0.0546528906518015,0.00538067831602886,0.0406581215583117,-0.193121949479157,0.666244651380454,0.920789862129325,0.51953867143637,1.07383700030947,0.000883813899964008,9.7519177462695e-05,0.00099543342105946,0.0216649668830555,0.0119643064734788,0.017836944917014,0.0135699470894194,0.0229016035508242
"gauss_indep",113,560,0.0681920003148067,0.0109957687798568,0.0521414458139463,-0.113597108462536,0.3020655111383,0.204126492870688,0.231272661891049,0.633509145926372,0.00159754753660069,0.000221265375552933,0.00168298481293011,0.0196079478842903,0.00770616222362296,0.00527344334104082,0.00932321505275464,0.020380753648784
"gauss_indep",322,342,0.0541489884616275,0.00519719891145574,0.0397776832210952,-0.191155977099822,0.669169111848192,0.917406653607717,0.519001348057345,1.09130828898787,0.00099374543339632,0.000115251504015058,0.00114639164228942,0.0224614553857988,0.01301721856725,0.0173559471687489,0.0159659756925572,0.0256293285979749
