"presLevel","model","gridID","refit","n_points","cv_Psal_MAE","cv_Psal_MSE","cv_Psal_CRPS","cv_Psal_SCRPS","cv_Temp_MAE","cv_Temp_MSE","cv_Temp_CRPS","cv_Temp_SCRPS","cv_Psal_MAE_sd","cv_Psal_MSE_sd","cv_Psal_CRPS_sd","cv_Psal_SCRPS_sd","cv_Temp_MAE_sd","cv_Temp_MSE_sd","cv_Temp_CRPS_sd","cv_Temp_SCRPS_sd","cv_Temp_RMSE","cv_Psal_RMSE"
1000,"gauss_indep",100,TRUE,392,0.00970110973631168,0.000159017179880972,0.00710379447713901,-1.12164043328895,0.0483861362993268,0.00410768590679503,0.0350332349495982,-0.328182902380729,0.00018078479772099,3.76316135300469e-06,0.000227424603469607,0.0214177045881471,0.00111076004301374,0.000110608605826122,0.00124192089978366,0.0190974007634388,0.0640912311224791,0.0126102014211103
1000,"gauss_indep",101,TRUE,410,0.0102518353482558,0.000173531080507281,0.00748656490232138,-1.08340267026726,0.0410936066004001,0.00277919099606118,0.0292831757084849,-0.418605878356196,0.000152385380673419,3.47622816348256e-06,0.00021714601511089,0.0220428205009533,0.000919971312763896,7.63111952451615e-05,0.0011042028470517,0.0171244050575648,0.052718032930499,0.0131731196194099
1000,"gauss_indep",102,TRUE,442,0.00786019550081759,0.000102852021996736,0.00568711095179082,-1.24132981002286,0.0347987925891977,0.00201177742650968,0.0250190549038918,-0.492805256715677,0.000133331711778596,2.13825937880326e-06,0.000174531133253344,0.0194672345569708,0.000868769718752621,6.18978534939108e-05,0.00100533163564965,0.0173865821489031,0.0448528419000366,0.0101415985917771
1000,"gauss_indep",103,TRUE,408,0.0058856741021268,5.72689546103097e-05,0.00429261427947565,-1.37464887569061,0.0353969966966793,0.00214567621059477,0.02520433508944,-0.497687391547425,0.000133756637886677,1.55150305184264e-06,0.000144845900999205,0.0177191873411704,0.000904060882516074,6.87408450465288e-05,0.00101418828614556,0.0174051886374904,0.0463214443923629,0.00756762542745805
1000,"gauss_indep",104,TRUE,538,0.00399782315223857,2.59584046232493e-05,0.00290344742426354,-1.57533627332072,0.04217592375533,0.00308003511885351,0.0301802790830275,-0.410451536491928,8.47667169040834e-05,7.49828069276734e-07,9.89089029075639e-05,0.0165331702592255,0.000837579466832887,7.62653311379652e-05,0.000994498083495241,0.0167060689807081,0.0554980641000523,0.005094939118699
1000,"gauss_indep",105,TRUE,228,0.00329564361683087,1.87661919059463e-05,0.00243268699501622,-1.65530972213306,0.0416596371737212,0.00275522208325062,0.0294479712538282,-0.414412694387176,4.91027566560831e-05,3.67338607895833e-07,6.84461197275622e-05,0.0163458236431719,0.000605576308470277,5.08314158130737e-05,0.000940882093615,0.0168311356930215,0.0524902094037604,0.00433199629569859
1000,"gauss_indep",107,TRUE,310,0.00404316945706385,4.33062027469851e-05,0.00316410509108949,-1.54662942950092,0.0980239478121487,0.0194112591555598,0.0735397118715804,0.0313115720274099,9.43858881831545e-05,8.96461087393844e-07,0.000105951771791866,0.0187656552575073,0.00200614724291208,0.000439461145481624,0.00233549371609119,0.0176514531258621,0.13932429492217,0.00658074484743065
1000,"gauss_indep",108,TRUE,360,0.0121303212390147,0.000380226210428523,0.00947496862842638,-1.00280644734624,0.268456573666442,0.164375075478981,0.2021231183066,0.526086399552027,0.00032707577305497,9.26504853295568e-06,0.000392114284499503,0.0226326250255953,0.00576863185722443,0.00379876848115171,0.00687403747610793,0.0222535128303452,0.405431961590328,0.0194993900014468
1000,"gauss_indep",109,TRUE,610,0.0136100668632717,0.000574989202569381,0.0109769925300495,-0.939952431126229,0.235043879878826,0.124134345422838,0.178434176576033,0.461169382533107,0.000467921049735843,1.69012085640605e-05,0.000514222340483498,0.0199657581021761,0.00769763091874727,0.00465618078187902,0.00849066625934733,0.0200033378020337,0.352327043274907,0.0239789324735148
1000,"gauss_indep",110,TRUE,540,0.0125992737120169,0.000309887922515748,0.00994269433094268,-0.951935493968384,0.179601593281518,0.0662984940414354,0.139131518833503,0.357037606907222,0.000506322514805337,1.48064893669555e-05,0.000513348582121206,0.0186466079730877,0.00713937046445582,0.00314787254377546,0.00742428285601954,0.0188749356423041,0.257484939445855,0.0176036337872539
1000,"gauss_indep",111,TRUE,373,0.0188336357148784,0.000692058099963105,0.0141778476573628,-0.781113437639826,0.167289834923676,0.0503013372970426,0.121518966674257,0.280960099894908,0.000559347332147835,2.23051144198106e-05,0.000652267912320674,0.0225721961168805,0.00551599759588263,0.0021096712034236,0.00559590271414845,0.0205464963403124,0.224279596256643,0.0263069971673527
1000,"gauss_indep",112,TRUE,421,0.0223085605531856,0.00133543350587741,0.017925779180938,-0.699166595332866,0.146708947120365,0.0458800496706506,0.110011225326358,0.216056661685902,0.000825444208546585,5.21394850661436e-05,0.000904508980370326,0.0211464640890844,0.00452759592451729,0.00179038156807064,0.00492262444868663,0.0217818463511554,0.214196287714448,0.0365435836485341
1000,"gauss_indep",114,TRUE,182,0.0597766009870236,0.00761284805962056,0.0460035448271845,-0.155272994464044,0.224967031421082,0.10625194720203,0.1726495521153,0.50402235497368,0.00171904116934,0.00023178558795546,0.00149565170657091,0.0223177330757141,0.0060504609888886,0.00300379505138399,0.00550208748002881,0.0218137989345022,0.325963107118014,0.0872516364294708
1000,"gauss_indep",120,TRUE,836,0.0176353105299946,0.00101624035856622,0.0142548466430167,-0.774445195073241,0.123294122477074,0.0280384996128949,0.0874157995366521,0.118765780692214,0.000277175924546171,9.75366537318743e-06,0.000364877629359804,0.0113046824101274,0.00239401710638264,0.000641654529313943,0.00312382944212783,0.0178097771386562,0.167447005386465,0.0318785250374954
1000,"gauss_indep",121,TRUE,713,0.0123022542332853,0.000266622048556476,0.00959082695596312,-0.958973792653623,0.0939054792107577,0.0145229523535123,0.0667926007256999,-0.00828715599953741,0.000321895006426733,9.0713988861763e-06,0.000378384212473464,0.0138788926876172,0.00180569527066924,0.000388234462266876,0.00220935265410479,0.0154419024658685,0.120511212563447,0.0163285654163639
1000,"gauss_indep",123,TRUE,340,0.00319264860642827,1.66848837455643e-05,0.00229218353038146,-1.69362866576552,0.0748594019444455,0.00896905830970543,0.0527308252073702,-0.127955431713955,6.44688133635864e-05,4.71940351675867e-07,8.21644805486158e-05,0.0172849021568705,0.00127819578603902,0.000209421066618896,0.00158899478598323,0.0171274108042157,0.0947051123736487,0.0040847134226974
1000,"gauss_indep",125,TRUE,290,0.00415340538642554,3.13978948028338e-05,0.00337186190122356,-1.47423671880747,0.0947231910762129,0.0162055095373746,0.0695756590133448,0.0135627647225646,0.00012699556417616,1.10250980251548e-06,0.000133950652272092,0.0142855122317121,0.00159524801343484,0.000305904925832222,0.00185806859433839,0.0138662093384272,0.127300862280562,0.00560338244302794
1000,"gauss_indep",126,TRUE,858,0.0119116368391838,0.00025542424047227,0.00884601314942715,-1.01112264651732,0.112462235565453,0.0220503813260914,0.0810847212166019,0.0868086593257125,0.000218070757664253,5.40142501757511e-06,0.000258481370235834,0.0187572390782718,0.00215445115476396,0.000550315004685232,0.00255548444478888,0.0186475308415199,0.148493708035362,0.0159819973868184
1000,"gauss_indep",127,TRUE,949,0.0104159226122613,0.000189852203957365,0.00771032357319381,-1.08578932103769,0.0922476089614302,0.0137287756995044,0.0650535572894094,-0.0224176860470407,0.000225188620799957,4.84967690982996e-06,0.000265126777202982,0.0165572280891284,0.00201576429636897,0.000408771170408547,0.00229710171020947,0.0176619344246616,0.117169858323309,0.0137786865831749
1000,"gauss_indep",128,TRUE,476,0.0114198969187507,0.000217962552952149,0.0083374778262988,-1.04472455042634,0.0947576484425441,0.0151954869965278,0.0684249668501309,0.00502088576381899,0.000253805380985744,5.99192611023391e-06,0.00031005212515172,0.0212234372393306,0.00200421665835649,0.000368383799226428,0.00236162944345821,0.0192503265114541,0.123269976054706,0.0147635548887166
1000,"gauss_indep",129,TRUE,337,0.00992336046785198,0.000171759167042849,0.00739325433797491,-1.10821300447913,0.0820044974951991,0.0113286130486356,0.0585586495484299,-0.0758685942566055,0.000127269273151393,2.59992565870413e-06,0.00017604660974516,0.0117821084859958,0.00178888703620413,0.000310978508266185,0.00229899239691109,0.019746902495914,0.106435957498562,0.0131056921619138
1000,"gauss_indep",130,TRUE,330,0.00675845354239228,8.20647474169719e-05,0.00508873291196393,-1.29222831081896,0.0586602815009468,0.00572053895274133,0.0422303914361983,-0.235851315460109,0.000174320697757168,2.43427616538912e-06,0.000195157616187064,0.0170395286550858,0.00146810092047751,0.000184744551081495,0.0017396025550523,0.0189747542915145,0.0756342445770521,0.00905895951072594
1000,"gauss_indep",131,TRUE,282,0.00606399912512509,7.11797558241357e-05,0.00468929049419733,-1.33226245058467,0.0629178614600459,0.00660308588903552,0.0444588359176911,-0.214930764698167,0.000168151509473258,2.0937566205203e-06,0.000170019027823537,0.0175719711442642,0.00140849439152951,0.000179866211331861,0.0016215841324314,0.0186387540650335,0.0812593741609885,0.00843680957614522
1000,"gauss_indep",132,TRUE,353,0.00648529250995133,7.61935047407275e-05,0.00478081526973544,-1.32704041806623,0.0759082892683838,0.00972275150493937,0.0537580317500182,-0.119180826154188,0.000123568797383011,1.67083798356368e-06,0.000149444407583026,0.0172263230320522,0.00140294895620619,0.000246271439337115,0.00172879104335125,0.0199781719630906,0.0986040136350411,0.00872888908972542
1000,"gauss_indep",133,TRUE,631,0.00507858762702512,4.71730891815087e-05,0.0038161298381037,-1.44046328786596,0.0675788096379413,0.0082044808591352,0.0480591566702211,-0.187985583077668,0.000113288248758533,1.32859447818783e-06,0.000135318488654105,0.0157954596655148,0.00124414576183176,0.000202358536649706,0.00154479617873237,0.0181991371786689,0.0905785894079567,0.00686826682515383
1000,"gauss_indep",134,TRUE,326,0.00455691999841912,3.91648404847757e-05,0.00351616800312044,-1.47272139767361,0.0643511700416528,0.00734229040604956,0.0460116876499802,-0.20460697083516,0.000127949135611385,1.28164539146987e-06,0.000155084795481661,0.0177519895687883,0.00145198461928942,0.000221848943171644,0.00167125110309719,0.0180879883295401,0.0856871659354513,0.00625818188332488
1000,"gauss_indep",135,TRUE,278,0.00356687230134241,2.37320223112612e-05,0.00270995991284893,-1.60439609311806,0.0609209003845079,0.00649122902651363,0.0439749662256362,-0.227273123747232,8.65354169172253e-05,6.50051610472142e-07,0.000112738144060839,0.0177792560581251,0.00136613750922024,0.000195503380986648,0.00180302536092099,0.0219888109212919,0.0805681638521918,0.00487155235127995
1000,"gauss_indep",136,TRUE,250,0.00256373811338867,1.29734774374633e-05,0.00191644741295419,-1.78958423217991,0.0499364641290287,0.00421141765676169,0.0351777742943719,-0.342170054021097,8.04957671587259e-05,4.61056178310212e-07,8.73901733592064e-05,0.0156002083986513,0.00103022121981761,0.000111670028513974,0.00122311891794532,0.0181973586508074,0.0648954363323161,0.00360187137991674
1000,"gauss_indep",137,TRUE,241,0.0030045829371507,1.79608406129602e-05,0.00217870287504368,-1.72828065711618,0.0498896851214158,0.00423469057497948,0.0349697400241747,-0.349121038125786,6.70308745985266e-05,5.4664543576592e-07,7.82060213113079e-05,0.0174829433734506,0.00103542299639795,0.000108045013228379,0.00118544423524314,0.0169855999456298,0.065074500190009,0.00423802319636882
1000,"gauss_indep",138,TRUE,151,0.00249927621058232,1.47276645998574e-05,0.00189243779289073,-1.7994160670052,0.0599144374437394,0.00590272161038959,0.0431489200869016,-0.211573307203698,5.90768278099697e-05,3.898701288336e-07,7.29849723204305e-05,0.0198003559143347,0.00160456583337558,0.000219390100340981,0.00196456991099726,0.0186497706786274,0.0768291716107208,0.00383766395087655
1000,"gauss_indep",139,TRUE,209,0.00368807145911135,3.05488123196149e-05,0.00284096217229318,-1.61021587390401,0.0869495752014876,0.0145556443510131,0.0649667810137758,-0.0248908174741563,0.000104333658783098,1.06905055491209e-06,0.000121054704913982,0.0209235861819412,0.00205481868860877,0.000405743278856868,0.00244033304066259,0.0174870954803896,0.120646775137229,0.00552709800162933
1000,"gauss_indep",140,TRUE,163,0.00553666415139465,5.66628168725499e-05,0.00424032829411373,-1.37041635396778,0.114661125502411,0.0250537789542486,0.0857996354858024,0.123403064453682,0.000168867215191865,2.22679298544377e-06,0.000192323663865426,0.0154829169327857,0.0035657942705768,0.000913866709174118,0.0038963973136539,0.0165865285983122,0.158283855633632,0.00752747081512442
1000,"gauss_indep",141,TRUE,243,0.0138450431625585,0.000465248182855806,0.0109090218715286,-0.930668754639067,0.133964263138106,0.0349600497773731,0.103246799011313,0.214231972766275,0.000326536746525116,1.07824853983039e-05,0.000336497579083528,0.0213685919653473,0.00442885820014978,0.00118706522394275,0.00470790537096564,0.0164048632682289,0.186976067391988,0.0215696124873815
1000,"gauss_indep",142,TRUE,325,0.0148009726004983,0.000500855030151488,0.011331937773222,-0.907855731081988,0.0901721471485692,0.0149214033239831,0.0674015757455317,0.00954501423739845,0.000377325970848757,1.22196586248863e-05,0.000444775003849683,0.0213165097105924,0.0026167620544454,0.000486555182301625,0.00281474550846201,0.0185638127386369,0.122153196126762,0.0223797906637101
1000,"gauss_indep",143,TRUE,415,0.0109640384520635,0.000228830745357467,0.00855118168734843,-1.02160280327556,0.0645471309901574,0.00787134957040543,0.0505585976743705,-0.119274808567013,0.000354093078211088,8.33127014839002e-06,0.000419580794782621,0.0181544537501615,0.00206060738201095,0.000264306796103298,0.00246722745189036,0.017810887285415,0.0887206265217138,0.0151271525859121
1000,"gauss_indep",144,TRUE,477,0.0114782089085349,0.000242104027066233,0.00864535382332708,-1.02523951575556,0.085927728809413,0.0134014258526602,0.0634141353507801,-0.0266167994276377,0.000325108041392125,8.67964932959732e-06,0.000366838239874492,0.0207800250538285,0.00202579156300345,0.000349917659317038,0.00239025241359779,0.0206750333771639,0.115764527609541,0.0155596923834063
1000,"gauss_indep",145,TRUE,520,0.0115707972468676,0.000269276365648844,0.00916916277682447,-0.989780943576,0.0742961555650388,0.00942088595026001,0.0542062982343121,-0.105680564153954,0.000445018423120268,1.13659604407371e-05,0.000456169566213637,0.0181505255679959,0.00212456001884117,0.000337862767551738,0.0023973843006952,0.0183097316067729,0.0970612484478744,0.0164096424595067
1000,"gauss_indep",146,TRUE,327,0.0112207957331029,0.00025216976561335,0.00932186667193306,-0.97066237183045,0.074168888769989,0.00900885137886323,0.0542811152768059,-0.0974353641992328,0.00048683105039385,1.23830966817607e-05,0.000516653937364967,0.0171994376794337,0.00232183220302132,0.00037565686219272,0.00257240355028488,0.0180258686148643,0.0949149692032992,0.0158798540803545
1000,"gauss_indep",152,TRUE,153,0.0755488200458944,0.0103596119668568,0.0565810594866811,-0.0181808222657022,0.3430908981788,0.204341047202616,0.251982801979574,0.698487032973397,0.00119430623413357,0.000209679630853274,0.00152234708551304,0.0267773375172643,0.00582418206795296,0.00457627775742142,0.00659190094817774,0.0208546601269958,0.452040979561163,0.101782179023918
1000,"gauss_indep",153,TRUE,452,0.0393081103490207,0.00336253872476162,0.0307779415811534,-0.346826195475468,0.230315503686768,0.100547574918933,0.172200889793852,0.521140397090414,0.000910676745304586,6.6125272357999e-05,0.000971703666866974,0.0225759959336729,0.00493208104896085,0.00212119753637524,0.00545285535723964,0.0236741624167534,0.317092376002535,0.0579874014313594
1000,"gauss_indep",154,TRUE,592,0.0181011527805876,0.000595643712335764,0.0132695409210144,-0.814935657236094,0.118499374509635,0.0235972963978483,0.0853589794749458,0.117575444928125,0.000416755928386549,1.7399595386735e-05,0.000493251160626317,0.0220718750471179,0.0024900182460787,0.000657891479382582,0.00280524612886291,0.0189230055441252,0.153614115229846,0.0244058130849141
1000,"gauss_indep",155,TRUE,130,0.0110547756699704,0.000283848915380501,0.0088056694263601,-1.01220609482506,0.123028339266203,0.0249520203299997,0.087864906812156,0.13339330748584,0.000306060576475996,7.98181331382687e-06,0.000359992056579146,0.0201602304013804,0.00225920835926352,0.000599380375907873,0.00264778486649934,0.0202285952756099,0.157962085102722,0.0168478163386387
1000,"gauss_indep",156,TRUE,842,0.00405806365632382,3.07112748774504e-05,0.00300853359125086,-1.56351162634265,0.0880067408810027,0.0132968965056984,0.0628663566572886,-0.0446462794026367,9.94926869047495e-05,9.06171235959524e-07,0.000115297123543054,0.0189104164014514,0.00171269002917455,0.000333845839614721,0.00200525013756678,0.0176287628660425,0.115312169807434,0.00554177542647213
1000,"gauss_indep",159,TRUE,191,0.00273902064776285,1.27419217421478e-05,0.00255553949671095,-1.57025268355514,0.0611810512170349,0.00640744344350391,0.045714496750288,-0.173500884123944,0.00010631255774378,5.72662137994962e-07,0.000108442550288556,0.0106496676472922,0.00142195584753915,0.000162334013623533,0.00170974941640005,0.0135418227659654,0.0800465080031847,0.0035695828526801
1000,"gauss_indep",160,TRUE,481,0.00455216410890683,4.3663781277753e-05,0.00369922588584336,-1.43052475903216,0.102851582715568,0.0189721340738205,0.0744755216007975,0.0373262527094878,0.000146628661954635,1.43968628705592e-06,0.000158904915531024,0.0146620633376122,0.00193694160551418,0.000430013671761459,0.00256864534563575,0.0184214181191033,0.137739370093741,0.00660785754066725
1000,"gauss_indep",161,TRUE,416,0.00360447417287777,2.3133768814952e-05,0.00287381276237915,-1.55154162404481,0.101619911145391,0.0169790761838724,0.0719520344827031,0.0295730883737449,0.000125917377393708,1.03046027812371e-06,0.00013952804193194,0.0160353457055692,0.00201728085975285,0.000431030045046299,0.00241514045679267,0.0187590236931827,0.130303784226984,0.00480975766696743
1000,"gauss_indep",162,TRUE,313,0.00340792513612574,1.98379777510877e-05,0.00263920552888596,-1.59633300654735,0.0888463601719108,0.012301902386739,0.0621078644810723,-0.0449131070377854,0.00010407795607582,7.77168976932802e-07,0.000124572084341005,0.0159944241180332,0.00160486980357603,0.000300790422325183,0.00219738939334843,0.0172836105654,0.110913941354273,0.00445398448033754
1000,"gauss_indep",163,TRUE,295,0.0025228703320518,1.17496828090001e-05,0.00197225298322406,-1.75320458185605,0.0819525297855831,0.0105424332885249,0.0579624268928469,-0.0767826828497545,8.54128940540126e-05,4.6901808590448e-07,9.5848944653063e-05,0.0184913965062761,0.00167054679523821,0.000285178421951243,0.00191408241300093,0.0180833871815043,0.102676352138771,0.00342778103282577
1000,"gauss_indep",164,TRUE,313,0.00271308130451275,1.28300223473294e-05,0.0019767041029371,-1.76925328987204,0.0793925584710814,0.0105414830530447,0.0570250192122396,-0.0848539231116573,7.35719718709404e-05,4.1568308892838e-07,8.15615935194343e-05,0.0194171665860861,0.00165688184528538,0.000288979186426752,0.00205732974155445,0.0203168438806076,0.102671724700838,0.00358190205719383
1000,"gauss_indep",165,TRUE,435,0.00226649705267475,1.0071626629384e-05,0.00173103010539769,-1.83077203827157,0.0776152343008369,0.0094608739597345,0.0541727547329491,-0.114393931880978,6.79425247342604e-05,3.31692795872112e-07,8.1075220938995e-05,0.0190522843461267,0.00151028091448917,0.00023680345558338,0.00190128486065425,0.0190547908723888,0.0972670240098591,0.00317358261738748
1000,"gauss_indep",166,TRUE,369,0.00249918734906043,1.09819764677589e-05,0.00183040584388199,-1.80808692341028,0.0839207783009834,0.0112757228682865,0.0593315584248416,-0.065382043013432,6.49936505641082e-05,3.47154758150371e-07,7.4121881092553e-05,0.0191638042807789,0.00189924558351134,0.000344043800920031,0.00226047327863623,0.0206673846042736,0.106187206707242,0.00331390652670815
1000,"gauss_indep",167,TRUE,327,0.00315376629596179,3.05729899313098e-05,0.00240594629652655,-1.67210219305575,0.0863135157200361,0.0119271240085083,0.0605599746540375,-0.0607997083800097,8.07828878003454e-05,5.50271873060168e-07,9.32717550297339e-05,0.0200989607215407,0.00184176375324852,0.000331598082744513,0.00215503880792307,0.0193429433367564,0.109211373073084,0.00552928475766168
1000,"gauss_indep",168,TRUE,356,0.00282856848787376,1.42217915460935e-05,0.00210736617585681,-1.73015657251916,0.0908547743682507,0.0144615854907851,0.0656429725934371,-0.0124518509164711,7.52503970270606e-05,4.53114613726567e-07,9.13716353575919e-05,0.0183197058818328,0.00193406848464439,0.000360665549249981,0.00221792528633951,0.0196224228851672,0.120256332435282,0.00377117906576889
1000,"gauss_indep",169,TRUE,245,0.00244521181062371,9.72003411910622e-06,0.00175011840619398,-1.83374982526336,0.0938669982764979,0.0144722664890683,0.0664203314647274,-0.0167901018545048,6.23483433538145e-05,3.61121950585658e-07,7.46810796668928e-05,0.0202878138554526,0.00204722709046668,0.00040731607167498,0.00222701216921461,0.0190341318604288,0.120300733535038,0.00311769692547339
1000,"gauss_indep",170,TRUE,260,0.0024544303877864,1.23731010213552e-05,0.00185427360877022,-1.80586805900305,0.0867882243463499,0.0118007210795302,0.0605521651651846,-0.060374248487894,6.16069802046712e-05,3.5836592546401e-07,7.00730016247918e-05,0.0192957205821202,0.00156412273292579,0.00029016226463998,0.00199043840650361,0.0181170263660825,0.108631123898863,0.00351754190044059
1000,"gauss_indep",171,TRUE,345,0.00227981625952299,8.7332003278161e-06,0.00163894145185739,-1.86559301567034,0.0749251187875339,0.00906194736052754,0.0535899015257453,-0.116244354231592,5.24132702744902e-05,2.54773542957509e-07,6.23013111566468e-05,0.0188066253977316,0.00132605304166649,0.000196614884298828,0.00160748039000956,0.0153252551633876,0.0951942611743352,0.00295519886434333
1000,"gauss_indep",172,TRUE,379,0.00181534949766691,5.68091931865135e-06,0.00133202693027857,-1.9637629156519,0.076771410358867,0.00986057449056169,0.0553112347109364,-0.0980806714954719,5.44495013551849e-05,2.09832264243394e-07,6.07683708046001e-05,0.0187342211816324,0.00169444488348315,0.00027560228148087,0.00208862996401957,0.0191981425335199,0.0993004254299129,0.00238346791852782
1000,"gauss_indep",173,TRUE,366,0.00212592980588921,1.31685028631109e-05,0.00167295707577969,-1.87549038296975,0.0753125917738926,0.0089218503373095,0.0534388623235195,-0.112192098030084,5.53049351324062e-05,2.40319318926191e-07,6.78238515265462e-05,0.0204137588786072,0.00197024658128412,0.000322682716282684,0.00220317050947247,0.0199100516252122,0.0944555468848151,0.00362884318524663
1000,"gauss_indep",174,TRUE,143,0.00410476917035441,5.27939820391655e-05,0.00319495589947528,-1.59041986270413,0.0752315402671302,0.00886827632866581,0.0535162579638472,-0.113460725158515,0.000152922775463881,2.19554039943578e-06,0.000157436039383069,0.0198438723769384,0.00187007097454562,0.000263549635604386,0.00222365292993323,0.0190663591867098,0.0941715261035193,0.00726594674073279
1000,"gauss_indep",175,TRUE,134,0.00729595290224302,0.000118239824246491,0.00547084125353218,-1.24520350597827,0.0740313016129827,0.0110574809886753,0.0557513728091551,-0.0954946336635538,0.000158584437832049,2.79675504974461e-06,0.000187743174225561,0.0230043227696791,0.00187098072856389,0.000300271110892311,0.00199368991690178,0.0168292145396779,0.105154557621985,0.0108738136937549
1000,"gauss_indep",177,TRUE,175,0.0257469062656082,0.00130208066535706,0.0192997559024343,-0.623374337439963,0.0578298509664602,0.00690760910655067,0.0440807829474288,-0.216252748048354,0.000466177083008154,2.6175029923678e-05,0.000679100208476128,0.023000393254598,0.00155082027319927,0.000208453922796289,0.00199421676530384,0.0196792194971056,0.0831120274482019,0.036084354855769
1000,"gauss_indep",178,TRUE,256,0.0205020059754382,0.000848876667716921,0.0150519550481704,-0.766089163128418,0.0624212850661726,0.00791834984387495,0.0467760585621142,-0.177288741618834,0.000492513097420056,2.25192738735407e-05,0.000566258401032652,0.0225382571668882,0.00137162406995553,0.000193723677215234,0.00152048442442489,0.0215961845372635,0.0889851102369096,0.0291354881153023
1000,"gauss_indep",179,TRUE,262,0.0132539193103016,0.000336406666240662,0.00991364384417981,-0.972422679705104,0.0408891872704012,0.00319607270509367,0.030754472144903,-0.388206831897612,0.000302639920018394,8.0431960082775e-06,0.000389263021538426,0.0228112919356332,0.00111825238463607,9.51527126496289e-05,0.00131545632926663,0.0178801488765155,0.0565338191270824,0.0183413921565584
1000,"gauss_indep",180,TRUE,570,0.0108600467540158,0.000204047041879376,0.00793749447317009,-1.07552419661212,0.0471894394721382,0.00408609290342849,0.0346949882463733,-0.329714114619109,0.000265930263920304,6.07606449853404e-06,0.000300861495160173,0.0193830283666661,0.00114995310477662,0.000112533426154916,0.0013788178927571,0.0187692909689822,0.0639225539495137,0.0142845035573301
1000,"gauss_indep",181,TRUE,221,0.0119583749937476,0.000282316732737351,0.00891527205490512,-1.01810045820653,0.0648619092377347,0.0088018835891814,0.0490713302364853,-0.143450771468387,0.000268215996547419,6.83894403635245e-06,0.000288712425781959,0.0189977202090476,0.00121675465645411,0.000161053671383567,0.00148976122436406,0.01981102397753,0.0938183542233682,0.0168022835572237
1000,"gauss_indep",187,TRUE,113,0.0336624570041894,0.0019534801042327,0.0243712832651255,-0.492418672480565,0.234299759621118,0.0939406335792465,0.167126305726813,0.459421061209288,0.000820401717725238,6.0141126182114e-05,0.000749872307367892,0.0205964644306451,0.00604589025443618,0.00340583197584022,0.0074802957881565,0.0248425188033652,0.306497363086938,0.0441981911873405
1000,"gauss_indep",188,TRUE,266,0.0270119285536202,0.00130630972015592,0.0198008388974182,-0.604503822988695,0.186733274940378,0.0594469044518496,0.134184161715854,0.347963155707262,0.000773073657745461,4.36096775026033e-05,0.000796380666896055,0.0217790330859704,0.00456327720260108,0.00167330103572184,0.00474783475531742,0.0198779396536454,0.243817358799265,0.0361429069134722
1000,"gauss_indep",189,TRUE,335,0.0176267913649982,0.000536184652612381,0.0129419579038846,-0.828954049219595,0.160284456400581,0.0431636493227676,0.117063578892081,0.289712907795827,0.000579191422571568,2.33298444597516e-05,0.000579104213798689,0.0219340727999245,0.00417190478364132,0.00136005409599963,0.00389249801568134,0.0210686772557114,0.207758632366426,0.0231556613512199
1000,"gauss_indep",190,TRUE,304,0.013893359784285,0.000359331036043778,0.0103620670121718,-0.913753631784944,0.121833366099811,0.0253788245554294,0.0894405045509769,0.157599558794674,0.000439025712580232,1.32054481914156e-05,0.000430041004386193,0.022633090791904,0.00303268198110459,0.000719644678694286,0.0036158617767278,0.0216370456263069,0.159307327375201,0.0189560290156926
1000,"gauss_indep",191,TRUE,580,0.00810555752901396,0.000117537027737795,0.00601415245496725,-1.20392817668214,0.10875582523986,0.0195643942529495,0.0776213576036881,0.0753551928316894,0.000198688021012197,3.41705664401858e-06,0.000228767821266785,0.0203607480819164,0.00195992164896485,0.000431079218578298,0.00258144225381551,0.0196519637886204,0.139872778813283,0.0108414495219871
1000,"gauss_indep",192,TRUE,359,0.0096203514823442,0.000170552920315167,0.00709847182899731,-1.13378296028115,0.113382911379829,0.0212001018203274,0.0813024081651001,0.0946951192390181,0.000206629273661536,4.56161898161081e-06,0.00026405405380569,0.0208858394177119,0.0023933460621182,0.00055732447006398,0.0030933987253561,0.0202112038629834,0.14560254743763,0.013059591123583
1000,"gauss_indep",196,TRUE,170,0.00332733686136111,2.32737391484241e-05,0.00250826644095541,-1.64493526040933,0.0894413110546032,0.0134879078500675,0.0641473311173838,-0.0243161899785471,5.09287958669464e-05,3.68386541195489e-07,6.08462496484007e-05,0.0135480276307537,0.00139558140763133,0.00027784603386844,0.00183888337338198,0.0133621950447724,0.116137452400453,0.00482428638747992
1000,"gauss_indep",197,TRUE,277,0.00290240200270051,1.47707822958593e-05,0.00213395545206025,-1.72714322506537,0.0746716629356729,0.00878414241177859,0.0529799870339614,-0.120477799897199,7.44911496497957e-05,4.45208532041882e-07,9.12945584862127e-05,0.0201500242336711,0.00137629623624042,0.000208383717442896,0.00174110721784925,0.0161734931631587,0.0937237558561253,0.00384327754603532
1000,"gauss_indep",198,TRUE,392,0.00302067607496474,1.64593015165653e-05,0.00221557475079116,-1.70724114747211,0.0832618224372304,0.0118856310828483,0.0600677856035345,-0.0623894717437769,7.47555426099646e-05,4.5826866019903e-07,8.58954063573006e-05,0.018202331500705,0.00165429190184309,0.00029529942804826,0.00189401603607983,0.0180646238168535,0.109021241429587,0.00405700647233466
1000,"gauss_indep",199,TRUE,420,0.00271010473300601,1.362580986983e-05,0.00203981963595851,-1.74384110813175,0.085024485047899,0.0114770807708306,0.0604574910494712,-0.0534638097389975,7.65010543598597e-05,4.10674913515811e-07,8.29196125591822e-05,0.0187635101758225,0.00151949777662016,0.000260347122582975,0.00194862980317369,0.0177706177713703,0.107131138194414,0.00369131546604053
1000,"gauss_indep",200,TRUE,460,0.00279571907988989,1.45420639566882e-05,0.00205967032234939,-1.74902364789492,0.0824887016988542,0.0110363205069864,0.0588100230844423,-0.0707510318361299,6.72625742360202e-05,3.79112007097824e-07,7.78908826833245e-05,0.0211911193656756,0.00158684609784896,0.00027130686718706,0.00187747650811293,0.0192118517589305,0.105053893345208,0.00381340582113787
1000,"gauss_indep",201,TRUE,418,0.00283467489977012,1.42576586411809e-05,0.00209502528140331,-1.72739161804227,0.0868373139923333,0.0124558577291562,0.0628746217021663,-0.0305886670888371,7.24922238728848e-05,4.05202703123322e-07,8.21807398546504e-05,0.0236545907101811,0.00159244808133725,0.000272728060088427,0.00197605391719787,0.0197573927238667,0.111605814047281,0.00377593149317899
1000,"gauss_indep",202,TRUE,399,0.00247347238800597,1.03036261781953e-05,0.00182618289482321,-1.79901725429043,0.0992533546941133,0.0153056896188396,0.0702214999628235,0.0251161887399623,7.47955204933062e-05,3.6744745587608e-07,7.12867256007056e-05,0.0206166860663492,0.00178671188104457,0.000359027954242808,0.00218571206798591,0.019992429998702,0.123716165551797,0.00320992619513211
1000,"gauss_indep",203,TRUE,445,0.00220425027818422,8.14785159612602e-06,0.00162323454812072,-1.85819421017845,0.0953555615615442,0.0145391932596655,0.0683255328310877,0.00990620097758564,6.70663164744212e-05,3.10162340635883e-07,7.25768657133746e-05,0.0184814571808909,0.0015812026833087,0.00030295091399842,0.00203452352567199,0.0177616208232082,0.120578577117436,0.00285444418339648
1000,"gauss_indep",204,TRUE,419,0.00222123414464889,8.75766225576477e-06,0.00164792018979929,-1.85315746452048,0.093442122035241,0.0146964737492255,0.0675984372729798,0.00630111817630433,6.24755169706407e-05,2.82152814912059e-07,7.27635318875627e-05,0.0213084248931849,0.00192819633504142,0.000347068670084671,0.00217825819380708,0.019654640867669,0.121229013644529,0.002959334765748
1000,"gauss_indep",205,TRUE,480,0.00226584463599154,8.52441423235744e-06,0.00165607251030702,-1.84249494714397,0.0945930840500175,0.0138604034435752,0.0667399344615223,-0.0031590208023977,5.4580796022023e-05,2.45974059265e-07,6.15434140362331e-05,0.0201628401469069,0.00184415892309588,0.000349430869330142,0.00212225308972031,0.0187440200430897,0.117730214658664,0.00291965995149391
1000,"gauss_indep",206,TRUE,415,0.00216532403798535,8.85383902412579e-06,0.00163467633366834,-1.86114030413808,0.0967649414583286,0.0161640331385263,0.0698552324646675,0.0199479861312936,5.99415177721108e-05,2.57570838581041e-07,6.57556112386273e-05,0.0202719256929303,0.00167963525456867,0.000337083733875668,0.00204859834233173,0.018520346046202,0.127137850927748,0.00297554012309123
1000,"gauss_indep",207,TRUE,472,0.00265690492832739,1.29620709258062e-05,0.00196937383326069,-1.75484797419308,0.0983463837429449,0.0152315998715042,0.0695810634513698,0.019452706389823,5.76949304932537e-05,3.08343973348468e-07,6.52074659346241e-05,0.0203418723606724,0.00143923425285705,0.000274431259503438,0.00187480099165869,0.018201796520576,0.123416367923806,0.00360028761709481
1000,"gauss_indep",208,TRUE,492,0.00248138904677134,1.12130393478527e-05,0.00184728528597975,-1.79675273823292,0.09468677598918,0.0154272149846249,0.0682041307315393,0.00935893846395804,5.12814971889229e-05,2.726965594995e-07,5.85962698736175e-05,0.0204230664812274,0.00155080136850239,0.000301722852342856,0.00204843033112878,0.0193507389362653,0.124206340355977,0.00334858766465098
1000,"gauss_indep",209,TRUE,451,0.00251375392293436,1.1005979676673e-05,0.00185080551464704,-1.79578424200376,0.0918544414572554,0.0133211330383689,0.0656317043052464,-0.00998134212991319,6.28858602024656e-05,3.41305504051981e-07,7.08886914117205e-05,0.0203130155585213,0.0014049246413883,0.000273326336217438,0.00158772061542044,0.0164366308870451,0.115417212920642,0.00331752613805423
1000,"gauss_indep",210,TRUE,237,0.00219083707311124,1.04021704145755e-05,0.00173673116312023,-1.85890419515581,0.0892113346622001,0.0142174074793168,0.0643598124311482,-0.0240173537761886,7.57755963100067e-05,4.60667636240213e-07,8.18015869799665e-05,0.0182972710764448,0.00124018273808137,0.000226537894507219,0.00163741633460845,0.0158905388759023,0.119236770667931,0.00322523959025923
1000,"gauss_indep",215,TRUE,233,0.0157714364904547,0.000452787125270473,0.0114583579159695,-0.893405203698528,0.0291744285761044,0.00169997380154901,0.0216776960649376,-0.581839502863193,0.000350765985081812,1.09294453445697e-05,0.000440786164884025,0.0202967492309272,0.000954234498258402,5.85751691888446e-05,0.00108198894932452,0.0212922722927339,0.0412307385520683,0.0212787952025126
1000,"gauss_indep",216,TRUE,421,0.01404732835839,0.000321381360777722,0.0101239778568954,-0.943889855813487,0.0274909535425623,0.0014527020519764,0.0211487906219646,-0.575902707358025,0.00030077806990062,8.29498257253392e-06,0.000336317474055342,0.0189200384136289,0.000874328372528327,4.99514221554216e-05,0.000912884452977214,0.018352084188726,0.0381143286963892,0.0179271124495196
1000,"gauss_indep",217,TRUE,413,0.0149608757167845,0.000373908072805483,0.0107813980402716,-0.918487051124819,0.0257365856938429,0.00117470615694361,0.0188973498763476,-0.638070963778515,0.000267503039951371,7.79814294932959e-06,0.000345289917763465,0.0211509740090336,0.000701205696057262,3.70214528424189e-05,0.000804055508639654,0.0191029676082192,0.0342739865925108,0.0193367027387164
1000,"gauss_indep",218,TRUE,364,0.0126347085331951,0.000281504011889124,0.00934484951632831,-0.989777843582998,0.0182024927399858,0.000609986727469027,0.013596942074213,-0.799163843878366,0.00030302559264214,7.75602964681472e-06,0.000350990603892948,0.0203309280678984,0.000492075174177977,1.79453136977839e-05,0.000535487024221121,0.0174498863341547,0.0246979093744598,0.0167780812934353
1000,"gauss_indep",219,TRUE,266,0.00974451910676516,0.000158325601216941,0.0070995684704393,-1.12770962197175,0.0133024520260378,0.00029481129365143,0.00989968313199098,-0.9404124272993,0.000185638069381397,3.57381675505585e-06,0.000238649513139935,0.018880678497296,0.000425808480388322,1.26246496457402e-05,0.000492977262505668,0.0172348167113281,0.0171700697043265,0.0125827501452163
1000,"gauss_indep",223,TRUE,164,0.023191925513432,0.000916976506195623,0.016859066877689,-0.695607754846202,0.205733764145733,0.0832706283547535,0.151767727321,0.401696574237273,0.0005251124471097,2.54142947874044e-05,0.000567738016839939,0.0207729047463259,0.00460086395416239,0.00203799935224996,0.00568681132136932,0.0211542671927832,0.288566505947509,0.0302816199400828
1000,"gauss_indep",224,TRUE,255,0.0133291050859619,0.000334022739049887,0.00998185377668574,-0.961163319117689,0.16069831565209,0.0419220377153747,0.113412313483381,0.253770203264986,0.000388698203969428,1.05296772760396e-05,0.000430132898002031,0.019459063431297,0.00351527797052089,0.00119196187045886,0.0043115172855061,0.0215124149484899,0.204748718470653,0.0182762889846349
1000,"gauss_indep",225,TRUE,311,0.0108138467478042,0.000235736877818402,0.00834490828786734,-1.03898678693555,0.122261383309384,0.0266883484447997,0.0880702203937145,0.117533504919144,0.00040818522176825,9.73337607336477e-06,0.000398671945898908,0.0193269195600049,0.00360784521063181,0.000942467187436339,0.00358411908696324,0.0195682550866818,0.16336568931327,0.0153537252098115
1000,"gauss_indep",226,TRUE,293,0.0111043300164317,0.000265547149763958,0.00847816237700182,-1.04615718418436,0.121294055015135,0.027772650299051,0.0880706899379329,0.119177476211896,0.000317946973587533,7.90154255396638e-06,0.000337632960744369,0.0219564444166317,0.00279670760632941,0.000735830197118418,0.00314858267964145,0.021899802738105,0.166651283520563,0.0162956175017689
1000,"gauss_indep",227,TRUE,363,0.00882944291246483,0.000168025386805555,0.00667234119221441,-1.1692439609118,0.0976058943468898,0.0165695376693809,0.0701427142497496,0.0086683399132829,0.000253084054727456,5.67172404920835e-06,0.000291337948205537,0.0227644489878038,0.0022292165397811,0.000509832927681112,0.00272891717810743,0.0217102749755095,0.128722716213499,0.0129624606771074
1000,"gauss_indep",228,TRUE,338,0.0153586175193905,0.000441499523382158,0.0115967478979288,-0.881184993686013,0.116752996150957,0.0228432614712156,0.112801868885883,0.298148365527918,0.000104308264044561,3.25791609137122e-06,0.000155290830479232,0.00762621705938566,0.00852164236979647,0.00231371765986987,0.00815185610649505,0.0186998672883614,0.151139873862643,0.0210118900478314
1000,"gauss_indep",229,TRUE,293,0.00778677556666285,0.000148867312724685,0.00606301469022423,-1.22779982391992,0.118967154425317,0.0265275741046298,0.0866409447279395,0.124008609274098,0.00022654998727281,4.0552179850308e-06,0.000241230676079714,0.0220155206177756,0.00235558400094727,0.000594131079248687,0.0028050583294198,0.0212211119909966,0.162872877130079,0.0122011193226148
1000,"gauss_indep",230,TRUE,122,0.00399351939588931,3.37938710189664e-05,0.003060790074188,-1.55077419573371,0.0994094999581183,0.0164216721144923,0.0717566753797621,0.0307723024664061,9.69178686486436e-05,8.70254724108587e-07,0.000124089643746858,0.0232996713512353,0.00168277421482177,0.000337263752323991,0.00226234738752508,0.0196955848641776,0.128147072204137,0.00581324960920881
1000,"gauss_indep",233,TRUE,204,0.00653587253921119,8.00215090711012e-05,0.00483940891213258,-1.32141107730016,0.1025143381389,0.0214667678803442,0.0772662573856921,0.0760239491120866,0.000141156424518518,2.05836146068557e-06,0.000173343110746629,0.0251591189295756,0.00213851973475159,0.000475836068163363,0.002594655998681,0.0253171099446022,0.146515418575467,0.008945474222818
1000,"gauss_indep",234,TRUE,485,0.00534600917281712,4.81580353165121e-05,0.00389433633052172,-1.42166779416969,0.0905057069200814,0.013713586346334,0.0649608092229242,-0.0185240527083185,0.000119319170558204,1.31414061103961e-06,0.000138480423247345,0.0211589689952676,0.00185522889660283,0.000351292415637028,0.00206889184298674,0.0187451942811941,0.117105022720351,0.00693959907462327
1000,"gauss_indep",235,TRUE,459,0.00391246257004351,2.85168831360511e-05,0.00294177201970606,-1.56794116711026,0.0808601023205064,0.0108439849130783,0.057775705707388,-0.0802463756050402,0.000102433798829554,8.49072317567921e-07,0.000114282102650725,0.018416283530818,0.0016193007168968,0.000266468361424653,0.00204824274249538,0.0193282724797996,0.10413445593596,0.00534012014247349
1000,"gauss_indep",236,TRUE,301,0.00400204161219208,3.44075633245199e-05,0.00311487971031136,-1.5409122791181,0.0759743042568373,0.00913781589115655,0.0536850007932896,-0.115724201677701,0.000102873304368092,8.75556350998414e-07,0.000126498341676013,0.0194749453933699,0.00169562981014115,0.000252205134770446,0.00207260459685201,0.0198198355731501,0.0955919237757906,0.0058657960520734
1000,"gauss_indep",237,TRUE,366,0.00323827394505238,2.00021123906766e-05,0.0025040089827171,-1.63939011979852,0.0725127887680191,0.00867756425341692,0.051693491293148,-0.136521730284328,0.00010596618159476,7.84388036388467e-07,0.000109346460071227,0.016160645779064,0.00170001284443124,0.000253359670275331,0.00182166416575976,0.0172741546210196,0.0931534446674782,0.0044723721212212
1000,"gauss_indep",238,TRUE,429,0.00281393804789387,1.57085698888378e-05,0.00215237104496593,-1.71950903863328,0.071670187670829,0.00837796653230289,0.0511589065868209,-0.142399755141645,7.63105567313397e-05,4.52644875221155e-07,8.63923823315846e-05,0.0173913776093366,0.00145905646831176,0.000216175153948644,0.00177559802365829,0.0179518523754581,0.0915312325509871,0.00396340382611182
1000,"gauss_indep",239,TRUE,307,0.00238246955525497,1.05414798005914e-05,0.00182702555348002,-1.79839807424269,0.072471112907988,0.00838103509782306,0.0509418560502431,-0.140483443100282,5.86168386935167e-05,2.79963164253913e-07,6.89797480971058e-05,0.0176573102827662,0.00134733613867733,0.00020610033016251,0.0017111127052727,0.0157050183031221,0.0915479934123248,0.00324676451264815
1000,"gauss_indep",240,TRUE,390,0.00207609245160189,7.2058528088638e-06,0.0015048954102031,-1.90407670980947,0.0735514527094579,0.00854991167837934,0.0515283174878319,-0.13600559799838,4.85678440505645e-05,2.33990215188617e-07,5.7867539138052e-05,0.0173392606068949,0.00124440732812768,0.000178661844023733,0.00164087159789299,0.0160606055107962,0.0924657324546739,0.00268437195799386
1000,"gauss_indep",241,TRUE,356,0.00194536013350606,6.7789816314942e-06,0.00144108509380443,-1.92430293720389,0.0678322828732546,0.00750170648367266,0.0482686501357507,-0.168244441566496,5.30459508080786e-05,2.11126858248622e-07,6.25895121486361e-05,0.0206661166429112,0.00144697828395676,0.000195667599884508,0.00162146978117967,0.0169158998075968,0.0866123922061541,0.00260364775488049
1000,"gauss_indep",242,TRUE,267,0.00193257216801288,7.97854973943979e-06,0.00145738754558384,-1.92837384441309,0.0592084761602762,0.00573044322151242,0.0426330297920174,-0.223887845505627,4.86634272796277e-05,2.04782026830753e-07,5.87563013470273e-05,0.0191231660392627,0.00152211025472603,0.000186194210642871,0.00183663041027216,0.0183795459690536,0.0756996910265321,0.00282463267336477
1000,"gauss_indep",243,TRUE,274,0.00158739029944177,4.64966885568828e-06,0.00121400136101931,-2.00056354750206,0.0599534185618553,0.00578604867528764,0.0426791766719841,-0.228286405224071,4.83476228518615e-05,1.67283864665433e-07,5.0603346980013e-05,0.0153764085430435,0.00124556793979632,0.000153780811715362,0.00159648071298288,0.01660467189118,0.0760660809775792,0.00215630908166902
1000,"gauss_indep",244,TRUE,355,0.00183220187325863,5.99441835031941e-06,0.00134232247941653,-1.9671844206547,0.0611890359486947,0.00606978429585018,0.0435914006306129,-0.216883202674682,4.93702057162922e-05,1.95237723494001e-07,5.75081541847689e-05,0.0189015864370191,0.00123918955011061,0.000162298023768882,0.00145473580097348,0.0152157291944918,0.0779088203982718,0.00244835012821275
1000,"gauss_indep",245,TRUE,375,0.00173924199830101,5.72454492895705e-06,0.00130504593707267,-1.97846322839425,0.0542943753853852,0.00497677445601908,0.0395477498889404,-0.260482668818913,4.91927110606302e-05,1.85480788129146e-07,6.09903971993422e-05,0.0200494843751757,0.00135705166000852,0.000151939210156656,0.00161063591441704,0.0171364240979966,0.0705462575621066,0.00239260212508412
1000,"gauss_indep",246,TRUE,177,0.00266081924924932,2.86638742780518e-05,0.0019979216838691,-1.80568530031258,0.0663054137422042,0.00753727524179308,0.0470157647788282,-0.182798839799149,4.92375159413466e-05,2.96725173693558e-07,5.82547985120886e-05,0.0201674789031228,0.0011150165863894,0.000163692325217872,0.00154418539976757,0.0208314356451757,0.0868174823511548,0.00535386535860324
1000,"gauss_indep",250,TRUE,117,0.0183850286826187,0.000629576332884152,0.0134422999535068,-0.787564952643381,0.0461336736334478,0.00440680644159648,0.0340265162092649,-0.370762131339774,0.00037589196182475,1.5456279960556e-05,0.00041469918223156,0.0231387211579583,0.00120052859607689,0.000127032444998613,0.00114875930819387,0.0233259805549273,0.0663837814650271,0.0250913597256935
1000,"gauss_indep",251,TRUE,362,0.00971271873571627,0.000173787696458212,0.00730859456235132,-1.11244330796047,0.0231418468350171,0.00108860917286611,0.0173032616336027,-0.688233646320835,0.000230826790642414,4.37864574312748e-06,0.000276802800205612,0.0177542162884167,0.00056114372129885,2.86088260307563e-05,0.000604544796530839,0.0180592792115385,0.0329940778453666,0.0131828561570781
1000,"gauss_indep",252,TRUE,300,0.00983636970832611,0.000158567486124363,0.00713784204567063,-1.12256733598793,0.0209101005546491,0.000764730202500626,0.0154291291760933,-0.73579152614552,0.000255669045361575,5.19109443312682e-06,0.000300414429440044,0.0185766802227777,0.000547025285531697,2.40363254285115e-05,0.000615747330859178,0.0176436445054414,0.0276537556671897,0.0125923582431713
1000,"gauss_indep",253,TRUE,335,0.00949949214460652,0.000148434779461932,0.0068804784432021,-1.14033686577049,0.0265126580014625,0.00114203264265845,0.0188331930161951,-0.63632518939099,0.000223697997968709,4.42470140522504e-06,0.000255113391499053,0.0180730184125552,0.000533516579762822,2.89430144973336e-05,0.000701139893687928,0.0208116494153415,0.0337939734665584,0.0121833812819731
1000,"gauss_indep",254,TRUE,352,0.00745410819571087,9.32978445473034e-05,0.00544959651339582,-1.26165244532691,0.0227749662701949,0.000870141651854137,0.0163702938548648,-0.710174945375926,0.000146480871321552,2.22689897117243e-06,0.00019207446230401,0.0176651306383419,0.000490635293560909,2.2952709992388e-05,0.000576317695763803,0.0170094460545654,0.0294981635335852,0.00965908093698895
1000,"gauss_indep",257,TRUE,126,0.0380228026729002,0.00248536872527872,0.0279297845185096,-0.412236850417042,0.263293351398239,0.11043458319491,0.190860910683359,0.5391152546251,0.000580612331798704,4.57937915966783e-05,0.00072435220694302,0.0159267850620022,0.00768947438370337,0.00423906439212811,0.00860530204542129,0.018703575770338,0.332316992034578,0.0498534725498507
1000,"gauss_indep",258,TRUE,146,0.0238846460893861,0.00103416438456685,0.0171739744958003,-0.695584561735674,0.210022200577133,0.0781922834384555,0.154076342937136,0.411942393592467,0.000664649648890739,3.5129364852722e-05,0.00068021138747247,0.0208370180454921,0.00822546809469426,0.00398994107440853,0.00838978042909763,0.0198289241050657,0.279628831557934,0.0321584263384708
1000,"gauss_indep",259,TRUE,259,0.0128946405995338,0.000323853795959867,0.0097842566825531,-0.973870589802689,0.15250331129823,0.0364255151312423,0.107435284270097,0.237541718769932,0.000457134551965919,1.34133629026643e-05,0.000509123719096635,0.0239503647199793,0.00514791537010538,0.00173019539207669,0.00506289801806665,0.0190998530946017,0.190854696382463,0.0179959383184058
1000,"gauss_indep",26,TRUE,244,0.0088301430272384,0.000136877120877909,0.0067666060652806,-1.11340172675419,0.0357594588103663,0.00223490479158131,0.0284404991873013,-0.39093828853696,0.000367536472072678,6.94102516979556e-06,0.000334755070300897,0.0225638557561245,0.00170963665899789,0.000128677835425653,0.00151124448025344,0.0217887402462579,0.047274779656613,0.0116994495972208
1000,"gauss_indep",260,TRUE,240,0.0111545035320352,0.000230545026331346,0.00822268151658335,-1.04616982432708,0.123690413454166,0.0272210796565142,0.0892315154603891,0.129629162824239,0.000322404100338465,7.33466136002742e-06,0.000335177769887469,0.021605091073391,0.0032606164221161,0.000944781845377938,0.00399541931053695,0.0199746966443885,0.164988119743557,0.0151837092415307
1000,"gauss_indep",261,TRUE,271,0.00887269873696103,0.000151413305146101,0.00653480667124628,-1.19359020852282,0.085605550510084,0.0128939748266827,0.0624187057264727,-0.0477106575599306,0.000261766239388998,5.63686646797102e-06,0.000288717566058126,0.0203320141301891,0.00291794905777839,0.00063943865997716,0.00308190567590592,0.0199091577697473,0.113551639471576,0.0123050113834202
1000,"gauss_indep",262,TRUE,298,0.0100308628433546,0.00023006275604951,0.00777304215234012,-1.08890530765843,0.0911544951723558,0.016636594745112,0.0681228572398563,-0.00579996330052363,0.000226716278581514,5.22773922025241e-06,0.000260854100787832,0.0212261791910998,0.00262793834977126,0.000518895922038527,0.0030392458640262,0.0210476597626677,0.12898292423849,0.0151678197526708
1000,"gauss_indep",263,TRUE,376,0.00840452702228811,0.000167309838758047,0.0065883486634358,-1.17352241668038,0.084105738969676,0.0122074527054671,0.0603472616271514,-0.0605672274587804,0.000275513977823822,5.19285274430661e-06,0.000296396217928501,0.0213540657234629,0.0025293573334363,0.000481869579336979,0.00293660397454538,0.0191136862643129,0.110487341833656,0.0129348304495284
1000,"gauss_indep",264,TRUE,321,0.00618012079675657,9.75117544257303e-05,0.0050048282065974,-1.32778443044774,0.0929384803298481,0.0150843696434959,0.0666877651747342,-0.0172705782916169,0.000229666457841002,3.58873469987038e-06,0.000227547977752161,0.0181238576296603,0.00224697884281718,0.000468454973266008,0.0024191898759214,0.0182591346465701,0.122818441789073,0.00987480401961124
1000,"gauss_indep",268,TRUE,319,0.00617579336228347,6.57916874244948e-05,0.00446169499491309,-1.36763034982288,0.0960376678237828,0.0154944671844003,0.0692228064099758,0.00583533482446386,0.000144413815904699,2.01674908781233e-06,0.000176625239919345,0.0208837809415257,0.00244184619767937,0.000485126494419273,0.0025906511623341,0.0191876294155365,0.12447677367445,0.00811120751950625
1000,"gauss_indep",269,TRUE,328,0.00748768945812261,0.000102749276495584,0.00546831921611106,-1.26771323550476,0.0938414853065072,0.0146714126576612,0.0671659939190862,-0.0069973797484684,0.000176401915416078,2.73950153101526e-06,0.000184759265630538,0.0213857374097876,0.00212538030203201,0.000420789535875586,0.0026241607115393,0.019987488719413,0.121125606944449,0.0101365317784528
1000,"gauss_indep",270,TRUE,383,0.00722052537012878,9.35465912760462e-05,0.00525204753790775,-1.28661201001256,0.0890891016503954,0.0133084067507086,0.0639939341367705,-0.0351284990779709,0.000167563566885218,2.39643515924242e-06,0.000193956135960163,0.019492647116609,0.00210109806061022,0.000384050655009603,0.00241592097613319,0.0204812717359164,0.115362068075727,0.00967194868038733
1000,"gauss_indep",271,TRUE,364,0.00722641688767987,9.2301464608566e-05,0.00527971249639748,-1.26697339688184,0.0752626117603942,0.00938704344993167,0.0539278025507768,-0.115258136700576,0.000138155113559067,2.15839014555847e-06,0.000168077731684926,0.0216418582139448,0.00170464303152764,0.000270532147512168,0.00219371708803045,0.0207474569889217,0.0968867558024918,0.0096073651231004
1000,"gauss_indep",272,TRUE,344,0.0057714129463692,6.87171671442491e-05,0.00435043374261592,-1.37217576358635,0.0650498805903284,0.00680488380380635,0.0459692539416651,-0.196417832148992,0.000107646984718666,1.41306899862147e-06,0.000131785977687447,0.0206567193052675,0.0011923158046405,0.000162937592652608,0.00154821447279804,0.0172278555469409,0.0824917196075239,0.00828958184375117
1000,"gauss_indep",273,TRUE,246,0.00544253545941154,5.57215631805272e-05,0.00400212653845954,-1.41680296988281,0.0725756765450942,0.00828498718522313,0.0512737960262766,-0.139797349949177,0.000102565633864693,1.29076170963288e-06,0.000133923472187175,0.022581810400118,0.00136789292606683,0.000194273149094023,0.0017675450620549,0.018842849211629,0.091021904974699,0.00746468774836076
1000,"gauss_indep",274,TRUE,180,0.00658846981708576,7.91253311525793e-05,0.00491356116358869,-1.27400846764727,0.071720732842552,0.00862157546405448,0.0509977954848865,-0.140721018879597,0.000107389907321018,1.4244959022149e-06,0.00013508080049487,0.0243921527472121,0.00144024670665706,0.000206689178673152,0.00178313379860157,0.0200245735138149,0.09285243919281,0.00889524205137664
1000,"gauss_indep",275,TRUE,209,0.00429665001800812,4.2081436686843e-05,0.00318622553518263,-1.56227388220563,0.0501976502062436,0.00414557437232206,0.0357365693219444,-0.319979161836991,8.56131629809366e-05,8.99253342468843e-07,0.000104874726747442,0.0199970474417845,0.0010574326456879,0.000112478318609922,0.00117833070001897,0.0176310194208535,0.0643861349385259,0.00648702063252793
1000,"gauss_indep",276,TRUE,249,0.0035879334815899,2.54377579490397e-05,0.00267615086290847,-1.63067665296836,0.039764350068171,0.00260658908181039,0.0281430740643996,-0.444952253572077,8.19338135101676e-05,7.20606421038724e-07,9.61159993552804e-05,0.0195162207322461,0.000817675621540925,7.16731729708208e-05,0.00107049757600196,0.0180993812983873,0.0510547655151837,0.00504358582251157
1000,"gauss_indep",277,TRUE,315,0.00360360742871702,2.5393831372693e-05,0.00275090492635493,-1.60435955494807,0.0385206907651048,0.00236572811177476,0.0270727728480779,-0.460897420324109,9.17399910866463e-05,7.07897140764254e-07,0.000114746254827651,0.0190338742522666,0.000849195885936532,7.09831335014392e-05,0.00109811415838943,0.0183633077264153,0.0486387511329676,0.00503922924391151
1000,"gauss_indep",278,TRUE,287,0.00311648052532252,1.86263062040678e-05,0.00236281995031789,-1.68061800674385,0.0482242672028229,0.003974652173541,0.0344765804896918,-0.339986201788523,9.03202000338508e-05,5.90849390126038e-07,0.000109116298077716,0.0192349024734117,0.00109418574883401,0.000116405960235229,0.00125617502617093,0.0175565537415859,0.0630448425609978,0.00431582045549485
1000,"gauss_indep",279,TRUE,292,0.00308259185556358,2.35238348331181e-05,0.00235071868296206,-1.70687457949548,0.0561482966430098,0.00543767028995207,0.0403299085305054,-0.261172328145398,8.06263964671653e-05,5.6156070225372e-07,8.88011300314865e-05,0.0187968233101832,0.00119067929972032,0.000144460110682833,0.00159126004883094,0.0214121957799984,0.0737405606837382,0.00485013760970945
1000,"gauss_indep",28,TRUE,140,0.0113498241850081,0.000269994668100075,0.00856205948152704,-1.03810862521528,0.0582669388229529,0.00666186027544508,0.0428831010286463,-0.240871597828879,0.000306313452884812,8.31452216063722e-06,0.000343709382300356,0.028007341871647,0.00158338898825919,0.000228071117862316,0.00163463459190055,0.0244629024338196,0.0816202197708698,0.016431514479806
1000,"gauss_indep",280,TRUE,124,0.0028013741596953,1.52993540000412e-05,0.00213597830767637,-1.71012225111607,0.0495840274083978,0.00415365515855276,0.0350584301688305,-0.331479995659581,8.7175436084393e-05,5.18008080317398e-07,0.000101112235301827,0.0218609020081904,0.00137639963275489,0.00016222164473434,0.00148293629532309,0.0182563964158138,0.0644488569220026,0.0039114388656914
1000,"gauss_indep",283,TRUE,154,0.0130554174370532,0.000351134865663194,0.00984695071642892,-0.972110015369195,0.0570529828877832,0.00740078687581111,0.0428724888100021,-0.231218290034073,0.000279258679636236,7.14578435594994e-06,0.000348808717181274,0.0226383198600863,0.00171567007391317,0.000209387554418858,0.00182257106813772,0.0205119307131974,0.0860278261716005,0.0187385929477961
1000,"gauss_indep",284,TRUE,436,0.00849508990414697,0.000121586263070212,0.00615114264393513,-1.20196285899661,0.033162934688699,0.00231521004252006,0.0256133965332723,-0.482447074101526,0.000200186776219144,3.52104074393023e-06,0.000238145990161908,0.0205242682534772,0.000873924152208291,5.72703349667976e-05,0.00102655347426151,0.018405766713005,0.0481166295839605,0.0110266161205608
1000,"gauss_indep",285,TRUE,250,0.00788163907997651,0.000105335306253446,0.00583748153394626,-1.22077095073265,0.0293564946493401,0.00161346905693027,0.0222942344198763,-0.55107802006093,0.00015379092671979,2.43559079692722e-06,0.000191192217730847,0.0199537786765999,0.000852337480845304,6.18023769739277e-05,0.000991353284465286,0.0179716976824,0.0401680103680811,0.0102632989946433
1000,"gauss_indep",286,TRUE,319,0.00909629388581487,0.000132801249512508,0.0065870391540158,-1.15865558549664,0.0304628470588283,0.00159946607477804,0.0227740289307021,-0.530535937243254,0.000178060956697932,3.52378531585908e-06,0.000228967740227537,0.0223502541146577,0.00106009671903936,6.7005774458564e-05,0.00113323564592093,0.0189229449342186,0.0399933253778432,0.0115239424465982
1000,"gauss_indep",287,TRUE,428,0.00721277338449367,8.26617566254093e-05,0.00523347741408659,-1.27375659370439,0.0279790565992441,0.00142588572291811,0.0217191192024512,-0.550724985153738,0.000205972630942734,3.04656793885492e-06,0.000214180758642325,0.0190003455086195,0.00101194163065334,5.81843253223625e-05,0.00116782261607756,0.0194461616782988,0.0377609020405778,0.00909185111104495
1000,"gauss_indep",290,TRUE,291,0.0338671840960336,0.00229850598819639,0.0262297205078237,-0.464319133739062,0.423402036482539,0.343796995712549,0.312519391421585,0.76025383703243,0.00122421415883582,8.64792170245302e-05,0.00135266387049,0.0208573467512312,0.0138917484603802,0.0130489826656592,0.0167929003975867,0.0225558859658163,0.58634204668653,0.0479427365530629
1000,"gauss_indep",291,TRUE,231,0.0245216742932481,0.00108015752072184,0.0187883488783299,-0.635241280915336,0.402152028220164,0.299198252361638,0.291668939776642,0.713065820237175,0.00104643127963218,5.70071652991049e-05,0.00104817043945829,0.0207502052890616,0.0128340962683584,0.0116729592703534,0.0130151922228739,0.0233879799596685,0.546990175745084,0.0328657499643906
1000,"gauss_indep",292,TRUE,284,0.0119524007145987,0.000316772624417706,0.0102943594519935,-0.915012334447539,0.193317425359918,0.0705064308027696,0.150771790725028,0.414182923936792,0.000551793166993705,1.43327353420441e-05,0.000602528843963889,0.0185350219336603,0.00792862192287539,0.00333883887021377,0.00864812821548454,0.019657163098202,0.265530470573096,0.0177981073268397
1000,"gauss_indep",293,TRUE,260,0.00958824519799552,0.000220665921332889,0.00754803289904594,-1.09160296984466,0.180455592595363,0.0651289170355958,0.132761674085334,0.341048933575424,0.000307430758100888,7.2388844007272e-06,0.000336369305122506,0.0203122151115712,0.00505540212802274,0.00212101259259845,0.00547446792204856,0.0235006856283108,0.25520367755108,0.0148548282162026
1000,"gauss_indep",294,TRUE,284,0.00757588087441535,0.00014272445299649,0.00617331203979997,-1.20020222695308,0.15860925621848,0.0470666070847629,0.114684986092507,0.251934988510056,0.000283259711253443,4.96644375846122e-06,0.000315165356290928,0.0206504811965433,0.00435115733576114,0.00151461285928284,0.00484088427076818,0.0213701680425729,0.216948397285536,0.0119467339886887
1000,"gauss_indep",295,TRUE,354,0.00976588778607178,0.00023634462354456,0.0077721206290514,-1.09434307952876,0.165321740283024,0.0613944938495484,0.122721274951655,0.25958714222635,0.000349472771895431,7.78987781747624e-06,0.000383033646621153,0.0209316163944003,0.00465396816640319,0.00181308344749312,0.00509166759596964,0.0228592869300702,0.247779123110783,0.0153735039449229
1000,"gauss_indep",296,TRUE,364,0.0184865396692379,0.000712393324123822,0.0140819466908258,-0.766672002851238,0.171804582246103,0.0540274990204678,0.129000629939156,0.330254042761831,0.000413852568579996,1.47413859345645e-05,0.000445239948896054,0.0224424608776125,0.00597202036733881,0.00217932095122884,0.00651097449132709,0.0231276474981962,0.23243816171289,0.0266906973330376
1000,"gauss_indep",300,TRUE,210,0.00611491899658442,6.85662555473735e-05,0.00467909696275342,-1.32622828800317,0.298828100770592,0.147947715835231,0.211814223386479,0.570356024727237,0.000166958748953077,2.22742457955713e-06,0.000200304202644562,0.0172160693924277,0.00670344730876477,0.00398813531257922,0.00748707916889184,0.0227355755431376,0.384639722123484,0.00828047435521501
1000,"gauss_indep",301,TRUE,257,0.00845853294235888,0.000147079704203754,0.00633063712606058,-1.20053704845855,0.166052963559242,0.0499456383083782,0.121302619120335,0.283326246012208,0.000180575577478451,3.22585120781745e-06,0.000223365315248669,0.0213683280568352,0.00420033009731881,0.00139266334458581,0.00461961580334896,0.0212914270315634,0.223485208254099,0.0121276421535167
1000,"gauss_indep",302,TRUE,261,0.00936852174250561,0.000168047285948955,0.00708310993661545,-1.12351042672159,0.139653500950545,0.0313745312848166,0.0981895553008216,0.187260066630438,0.000221101258954343,4.39504669005119e-06,0.000234125184718959,0.0203112925380493,0.00266371719945187,0.000779652056077826,0.00316597679491344,0.0184290327691582,0.177128572751029,0.012963305363562
1000,"gauss_indep",303,TRUE,229,0.00436181265820497,4.61851065000565e-05,0.00354436211760122,-1.47513761808529,0.096394618129902,0.0163244415192491,0.0691432738138666,-0.00247723241174434,0.000168664926472659,1.98661368813662e-06,0.000177905286868317,0.0169379620911329,0.00232321572223273,0.000493208933802995,0.00282962479591352,0.022659325574801,0.127767137869051,0.00679596251461531
1000,"gauss_indep",304,TRUE,286,0.00271590933464068,1.60919613801266e-05,0.00224234734913102,-1.68679941945987,0.0737154433250845,0.0083614409337971,0.0518857053043671,-0.133540157397468,0.000108748890196504,7.45552445604522e-07,0.000115478946191348,0.0174530302560539,0.00172115476125056,0.000260353263799488,0.0019890644954821,0.0187876351124261,0.091440914987751,0.00401147870243961
1000,"gauss_indep",305,TRUE,147,0.00359400725810003,2.86608765866838e-05,0.00282905630158501,-1.58080933620509,0.0769796788647298,0.00929786562040756,0.0534341274151903,-0.120946515016354,9.151565703453e-05,7.71162569240107e-07,0.000128147278890229,0.0218885439458446,0.00130925222328109,0.000229738635875266,0.00163413659594766,0.0164830192287144,0.0964254407322443,0.00535358539547879
1000,"gauss_indep",306,TRUE,161,0.00328860324167412,1.89784362113078e-05,0.002448549162139,-1.63694023598612,0.0667671239517957,0.00720443648998291,0.0470998174081454,-0.181588859461936,9.77507083068134e-05,7.59495999697984e-07,0.000112558458601925,0.0172093369432283,0.00139487799930484,0.000180884009677175,0.00179750772425668,0.0203840770519687,0.0848789519844756,0.00435642470511173
1000,"gauss_indep",307,TRUE,229,0.00469153350914339,3.77120591876597e-05,0.00340831477424966,-1.49099987479824,0.055204967665561,0.00561683070759166,0.0414506637982359,-0.246764637796008,9.22106785431726e-05,8.41322768652636e-07,0.000123143304186952,0.0212338919400831,0.00118607675079669,0.00013594613097982,0.00150059236494717,0.0218756421834148,0.0749455182622127,0.00614101450801573
1000,"gauss_indep",308,TRUE,242,0.00446784599811252,3.18473515376409e-05,0.00319795619495764,-1.52702424028272,0.0430432227276402,0.00354708603674782,0.0310067767093529,-0.403837703057788,0.000102602343013298,1.02154326904087e-06,0.000135417519358119,0.0197783715659347,0.000897648637524546,9.37669177067081e-05,0.00116721219078297,0.0210742385898476,0.0595574179825471,0.00564334577512675
1000,"gauss_indep",309,TRUE,242,0.00600139873784447,6.61340661110239e-05,0.00440085167400518,-1.35925711337505,0.0394424837475113,0.0028864373287326,0.0284939051986612,-0.447575032199874,0.000113939156574394,1.33609529219842e-06,0.000138112187798704,0.0216097908028005,0.00086234199627199,7.46595831612817e-05,0.000996978468152304,0.0187467676475648,0.0537255742522367,0.00813228541745947
1000,"gauss_indep",310,TRUE,240,0.00508646614907241,4.48410736835722e-05,0.00371848653590917,-1.4483508015286,0.0397866735118424,0.00254882691146283,0.0278365957372149,-0.453482689113079,0.000112833316133015,1.18072022669989e-06,0.000133344527185096,0.0200917351403691,0.000957963398943568,8.68163878399687e-05,0.00106360572212473,0.017826811255817,0.0504859080483141,0.00669634778693373
1000,"gauss_indep",311,TRUE,269,0.00532373914296212,5.36786113710568e-05,0.00393363999396881,-1.43890009177964,0.0414074628595659,0.00303193248458412,0.0296925106538477,-0.421705451737284,0.000131910051098639,1.61268388137948e-06,0.000158743801491103,0.0214726096229123,0.000982532215508878,8.7340847240069e-05,0.00122494890285925,0.0192895113390556,0.0550629865207484,0.00732656886755709
1000,"gauss_indep",314,TRUE,402,0.012007719877714,0.0003225248216906,0.00949623016314285,-0.983640947661948,0.114626539112153,0.030734684596772,0.0876916233155399,0.113545207389618,0.000410015105262031,1.12842720007636e-05,0.000457131990490999,0.0185830820344481,0.00316022385507537,0.000801142196294045,0.00379862588561036,0.020566389774444,0.175313104463905,0.0179589760757845
1000,"gauss_indep",315,TRUE,448,0.00823122467681948,0.000127893573627541,0.00610990039257826,-1.21278825392564,0.0756928351572614,0.0102112646156752,0.0550102119277279,-0.10723124450175,0.000202226217209524,3.96208637120446e-06,0.000243423299593229,0.0200842500876907,0.00165508489703014,0.000288214339926103,0.0020856344155845,0.0237675676144847,0.101050802152557,0.0113090040953013
1000,"gauss_indep",316,TRUE,404,0.00748095102996434,0.000114016228494044,0.00565838227216647,-1.24604020448934,0.0638711586313402,0.00800764964748312,0.0461776493965768,-0.206368969338258,0.000198329141673383,3.20919585695055e-06,0.000228911092551295,0.0185184530897446,0.00164683161614271,0.000232402639187288,0.00196389250344079,0.0209950954015293,0.0894854717117987,0.0106778381938501
1000,"gauss_indep",317,TRUE,474,0.00904267994305325,0.000156220860027433,0.00675884122976555,-1.15392925707127,0.0777333659763026,0.0117639877082931,0.0563840553790808,-0.0978716661394321,0.000217426179249802,4.14500766955857e-06,0.000249720969569434,0.0209546679059101,0.00185523781825245,0.000305158346443328,0.00218150037599604,0.0232360278631484,0.108461918239966,0.0124988343467474
1000,"gauss_indep",318,TRUE,476,0.0134581594395013,0.000375009756034634,0.01029477359316,-0.948071876019871,0.107254730233028,0.0237927504373147,0.082323042315312,0.1035118949804,0.00042951866999416,1.33401470610146e-05,0.000456331184091941,0.0194855545894083,0.00342379096056467,0.000799270032862957,0.00401884238045697,0.020000787811713,0.154248988448271,0.0193651686291298
1000,"gauss_indep",319,TRUE,384,0.0176464345377935,0.000558465620877563,0.0135741286287947,-0.786817626820625,0.115374184361305,0.0277466170332333,0.0998349747990459,0.240092409818598,0.000636666339907366,2.33774219743952e-05,0.000704991253662225,0.0188412147706769,0.00526287794591864,0.00138731849794553,0.00540180110919483,0.0158142867548518,0.166573158201534,0.0236318772186545
1000,"gauss_indep",32,TRUE,742,0.00806066228822262,0.000134282558593467,0.00616823860601693,-1.19765941928302,0.0747126248829875,0.0166346319560521,0.0590570657997163,-0.0871694021052522,0.000149057661662193,2.61978771840695e-06,0.000170022867272103,0.0177248268650983,0.00192246788112423,0.000316165122035041,0.00213146354824405,0.0221612566655565,0.128975315297355,0.0115880351480942
1000,"gauss_indep",321,TRUE,427,0.02976656643775,0.00195307653176491,0.022149298175527,-0.58500654121255,0.321613433876339,0.251186478651476,0.245706752515206,0.604459356674736,0.000860032101847216,5.56615013085105e-05,0.000886485210736334,0.0215601068501836,0.00937920857839343,0.0067825359030535,0.010017669771829,0.0221434544768054,0.501185074250497,0.044193625465274
1000,"gauss_indep",323,TRUE,310,0.0321583059500135,0.00209405150069918,0.0240257760905497,-0.536310717523672,0.441429051964045,0.380448251892129,0.322591528281897,0.752667647426532,0.000897561672209337,6.80363422491485e-05,0.000990574907471869,0.0244656617144597,0.0128933934262363,0.0128080795109151,0.0137131732968742,0.0247995094970957,0.616804873434159,0.0457608074742916
1000,"gauss_indep",324,TRUE,367,0.0118074138414207,0.000268158526515948,0.00956981561575466,-0.955179666658198,0.208731203500237,0.0812674340493004,0.15161427144626,0.388429906031206,0.000514033694764499,1.23336970913894e-05,0.000507594806466793,0.0174494480483122,0.00563454541574741,0.00264042253147789,0.00669021855068458,0.0223321453909283,0.285074435979974,0.0163755466020511
1000,"gauss_indep",325,TRUE,355,0.0116621905015292,0.000318407427500157,0.0092049624950612,-1.00928334279889,0.21243970444273,0.0909106392653765,0.154955179915899,0.385679492787488,0.00044231195199709,1.24396341382232e-05,0.000462267063686604,0.0208978927841823,0.00654407264350605,0.00323411771029674,0.00689880940079378,0.0249264744272848,0.301513912225251,0.0178439745432501
1000,"gauss_indep",329,TRUE,319,0.0124246209600426,0.000335220141581484,0.00960512246970482,-0.976208558591523,0.281921607131067,0.156833798909644,0.208206255935638,0.558805400882296,0.000323425083696674,8.38798958258346e-06,0.000360936027449149,0.0197316676969574,0.00798279478004913,0.00479762652105731,0.0082504066756504,0.0219227358569679,0.396022472733106,0.0183090180397935
1000,"gauss_indep",33,TRUE,1151,0.0136340013616445,0.000408513327497163,0.0107723648868975,-0.907766547142215,0.118682582092369,0.0360825735509055,0.096665935100849,0.187698904284803,0.00050778614992871,1.56661635496903e-05,0.000509898247760424,0.0228551457740962,0.00439330566161669,0.00118548246247817,0.00444742424198362,0.0228987833584349,0.189954135387744,0.020211712631471
1000,"gauss_indep",331,TRUE,119,0.0108547541371221,0.000254972434417433,0.00833110431772692,-1.07701228280972,0.172155798145406,0.0585044894360148,0.126775116682224,0.291695087016252,0.000309760020309622,7.55246327205681e-06,0.00031942984700388,0.0205206211146996,0.00412605866275549,0.0016346091900698,0.00525243345479267,0.0198454387049925,0.241877013037649,0.0159678562874743
1000,"gauss_indep",332,TRUE,349,0.00783430054425028,0.00014354082047471,0.00611341267431302,-1.22520266615276,0.106680018085497,0.0221830585992854,0.0814949499717108,0.0998164154015702,0.000259131961972712,4.73554591438396e-06,0.000294976700987598,0.0204617509386997,0.00409484044542691,0.000964673072918072,0.0042296015614157,0.0206979408256703,0.148939781788767,0.0119808522432551
1000,"gauss_indep",334,TRUE,347,0.00189325085515585,9.55117205616101e-06,0.00153645088592965,-1.89283485407023,0.0643696606397223,0.00808023098641095,0.0476938169463781,-0.176752645411298,7.7912470570831e-05,3.7070306031643e-07,7.8468200195565e-05,0.0201660231445728,0.00196839610180239,0.000284171968300299,0.00215485553064214,0.01915338641273,0.0898901050528419,0.003090497056488
1000,"gauss_indep",335,TRUE,293,0.00238097074722349,1.07695335056313e-05,0.00181285498356342,-1.80534272979984,0.0688627825720549,0.0076840927151797,0.049033444853836,-0.163184142761166,8.83732153186432e-05,4.48522671987319e-07,9.87899655048638e-05,0.0205421955771027,0.0017094049326437,0.000245258011706258,0.00198803996009889,0.0196148927670946,0.087658956845149,0.00328169674187474
1000,"gauss_indep",336,TRUE,170,0.00233299347030257,1.01595799386371e-05,0.00181839548631822,-1.79617267141954,0.0479223541435943,0.00364443748738348,0.0342021963758401,-0.330674128570589,8.54652882808077e-05,4.89986594600101e-07,8.49354978354684e-05,0.017286843560943,0.0015588000837636,0.000148107024136491,0.00166910124756106,0.0188047059244198,0.0603691766333075,0.00318740959693559
1000,"gauss_indep",337,TRUE,298,0.00286938152203273,3.92018621038319e-05,0.0023430595507423,-1.70123216153081,0.0401278416627997,0.00288628924649998,0.0286352731307173,-0.444309922912301,0.000109453215719899,8.53837107087884e-07,0.00012321515618831,0.021146208236892,0.00117362511719109,0.000123856336619145,0.00125367201819987,0.0187484673594404,0.0537241960991505,0.00626113904204594
1000,"gauss_indep",338,TRUE,339,0.00434649033270268,4.73018611135232e-05,0.00331207896478134,-1.52486885422703,0.0389830662955792,0.00277325442088822,0.0282776726552742,-0.446707734580125,0.000131245372934842,1.28738213810662e-06,0.000144935323215534,0.0234990501633467,0.000961419709776382,7.988175568237e-05,0.00107048522277796,0.021906953173818,0.0526616978542111,0.00687763484880691
1000,"gauss_indep",339,TRUE,304,0.00691298904664122,9.72202282199164e-05,0.00505254853292753,-1.31365915749942,0.0398770393219065,0.00278936194553548,0.0280410272629789,-0.459037413485077,0.000166749215237502,2.52644003094473e-06,0.000205393036402748,0.0234610172163434,0.000969726415061349,8.85424755457957e-05,0.00123780660135152,0.0240215062898995,0.0528144103965526,0.00986003185694227
1000,"gauss_indep",34,TRUE,470,0.0264911624871997,0.00131404698473172,0.0199024724686899,-0.60317253678487,0.302095851760539,0.223360052828139,0.229441821574706,0.613399844947584,0.000949413321358282,5.30689506965878e-05,0.000928778643152443,0.0222288194615325,0.00843154150490321,0.0055734770741683,0.00920929452789351,0.0259601081801721,0.472609831497546,0.0362497859956679
1000,"gauss_indep",344,TRUE,248,0.012371877119099,0.000324048732575788,0.00914372208803365,-1.03411562989255,0.0669406177978407,0.00850813577370694,0.0500609260495957,-0.148583458237602,0.000381643656518568,1.11287497624189e-05,0.000401348021937114,0.0200409869058058,0.00194964992117997,0.000287560860249888,0.00229466320327645,0.0200582419221908,0.0922395564479087,0.018001353631763
1000,"gauss_indep",352,TRUE,392,0.0232910539424233,0.00122235272756701,0.0170796971596891,-0.74507006469544,0.127981107233351,0.0470464466306513,0.101855390114418,0.142010661525931,0.000676471427137725,4.32990754238954e-05,0.000692566136315419,0.0213238928154012,0.00564283822097321,0.00187392486056282,0.00521154628801701,0.0200945931338021,0.21690192860058,0.0349621613686427
1000,"gauss_indep",371,TRUE,154,0.00397680164788039,4.13413520940263e-05,0.0033219250838396,-1.50215890695736,0.0512140783604067,0.00551609530397022,0.0386188305470511,-0.309333697164208,0.000128831289538748,1.17081917314593e-06,0.000139944829681126,0.0160985387608783,0.00151038646532723,0.000178359554725528,0.00163191270293919,0.0233069908786086,0.074270420114405,0.00642972410714692
1000,"gauss_indep",373,TRUE,304,0.00670103354362154,0.000229785397363918,0.00668138259791033,-1.16097723986533,0.0594656865592211,0.00686918127137419,0.04457651298177,-0.216074207661052,0.000392416520251455,6.11780592253508e-06,0.000351698446451426,0.0199653087730377,0.00170951309283112,0.000237888541402112,0.00193493670888304,0.0214892444203649,0.0828805240775792,0.0151586739975473
1000,"gauss_indep",374,TRUE,487,0.00800190292503206,0.000323389226700735,0.00683168662564572,-1.24894065182465,0.0510481697199143,0.00539392059693133,0.0384297794009074,-0.298150104848022,0.000335094166552158,1.09545450496893e-05,0.000393029959154458,0.0218013474931267,0.00150618182428722,0.0001847662770079,0.00161430058212276,0.0208697258778008,0.073443315536074,0.0179830260718472
1000,"gauss_indep",386,TRUE,233,0.00158139944952168,8.44202944840456e-06,0.00179685724151855,-1.78073298471453,0.0280975813818802,0.00237789071651572,0.0248713427710805,-0.519014912325401,0.000123833334569821,6.26575458805956e-07,0.000121419565734359,0.0173117351031262,0.00140597701559258,0.000110609919228169,0.00160475128849404,0.0194288790797972,0.0487636208306533,0.0029055170707474
1000,"gauss_indep",45,TRUE,434,0.00902577031341996,0.000177403656143752,0.00663949836788225,-1.20139834682059,0.0393589842635656,0.00317850181413031,0.0288614771010391,-0.460996392471447,0.000271398897443989,5.75983003332893e-06,0.00029332188314338,0.0233402115142352,0.00126226710494761,0.000109438807283667,0.00145254645412399,0.0237192502636478,0.0563782033602554,0.0133192963832085
1000,"gauss_indep",46,TRUE,422,0.00926701776384041,0.000234606727826633,0.0069620365590946,-1.19591222432063,0.0410803938858312,0.00485329735832615,0.0310833405128421,-0.444848349935324,0.000255286060463023,6.71547276544436e-06,0.000268292331910338,0.02438948353515,0.00119648913870708,0.000144324179090852,0.0012510370877239,0.0253574215697498,0.0696656110166713,0.0153168772217653
1000,"gauss_indep",47,TRUE,597,0.00684780939604904,0.000111909128616934,0.00504647098851612,-1.32955616497309,0.0318511940756956,0.00256763897317726,0.0237710631596138,-0.555183192067441,0.000168532133298581,2.85935862409621e-06,0.000199409747502447,0.0226313788941117,0.000843423347600397,6.3683445772345e-05,0.000938704791168725,0.0227285843441584,0.0506718755640371,0.0105787111037656
1000,"gauss_indep",48,TRUE,591,0.00548668846646953,5.12043541617559e-05,0.00392044220179019,-1.43662945079733,0.026404896640692,0.00115962420942029,0.0187338938046248,-0.65041813355708,0.000134576062840018,1.7260445471539e-06,0.000158154468191257,0.0196387565654777,0.000737090260942199,4.54769971040467e-05,0.00080414577331701,0.018561018756621,0.034053255489311,0.00715572177783317
1000,"gauss_indep",49,TRUE,367,0.00677826528271927,8.56508593479384e-05,0.00500800928753611,-1.30401243640602,0.0396766835908626,0.00294089831031482,0.0283528594538463,-0.451215412768419,0.000146688896138129,1.99616707723242e-06,0.000169542170334032,0.0183887055323164,0.000803126044497241,6.9135744222027e-05,0.000988718384967441,0.020001393177626,0.0542300498830198,0.00925477494853
1000,"gauss_indep",54,TRUE,329,0.00846224860974772,0.000156796923593493,0.00744342619746236,-1.07707034334546,0.0794313466644921,0.0146428652558239,0.0740394483745798,0.062920872659421,0.000438977655668449,9.97456086893957e-06,0.000496158351550771,0.0201988986273919,0.0054436009084574,0.00109440577303977,0.00543789951674946,0.0199338129051061,0.121007707423221,0.0125218578331449
1000,"gauss_indep",55,TRUE,843,0.0133382810886844,0.000440615605774859,0.012154928401188,-0.832044156454539,0.119280655261639,0.0355518357126426,0.100598155861141,0.201617332318753,0.000702889288003865,2.06674414854104e-05,0.000711195999567694,0.0181872386656831,0.00570143501153947,0.0015036893549489,0.00549940884928928,0.0192560722597041,0.188551944335354,0.0209908457613041
1000,"gauss_indep",56,TRUE,760,0.0531839367511571,0.00594266716693521,0.0405446867010233,-0.241905498918391,0.357276835014533,0.260266427537968,0.267509488977169,0.696073327067439,0.00122855459731808,0.000139991781246155,0.00142537370802479,0.0252540451476587,0.0085412698153721,0.00664305634385054,0.0098415384564684,0.0263729285467485,0.510163138160695,0.0770886967520869
1000,"gauss_indep",57,TRUE,173,0.0364057157322985,0.00289161757010026,0.0277192891080969,-0.449109469547355,0.19200553563158,0.077401702567907,0.146765792790216,0.384480181641907,0.00101844952254188,8.73397254475044e-05,0.00114123691478595,0.0253367441070961,0.00584992481780983,0.00258803108103844,0.00567332564804991,0.0216698447318476,0.278211614725027,0.0537737628411873
1000,"gauss_indep",59,TRUE,214,0.0100604323633331,0.000673666371650504,0.00875976636588006,-1.15373356558919,0.0359060453477192,0.00869425293921398,0.0315036254969443,-0.511113816389286,0.000224049543467271,1.0126355888178e-05,0.000242019540816727,0.0194801803683195,0.000775795523885788,0.000121440801203457,0.000774797253120338,0.0217644612917015,0.0932429779619569,0.0259550837342225
1000,"gauss_indep",68,TRUE,1003,0.0149987422953879,0.00051674279654065,0.0112346735234065,-0.92915048387086,0.0817226429775537,0.0167534384817553,0.0616503576603624,-0.095647281511772,0.000325951741574266,1.21709913646418e-05,0.000386663027218952,0.0175538792557733,0.00222130277861836,0.000534556757815972,0.00247975256455024,0.016586748914119,0.129435074387723,0.0227319774005837
1000,"gauss_indep",69,TRUE,634,0.00986335239828864,0.000233516434075139,0.00728469497521939,-1.15227949379944,0.0546365059063418,0.0066423614084501,0.0406512685451047,-0.282110530858158,0.000281826742453266,8.04379203334524e-06,0.00029584644282498,0.018151617228777,0.00171392455302461,0.000245958255286149,0.00193725001103479,0.0200614389815548,0.081500683484558,0.01528124451984
1000,"gauss_indep",70,TRUE,380,0.00968097392492306,0.000189055039018405,0.00715767754491958,-1.14520313414109,0.0531867707014992,0.00550089677253258,0.038290452354314,-0.31007263878022,0.000274946718445228,6.15445737843962e-06,0.000286720970042857,0.0229108266647755,0.00140896447877705,0.000174184695983192,0.00152237445500914,0.0229330019746971,0.074168030663707,0.0137497286889016
1000,"gauss_indep",71,TRUE,374,0.00750314892431276,8.93639597734385e-05,0.0053868241286828,-1.26037513043343,0.0377288056987577,0.00231739866891699,0.0270459455186215,-0.449700778643597,0.000171879912703273,2.83010534876507e-06,0.000211499993324624,0.0208848324424456,0.00076125946303524,6.05968200805698e-05,0.000891464620759791,0.0206247151004229,0.04813936714288,0.00945325128056155
1000,"gauss_indep",72,TRUE,479,0.00635984044395382,6.27258034424121e-05,0.00456334922671824,-1.34741611969256,0.0325898008567096,0.0016326155350579,0.0228543517175313,-0.542155576668669,0.00011604356634343,1.50490087748217e-06,0.000150686775048734,0.0178740422187346,0.000573995116438377,3.74030585939427e-05,0.000710023699960739,0.017905467900121,0.0404056374167999,0.00791996233844657
1000,"gauss_indep",73,TRUE,378,0.00619471626064266,6.39525647425763e-05,0.00448158150055677,-1.36311364800387,0.029665636120352,0.00165714180209683,0.0212409531187571,-0.583039759860694,0.000122348826595536,1.5324814614842e-06,0.000147869098414986,0.0177608380774434,0.000658533663697636,4.39716118810409e-05,0.000746744684508335,0.0178529147361047,0.0407080066092265,0.00799703474686563
1000,"gauss_indep",74,TRUE,544,0.0071763885745741,8.90724548035359e-05,0.00520871064368518,-1.28334141404996,0.0418186215749431,0.003022586404685,0.029910321482755,-0.409950727637102,0.000144683878363876,2.21480743316187e-06,0.000175689499865025,0.0198675157713746,0.000908317169338655,8.16858236400085e-05,0.00109600808938331,0.0215135182526131,0.0549780538459211,0.00943782044772711
1000,"gauss_indep",79,TRUE,486,0.0231442866180358,0.00126682821016881,0.0178381959273929,-0.669504913578483,0.471492608837397,0.51136763910537,0.360561029402623,0.811043761966187,0.000607865747589636,3.21404853181263e-05,0.00063977378008207,0.0260886439738755,0.0131272136291325,0.0147372283404354,0.0143004558933262,0.0260406084235642,0.715099740669349,0.0355925302580304
1000,"gauss_indep",80,TRUE,496,0.0299109274829668,0.00202139581249502,0.0229284527317436,-0.558964605855101,0.423617116254889,0.416505886036887,0.319116727765664,0.731084606455884,0.00086287959366784,6.34882012187258e-05,0.000960683396734332,0.025130398711706,0.0110758446562957,0.0118890834755342,0.0127702609495012,0.0257607712800734,0.645372672211093,0.0449599356371316
1000,"gauss_indep",81,TRUE,400,0.0436281926521977,0.0035747334437937,0.0324306009954216,-0.330111430085944,0.382155300980326,0.304711505910126,0.285700111498089,0.724669335164428,0.00101109094234965,9.23373261844007e-05,0.00122493619683995,0.0292093988309217,0.0103401392874252,0.00943563840682913,0.0109943576053877,0.0252905326343112,0.552006798789767,0.0597890746189778
1000,"gauss_indep",82,TRUE,496,0.0644361320349021,0.00859926059993756,0.0488610854581757,-0.128385889607865,0.352761085791039,0.245088849988019,0.263995207578331,0.722134652463413,0.00158569243665336,0.000226731349934873,0.00167639755537864,0.0266968986737343,0.0085631909802764,0.00653329036810393,0.00922979285931048,0.0262938214716521,0.495064490736327,0.0927321982913031
1000,"gauss_indep",83,TRUE,589,0.0549528308791024,0.00609827927467938,0.0413373338951348,-0.255746872970802,0.233857931875113,0.116287467816936,0.178622374737571,0.475592585288055,0.00161909470687521,0.000201885905853376,0.00175128830034521,0.0219781754880132,0.00802250176755429,0.00438675514985696,0.00786311462568144,0.0200904196894643,0.341009483470674,0.0780914801670411
1000,"gauss_indep",84,TRUE,483,0.00916375900995212,0.000293892823949565,0.0110228875321679,-0.868718614963494,0.0303191762884296,0.0024259683841958,0.0382667272630451,-0.203961703863744,0.000574525535193092,1.67111576831017e-05,0.000619367565947319,0.0147936774661293,0.00227300292076458,0.000195323552975057,0.00212527428343979,0.0129119235546281,0.049254120479365,0.0171433025975033
1000,"gauss_indep",85,TRUE,436,0.00998489493957985,0.000393483175311335,0.00792206735634162,-1.12719724096264,0.0336463830717333,0.0031550855412726,0.0261131853899377,-0.493141909802139,0.000277518917380862,8.95068612771589e-06,0.000312474854054508,0.022626883167268,0.000910995507223076,7.76459529715444e-05,0.000978196121595046,0.0218605779713143,0.056170148132906,0.0198364103433896
1000,"gauss_indep",86,TRUE,368,0.00497192552435197,9.41044887110536e-05,0.00417005281985782,-1.54538169706141,0.0195359262791297,0.00155332412637418,0.0168999594224339,-0.893018678118305,0.000221218469158347,4.48524889105932e-06,0.000235788043063932,0.0187088323991808,0.000947221742166735,7.77930589052692e-05,0.000961481619523317,0.0181533500812949,0.0394122332071424,0.00970074681202708
1000,"gauss_indep",95,TRUE,563,0.0163411383139387,0.000475644732523853,0.0119268463984559,-0.872045486329841,0.144208797843564,0.0405697865067524,0.10433173119942,0.194276757823365,0.000310602206571705,1.17449914507111e-05,0.000378326458694361,0.0199766820931653,0.00276151181681171,0.000983979377834056,0.0033150660934304,0.0204692108778788,0.20141942931791,0.0218092808804842
1000,"gauss_indep",96,TRUE,880,0.0162616382211949,0.000529093471322602,0.0118783668962763,-0.89203916453815,0.12192015332993,0.0310051925008138,0.0883854938551373,0.105836066320462,0.00033125324563795,1.32922607083182e-05,0.000414735529736006,0.0210957506337353,0.00261175701207667,0.000780125071291928,0.00309672919822676,0.020638908027489,0.176082913710598,0.0230020318955218
1000,"gauss_indep",97,TRUE,552,0.0150770721523978,0.000447975049180203,0.0108854839876324,-0.947791245037571,0.0977990898817569,0.0203802534833768,0.0707002431177412,-0.0147437890426636,0.000360224961176479,1.3505415444007e-05,0.000421615940224415,0.0204292873951159,0.00259240165257202,0.000608575353678971,0.00295044078760043,0.0218754612814724,0.142759425199798,0.0211654210725939
1000,"gauss_indep",98,TRUE,440,0.012871280830753,0.000306245051355366,0.00937612145469406,-1.00007195738214,0.0724314767927981,0.00971736465775813,0.0526858297076964,-0.13973355257376,0.000276273382327435,8.5219718353611e-06,0.000348579683761679,0.0243848173647241,0.00170983877511691,0.000296526103948757,0.00202594001401651,0.023458453128139,0.0985766942931144,0.0174998586095821
1000,"gauss_indep",99,TRUE,316,0.0113517620216707,0.000250551140001572,0.00831279271180334,-1.04052701289644,0.0572071123084534,0.00574323528394437,0.0407682403828827,-0.265639379678044,0.000247720984236728,6.18074084104592e-06,0.000303447748404297,0.0234933967879746,0.00131558386049277,0.000183292080967124,0.00157054119445826,0.0209794378107488,0.07578413609684,0.0158288072829753
1000,"gauss_cor",100,TRUE,392,0.00957614120268141,0.000153691943036004,0.00695623170004095,-1.13371399900359,0.0476354849068208,0.00390922410228011,0.0343791775950774,-0.338560487925458,0.000176092408150552,3.55880474865342e-06,0.000227540325881517,0.0200275999605252,0.00112236763157307,0.000115952865720851,0.00125143449207507,0.0191101506382176,0.0625237882911785,0.0123972554638518
1000,"gauss_cor",101,TRUE,410,0.0101685124605817,0.000169941322180735,0.00737887176447002,-1.09118001042035,0.0400409075089811,0.00267879412547352,0.0284623427814523,-0.435147944240179,0.000145987570957326,3.04509141682363e-06,0.000201848718840762,0.0211262571332207,0.000873833130545436,7.80913917242989e-05,0.00110375350694346,0.0170618536011629,0.0517570683624326,0.0130361544245508
1000,"gauss_cor",102,TRUE,442,0.00773822282728943,9.99457011958311e-05,0.00556811440025168,-1.24925583730454,0.0339394438803896,0.00190395386482283,0.0243807667882996,-0.505675108304122,0.000144201911881994,2.4592691668508e-06,0.000173762221989809,0.0200364505525137,0.000829446001868452,6.0193724627917e-05,0.000984890098056697,0.0164527982748977,0.0436343198047458,0.00999728469114645
1000,"gauss_cor",103,TRUE,408,0.00584677015195752,5.6394027013635e-05,0.00425309977453034,-1.37935329288638,0.0348800699828645,0.00207968700874377,0.0248655619366283,-0.505633177796095,0.000115610006207098,1.36673558702739e-06,0.000161214813119445,0.0191532536111339,0.000904492029351123,7.16848863254493e-05,0.0010664270006314,0.018487594345188,0.0456035854812291,0.0075095956624598
1000,"gauss_cor",104,TRUE,538,0.0039915781508038,2.55599272504566e-05,0.00287333438270726,-1.57960551575088,0.0418980859063975,0.00304598660339361,0.0299054516093111,-0.414480954113757,8.52530524566881e-05,7.147262227492e-07,0.000102920739461119,0.0164014060645521,0.000848916408313269,7.85871032753498e-05,0.00106423272993089,0.0181115512193922,0.0551904575392668,0.00505568266908205
1000,"gauss_cor",105,TRUE,228,0.00328061656958751,1.87139299083943e-05,0.00239673332855293,-1.66246002706788,0.0418092284589365,0.00273427052950496,0.0292927707357186,-0.414887198474231,4.95247213295546e-05,3.46142562110017e-07,6.3011530808977e-05,0.0144636568721255,0.00071578426655742,6.44962972770635e-05,0.000817235492194983,0.0149513370067022,0.0522902527198422,0.00432595999847367
1000,"gauss_cor",107,TRUE,310,0.00408907343435167,3.79705029097383e-05,0.00312714888135163,-1.54943250136136,0.0963426308493031,0.0189000446255018,0.0729408197105782,0.0298315723079788,7.35135592068283e-05,7.06160103347172e-07,0.00010210195801703,0.0185833322685964,0.00214365904347003,0.000477249146735344,0.00258541933805001,0.0181504623604933,0.13747743314996,0.00616202100854406
1000,"gauss_cor",108,TRUE,360,0.0113074328681933,0.000333839563547615,0.00887311322962741,-1.03218492518418,0.257459987606864,0.147455732535925,0.192496256639993,0.497134724700167,0.000333570488098356,8.65329211234959e-06,0.00037693841932313,0.0196363077403572,0.00563318178180371,0.00346950104164581,0.00666833850668534,0.0223833599563496,0.383999651739328,0.018271277009219
1000,"gauss_cor",109,TRUE,610,0.0133457702593224,0.000576159971015717,0.0108926143124409,-0.936016083628938,0.229919913293905,0.121356445818686,0.178072059349413,0.468413538537069,0.000442951915943918,1.41163080067997e-05,0.000482670456110206,0.0187071878454385,0.00823678418142074,0.00460083149990737,0.00869652659789769,0.0196689137911148,0.348362520685975,0.0240033324981286
1000,"gauss_cor",110,TRUE,540,0.0123356155038044,0.000301550040018966,0.0100544959851026,-0.936901524694023,0.170980535957236,0.0637234897275551,0.135731958830606,0.350166984090734,0.000530802233783867,1.58420684888069e-05,0.000583607744542895,0.0189321645956347,0.00731649689475953,0.00315211481406163,0.00722606998799267,0.0184683134436307,0.252435119837861,0.0173651962274823
1000,"gauss_cor",111,TRUE,373,0.0180804226801106,0.000641113219479285,0.0136597627364122,-0.80266960638741,0.160167185538712,0.0458042694349236,0.117026442549907,0.266893663167766,0.000520427467386608,1.91510491325529e-05,0.000532469933658748,0.0188650040949276,0.00508358781479118,0.00163731216681676,0.00504039823840261,0.0192750534556877,0.214019320237505,0.0253202136539028
1000,"gauss_cor",112,TRUE,421,0.0205075121891836,0.00117872509555837,0.0168630634329887,-0.699816340907736,0.137194741967547,0.0398231658874655,0.102375438315858,0.198830740624144,0.000750890967178869,3.48574329353305e-05,0.00081971329271037,0.0177088855649717,0.00432142523418575,0.00118818856860172,0.00473837565421447,0.0184113306739226,0.199557425037169,0.0343325661079735
1000,"gauss_cor",114,TRUE,182,0.0557377392961135,0.00566895377106629,0.0419230351582182,-0.227049852643616,0.211272036191559,0.082562555834894,0.159743539514156,0.444968222870265,0.00160614671529373,0.000178455159120597,0.00190802493456164,0.0227400348793036,0.00591386974319222,0.00257369925728684,0.00681182664410265,0.0219331554834568,0.287337007423155,0.0752924549411579
1000,"gauss_cor",120,TRUE,836,0.0173768563039923,0.00101350693343925,0.0144339475279065,-0.764741352098839,0.12116441313009,0.0266445336779984,0.0862818533562697,0.115243717638841,0.000371298831909852,1.23866641769997e-05,0.000442583142041616,0.0139836580888265,0.00248609431007174,0.000639984691655641,0.00292650033043694,0.0165764940474687,0.163231533957132,0.031835623654002
1000,"gauss_cor",121,TRUE,713,0.0119488536545817,0.000254625946455207,0.00953521398861532,-0.951418484499423,0.0933199415272715,0.0144818912215461,0.0670870187574098,-0.00212583963578817,0.000333748137887101,8.85267526190306e-06,0.000386811484790722,0.0136247033129487,0.00188794614098552,0.000386178535090111,0.00237369165990137,0.015068818906706,0.120340729686778,0.0159570030536817
1000,"gauss_cor",123,TRUE,340,0.00303053094673959,1.47502164346946e-05,0.00214961001179761,-1.71891964695369,0.0729052124381529,0.00847916011967078,0.0513540826194806,-0.138640792345464,6.96922688869862e-05,4.48558274714605e-07,7.98669392653404e-05,0.0154214577988983,0.00131545921267567,0.00020639258476713,0.00159779967304546,0.0158318383765253,0.0920823550940721,0.00384060105122813
1000,"gauss_cor",125,TRUE,290,0.00420818262380488,3.14161453368024e-05,0.00334052253375814,-1.47624605986998,0.0960216017479106,0.0164052209082779,0.0696013327714136,0.0110258847152847,0.000109302356693585,1.01255159003987e-06,0.00013663352692594,0.0135301505400232,0.00159497883125838,0.000316801533517408,0.00222064893297539,0.0161516283773854,0.128082867348752,0.00560501073476246
1000,"gauss_cor",126,TRUE,858,0.0117516474985776,0.00025013049232921,0.00866814040193297,-1.02369545031261,0.111045555738327,0.02154616711388,0.0799599452845608,0.0773680913118482,0.000203091928623559,4.99748872133896e-06,0.00025948580275879,0.0183456906693458,0.00205522929669669,0.000506518611122572,0.00263503479898033,0.0189105003408987,0.146786127116564,0.0158155142922767
1000,"gauss_cor",127,TRUE,949,0.0100567041953686,0.000180497053820209,0.00749426918650023,-1.09882939214329,0.090223141136443,0.0130439111027344,0.0637371660411957,-0.0320821297662183,0.000224488162717599,4.54843071329056e-06,0.000275292196367074,0.0171602705812839,0.00192920066996975,0.000378998062876047,0.00239235732511429,0.0173297148236341,0.114209943099252,0.0134349191966386
1000,"gauss_cor",128,TRUE,476,0.0109221931781709,0.000198140986453515,0.00792262593973823,-1.07248388343107,0.0898579724376586,0.013766102356586,0.0649700544880948,-0.0211024645422928,0.000240828490253026,5.57684309293858e-06,0.00030195823489243,0.018687352315491,0.00195749348521037,0.000398633286628421,0.00239451613397295,0.0186476452845792,0.117329034584735,0.0140762561234696
1000,"gauss_cor",129,TRUE,337,0.00808567082566762,0.000122660006055818,0.00603700095671865,-1.20973854495123,0.0803964881684351,0.0112211770072556,0.0576907875294161,-0.0848328407257613,0.000173070477308244,2.96351281992348e-06,0.00022132716557365,0.0179545520742436,0.00193727977001781,0.000339668398115981,0.00212987845611005,0.0189960074706031,0.10593005714742,0.0110751977885642
1000,"gauss_cor",130,TRUE,330,0.00645033283828944,7.65333628376916e-05,0.00487853097900573,-1.31046009894466,0.0566354098106324,0.00536716221773204,0.0407641608260318,-0.251183478787117,0.000156961742530069,2.13729899422001e-06,0.000192496201982665,0.0167833553226734,0.00131717169764297,0.000152337870446938,0.00148650984534332,0.0167647938962491,0.0732609187611788,0.00874833486085733
1000,"gauss_cor",131,TRUE,282,0.00602677076100927,6.7761226498734e-05,0.00454649615466131,-1.34720016969064,0.0610720965756308,0.00635293660177339,0.0433775865074646,-0.227798346962775,0.000140946667338922,1.87330493098499e-06,0.000185031836316073,0.0179685634475606,0.00126042875731801,0.000160885818098376,0.00151692724669617,0.017753355737463,0.0797053110010455,0.00823172074955984
1000,"gauss_cor",132,TRUE,353,0.00637415227322263,7.31765524587802e-05,0.00465636114434034,-1.34138714769498,0.0739331054345534,0.00927120460715639,0.0523099867476363,-0.13491663067134,0.000112301364440835,1.53133955003092e-06,0.000153597787533913,0.0174751469881164,0.0014136369109247,0.000214318144580861,0.0016064855127967,0.0186530682312295,0.096287094707216,0.00855432945699312
1000,"gauss_cor",133,TRUE,631,0.00503969175543576,4.62077748835363e-05,0.00375604301612094,-1.44794350475626,0.0671894350057939,0.0081070718933757,0.0478537059608055,-0.191609603288326,0.000113298771359943,1.24023752103066e-06,0.000133701446348836,0.0154566191966066,0.00118013734749884,0.000195545484161497,0.00151910753156096,0.0175723872466682,0.0900392797248828,0.00679763009316749
1000,"gauss_cor",134,TRUE,326,0.00460795263580145,3.98813303948711e-05,0.00349515840650826,-1.47543477279305,0.06467067628923,0.00748525410674975,0.0464502112941532,-0.201926257563707,0.000120951724032839,1.15838480409354e-06,0.000134753431244567,0.0160439008335584,0.00152903059455149,0.000233745738738629,0.00164716827830348,0.0180986643017336,0.0865173630362701,0.00631516669573109
1000,"gauss_cor",135,TRUE,278,0.00353901834823749,2.32235796130589e-05,0.00267572323009644,-1.61175284965025,0.0597269920416436,0.00630511904184575,0.0432602953767335,-0.235820440426702,0.000100078721350436,7.56918385718453e-07,0.000110457742171573,0.018110786363089,0.00145432054136617,0.000198899393117587,0.0017729612418564,0.0217672012836014,0.0794047797166251,0.00481908493524019
1000,"gauss_cor",136,TRUE,250,0.00253111100055094,1.28562442308789e-05,0.00190403279574598,-1.79238520361137,0.0501375265912206,0.00423046879015777,0.0353080926963473,-0.340168715964502,8.02467811126887e-05,5.18174248870161e-07,9.34700607724993e-05,0.0173635262902794,0.00111106293653176,0.000131417727109838,0.00137185092745823,0.0190165106459114,0.0650420540124447,0.00358556051836793
1000,"gauss_cor",137,TRUE,241,0.0029495891777154,1.79548764026473e-05,0.0021704517720968,-1.73125129237088,0.0496575301814686,0.00419469422846226,0.0348343318882045,-0.349544809298809,6.27980829083396e-05,4.30243168134241e-07,7.91249970089991e-05,0.0182984492342576,0.00126297223346777,0.000153702102468479,0.00127472329648537,0.0161033440183511,0.0647664591317316,0.00423731948319304
1000,"gauss_cor",138,TRUE,151,0.0025397274647962,1.51281534333611e-05,0.00188092120893307,-1.8038469379056,0.0602750611068265,0.00576329604080529,0.0435751293479938,-0.201958957771729,5.53905845967938e-05,4.15397754137007e-07,7.04164546142427e-05,0.019641450798925,0.00173934796050338,0.000237309741830047,0.00229154452655455,0.0186279009867579,0.0759163753139288,0.00388949269614446
1000,"gauss_cor",139,TRUE,209,0.00358446671488296,2.70962631697486e-05,0.00269796644199601,-1.62729269359192,0.0860297981706592,0.0135269913814067,0.0631309645816365,-0.0335486408707113,0.000105722340375606,8.91642953599311e-07,0.000107755352785506,0.018443633267574,0.0021048833447291,0.00040129038329119,0.00264693946553062,0.0190801409387591,0.116305594798387,0.00520540710893477
1000,"gauss_cor",140,TRUE,163,0.00543739992963682,5.5376460896994e-05,0.00417906032987046,-1.37540905208152,0.116255213485804,0.0257509957685386,0.0873174026405564,0.130416334537576,0.000190322694932017,2.7963150057009e-06,0.000208216702676997,0.0174335258962781,0.00343113151220917,0.0009865596838348,0.00383404200456282,0.0169936683317959,0.160471168028835,0.00744153619200995
1000,"gauss_cor",141,TRUE,243,0.0138964789549879,0.000468344238772532,0.0109231620792391,-0.933663160324496,0.133679968023465,0.0343552724813651,0.102311636903307,0.210582267338218,0.000342446197794618,1.23771150598622e-05,0.000419988643316676,0.023346916720442,0.00438957772933533,0.00129439694215512,0.0049424153171311,0.017383528853401,0.185351753380876,0.0216412624117109
1000,"gauss_cor",142,TRUE,325,0.0146403139388751,0.000486109015033306,0.0112265202686045,-0.912629170556061,0.0895645261899559,0.0146638065684249,0.0666680357383916,0.00414376888457124,0.000376519666415981,1.34236889118569e-05,0.000410061650984593,0.0205178721111651,0.00265322467633138,0.00047500903182947,0.00290661419426671,0.0180539411135473,0.121094205346189,0.0220478800575771
1000,"gauss_cor",143,TRUE,415,0.0108853256564122,0.000227118620525452,0.00850632754437202,-1.02261301900225,0.0654121321094687,0.00797891568629559,0.0508735809594776,-0.114490344262645,0.000382563805067395,8.47307610015008e-06,0.000421747846260286,0.018126446526908,0.00233505913255603,0.000294384153668802,0.00262173335020458,0.0181358462799793,0.0893247764413412,0.0150704552195829
1000,"gauss_cor",144,TRUE,477,0.0113479785055495,0.000230141519792737,0.00838531985946906,-1.04079288542883,0.0840738556072348,0.01302954243476,0.0624922296859195,-0.0353717698729631,0.000336307043869769,8.10925695888452e-06,0.000361356108585151,0.0195131769944264,0.00201800333537338,0.000358909495631723,0.00244449840495943,0.019903334023723,0.114147021138355,0.0151704159400043
1000,"gauss_cor",145,TRUE,520,0.0114857903701133,0.000265608468580602,0.00915632181574592,-0.986399339724082,0.073850041654071,0.00923703134807632,0.053979156497584,-0.102371966817898,0.000440393199361861,1.06660685964403e-05,0.000475459857926167,0.0184343428087381,0.00219416508458406,0.000350424121897682,0.00257318767096824,0.0180668297957177,0.0961094758495556,0.0162974988443197
1000,"gauss_cor",146,TRUE,327,0.0108114186956182,0.000236793124041402,0.00924403933292182,-0.957934151957662,0.0739667507805849,0.00878257450028398,0.0538831882919774,-0.0906351422573433,0.000504291104370548,1.26597566834636e-05,0.000475856497061458,0.0153561184752781,0.0024647709955113,0.000386073730199825,0.00262398374947886,0.017397234976177,0.0937153909466528,0.015388083832674
1000,"gauss_cor",152,TRUE,153,0.0684136442422588,0.00834480733233327,0.049969633353451,-0.132639033965644,0.317086840698646,0.164518595383644,0.224585019997242,0.605819137688372,0.000986763856518836,0.000150757220991389,0.0011674035343676,0.0153796859743293,0.00462630215591869,0.00326660841120553,0.00571492934407654,0.0161142343430304,0.405608919260467,0.0913499169804399
1000,"gauss_cor",153,TRUE,452,0.0375674635081788,0.00304403787464544,0.0287668545161507,-0.413533539376013,0.219423586954977,0.0907067807226661,0.16209510922021,0.450932219214902,0.000718494668895918,5.45653800934978e-05,0.000865958683690036,0.0190800599931085,0.00407071559473984,0.00181356043082752,0.0054296204635903,0.0206957397751495,0.301175664227152,0.0551728001341734
1000,"gauss_cor",154,TRUE,592,0.016859623908534,0.000544235096877338,0.0123299511316776,-0.863278300575302,0.113743569843695,0.022070575200636,0.081797676377984,0.0937397600305362,0.000368107190370091,1.41259099265528e-05,0.000463906962981531,0.0192768011061313,0.00250232629834638,0.000606876507184962,0.00301779776058601,0.0174354799041717,0.148561688199334,0.0233288468827188
1000,"gauss_cor",155,TRUE,130,0.0105192669401427,0.000260556111678965,0.0081839864938731,-1.05558766494574,0.120455762766942,0.0240656867055398,0.0853759460338292,0.112753981885901,0.000322127331084581,6.64499359705653e-06,0.000350348618242635,0.0184922847056302,0.00257320540313705,0.00063426643942369,0.00273404243986075,0.0189458927672191,0.155131191916841,0.0161417505766557
1000,"gauss_cor",156,TRUE,842,0.00383967479177666,2.7707375524362e-05,0.00286732401843337,-1.58068722332508,0.0864285758513462,0.0128053463503787,0.0620174394372742,-0.0496270888520527,9.89829519931508e-05,8.78797172183385e-07,0.0001108673170111,0.0165895949024615,0.00164565751797126,0.000299037569833518,0.00198729249948836,0.0167312513068243,0.113160710276927,0.00526377958546537
1000,"gauss_cor",159,TRUE,191,0.00263026375133709,1.21199998673405e-05,0.00251538657497528,-1.57393572655539,0.0602478221947522,0.00629807899882753,0.0454053227512067,-0.175853803189791,0.000104963448478904,6.09554245204072e-07,0.000133223156297771,0.0131820564533501,0.00143790549853671,0.000181431089470103,0.0017346364671309,0.0139412608175026,0.0793604372393923,0.00348137901805312
1000,"gauss_cor",160,TRUE,481,0.00458860327241354,4.399582604303e-05,0.00372290796134689,-1.42888796728632,0.104285327960058,0.0193452927317869,0.0747422118114271,0.0376593969056125,0.00014682076617055,1.43963266043628e-06,0.000155445753074992,0.0149353356440334,0.00194135367760351,0.00042933504442523,0.00254719396244404,0.0184375230029116,0.139087356477096,0.00663293494940437
1000,"gauss_cor",161,TRUE,416,0.00369441351275026,2.43668964471027e-05,0.00295846402782857,-1.53260852929784,0.100593168624993,0.0166821128591164,0.0711202676281017,0.0234012415841149,0.0001040840272831,8.15902324247538e-07,0.000129563758842568,0.0136489584173257,0.00188206473821186,0.000396641732520134,0.00224447639122082,0.0173317351233737,0.129159253865592,0.00493628366760893
1000,"gauss_cor",162,TRUE,313,0.00339407448431123,2.03956413319067e-05,0.00261610680125686,-1.60452982362898,0.0881245710473037,0.012227849691699,0.0613744929631308,-0.0519032766781421,0.00011882247199079,8.62066048008153e-07,0.000132145311290777,0.0170599584889523,0.00189650470423207,0.000372157329957518,0.00203523308435377,0.0174462087673883,0.110579607937897,0.00451615337781022
1000,"gauss_cor",163,TRUE,295,0.0023583240106288,1.05840041589991e-05,0.00185075880164991,-1.77788277480871,0.0799558167179211,0.0102003031860271,0.0565203775749589,-0.0907130702690542,8.43976579034623e-05,4.47884024751075e-07,9.01597720724331e-05,0.0166260286437385,0.00164443406529176,0.000274518709981172,0.00191220402319649,0.0168908849324023,0.100996550366966,0.00325330665000997
1000,"gauss_cor",164,TRUE,313,0.00259819742336917,1.23709149312421e-05,0.00191655377369431,-1.78259167633359,0.0787580652181625,0.0103645426984103,0.0565525014957727,-0.0904770453282559,6.75959684261983e-05,3.6992463636053e-07,8.69566580746639e-05,0.0198143066596535,0.00141391351153625,0.000230399450965009,0.00194038662042696,0.0187462456103107,0.10180639812119,0.00351723114555215
1000,"gauss_cor",165,TRUE,435,0.00225631999066955,9.47042981099779e-06,0.00168975282139086,-1.8404098381525,0.0765752210982066,0.00923781425775554,0.0532861326951,-0.123494302214361,5.76930761840008e-05,2.81483744460368e-07,6.59669782261303e-05,0.0154349464736709,0.00140488373965906,0.000217977713094311,0.00177867011984821,0.0170683638917902,0.0961135487730816,0.00307740634479716
1000,"gauss_cor",166,TRUE,369,0.00244256081205136,1.01069014865907e-05,0.00177017658853696,-1.81694236042618,0.0820794665587839,0.0105948022582149,0.0574611309612105,-0.082682395013327,6.3810543556289e-05,3.28113577557432e-07,7.2935539454573e-05,0.0175397760249852,0.00157172770868565,0.000275657497392942,0.00192507090134397,0.0168021633622808,0.102931055849121,0.00317913533631249
1000,"gauss_cor",167,TRUE,327,0.00310217726009979,3.0241736938477e-05,0.00238247386233767,-1.67458906845658,0.0865030953548992,0.0119262477709485,0.0604260246373227,-0.0616171442564482,9.69641738946943e-05,5.78216970309209e-07,9.70754090592189e-05,0.0217528123867991,0.00176752980072075,0.000304344792229888,0.00227091170666362,0.019426648775197,0.109207361340472,0.0054992487612834
1000,"gauss_cor",168,TRUE,356,0.00263865273549721,1.28073539792502e-05,0.00199978697886474,-1.74862564430048,0.0894016049992603,0.0138546413822702,0.0642949785707937,-0.0258118398539216,8.27077971280195e-05,4.25399194248639e-07,8.40452009057712e-05,0.0174702234166026,0.00173578311615672,0.000294231063451063,0.00210322785507059,0.0174672000922039,0.117705740651296,0.00357873636626816
1000,"gauss_cor",169,TRUE,245,0.00232487946961513,9.07944516663618e-06,0.00166805700728791,-1.85595137638379,0.0908733348289725,0.0137121056129904,0.0644296260024635,-0.0296915391387237,5.74819312578478e-05,2.83944396258666e-07,6.75357062318432e-05,0.0185432767409823,0.00178800478688402,0.000342773978912344,0.00209578587027272,0.0181477865500435,0.117098700304446,0.00301321176929803
1000,"gauss_cor",170,TRUE,260,0.00244644413875813,1.24028333983303e-05,0.00183272025138272,-1.81265744969517,0.0844084346776827,0.0112919314549802,0.0589160285523152,-0.0714857228903572,6.06736597733731e-05,3.1277193681253e-07,7.11093129141222e-05,0.0199090901743606,0.00118252179675592,0.000195197943796903,0.00165315152248606,0.0149219501766181,0.106263500106952,0.00352176566488037
1000,"gauss_cor",171,TRUE,345,0.00211285227735322,7.85628795701679e-06,0.00153056579265814,-1.90200185164423,0.0741855611670812,0.00876788801858911,0.0525525265466637,-0.123428807555872,4.76792536875208e-05,2.14504081081393e-07,6.1351085897627e-05,0.0195659798908529,0.00127685063325306,0.000184848027843301,0.00164065617853791,0.0154474467241457,0.0936370013327483,0.00280290705465179
1000,"gauss_cor",172,TRUE,379,0.00178940179113017,5.46946182446127e-06,0.00129542485670205,-1.97834250136371,0.0761319724245007,0.00968872216694353,0.0544860464816561,-0.105781320202634,5.41695542702931e-05,2.12059718582454e-07,5.95450342359053e-05,0.0184635483048339,0.00148141431528482,0.00023599290304798,0.00189262306791293,0.016870849820841,0.0984313068436233,0.00233868805625318
1000,"gauss_cor",173,TRUE,366,0.00209705600210682,1.30884900374807e-05,0.00166811137182286,-1.87091859491064,0.0747479410886817,0.00890059403235555,0.0533368682254895,-0.114646609737513,6.11789982357294e-05,2.69332273780741e-07,6.0852301696874e-05,0.0186065152444413,0.00156063103322776,0.00022915925670008,0.0019798316661081,0.0168350512632905,0.0943429596332209,0.00361780182396448
1000,"gauss_cor",174,TRUE,143,0.00412542278952841,5.30579066419675e-05,0.00320308960303664,-1.58411333771834,0.0748656900943634,0.00887788843794374,0.0527292817055938,-0.119740516036114,0.000136394201638261,1.70671697022887e-06,0.000148659396727067,0.0191787200961435,0.00154197755373365,0.000251616929303449,0.00194542845544738,0.015461083882852,0.0942225473968081,0.00728408584806409
1000,"gauss_cor",175,TRUE,134,0.00711429563740069,0.000112988711388564,0.00533126436827527,-1.25919783848613,0.074173986815477,0.0106352455156596,0.054762146447075,-0.100487305525555,0.000196313882853388,5.06792732353783e-06,0.000216722991989054,0.0245283249262485,0.00180089231337466,0.000300335084847297,0.00208318877248899,0.016900506402661,0.103127326716344,0.0106296148278554
1000,"gauss_cor",177,TRUE,175,0.0254204705930233,0.00128981963872585,0.0191161346531506,-0.628889456563565,0.0588809293942243,0.00679730733427644,0.0436190212543875,-0.219169350875806,0.000614773040262192,3.48546073401971e-05,0.000640242578205928,0.0222175251473487,0.00181406134479858,0.00024587792762759,0.00198361416053916,0.0185217520713548,0.082445784211665,0.0359140590678059
1000,"gauss_cor",178,TRUE,256,0.0204180978775913,0.000844132806237215,0.0149741406280506,-0.76739862104928,0.0624742954543465,0.00797121244722774,0.046747415402609,-0.177734192081609,0.000523921646335325,2.24261969245854e-05,0.000555585045294648,0.0245744012312991,0.00152059930388002,0.000189806125099413,0.00155542696998585,0.0226353737904234,0.0892816467546816,0.0290539636923642
1000,"gauss_cor",179,TRUE,262,0.0131820445473351,0.000335674883839163,0.00984794130092799,-0.973982906577986,0.041033221706457,0.00318658017235137,0.0305358691448638,-0.394083225806343,0.000305288953088157,8.17615282548128e-06,0.000362101514779442,0.0211422696509606,0.00109103609019444,9.61887675967529e-05,0.00130435860856289,0.0175472869511664,0.0564498022348296,0.0183214323631959
1000,"gauss_cor",180,TRUE,570,0.0108256564015588,0.000203662338441322,0.00794221100879525,-1.07503235833927,0.046858320870828,0.0040644739994669,0.0344467125595911,-0.333417824623653,0.000245966874934965,5.77749986499515e-06,0.000308536200368474,0.0205387993340103,0.00112110790507274,0.000104431562108466,0.00130985267196354,0.0179290888545103,0.063753227365106,0.0142710314427977
1000,"gauss_cor",181,TRUE,221,0.0118840861753695,0.000278066003777698,0.00882432617195764,-1.02097595929553,0.0645003305035214,0.00866294231493028,0.0487077450325548,-0.148448070355172,0.000270344837866759,6.42497009432098e-06,0.000297331918035895,0.0208325587385422,0.00118534076202812,0.000163904797333713,0.00161397825521553,0.0243673423636062,0.0930749284981207,0.0166753112048231
1000,"gauss_cor",187,TRUE,113,0.0343562417969435,0.00195870560980525,0.0249028579774793,-0.490497141054237,0.243887755079585,0.0968965589990119,0.172245227199014,0.461172165657804,0.000502158240290126,3.57303082277478e-05,0.000618748710142242,0.0137936667335339,0.00474775277804649,0.00251679261527549,0.00555460391563488,0.0180686715007497,0.311282121232511,0.0442572661808798
1000,"gauss_cor",188,TRUE,266,0.0255058147907891,0.00120326596590596,0.0185808754706777,-0.648420152386642,0.179678271948102,0.0566928040854838,0.128650413402159,0.317867522265709,0.000592646085246247,3.43937076936951e-05,0.000701688416932651,0.0184556806018752,0.00407999810660092,0.00159094082808278,0.00495003466827645,0.019280441423619,0.238102507516162,0.0346881242777115
1000,"gauss_cor",189,TRUE,335,0.0167490300890047,0.00049909856215822,0.0123083824351441,-0.856840585333028,0.153017735678546,0.0394818225906388,0.110642100788136,0.245074385121751,0.000462812098370229,1.76610052786502e-05,0.00054743499518851,0.0189431001830137,0.00283368150078796,0.000915192350440872,0.00362250413581789,0.0174160895990949,0.198700333645011,0.0223405139188475
1000,"gauss_cor",190,TRUE,304,0.0133741234291811,0.000342229868592645,0.00994631371422188,-0.949645253086296,0.121106755469913,0.0246880781408576,0.0870841039474538,0.135009176061287,0.000317235812918357,8.51802822197817e-06,0.000406659163867896,0.0200480289231679,0.00269688104969326,0.000650968228715495,0.00314905638261635,0.0172639677719468,0.157124403390618,0.0184994558999081
1000,"gauss_cor",191,TRUE,580,0.00758086698920423,0.000103172758951193,0.00558375362969982,-1.24492043987428,0.105412421940353,0.0185447540674952,0.07567335185225,0.0559640505291501,0.000183730375789201,2.82800379618915e-06,0.000221786102889898,0.0187610080718719,0.0017699898278214,0.00039185936928407,0.00238460023881272,0.0166957778474983,0.136179124932918,0.0101573992218084
1000,"gauss_cor",192,TRUE,359,0.00924751083051986,0.000159804831283763,0.00683285647309066,-1.15271356368756,0.109317189826998,0.0194546879406417,0.077631974233359,0.0692640932221811,0.000205701328431091,3.99100169999576e-06,0.000247513437245069,0.0190328171747163,0.00208534999409746,0.000470465639168633,0.00268919838685409,0.0174148561892095,0.139480062878684,0.0126413935657333
1000,"gauss_cor",196,TRUE,170,0.00323029786094293,2.2047987877039e-05,0.00242924119300689,-1.65840655509945,0.0855447398554675,0.0126643511100391,0.0621644823934803,-0.0398663106738383,5.9896727915441e-05,4.33316979102411e-07,6.61346933024988e-05,0.0126986642309258,0.00125357297354803,0.000226072417746943,0.00143937725190379,0.0103827405198294,0.112535999173771,0.00469552849816067
1000,"gauss_cor",197,TRUE,277,0.00269144831490399,1.3267617700552e-05,0.0019770282587687,-1.76315395402481,0.0730368666752209,0.00845732572735877,0.0517354781437358,-0.130031375378225,6.59441936772547e-05,3.69529310805616e-07,7.58629472811097e-05,0.0180942524876941,0.00131417516999502,0.000188557186581468,0.00168993445510298,0.014854802976574,0.0919637196255065,0.00364247411803461
1000,"gauss_cor",198,TRUE,392,0.00294687220234747,1.57275324033035e-05,0.00216409833105564,-1.71708233779758,0.08285987107764,0.0116060831744828,0.0592157928366513,-0.0690076450519423,7.87691898571317e-05,4.69085350616462e-07,9.37368916606727e-05,0.0192577248485391,0.00145072658879431,0.000261064514901798,0.00192300493000301,0.0165012586790846,0.107731532869828,0.00396579530527024
1000,"gauss_cor",199,TRUE,420,0.00263712228317941,1.30246290994508e-05,0.00198750280008711,-1.75870730232972,0.0849904017763468,0.0112871334649553,0.059515083915428,-0.0633426128317635,7.24277256840575e-05,3.84829942254487e-07,7.81936560754064e-05,0.017908432683927,0.0015105640752458,0.000255189108696511,0.00198700322141847,0.0177818751773589,0.106240921800196,0.00360896510089122
1000,"gauss_cor",200,TRUE,460,0.00273730122396852,1.4088501412725e-05,0.00201408109496076,-1.76060557200305,0.0815727451682174,0.010824052438825,0.0580606367428457,-0.0781849897782617,6.17882338875364e-05,3.56330922112423e-07,6.75341094691429e-05,0.0186113043477211,0.0014024106605245,0.000237137287286079,0.00180380057785454,0.0174757498795891,0.104038706445366,0.00375346525396533
1000,"gauss_cor",201,TRUE,418,0.00265320779599382,1.31046959178987e-05,0.00198463832825478,-1.75992720469857,0.084954724107022,0.0121664447911789,0.0613885606266845,-0.0469866807577213,6.37545089240479e-05,3.83437525801207e-07,7.60586521438614e-05,0.0210760847689155,0.00145282465893235,0.00024960971870458,0.00182582182217943,0.0172884122719349,0.110301608289176,0.0036200408724072
1000,"gauss_cor",202,TRUE,399,0.00229090344193824,8.59633981792867e-06,0.00166443810038102,-1.84635778985134,0.0936562597119996,0.0137114342678618,0.0661519719978942,-0.0104757503068914,6.15674791002848e-05,2.95247631387537e-07,6.92263548999478e-05,0.0186644558069694,0.00147315132926757,0.000278408291084347,0.00191799863455762,0.0174215820371815,0.117095833691305,0.00293195153744544
1000,"gauss_cor",203,TRUE,445,0.00210137607989349,7.42519901099047e-06,0.00155792534647095,-1.87200060244557,0.095756158902335,0.0146629268643006,0.0679966513858535,0.00384454941791972,6.42402126510325e-05,2.83256292094176e-07,7.4641054054843e-05,0.0192882586410281,0.00141258919702408,0.00028061990520677,0.00181635026616129,0.0161245716006563,0.121090572978662,0.00272492183575795
1000,"gauss_cor",204,TRUE,419,0.00209446385443837,7.6861147224433e-06,0.00153931373830525,-1.88588133220032,0.0922925992561457,0.0139694519143808,0.0653530012630545,-0.0164689303109288,5.54700024505652e-05,2.43121276956448e-07,6.46998527931184e-05,0.0180956709067818,0.00118880516336196,0.000211192370622816,0.00161470640241108,0.0137331583463762,0.118192435944018,0.00277238430280567
1000,"gauss_cor",205,TRUE,480,0.0020966850726354,7.41992811997612e-06,0.00152930193773213,-1.8872970368908,0.0883781746867355,0.012541527260805,0.0628681831322232,-0.0361418790693631,4.77324360196572e-05,2.17149408109316e-07,6.1663751185535e-05,0.0203495900642786,0.00111020837855136,0.000204497556100157,0.00153747049647716,0.0133615810341442,0.111988960441666,0.00272395450034984
1000,"gauss_cor",206,TRUE,415,0.00205564867207836,7.61589217323274e-06,0.00151591291473432,-1.89674027417948,0.0928946998365998,0.0150240053737441,0.0671733289067148,-0.0029002282527757,5.11584240362653e-05,2.27247675127944e-07,6.03538498746892e-05,0.0175576529212447,0.0012400941610954,0.000234093042222552,0.00159432949383656,0.0141401621751752,0.122572449489043,0.00275969059375009
1000,"gauss_cor",207,TRUE,472,0.00256694082049531,1.21612578816645e-05,0.00190182255887133,-1.77852843288111,0.0961122971131285,0.0147592655837386,0.0682626508188915,0.00627708400296916,4.93301800266238e-05,2.59518254608682e-07,5.9158888931754e-05,0.0196530446869082,0.00119330845770542,0.000226923019611581,0.00165848089516987,0.0144673028824318,0.12148771783081,0.00348729951132169
1000,"gauss_cor",208,TRUE,492,0.00243323145930164,1.07410037037658e-05,0.0017992188034022,-1.81297962203912,0.0931082023002046,0.0148694123389696,0.0668487036580715,-0.00184293733719147,5.2372445349965e-05,2.59251594448525e-07,6.28712945833442e-05,0.020400183766203,0.00124146624374795,0.000239827766357939,0.00172380890942225,0.0157672332322977,0.121940199847998,0.00327734705268847
1000,"gauss_cor",209,TRUE,451,0.0023965783667632,1.02968033735472e-05,0.0017732335441761,-1.81691082102105,0.0908639865992543,0.0130391600967827,0.0644272816452889,-0.0218692238681667,6.06882980112818e-05,2.96860243202086e-07,6.77655990701271e-05,0.0216067492160848,0.00132886909804162,0.000251248725404805,0.00171120124012128,0.0167192838893118,0.114189141763929,0.00320886325254711
1000,"gauss_cor",210,TRUE,237,0.00210019998342716,9.08873343028009e-06,0.00166086386314991,-1.87844397449281,0.0891714266839486,0.0140728289255063,0.0641808391356036,-0.0260994994161122,8.17310694493973e-05,4.95301265325494e-07,8.64701526585903e-05,0.0181744865336967,0.00114291975722114,0.000220790782345504,0.0014753205560475,0.013991314748716,0.118628954836104,0.00301475263168972
1000,"gauss_cor",215,TRUE,233,0.0157848658777212,0.000452952905635159,0.0115112011256899,-0.891146706640843,0.0295586793892789,0.00173087048889336,0.0218158788842578,-0.578078466633902,0.000347499126965822,1.09307930363149e-05,0.000413316408833249,0.0196776158935707,0.000898619187303477,6.11599656330667e-05,0.00100583190611817,0.0197760246575894,0.0416037316702884,0.0212826902818971
1000,"gauss_cor",216,TRUE,421,0.0139345661355031,0.000319686195044896,0.010069067722245,-0.947749484182916,0.0271154787137052,0.00144169304141317,0.0208655937638633,-0.580908842224257,0.000292788687167242,8.43244885396336e-06,0.000342769254563396,0.0196845192208111,0.000768982526135835,4.37460351094143e-05,0.000868747768593346,0.0184250028365143,0.0379696331482564,0.0178797705534746
1000,"gauss_cor",217,TRUE,413,0.0149725396079727,0.000374512890306793,0.0107951738923289,-0.916783383288907,0.0256247732540036,0.00117269809331022,0.018874097146838,-0.636140312609207,0.000300817764644353,9.20527152069708e-06,0.000343845579811069,0.0217065184190239,0.000666719768908421,3.73628902745417e-05,0.000803457866270682,0.0187735096670603,0.0342446797811021,0.0193523355258944
1000,"gauss_cor",218,TRUE,364,0.0112448226002571,0.000230605267797741,0.00838850373265555,-1.04309099660352,0.0180089988192226,0.000598539292383703,0.0133773639757527,-0.806477076317008,0.000251455762902324,5.52954965716108e-06,0.000294750733092115,0.0191245772409464,0.000476899806747134,1.86106628989944e-05,0.000535356095048792,0.0174438194569118,0.0244650626891431,0.0151856928652512
1000,"gauss_cor",219,TRUE,266,0.00979642824117001,0.000158216268306712,0.00706132541040769,-1.13123482128501,0.0132653822052495,0.00028962114789931,0.00988391080897899,-0.937724248654196,0.00016048956691842,3.32558362942212e-06,0.000201964558382966,0.0170041052251313,0.000410134374446585,1.17936803594094e-05,0.000450950555999409,0.0158618808040397,0.0170182592499735,0.0125784048395141
1000,"gauss_cor",223,TRUE,164,0.02184927964599,0.000797037735604649,0.0156835738080116,-0.735036473332927,0.203648856403251,0.0810415867192638,0.149312887492103,0.391626861983078,0.000463844373400915,2.2142967149983e-05,0.000523787440681409,0.0182849242387473,0.00428013791236747,0.00184619741367643,0.00512628188667606,0.0221605568927684,0.284678040458452,0.0282318567509232
1000,"gauss_cor",224,TRUE,255,0.0132214452821724,0.000322263962278789,0.00985789341334079,-0.96255851748106,0.156810920048497,0.040012566081902,0.1111542332267,0.243745408156111,0.000379501583848411,1.12764609146771e-05,0.000432373824948107,0.019696386239361,0.00333526626913719,0.00107766535685287,0.00398569975269756,0.0194090656397047,0.200031412737855,0.0179517119595539
1000,"gauss_cor",225,TRUE,311,0.0104989760057011,0.000223742825055793,0.00815750275435421,-1.05058931511767,0.121331150253858,0.0267955987641503,0.0881589652439769,0.121362289536359,0.000344166348482856,7.12654879245498e-06,0.000393873422687703,0.0187801357561578,0.0033406854609321,0.000893125604819551,0.00375587032033029,0.018734393944247,0.163693612472052,0.0149580354677943
1000,"gauss_cor",226,TRUE,293,0.0109512299737957,0.00025687605255354,0.00839732555662406,-1.0525446468621,0.12046908852566,0.0269302203027326,0.0871079342686804,0.111382733804909,0.000287565870751568,6.86108255501423e-06,0.000338385524825134,0.0205319655343462,0.00249031158141536,0.000679269604351609,0.00294408979405723,0.0195001705552832,0.164104297027021,0.0160273532610204
1000,"gauss_cor",227,TRUE,363,0.00868637675529135,0.000161640811596404,0.00653682108645081,-1.17929798744877,0.0977687546009861,0.0163790398013384,0.0696263000467327,0.00696502525057448,0.000228950984398386,4.2872925966654e-06,0.000247392764231532,0.0183485115854436,0.0020837049945367,0.000439240517654125,0.00255935491200689,0.0185567816624389,0.127980622757269,0.0127138039782122
1000,"gauss_cor",228,TRUE,338,0.00952706026387575,0.000209639354415847,0.00734783004218924,-1.12885834994006,0.10835328280618,0.0192627089480034,0.0767435290087883,0.0585886181108585,0.000240940898582854,4.88434276860849e-06,0.000288281061119031,0.0222466194825354,0.00229119037289303,0.000529360123002613,0.00276935275034382,0.0188573263632758,0.138790161567755,0.0144789279442867
1000,"gauss_cor",229,TRUE,293,0.00764000157128789,0.000144764068376508,0.00597402976216648,-1.23332074984619,0.116206330585802,0.0251737151245724,0.0846698573956759,0.111646757210863,0.000230446423147174,3.73538283433931e-06,0.000258855088715261,0.0229624876913673,0.00230913656368342,0.000586816771740715,0.00263704377980787,0.0204950253553173,0.158662267488437,0.0120317940630859
1000,"gauss_cor",230,TRUE,122,0.00399468307204009,3.28449046800584e-05,0.00303061797098388,-1.55710055255933,0.0994520823479201,0.0161357385002641,0.0715110535374121,0.028935342914901,9.4005166423555e-05,8.11216264876033e-07,0.000123438629009291,0.0252095263793942,0.00178725929314596,0.000374370696268407,0.00234449149088368,0.0192369725487457,0.127026526758249,0.00573104743306652
1000,"gauss_cor",233,TRUE,204,0.00658715338767668,7.98537407761852e-05,0.00481808060565739,-1.32611440587193,0.101609210467832,0.0213056400564642,0.0760730076003011,0.0596969988149056,0.000122343021132861,1.76734046705874e-06,0.000155305771034642,0.0226863707069069,0.00192526043117657,0.000457878297734696,0.00243158694998523,0.0210781202800518,0.145964516429385,0.00893609203042276
1000,"gauss_cor",234,TRUE,485,0.00516335053778251,4.58768448248475e-05,0.00375057540936751,-1.44701378370095,0.0873534408045076,0.0132867053155229,0.0632035330784658,-0.0353694694649369,0.000106606753117475,1.18564235313269e-06,0.000135223203308233,0.0198357162883553,0.00159536045579994,0.000283556215910058,0.00211846710301937,0.0177735462802737,0.115267971768063,0.00677324477815821
1000,"gauss_cor",235,TRUE,459,0.00375492443254649,2.70039285954129e-05,0.00283124963407972,-1.58152425125703,0.078654026630355,0.0103290189427101,0.0561363946308995,-0.0948997685142717,0.000103093200225143,8.22783726274388e-07,0.000115185725313042,0.0171264154746108,0.00163639593631512,0.000260155921331669,0.00190429051082748,0.0176110154318161,0.101631781164703,0.00519653043822635
1000,"gauss_cor",236,TRUE,301,0.00390004132588117,3.31439759482864e-05,0.00304463842641157,-1.55158368132078,0.0758235510269143,0.00890928626714388,0.0528294046089154,-0.122526007901031,0.000113529004811782,9.68529536970404e-07,0.00011541600937074,0.0179630554441845,0.00171069668530698,0.000265425558908742,0.00190397208020569,0.0172472922965868,0.0943890156063929,0.00575708050562839
1000,"gauss_cor",237,TRUE,366,0.00311077412043219,1.9658625476201e-05,0.00245334330371631,-1.64704183702169,0.0729413336088705,0.00869192360998758,0.0517896574194239,-0.134604196284182,0.000102083398188899,7.10792040903198e-07,0.000116566789931573,0.0172696487227443,0.00172828012388445,0.000255418670999211,0.00195757158228099,0.018774754133363,0.0932304864837011,0.00443380485319336
1000,"gauss_cor",238,TRUE,429,0.00269253758082342,1.49174946902061e-05,0.00207747439511372,-1.73328594958234,0.0719708077233269,0.00840804119201878,0.0511323967808078,-0.140104508959684,6.82570676797808e-05,3.8218330143678e-07,8.67023203006064e-05,0.0182249520127104,0.00130136779153922,0.000188874585968225,0.00157429231009178,0.0154475751385341,0.0916953717044584,0.0038623172694907
1000,"gauss_cor",239,TRUE,307,0.00220847576513284,9.06257600573235e-06,0.0016924317944571,-1.83339892088457,0.071325170604115,0.00819089671996878,0.0503524110542561,-0.144693799459547,6.09399739594419e-05,2.77047956026496e-07,7.61959410047463e-05,0.0188254975826229,0.00117854852966812,0.000164090384628442,0.00161681724298465,0.0154114760437048,0.0905035729679706,0.00301041126853663
1000,"gauss_cor",240,TRUE,390,0.00199607501387565,6.68325680618692e-06,0.00143800362296292,-1.92578982651298,0.0731351328583185,0.0083813679106762,0.0510083439481606,-0.139987547412789,4.92634250542695e-05,2.18506019306481e-07,5.80573804992212e-05,0.0171048867257494,0.00109478126992557,0.000158341943131938,0.00144784508538242,0.0132265446096543,0.091549811090336,0.00258519956796123
1000,"gauss_cor",241,TRUE,356,0.00187403108090412,6.35538096676092e-06,0.00137976659733036,-1.94565800136373,0.0662164656612347,0.00716938428408968,0.046966758441579,-0.179631400433005,4.93116524612738e-05,1.91665452675911e-07,5.43979930728732e-05,0.0176366488897613,0.00133016529936505,0.000178148909146071,0.00162112918640885,0.0159205807140059,0.0846722167188841,0.00252098809333978
1000,"gauss_cor",242,TRUE,267,0.00183319539399355,7.40582986608224e-06,0.00139762081327436,-1.94277988267618,0.0562889301176658,0.00531303497686153,0.0412151719389329,-0.23528921172337,5.3803096159144e-05,2.29146208135314e-07,6.19806410699353e-05,0.0183395911658835,0.0014186636037168,0.000169774326989524,0.0016441094378603,0.0160078321288442,0.072890568504173,0.00272136544148011
1000,"gauss_cor",243,TRUE,274,0.00154929812049247,4.479447327342e-06,0.00117434836840011,-2.0151856782708,0.0585678861838572,0.00558605206567949,0.0418869903741484,-0.234772986481478,4.68240482683322e-05,1.45514848233874e-07,5.40452693343646e-05,0.0164460200723581,0.00127466305118529,0.000153862373520394,0.0016478607147764,0.0167765967467022,0.0747398960775267,0.00211647048818121
1000,"gauss_cor",244,TRUE,355,0.00176188899141226,5.7811639773557e-06,0.00130569235645982,-1.97972406726013,0.0607265426854322,0.0060491056005028,0.0432094448140616,-0.218840838840751,4.52964714830728e-05,1.67907327596487e-07,5.7615656201037e-05,0.0185159713316754,0.00118182532259986,0.000150360750363943,0.00155607013618888,0.0152698248775821,0.0777759963002905,0.00240440511922507
1000,"gauss_cor",245,TRUE,375,0.00170632294477205,5.60948477520178e-06,0.00127471592022654,-1.98966550559825,0.054336607854659,0.0049386714671318,0.0392248874838292,-0.262945877802577,5.33525060804222e-05,1.97923803237146e-07,5.90582888958117e-05,0.0192336796493848,0.00126229774356588,0.000148962750321012,0.00147066636433,0.0149128529759802,0.0702756819044241,0.0023684350899279
1000,"gauss_cor",246,TRUE,177,0.00263474788101072,2.78352164420388e-05,0.00197278217862326,-1.81262523185814,0.0657162614845618,0.00752369651840569,0.0471537086559626,-0.181987282989803,4.88938753111098e-05,3.74978556039047e-07,6.32742453807262e-05,0.0223034626052874,0.00125236798331856,0.000185822197128221,0.00156329911143292,0.0214948717438928,0.0867392443960961,0.00527590906309413
1000,"gauss_cor",250,TRUE,117,0.0181900787053247,0.000626770076619899,0.0133730106703571,-0.786206120937842,0.0459405012903311,0.00437447687651608,0.0339185137231073,-0.365513887865425,0.00032836883221734,1.20924140829728e-05,0.00041021392908161,0.0209943252779003,0.00130116411960948,0.000144966582250899,0.0012803045632297,0.0270725658714775,0.0661398282165601,0.0250353765024595
1000,"gauss_cor",251,TRUE,362,0.00965341814936658,0.000171966893253009,0.00721609361443887,-1.12033484580102,0.0229854421214783,0.00107652372664233,0.0170775395516224,-0.692428285209407,0.000214974335939327,4.36407916864417e-06,0.000240198275089399,0.0157612139987432,0.000590028458925705,3.18609414911562e-05,0.000713828492076762,0.0206321131470644,0.0328104210067827,0.0131136148049654
1000,"gauss_cor",252,TRUE,300,0.00973443939114145,0.000157870568805966,0.00708266434969176,-1.12671387556225,0.020840088345361,0.000756182332337043,0.0152332529223663,-0.741184494167811,0.000251438093019004,5.03461401592312e-06,0.000307457975599002,0.018899666147025,0.000541922682797522,2.34769464241966e-05,0.000602378556090583,0.0159077578262633,0.0274987696513325,0.0125646555386913
1000,"gauss_cor",253,TRUE,335,0.00927704508097961,0.000142859262435028,0.00671989268850461,-1.14976227819012,0.0255438968175993,0.00107234163533136,0.0180689000118426,-0.657066355965711,0.000221011471878714,4.14816611664735e-06,0.000237334016341835,0.0159482031303456,0.000518794794218405,2.85203801860751e-05,0.000618382414611533,0.0182190379722705,0.0327466278467167,0.0119523747613195
1000,"gauss_cor",254,TRUE,352,0.00725205209407427,8.79815865042009e-05,0.00526275934570365,-1.2774451333503,0.0217342135678249,0.000789644935041259,0.0156380485521051,-0.729532569774086,0.000147314626196463,2.24759585710235e-06,0.000183465208474681,0.0165219273018254,0.000504177251594682,2.32170494331096e-05,0.000578171338792242,0.0168958184791485,0.0281006216130757,0.00937985002567743
1000,"gauss_cor",257,TRUE,126,0.038190890447369,0.00248226807084507,0.0279733161877411,-0.416118808812514,0.262811318440853,0.108092483306374,0.188809280123219,0.526508180997331,0.000615071761465903,4.64270991473413e-05,0.000750524871205292,0.0164839131058195,0.00649504727950203,0.00373313097471897,0.00709642795568347,0.0160427182692317,0.328774213262497,0.0498223651671122
1000,"gauss_cor",258,TRUE,146,0.0227969965786042,0.000988803561316172,0.0168532258205396,-0.700873253035082,0.197896878653463,0.0726554614493482,0.148645984127333,0.396785520861119,0.000589696502512764,3.2324538187671e-05,0.000688229353797844,0.0185726110463111,0.00722266310474227,0.00313284910342586,0.00747380714171303,0.0184399042993665,0.269546770430195,0.0314452470385617
1000,"gauss_cor",259,TRUE,259,0.0127285051287182,0.000316299050118828,0.00962943490740088,-0.979907268848841,0.15263170670336,0.036242993534244,0.107533421241742,0.24243583284366,0.000392800535826173,1.1171970981007e-05,0.000439931470689996,0.0202439388411398,0.0051841331781165,0.0017492659869269,0.00557239303850706,0.0196948207664829,0.190375926876914,0.0177847982872685
1000,"gauss_cor",26,TRUE,244,0.00708029891251523,9.73991532092561e-05,0.00561400786829866,-1.2322626969263,0.0285725578103343,0.00155049048257141,0.0228134384519123,-0.525717943330882,0.000294521313934992,5.16062962420647e-06,0.000292702883802979,0.0195422432793256,0.00129452216720469,8.87521492788223e-05,0.00129555919430064,0.0186408791160472,0.0393762680122356,0.0098691009321648
1000,"gauss_cor",260,TRUE,240,0.0110679303828236,0.000230388780990803,0.00821776814138171,-1.04590187304751,0.121753111562617,0.0268379745919458,0.0893194731253278,0.129958506559128,0.000288470067305009,6.67643490057909e-06,0.000324241227312914,0.0203372581251414,0.00355714313885184,0.00111311632715687,0.00404614996001893,0.0198556286763142,0.163822997750456,0.0151785632057452
1000,"gauss_cor",261,TRUE,271,0.00890506453425561,0.000152270048726359,0.00664231490908217,-1.18439856180475,0.0859436178046863,0.0129619096065961,0.0631545092344249,-0.0406941063607707,0.000284352184962513,5.50216361229706e-06,0.000288138951693259,0.0200201619223765,0.00294823797054733,0.000570309784745845,0.00302281504891288,0.018783660150707,0.113850382549186,0.0123397750678997
1000,"gauss_cor",262,TRUE,298,0.0100520099839978,0.000230097583211811,0.00782197154971153,-1.08636426457689,0.0914297706835124,0.0164985585799586,0.0677442140706164,-0.00848090948443769,0.000228914546317002,4.93204428935493e-06,0.000302273988299479,0.0242714379637854,0.00252704260557228,0.000511208664570864,0.00297495056191947,0.0206322605483926,0.128446714944208,0.0151689677701487
1000,"gauss_cor",263,TRUE,376,0.00844411215609259,0.000167850708049012,0.00664165326918373,-1.17020763230237,0.0842753354257502,0.012315953054193,0.0605742098234813,-0.0580632320577229,0.000273191381964153,5.57799277929148e-06,0.00031893945549519,0.0221906361595952,0.00245361776158687,0.000474938825596834,0.00285868480716156,0.018255181242659,0.110977263681319,0.01295572105477
1000,"gauss_cor",264,TRUE,321,0.0061038725201054,9.54078844351212e-05,0.00501733520466029,-1.32261910892162,0.0930946051346529,0.0150657808113928,0.0662908634963653,-0.0202881416480168,0.000231368818379703,3.67653877851046e-06,0.000260075144470984,0.0204065295137452,0.00219125452895047,0.000471081150254653,0.00280223319439657,0.0207991533313569,0.122742742398045,0.00976769596348705
1000,"gauss_cor",268,TRUE,319,0.00581571398780796,5.97003138060987e-05,0.00417996167097263,-1.4016758753621,0.0920921570302054,0.0143455497537188,0.0658457009422441,-0.0176548880679908,0.000152059286697386,2.01898845798522e-06,0.000159914383956628,0.0190942816401458,0.00223980871549849,0.000467043113505005,0.00264727725829147,0.0184043297633388,0.11977290909767,0.00772659781573356
1000,"gauss_cor",269,TRUE,328,0.00727116208400071,9.65248286358096e-05,0.00529628341580955,-1.28466562788955,0.0913386928566629,0.0142507270415221,0.0661303461156379,-0.0108638603405527,0.000160786944866387,2.61714342065337e-06,0.000180682649816094,0.0185530362580847,0.00211613950619939,0.000382033009348342,0.00239579601009546,0.016958266762096,0.119376409066122,0.00982470501520578
1000,"gauss_cor",270,TRUE,383,0.00724045450478125,9.22099864754166e-05,0.00519395024706915,-1.29170924781665,0.0886179615566699,0.0133213346086899,0.0637144038119704,-0.0365317191454253,0.000166162611559149,2.58721322410592e-06,0.000209918119819135,0.0206302098294138,0.00210967562203426,0.000378578336475121,0.00236822039047262,0.0191113591914179,0.115418086142034,0.00960260310933533
1000,"gauss_cor",271,TRUE,364,0.00714463252162538,9.26753521938835e-05,0.00524880988672266,-1.27147434138049,0.0753877223740566,0.00926535624195384,0.0536906224972623,-0.116549299308153,0.00014049704375327,2.10685200324284e-06,0.000184122099949836,0.0231993221212286,0.00160842152352391,0.000253451890562212,0.00199328569378793,0.0188090927103869,0.0962567205027983,0.00962680384104109
1000,"gauss_cor",272,TRUE,344,0.00565857184699752,6.72149919487624e-05,0.00424220640225257,-1.38802289669684,0.0631163854077218,0.00655776220711419,0.0449005378527136,-0.208193214579506,0.000100421855311872,1.23907024312845e-06,0.000133240424293789,0.0230593544818958,0.00126936399913471,0.000155202897211136,0.0016030432600524,0.0183098185665522,0.0809800111577801,0.0081984749770163
1000,"gauss_cor",273,TRUE,246,0.0053478446662187,5.44324255749752e-05,0.00394612598638602,-1.42867954911408,0.0713818475819824,0.00798471144668333,0.0502751804906161,-0.148919985387378,9.47367363671073e-05,1.12002048200979e-06,0.000124064328248849,0.0202991951016288,0.00124827893129919,0.000181298868678108,0.00158431845176018,0.0171685959057088,0.0893572126170201,0.00737783339300741
1000,"gauss_cor",274,TRUE,180,0.00641751765746271,7.62782714985514e-05,0.00475544361762769,-1.29998502137972,0.0688272465279293,0.00789678627302922,0.0489613261042252,-0.16403458986915,9.92784249097242e-05,1.37973539333513e-06,0.000139081889577017,0.0258860815547962,0.00135999530937799,0.000181227800715817,0.00151070914759759,0.0189118895817698,0.088863863707523,0.0087337432695581
1000,"gauss_cor",275,TRUE,209,0.00398460217343203,3.93070009268123e-05,0.00301795915249465,-1.59234628579266,0.0473904652458479,0.00382748969238757,0.0341792976267431,-0.343676686228053,8.48508625890632e-05,7.51908148025033e-07,9.43092954936672e-05,0.0192691959095689,0.000884602352217115,8.16846300235155e-05,0.00108940531847523,0.0158412460760873,0.0618667090799856,0.00626952956184212
1000,"gauss_cor",276,TRUE,249,0.00340818565531082,2.48533281674622e-05,0.00257916166751491,-1.64890098157256,0.0387264170626524,0.00253716990435253,0.0276280939004208,-0.452177728640873,8.50525123779105e-05,7.18742086410804e-07,9.61244517859314e-05,0.0191170599675199,0.000845456530805183,6.87812238791289e-05,0.000926694636735501,0.0168622659113791,0.0503703276180782,0.00498531124078148
1000,"gauss_cor",277,TRUE,315,0.00355882707716993,2.49617068536567e-05,0.00269591018093818,-1.61393712946413,0.0380500930274215,0.00232200666946416,0.0267040723467862,-0.46909719578755,8.71653311240292e-05,6.62537978704074e-07,0.00010320158286149,0.0178227716868502,0.000884293225542239,7.31298160485281e-05,0.00117672012749154,0.0197070207565862,0.048187204416361,0.0049961692178765
1000,"gauss_cor",278,TRUE,287,0.00310626787139028,1.88117336005641e-05,0.00234921060132622,-1.68293829298415,0.0480456313182027,0.00392031147257065,0.0342347550578101,-0.343849026406041,9.0720060666789e-05,6.50455253412807e-07,9.96235221873909e-05,0.0175093899407464,0.00104638443958872,0.000102385630501297,0.00138191783846497,0.0212786443529565,0.0626123907271608,0.00433724954326634
1000,"gauss_cor",279,TRUE,292,0.00307145464585449,2.32923407420637e-05,0.00232740878735354,-1.71098914684589,0.0559713872421502,0.00538432311362141,0.0402715907104241,-0.265121150489812,7.52407483097336e-05,5.64700852480999e-07,0.000100855699768736,0.0205698560835483,0.00119656668709839,0.000146235177461053,0.00140650113506845,0.019515188822382,0.0733779470523768,0.0048262139138318
1000,"gauss_cor",28,TRUE,140,0.0105985272268555,0.000225973495677757,0.00784466564966509,-1.08694633675198,0.0553616477093598,0.00606329584277082,0.0407269332086735,-0.271903875327654,0.000275690886859459,7.45387006080157e-06,0.000286797721308435,0.0231060617925286,0.00128418676359313,0.000147308428453021,0.00145436617814783,0.0237346112616658,0.077867167938553,0.015032414831881
1000,"gauss_cor",280,TRUE,124,0.00280981710537939,1.54233661959392e-05,0.00213959125226101,-1.70859128563646,0.0494837714683116,0.00413878461754144,0.0342684008475513,-0.340827558665427,8.51259256011996e-05,5.45348863451449e-07,0.000100066595619782,0.0216557305055546,0.00126916711153764,0.00013050749187257,0.00144833376755491,0.0180759450914247,0.0643333864920963,0.00392725937467074
1000,"gauss_cor",283,TRUE,154,0.0130121693360499,0.000349658445340481,0.00980287343469726,-0.976507058976557,0.0574914208817529,0.00744616328507347,0.04298720392351,-0.228804192042489,0.000345211194012181,1.11815565108514e-05,0.000356630430901042,0.0242289287231593,0.00167905860385281,0.00021319933666189,0.00170363161444111,0.0186128082194677,0.0862911541530965,0.0186991562734922
1000,"gauss_cor",284,TRUE,436,0.0083554429495795,0.000119247675951001,0.00606022231097896,-1.20990309837706,0.0325219092978854,0.00225292221262745,0.0253331824246681,-0.487037394891905,0.00019558542487446,3.58241362634078e-06,0.000242318516091523,0.020359842627781,0.000969840789772327,6.88272531421842e-05,0.00105382230816041,0.0176338709992071,0.0474649577333368,0.0109200584225086
1000,"gauss_cor",285,TRUE,250,0.00782033218872969,0.00010337292653499,0.00576510931165242,-1.2277657750773,0.0284511310623237,0.00153292230140519,0.0216931777671786,-0.561011397580015,0.000161352285144722,2.36768802317351e-06,0.000199612299522868,0.0185130423711838,0.000900797145326986,5.45713124629555e-05,0.000956247282910724,0.0163917545783306,0.0391525516589301,0.0101672477364816
1000,"gauss_cor",286,TRUE,319,0.00890339317699406,0.000129173781693325,0.00642466068749135,-1.17531460095044,0.0286029254986682,0.00144133710379061,0.0218462572950029,-0.54334575717564,0.000174434737465058,2.95076327948835e-06,0.00021146559734483,0.0202164930436926,0.00103037278975722,6.26681397275484e-05,0.0010703869391263,0.0170621172071674,0.0379649457235304,0.0113654644292842
1000,"gauss_cor",287,TRUE,428,0.00719440320262346,8.28200333155477e-05,0.00519665221029038,-1.27771631589804,0.0279356149031737,0.00143524234254942,0.0219224643498404,-0.541588484870789,0.000187674011251633,2.58440059813268e-06,0.000219526505766094,0.0187647921518806,0.00110820274233736,6.6354982562315e-05,0.00114567874645221,0.0179850702516461,0.0378845924163032,0.00910055126437666
1000,"gauss_cor",290,TRUE,291,0.0307318303674559,0.00187258753610522,0.0239210492609318,-0.506254310668424,0.415824313627495,0.338911589473841,0.310685036744557,0.758619529365326,0.00102784961066964,6.9543023468065e-05,0.00117556589829822,0.0191684440384352,0.0140896365910182,0.0125646739637871,0.0151601787106764,0.0204941102331274,0.582161137034963,0.0432734044894231
1000,"gauss_cor",291,TRUE,231,0.0235916825878951,0.00102604806302009,0.0181584966137033,-0.646009678425333,0.398802210871592,0.297014346742748,0.293839047648075,0.721770313842245,0.000810831206332701,3.98427164898769e-05,0.000889214609112763,0.0188202275163312,0.0122437035060548,0.0109828913350195,0.0126351043683911,0.0199570869676707,0.544990226281855,0.0320319849996857
1000,"gauss_cor",292,TRUE,284,0.012113762850135,0.000320238064490081,0.01081626664209,-0.872419909546135,0.195886272217214,0.0710179157673997,0.153921016274517,0.435828197441415,0.000563842684251701,1.62726933453445e-05,0.00064160704715557,0.0173968376278591,0.00736318424661296,0.00317729109769897,0.00854479369847737,0.0178417309691012,0.266491868107452,0.0178951966876612
1000,"gauss_cor",293,TRUE,260,0.00919405189481364,0.000210199437887081,0.00739168963439597,-1.10313572959418,0.178246790436347,0.0635046453432287,0.130130865479867,0.324645491751659,0.000307463317595584,6.57007270043847e-06,0.000362620119990355,0.0224254900619727,0.00443985798922782,0.00178040478719258,0.00524965005160858,0.022952187666189,0.252001280439661,0.0144982563740293
1000,"gauss_cor",294,TRUE,284,0.00758630530563538,0.000144771055755007,0.00617414095606333,-1.20061121986361,0.157934162270145,0.0475348961680172,0.114139471550576,0.248044303583373,0.000265062020175049,4.52387061360593e-06,0.000298056098508753,0.0192120344322118,0.00436386098633147,0.00162284852182284,0.0047442942956841,0.0191696331319884,0.218024989778734,0.0120320844310122
1000,"gauss_cor",295,TRUE,354,0.00977341475185044,0.000234940842191337,0.00776396583979106,-1.09544338921623,0.164890315492912,0.0613906345524758,0.12277216884716,0.258718868836819,0.000355649807453538,8.05790730138703e-06,0.000395035013735969,0.0211888473560096,0.00441648833395184,0.0017421518620746,0.00523037050287245,0.0209710015131879,0.247771335211472,0.0153277800803423
1000,"gauss_cor",296,TRUE,364,0.0184771896142201,0.000712300039617646,0.0140964863738629,-0.767280874149344,0.171932805625414,0.054071955375113,0.128206680282769,0.328803395531983,0.000404440985827413,1.6970393938096e-05,0.000500816364215678,0.0267036148170405,0.00613910787547277,0.00224850136804322,0.00623199465541066,0.0206616611580644,0.232533772547372,0.0266889497661044
1000,"gauss_cor",300,TRUE,210,0.00617532117478888,6.92040969731359e-05,0.0046934697482923,-1.32278036952028,0.300141892168777,0.148462121622703,0.212393786730785,0.569497299126184,0.000247220254151475,3.3477839769959e-06,0.000278395623800658,0.0216218475741632,0.00809090743394813,0.00500023795226877,0.00826691016862007,0.0250676591015766,0.385307827097638,0.0083188999857635
1000,"gauss_cor",301,TRUE,257,0.00844869027859218,0.000147670637817362,0.0063559795286591,-1.19780608769667,0.166053959787444,0.0500122354742291,0.121244463660196,0.283358822448963,0.000194232263240136,3.34127781926772e-06,0.000231656106630591,0.0218019603294429,0.00418331489034342,0.00133687726788865,0.00504445068471953,0.0222954936124008,0.223634155428524,0.0121519808186716
1000,"gauss_cor",302,TRUE,261,0.00943135204797529,0.000167437432379258,0.00705730786648067,-1.12674424387413,0.139521696971811,0.0316271405257166,0.09850375993734,0.192815496033979,0.00022439061523805,4.25196977718047e-06,0.000260657162924588,0.0211314442617323,0.00264701811198079,0.000778779426385359,0.00327751481111969,0.0210029310124509,0.177840210654724,0.0129397616817026
1000,"gauss_cor",303,TRUE,229,0.00433976709864382,4.55628518574879e-05,0.00353419966012589,-1.47486728118468,0.0958995196590941,0.0162978262181979,0.0689169891666693,-0.00402465405643341,0.000150964272580362,1.57729914645503e-06,0.000182585282578811,0.0183462798032607,0.00188649121921339,0.00039389310675625,0.00281678266146146,0.0218272550528395,0.127662939877624,0.0067500260634673
1000,"gauss_cor",304,TRUE,286,0.00276308972292691,1.59573168283e-05,0.00223901845120566,-1.68632959534297,0.07364675701676,0.00828205068087364,0.0513609789202602,-0.139063293481219,0.000107659836990556,6.93424313962356e-07,0.000122581115101071,0.0168692507280616,0.00161698184015654,0.000236755157853591,0.00206100836249211,0.0205177353375184,0.0910057727887283,0.0039946610404764
1000,"gauss_cor",305,TRUE,147,0.00363699785401559,2.93203286646031e-05,0.00286417793402385,-1.57358600190074,0.0768702414029381,0.00911144242163953,0.0529647474915416,-0.122894025762498,9.92710224334744e-05,8.44706811870713e-07,0.000109519544310316,0.0175019079402739,0.00152958640881849,0.000254183314831522,0.00189170752463258,0.019979093007048,0.0954538758858933,0.00541482489694755
1000,"gauss_cor",306,TRUE,161,0.00352674272470449,2.10071254902225e-05,0.00258658688543198,-1.61025955590235,0.0682853384764762,0.00756441959455464,0.0480352209215122,-0.172928621473152,9.13348811951294e-05,7.7386307111301e-07,9.75136194240371e-05,0.0146027808228613,0.00137484368690351,0.00020106574953801,0.00162821756475281,0.0179920021155608,0.0869736718470287,0.00458335308373929
1000,"gauss_cor",307,TRUE,229,0.00476001141368652,3.82822696008623e-05,0.00336461643835052,-1.50113871812666,0.0560816154263746,0.00571111485355449,0.0408699134034638,-0.254676718843283,9.81723223068718e-05,9.21897345949282e-07,0.000120186016990487,0.0198916293696899,0.00124229557550975,0.000131467063377155,0.00127030649249843,0.0171915264269507,0.0755719184191753,0.00618726673102609
1000,"gauss_cor",308,TRUE,242,0.00438272575028444,3.03010627500186e-05,0.00312589088166371,-1.534646482681,0.0434051600256662,0.00352310576271677,0.0309660012203655,-0.405952236684672,0.000107142504739871,9.70026483673212e-07,0.00013031315657004,0.0185699843130839,0.00092974322978349,8.87438371354506e-05,0.00104762156576505,0.0198630848501472,0.0593557559358549,0.00550464011085362
1000,"gauss_cor",309,TRUE,242,0.00584897202457789,6.45275302249557e-05,0.00428890402124466,-1.37677134060671,0.0384932387357369,0.00278832953065476,0.0278869478293873,-0.460780932095189,0.000125271658730032,1.65679970722329e-06,0.000150554159316644,0.0221056520704757,0.000927101943563913,9.43677511649624e-05,0.00106866218298731,0.0213950061826106,0.0528046355034741,0.00803290297619458
1000,"gauss_cor",310,TRUE,240,0.00504983458681128,4.43882076504854e-05,0.00366768215981675,-1.45623060212177,0.0392671024386712,0.00246901432092348,0.0275292079004803,-0.457843689818832,0.000110356643718485,1.1765013954347e-06,0.00012768136393808,0.020124428152225,0.000967385123230883,8.76408056111616e-05,0.00118575212388839,0.0198779865095948,0.0496891771004862,0.00666244757206279
1000,"gauss_cor",311,TRUE,269,0.00521477163692226,5.21794636924262e-05,0.00383478898183819,-1.45298853526926,0.0408695342072106,0.00295711731809428,0.0292202724874391,-0.428587820859104,0.000134935031769973,1.64074672487261e-06,0.000140541116800677,0.0195564030068199,0.00109790131121977,9.6420173763137e-05,0.00125756759001559,0.0205357981184367,0.0543793832081082,0.00722353540120253
1000,"gauss_cor",314,TRUE,402,0.0120056609796052,0.00032777289580392,0.00951424558472481,-0.986215482114448,0.115070647896558,0.030854377577391,0.0881923527519755,0.119089857753397,0.000393403563941639,1.13075245128649e-05,0.000416760876548391,0.0180448142109143,0.00360451267034014,0.00095798094300653,0.0041636337954207,0.0224759729411079,0.175654141930644,0.0181044993248618
1000,"gauss_cor",315,TRUE,448,0.00814012380651122,0.000126688915705742,0.006059394940734,-1.21662045136378,0.0753394653280715,0.010152817167256,0.0547431099432397,-0.110111016568309,0.000212493354406091,3.78696451824825e-06,0.000241561881605116,0.0206647729102112,0.00151544671386834,0.000247071034509865,0.00184456007836314,0.01967166438979,0.100761188794377,0.0112556170735212
1000,"gauss_cor",316,TRUE,404,0.00750057084064863,0.000113868683604565,0.00565801106162313,-1.24617541195438,0.0635527653688183,0.00800153557772435,0.0460866192825592,-0.208017485217433,0.000209568296551971,3.28245520154988e-06,0.000232903617612876,0.0200986148268712,0.00167860155294986,0.000233083114271859,0.00196772271556988,0.0194290208888807,0.0894513028285466,0.0106709270264849
1000,"gauss_cor",317,TRUE,474,0.00902468258785778,0.000155739797985372,0.00673696786398344,-1.1564421691646,0.0776071256025453,0.0117741220196602,0.0561587728825788,-0.0997637346306589,0.000216793118385522,4.15313898427909e-06,0.000247968317632242,0.0203505623460483,0.00200480377056893,0.000330833820773961,0.0022667470922262,0.0221931885143184,0.108508626475779,0.0124795752325699
1000,"gauss_cor",318,TRUE,476,0.0135872906197085,0.000373594264436316,0.0103068398452808,-0.946337801688072,0.108937914291466,0.0236412123751843,0.0822906752062554,0.105052810179637,0.000440529626140537,1.28124567190345e-05,0.000486571029679312,0.0199393790807887,0.00321536069498967,0.000733933648620052,0.00368602467185445,0.018760433791872,0.15375699130506,0.0193285867159582
1000,"gauss_cor",319,TRUE,384,0.0176727792978413,0.000558091001811453,0.0135227977242,-0.788891636381841,0.115388542093887,0.0275396373221508,0.0993944647692832,0.236500216597875,0.000595809551707293,2.28397027804699e-05,0.000696847580967549,0.0184896651363725,0.0055693465461355,0.00135147092264417,0.00566222207878589,0.0171124052865231,0.165950707507232,0.0236239497504429
1000,"gauss_cor",32,TRUE,742,0.00784265088133097,0.000128893529370815,0.00599402844164655,-1.2190554923627,0.0730923922609204,0.0160391214001326,0.057891269571348,-0.0962042411816963,0.000187067966324315,3.1848395024039e-06,0.000221162985430024,0.0205942831237735,0.00181386124159745,0.000311055227364659,0.00218555868169134,0.0219200850041581,0.126645652906575,0.0113531286159726
1000,"gauss_cor",321,TRUE,427,0.0299960321253454,0.00198000534254323,0.0223313673297744,-0.580443540694777,0.323869434496279,0.255035455920208,0.249635189894497,0.614366024631025,0.000817728240747981,5.58353056186012e-05,0.000845213027250921,0.0208275780797895,0.00936060696618517,0.00739998806531831,0.0103419975878742,0.0228770281015983,0.505010352290137,0.0444972509548987
1000,"gauss_cor",323,TRUE,310,0.0330419123450576,0.00215914928452129,0.0242808219833015,-0.533662560206434,0.440389926874911,0.379564759973465,0.321886654270581,0.753268102968386,0.000898460652174846,6.32131402653568e-05,0.000985404401090569,0.0241398488112343,0.00998027601967497,0.00972296236953282,0.0119827046435726,0.0235142417286206,0.616088272874484,0.0464666470118223
1000,"gauss_cor",324,TRUE,367,0.0119924241395613,0.000274036552601773,0.00964461063257333,-0.951583383960873,0.209016221027896,0.0814305814956175,0.15165004874193,0.389335242240096,0.000512460426396754,1.33131798698265e-05,0.000537737359908624,0.0191229258052659,0.0057899004912398,0.00283436149144861,0.00672760802450625,0.0221405762073703,0.285360441364281,0.0165540494321412
1000,"gauss_cor",325,TRUE,355,0.0116258619048965,0.0003176326938341,0.00918541828389498,-1.01241749154608,0.213549053857188,0.0906518822948961,0.154716171053585,0.386593054000765,0.000465646991656232,1.30534859720096e-05,0.000490745472016339,0.0215700973754632,0.00612766217957849,0.00295434896403093,0.00615986521866762,0.0219590788525422,0.301084510220795,0.0178222527710192
1000,"gauss_cor",329,TRUE,319,0.0123519615164457,0.000336664087450608,0.00955292138315603,-0.976824633525648,0.282641427036628,0.15907947874632,0.20941336024813,0.559972298743316,0.000313917152008028,7.73515300104987e-06,0.000380403275578321,0.0199842448364437,0.00837831668135521,0.00482836525530734,0.00887597978236549,0.0234043058346182,0.398847688656108,0.0183484083083685
1000,"gauss_cor",33,TRUE,1151,0.0119929996175623,0.000297908481962692,0.0093089756875522,-0.984141617039264,0.109597986038882,0.0298441023620731,0.0882937517320566,0.136101580554417,0.000362828703295793,9.20267822907969e-06,0.000399198190889434,0.0168642757218074,0.00376420971806116,0.000873351091263866,0.00411740989214108,0.0183499239246172,0.172754456851547,0.0172600255493059
1000,"gauss_cor",331,TRUE,119,0.0107838623218945,0.000251393074758675,0.00831384575942368,-1.07958297442294,0.172777128099518,0.0584029887560174,0.126895936231771,0.291073904335934,0.00029252668688029,7.84962340303012e-06,0.000331199422637544,0.02136989382575,0.00499298816222158,0.00200659874450902,0.00494782808439265,0.0200133849829742,0.241667103172975,0.0158553799941432
1000,"gauss_cor",335,TRUE,293,0.00233404240970567,1.03501318964583e-05,0.00178046557508813,-1.82189525723169,0.0688965738010065,0.00779937091575533,0.0490967574935264,-0.161976968346084,8.95033175822597e-05,4.96619856317824e-07,9.57658184488499e-05,0.020745361289419,0.00167661885143762,0.00024362241036314,0.00203902940642863,0.0204605270862908,0.0883140471032515,0.00321716208737737
1000,"gauss_cor",336,TRUE,170,0.00224724054970355,9.26853020119864e-06,0.00177447696783613,-1.79723155287915,0.0475561861884745,0.00361280309276298,0.0340356213632595,-0.332656349843473,8.27438753388534e-05,4.61766016531695e-07,8.70169080389803e-05,0.0174952380080134,0.00134453055026396,0.000141251732927815,0.00141444772630316,0.0154862535885291,0.0601065977473603,0.00304442608732724
1000,"gauss_cor",337,TRUE,298,0.00277552852787848,3.66475263737438e-05,0.00230140792564629,-1.70499478221665,0.0400781054159947,0.00281339134620539,0.0286574285908013,-0.441988016283501,0.000115088271591615,8.38071171720692e-07,0.000126326485370472,0.0189294931039112,0.00125366456269613,0.000125530785225129,0.00139694325166158,0.0193105952597862,0.0530414116158817,0.0060537200442161
1000,"gauss_cor",339,TRUE,304,0.00639792727947483,8.27613910343057e-05,0.00464622964258568,-1.35789311020274,0.0394042341020114,0.0026927509821727,0.0276202269944015,-0.469584570121579,0.000145713235328282,2.10161893752257e-06,0.000178769185268881,0.0230071450790125,0.00102915364566113,8.92323363564422e-05,0.00110147010721648,0.0213602960834192,0.051891723638483,0.00909732878565492
1000,"gauss_cor",34,TRUE,470,0.0238693130806239,0.00112279174220708,0.0180145569208587,-0.663508648126758,0.294071686675207,0.215191322111896,0.219219361348592,0.562563142805646,0.000808610466374058,4.24833090141607e-05,0.000869052495245327,0.0191930051512196,0.00735150445125122,0.0049722468443832,0.00824312962309599,0.0215105349172862,0.463887186837378,0.0335080847290185
1000,"gauss_cor",344,TRUE,248,0.0122548293948777,0.000319001965780636,0.0090665567782865,-1.03754604564765,0.0671339717033025,0.00852640800766521,0.0503956599976002,-0.146117852689303,0.000371941225992443,1.261069638649e-05,0.000428299499664545,0.0216238918743931,0.00213772583774277,0.000326994890928045,0.00233005276203712,0.0191121230671668,0.0923385510372846,0.0178606261306998
1000,"gauss_cor",352,TRUE,392,0.0232949441814737,0.00121913927873646,0.0169066962956944,-0.751174658069394,0.127829026143002,0.0471133556219102,0.102439046428049,0.142535185110887,0.000717890269597388,4.90843798643652e-05,0.000807905281563248,0.0221387114902585,0.00551396807574365,0.00200296750374806,0.00529390980471136,0.020444871462835,0.217056111689835,0.0349161750301556
1000,"gauss_cor",371,TRUE,154,0.00404222236682019,3.9719443120219e-05,0.00333813883949706,-1.49464543385494,0.0504622964994789,0.00523840572885877,0.0369704019141477,-0.333783882699352,0.000153601668615355,1.34604165780405e-06,0.00016600568221545,0.0191006166767567,0.00143655200405702,0.000176610619116067,0.00161411550908586,0.0228897357505452,0.0723768314369921,0.00630233632236641
1000,"gauss_cor",373,TRUE,304,0.00677794827088428,0.000230751977862568,0.00674887595441634,-1.15411322613462,0.0598905587415159,0.00694636042956752,0.0441718871591861,-0.223237597109488,0.000386435692790628,5.84353568398495e-06,0.000391068913958343,0.0205093634077524,0.0016343007145033,0.000231662370395275,0.00200230869675822,0.022471281882704,0.0833448284512454,0.0151905226329632
1000,"gauss_cor",374,TRUE,487,0.00802611705796119,0.000322792982478568,0.0068160993399911,-1.25140124295783,0.0510102869031672,0.00539673568691549,0.0381982276208836,-0.30084117228928,0.000346552133074331,8.22767823931817e-06,0.00032946893575359,0.0208685340240442,0.00139578466007278,0.000161723059565196,0.00161169161696322,0.0199818132835788,0.0734624780885827,0.0179664404509788
1000,"gauss_cor",386,TRUE,233,0.00159144697825989,8.34463307058726e-06,0.00178749694731181,-1.7767534390538,0.0280868628489348,0.00234878280885212,0.0251092197025804,-0.508121278484942,0.00011903586756259,5.22459052910355e-07,0.000111308266441981,0.0171814086813616,0.00136414881092161,0.000112739303033874,0.00137732745969849,0.0180914228557399,0.04846424257999,0.00288870785483532
1000,"gauss_cor",45,TRUE,434,0.00887757346645397,0.000170345623352393,0.00650075643555779,-1.20564408298848,0.0391540859434678,0.00310748815628585,0.0285992762898852,-0.459012586877478,0.000263106581476259,5.47321983285232e-06,0.000269766130696811,0.0202998523418581,0.00118799302156528,0.000109490574265594,0.00123522255194268,0.0202293445786517,0.0557448486973088,0.0130516521311439
1000,"gauss_cor",46,TRUE,422,0.00806295617331196,0.000200275365961129,0.00602184741516482,-1.25697895744942,0.0372191304412271,0.00442119832775188,0.0281993812338322,-0.482204979590696,0.000205825938212421,4.3112033268487e-06,0.000249792359001523,0.0226974644995506,0.000890093011923212,7.96488353168429e-05,0.00101464912685741,0.0205106765075379,0.0664920922196909,0.0141518679318714
1000,"gauss_cor",47,TRUE,597,0.00604546388585861,9.703898180453e-05,0.00447003662714759,-1.39558384133672,0.0276488125749424,0.00220295421965034,0.0206550161595193,-0.628866288126399,0.000156339628675936,2.32248377685574e-06,0.000185769926954497,0.0200242900775569,0.000747721418848019,5.04363524745125e-05,0.000856812113496473,0.0195682601513936,0.0469356391205056,0.0098508366042956
1000,"gauss_cor",48,TRUE,591,0.00531722255667681,4.92032784092599e-05,0.00381189424503261,-1.44751901493702,0.0254941907097677,0.00109713996894926,0.0182452834416144,-0.660383909981069,0.000142764107403293,1.76676419393122e-06,0.000153749438556745,0.0174823426200799,0.000718720613959978,4.34691967074117e-05,0.000759335513723843,0.0172126383713683,0.0331231032505902,0.00701450485845294
1000,"gauss_cor",49,TRUE,367,0.00665523546197646,8.30133364809115e-05,0.00491011347039804,-1.3151990528542,0.0386769071991223,0.00280183828489593,0.0276200572669304,-0.464020655935266,0.000142272593777719,1.89885499945779e-06,0.000176009932580379,0.0190599002624451,0.00087305157425159,6.93097735879073e-05,0.000957884795076326,0.0187637229901015,0.0529323935307665,0.00911116548422382
1000,"gauss_cor",54,TRUE,329,0.00835029439212409,0.00015573233099593,0.00759665354720361,-1.04647936375049,0.0756231733117279,0.0137280642306261,0.0717296978748734,0.0673595411611202,0.00047749251677631,8.48297448605437e-06,0.000462455034291014,0.0171616828909101,0.00537444510123528,0.000951489425111965,0.00475904560261727,0.0175230600732118,0.117166822226371,0.0124792760605706
1000,"gauss_cor",55,TRUE,843,0.0124628712893571,0.000394157551142485,0.0118960792940115,-0.819852175456394,0.11382692538973,0.0329966546681378,0.0989084532501235,0.208169094074599,0.000668647019034029,2.02694868563006e-05,0.000680263196296841,0.0167753767174953,0.00537828427018051,0.00155468247702792,0.00572217630341355,0.019565459829377,0.181649813289576,0.0198534015005612
1000,"gauss_cor",56,TRUE,760,0.0515330189510116,0.00548803902106689,0.0389359661240409,-0.283139411950833,0.343113322433762,0.236864223962262,0.255362225679992,0.649892425124459,0.0011538175701048,0.000131460933572079,0.00133352326759711,0.022743187830711,0.00797939616535125,0.00610114216247073,0.00941918468315991,0.0235238990917044,0.486686987664825,0.0740813000767865
1000,"gauss_cor",57,TRUE,173,0.0326899546635774,0.00243770405297084,0.0248734449211013,-0.519566253042803,0.166300671683982,0.057088938929003,0.127178328862693,0.30907179876682,0.000915005487645574,7.52094505808495e-05,0.00101855498911596,0.0217858469733311,0.00512980739451498,0.00210611401239611,0.00556975888411153,0.0212966416446263,0.238932917215278,0.0493731106268467
1000,"gauss_cor",59,TRUE,214,0.00995674542680994,0.000683379830833985,0.00881508182599461,-1.15992898490372,0.0349715412310817,0.00854509464921084,0.031212773753417,-0.520050103832457,0.000257886262358106,1.29718830894735e-05,0.000288943074753024,0.018076806222747,0.000839960821716661,0.000145137251998787,0.00105180698331118,0.0186908240209487,0.0924396811397077,0.026141534592177
1000,"gauss_cor",68,TRUE,1003,0.0149476426741739,0.000518763297102897,0.0112138029500835,-0.931441748446513,0.0811378819074917,0.0166441074565356,0.0613909351808509,-0.0948913968870313,0.000314399026833502,1.2403424233351e-05,0.000396477796921626,0.0177175001439128,0.00210342291402351,0.000467313634933355,0.00247063139978485,0.0169552309730564,0.129012043842951,0.022776375855322
1000,"gauss_cor",69,TRUE,634,0.00964842190818537,0.000230350970404428,0.0072199052115573,-1.15224847652837,0.0537230328756063,0.00653079132914468,0.0401292504763829,-0.285393948489615,0.000299834141261578,8.00840036784249e-06,0.000324001102619097,0.0184634405528368,0.00177472013753349,0.000245731424116921,0.00181469508601228,0.0183993722739462,0.0808133115838268,0.0151773176287652
1000,"gauss_cor",70,TRUE,380,0.00925468909645597,0.000177186482453669,0.00682902254564693,-1.17106311214072,0.0512530286354543,0.00522165397421323,0.0369563406900251,-0.332761463460161,0.000262085131562736,5.98984525909988e-06,0.00028500489942381,0.0205550912848566,0.0013801690877289,0.000181696898918473,0.00162864277201369,0.0210667423189265,0.0722610128230516,0.0133111412904254
1000,"gauss_cor",71,TRUE,374,0.00667422658730097,7.42134728079023e-05,0.00483496902876389,-1.3180661980276,0.0350395255087218,0.00205703751696672,0.0251861209503361,-0.494349748701334,0.000137145919400665,1.85749007963898e-06,0.000184599121391674,0.018107140354387,0.000721096252925686,5.3133295749109e-05,0.000910656542244146,0.0185707842616169,0.0453545754799526,0.00861472418640912
1000,"gauss_cor",72,TRUE,479,0.00612652635032484,5.80577472238754e-05,0.00433560107127283,-1.37073442367541,0.0317066495509659,0.00154072887121571,0.0221882528194556,-0.557458328052524,0.000125706383389061,1.58418959956937e-06,0.000141536201985136,0.01575353754741,0.000581144671443484,3.82287567228374e-05,0.000700311222684015,0.0172331571472177,0.0392521193213272,0.00761956345362878
1000,"gauss_cor",73,TRUE,378,0.00603560324093587,6.00789275023349e-05,0.00430284049886884,-1.38416547499328,0.0284905016002801,0.00152426424814723,0.0205453898194142,-0.599441092186384,0.000121272658563565,1.49077040025467e-06,0.000146930123997673,0.017261848569082,0.000576332112361433,3.5232014590383e-05,0.000733011801871187,0.0182459236217654,0.0390418269058612,0.00775105976640194
1000,"gauss_cor",74,TRUE,544,0.00713190915560344,9.02279436315767e-05,0.00517347048892187,-1.28828990311802,0.0415493733410919,0.0030453004494064,0.0298246457925475,-0.41151956356415,0.000149410748096294,2.28216005580512e-06,0.000169008504147097,0.0193477079949108,0.000880778569019239,7.6013733284616e-05,0.00106226840191812,0.0200221042865865,0.0551842409516195,0.00949883906756908
1000,"gauss_cor",79,TRUE,486,0.0229439533275612,0.00124810866737781,0.0175812507866208,-0.692344677481361,0.44750182065736,0.481573012961327,0.346322781256636,0.78656961202981,0.000590246889092246,3.16704685265387e-05,0.000638019724831598,0.0232407905838011,0.0118683761152561,0.0135193433212432,0.0127363935160643,0.0250423843063198,0.693954618805385,0.035328581451536
1000,"gauss_cor",80,TRUE,496,0.0290222217121433,0.00194312177647005,0.022437814378568,-0.577236109149976,0.413369372266716,0.410351651575006,0.313100814300729,0.716513842937272,0.00080933121997269,5.22415770507593e-05,0.000864271049076151,0.0214613240836092,0.0109347714738074,0.0102393916084384,0.01157394212645,0.0219297226070008,0.640586958636379,0.0440808549879656
1000,"gauss_cor",81,TRUE,400,0.0418009986448439,0.00328214844072346,0.0309612227625178,-0.377770124233778,0.363795006992092,0.273612852523962,0.27081039484876,0.682063816770927,0.000938667992639272,8.26153291013661e-05,0.00102161820386801,0.0227278751126021,0.00944563572709401,0.00800307603489887,0.0105329138210629,0.0249717030737139,0.523080158794005,0.057290037883767
1000,"gauss_cor",82,TRUE,496,0.0599436095209368,0.0075514825326653,0.0452745509500064,-0.200407404192662,0.336681606495311,0.21975996085001,0.247988601395494,0.650267527992356,0.00140434301824742,0.000171720051754347,0.00165061083428373,0.0233658619076911,0.00838063888859619,0.00576304331430411,0.00962190238625707,0.0241919629388146,0.468785623553037,0.0868992665830115
1000,"gauss_cor",83,TRUE,589,0.0542219430414507,0.00564447231415809,0.0401198599861049,-0.268404466469679,0.226218468010093,0.104105400600694,0.172554976663843,0.468257530636042,0.00146224518679957,0.000154415005256709,0.00167827630139634,0.0197070720661959,0.00745317862092787,0.00343593447663185,0.00802700717234388,0.0183659415054858,0.322653685242698,0.0751297032747907
1000,"gauss_cor",84,TRUE,483,0.00804538938766365,0.000236317853882968,0.010546777963551,-0.852127379543625,0.0231477077734081,0.00137326924686834,0.0382030603536658,-0.167952195222317,0.000525147039801933,1.07206117104272e-05,0.000623047488273531,0.0138818376502488,0.00206444863145474,0.000126675426355569,0.00237387494908234,0.0125619769844037,0.0370576476164953,0.0153726332774502
1000,"gauss_cor",85,TRUE,436,0.00962426565223401,0.000375265733580129,0.0076000228197902,-1.15305450716846,0.0331453435509707,0.00303151542160778,0.0257020831038418,-0.504887831946533,0.00027567895203315,1.08752723738448e-05,0.000301446528261488,0.0203431752786365,0.000901206200089283,7.21572624843564e-05,0.000966713707707791,0.0194509042438784,0.0550591992459732,0.0193717767275005
1000,"gauss_cor",86,TRUE,368,0.00356093600542557,3.55900954678633e-05,0.00307354884293207,-1.5329735352467,0.0119398986724254,0.000335879519187629,0.0104253315556436,-0.900447752586,0.000164890098834421,2.01291412765349e-06,0.000175136364456488,0.0151060110598226,0.000615422358480199,2.3445012931728e-05,0.000636792021441623,0.0146509969222556,0.0183270161015815,0.00596574349665348
1000,"gauss_cor",95,TRUE,563,0.0161122540154669,0.000465066043937637,0.0117167373473457,-0.885228970187496,0.14172935498978,0.0395089120137204,0.103060412153699,0.186584123115199,0.000330976619459473,1.1659563566116e-05,0.000381231101615882,0.0199772590230475,0.00279240400745044,0.000939827743694483,0.00316809006581616,0.0199689221071803,0.198768488482758,0.0215653899556126
1000,"gauss_cor",96,TRUE,880,0.0161099386426866,0.000520680949185574,0.0117178693304573,-0.901892594263963,0.120019952088483,0.0300547980499599,0.0871057789063789,0.0983278763738592,0.000361688726905353,1.39917088819935e-05,0.000430879925009901,0.0204843590887682,0.00271980233608711,0.000838797678906479,0.00324190489235131,0.0217604344050564,0.17336319693049,0.0228184344157432
1000,"gauss_cor",97,TRUE,552,0.0148230733954706,0.000434545863148889,0.010696293667484,-0.954942435768472,0.0960919016908896,0.019969755417846,0.0698467544466099,-0.0203962382729351,0.000378231706399319,1.33221510475737e-05,0.000443860989621561,0.0210310662501002,0.00248225633160949,0.000596099415982359,0.00303030788962693,0.0215499631749353,0.141314385035091,0.0208457636739192
1000,"gauss_cor",98,TRUE,440,0.0125478911671188,0.000293808659495396,0.00903729433571082,-1.02974236079862,0.0696688056968786,0.009235452207068,0.0504401833964506,-0.168395637585209,0.000297540426473993,8.54581329718751e-06,0.00032910764168263,0.0204627672772798,0.00168973553625968,0.000265349491685885,0.00197415283329606,0.0205939832205564,0.0961012601741933,0.0171408476889387
1000,"gauss_cor",99,TRUE,316,0.0112512259699273,0.000244069189112004,0.00818180111936102,-1.05575214715532,0.0557840207868767,0.0054623105018493,0.0396068689317464,-0.281195737970937,0.000257671720683012,5.77856704333902e-06,0.000288187756858224,0.0219894445017293,0.00138467391439959,0.000175665636804501,0.00152426864558462,0.0186595053504519,0.0739074455102414,0.0156227138843417
1000,"nig_cor",100,TRUE,392,0.00966387933672491,0.00015606726817485,0.00695472015884702,-1.13573306025167,0.0477264528001894,0.00392791711630236,0.0344201384124749,-0.337653535019975,0.000158529817972572,3.13420958466757e-06,0.00017580260887073,0.0149066560264294,0.000899672942260512,9.02108179366905e-05,0.000931515483658427,0.0129614840183215,0.0626730972292128,0.0124926885887246
1000,"nig_cor",101,TRUE,410,0.0100699597484273,0.000166525567987587,0.00721775035096327,-1.10781687017821,0.0403689642177064,0.00274319921938823,0.0286486069285072,-0.434447077583047,0.000108117360404003,2.13691054624616e-06,0.00014042561954098,0.0142528109130578,0.000773051383110178,6.75823078245689e-05,0.000840996668893092,0.0127811461981441,0.0523755593706476,0.0129044786019268
1000,"nig_cor",102,TRUE,442,0.00781934924424435,0.000101091358676763,0.00556093013605396,-1.2505304042646,0.0339770792388693,0.00191673276146799,0.024384163913246,-0.50550619432125,0.00011473938313592,2.01875317438911e-06,0.000131358136248085,0.0140282210408694,0.000701413438654346,5.08967681389348e-05,0.000720364307475061,0.0125186465717272,0.0437805066378633,0.010054419857792
1000,"nig_cor",103,TRUE,408,0.00584190630980162,5.65273935974504e-05,0.0041902391360679,-1.38853669868428,0.0351693698244914,0.00215160572895658,0.0249807747574328,-0.50748667920547,0.000105611065259557,1.30234641019638e-06,0.000119024726791137,0.0137947024825867,0.000838055469415428,7.05408087291578e-05,0.000906021647452447,0.014931963705866,0.0463854042663916,0.0075184701633677
1000,"nig_cor",104,TRUE,538,0.00400881804830778,2.54483073921185e-05,0.00283179237783082,-1.587427580431,0.0416282648782385,0.0030388160293955,0.0297331458102959,-0.418291482831545,7.7547508733916e-05,6.63003443267974e-07,7.61335800474181e-05,0.0127722642936225,0.000698139653323922,6.90481815121991e-05,0.00076125375357862,0.0132771790593585,0.0551254571808298,0.00504463154175986
1000,"nig_cor",105,TRUE,228,0.00327561846175851,1.84812495497697e-05,0.00236488484858561,-1.66744050757425,0.042723863131557,0.00283460155716862,0.0296206842716177,-0.412726203887084,4.61217137590648e-05,3.23027633842791e-07,4.68245223212886e-05,0.0100782607375345,0.000608040425857439,6.22044522127003e-05,0.000566543574300228,0.010261859598657,0.0532409762980415,0.0042989823853756
1000,"nig_cor",107,TRUE,310,0.00473821670038897,7.47808858284326e-05,0.00350345977836643,-1.52375327411754,0.110753089895782,0.0227481565909461,0.0808165809322383,0.0851457607557354,0.000155717877260664,4.51559109352852e-06,0.000149806739748661,0.0176782586169618,0.00250303943394604,0.000709039606430595,0.00241661319906044,0.0142592328581975,0.15082492032468,0.00864759422200375
1000,"nig_cor",108,TRUE,360,0.0119522537007189,0.00049388010017185,0.00905393882393101,-1.0649032008597,0.278001245690681,0.182694299986473,0.203683566298522,0.512879689964166,0.00036628401636292,4.29873702968025e-05,0.000372711535905656,0.019634009890841,0.00772350317251584,0.012660014016664,0.00808806043208391,0.0218123343635218,0.42742753770256,0.022223413333056
1000,"nig_cor",109,TRUE,610,0.0136831721102064,0.000609785048206431,0.0105928398024535,-0.959845981263844,0.230197090608248,0.120107670185323,0.17376437531107,0.450722675442976,0.000378584045393293,1.78910421535107e-05,0.000411619310724599,0.016574227739015,0.00658631924892315,0.00417407086235102,0.00687963493313927,0.01621141324797,0.346565535195471,0.0246938261151736
1000,"nig_cor",110,TRUE,540,0.0123212349559563,0.000302772008407342,0.00922977496229108,-0.998653006887006,0.170861792726996,0.0656962360155068,0.130195442650465,0.309925035230729,0.000394195554265624,1.19047806766037e-05,0.000418143396063291,0.0182536551146745,0.00562092798114671,0.00251363735153159,0.00555389460282103,0.0166246921323545,0.256312769903309,0.0174003450657549
1000,"nig_cor",111,TRUE,373,0.0188359070905669,0.000742084531711595,0.0139288315121527,-0.806536216937548,0.16365559194199,0.0505465149726044,0.11713342647674,0.251331211176841,0.000748358585593186,4.32871075005083e-05,0.000798599134259042,0.0226591830151833,0.00401617235685493,0.00171179853356896,0.0042578983449287,0.0184868552736707,0.224825521177211,0.0272412285279426
1000,"nig_cor",112,TRUE,421,0.0215840105146838,0.00153518761746229,0.0162803654714467,-0.782964046312899,0.143071655325288,0.0490600231877417,0.104503397387145,0.173928010377296,0.000773109374273877,7.92003092529872e-05,0.000812625262479335,0.0225079624546932,0.0045774385913911,0.00195091640595666,0.00440175422908396,0.0188255500327444,0.221494973278722,0.0391814703330833
1000,"nig_cor",114,TRUE,182,0.0559327975299534,0.00583769244785081,0.0411466599901253,-0.246356485370339,0.214387217304376,0.0873183501746964,0.159202219710425,0.434601082958331,0.00142452543778367,0.000178834546309284,0.0017157411434645,0.0208822121001195,0.00790158874106923,0.00418577208548976,0.00892575033934733,0.02465499960705,0.295496785388092,0.0764047933565088
1000,"nig_cor",120,TRUE,836,0.0183176205701987,0.00144685949498357,0.0151936669547157,-0.756503921699697,0.122741984522135,0.0274513432523174,0.0893552775535409,0.131028150682644,0.000367127795291001,1.86820199454003e-05,0.000358488288226415,0.0106159537168275,0.00204669064959759,0.000581194335879142,0.00210704762338682,0.0117520782588913,0.165684468953241,0.0380376063256295
1000,"nig_cor",121,TRUE,713,0.0118501303893602,0.000249610748590002,0.00909286067374256,-0.972417768012436,0.0924538358711905,0.0143509323475276,0.0662906935602068,-0.00434436435164559,0.000276999639290424,8.04877396950538e-06,0.000301472592148906,0.0102831102931986,0.00141890354077006,0.000293329837376456,0.00155041510993208,0.0096258152278487,0.119795376987293,0.0157990742953504
1000,"nig_cor",123,TRUE,340,0.00345517900572177,1.93584670431817e-05,0.00245051663078924,-1.6481470710605,0.0754617067456498,0.00908611694358966,0.0533596913022662,-0.112402035866064,5.36892861631583e-05,4.04046032251139e-07,5.59967021315818e-05,0.00923002068606496,0.000922284479037112,0.000138605518899929,0.00101706095662084,0.00850647513362037,0.0953211253793704,0.00439982579691307
1000,"nig_cor",125,TRUE,290,0.00437427056509528,3.32554707991402e-05,0.00320278449334024,-1.51319588371951,0.0970586924156131,0.0163441490661695,0.0691973012613625,0.00881717479257179,9.84116129269412e-05,1.00593665173523e-06,9.47284161338055e-05,0.0115853264894374,0.00148654979611565,0.000297295062695062,0.00150819998775685,0.01087653817578,0.127844237516477,0.00576675565627157
1000,"nig_cor",126,TRUE,858,0.0119234852478207,0.000255771105827362,0.00866002879819841,-1.0300404265397,0.112056960227156,0.0229553282269543,0.0806868211732872,0.0779149957593822,0.000205478200422674,5.53267601953521e-06,0.000232436690693025,0.015516540614115,0.00215472571973845,0.000546522433414634,0.00220420572347151,0.0152330779412802,0.151510158824266,0.0159928454574964
1000,"nig_cor",127,TRUE,949,0.0102079210228185,0.000185454286929594,0.00746178612337218,-1.10382997146895,0.0907537722133349,0.0132459900554718,0.06353672302908,-0.036803188996645,0.000188478617237502,4.22596541913151e-06,0.000205887444399238,0.0130244115855124,0.00170040840728756,0.000345454333073973,0.00187078480252584,0.0141776778374578,0.115091224928193,0.0136181601888652
1000,"nig_cor",128,TRUE,476,0.0108220703962117,0.000196641245138424,0.00780027698622294,-1.08183138998717,0.0886088052034079,0.0132560535679154,0.0635117769380797,-0.0289407843480081,0.000165646327512274,3.74594058030372e-06,0.000193450282406007,0.0130016905261193,0.0021700164202441,0.000399542700647357,0.00216989840195176,0.0159237488756891,0.115134936348249,0.0140228829111001
1000,"nig_cor",129,TRUE,337,0.00818304026238131,0.000123929091133321,0.00601834355982606,-1.21393945170844,0.080028790910993,0.0115472370704722,0.0572555223848394,-0.0948359279022343,0.000155110326523401,2.87559542007451e-06,0.000158689553902061,0.0128011796831877,0.00217724172379683,0.00043777236161185,0.00244492854138005,0.0192049349493448,0.107458071220696,0.0111323443682506
1000,"nig_cor",130,TRUE,330,0.00644517959715756,7.71287952895423e-05,0.0047887849339922,-1.32638664799038,0.0558466280074382,0.00520110512830066,0.0401618512468998,-0.257759193968865,0.000141048390331697,1.96494444693935e-06,0.000142508490479675,0.0140796960001881,0.00117184055970064,0.000144440358943089,0.00126799419197858,0.0142398159847803,0.072118687788261,0.00878230011383933
1000,"nig_cor",131,TRUE,282,0.00606541620698001,6.86420579737804e-05,0.00445647868469093,-1.36452680863148,0.0632729138140035,0.00791767011558759,0.0457427467793855,-0.215340806247393,0.00015491720923323,2.44938256171848e-06,0.000161560184467639,0.0157662024532901,0.00124081219302718,0.000181896696192866,0.00154359645368118,0.0166821414189451,0.0889812908177196,0.00828505026984027
1000,"nig_cor",132,TRUE,353,0.00664471283148009,8.09726495267376e-05,0.00484585633675931,-1.32422097775273,0.0781495657320751,0.0111610099782529,0.0559306010416856,-0.0977721431037544,0.000113544620169647,1.51830333763718e-06,0.00012845720972202,0.0154036773362359,0.00187218624947799,0.000359742773103694,0.00191685854131714,0.0197754835232519,0.105645681304315,0.00899848040097536
1000,"nig_cor",134,TRUE,326,0.00461533326434252,3.95228228682687e-05,0.00341060158442324,-1.49440570330613,0.066800197207272,0.00836619585651354,0.0475785816954821,-0.201614810977756,0.000105676103878057,1.01735083151597e-06,0.000100141649332558,0.012043633695013,0.00192463711256587,0.000328921478561303,0.00189502431284607,0.0191580131338587,0.0914669112658427,0.00628671797269996
1000,"nig_cor",135,TRUE,278,0.00353954407124382,2.35958149598488e-05,0.0026331329746724,-1.6212298598063,0.0591629980544431,0.00612721382104371,0.0428100210156016,-0.241366457965107,8.55509994473335e-05,7.3837583498792e-07,8.08886232639334e-05,0.013912781377931,0.00159410952330314,0.000210978305387002,0.00156964011147227,0.0176252052603741,0.078276521518548,0.00485755236305784
1000,"nig_cor",136,TRUE,250,0.00250451646748456,1.28792019177723e-05,0.00186386953697685,-1.8024979774222,0.0497754330964258,0.00420709508651822,0.0350750629857247,-0.342665852358111,6.1816810343525e-05,3.84838704773962e-07,6.28166198852266e-05,0.0117289843292371,0.000983994366438285,0.000106605681918573,0.000947120758665665,0.015040756554136,0.064862123666422,0.00358876049880349
1000,"nig_cor",137,TRUE,241,0.00289277748526546,1.67062602474724e-05,0.002087342044511,-1.7572229481714,0.0493698573789121,0.00415691628039555,0.0346660587948831,-0.353670231331202,5.68580269334633e-05,4.77800406303889e-07,6.27145289012547e-05,0.0156375007992151,0.000715775669935099,9.61271928931116e-05,0.000894137754485559,0.0134628640124213,0.064474152033164,0.00408732923159762
1000,"nig_cor",138,TRUE,151,0.00246693578891896,1.42309047828703e-05,0.00186579734257818,-1.80588795913841,0.0674808131409148,0.00695034200114416,0.0487753223644417,-0.13679468634286,8.89426256726146e-05,5.96390129861828e-07,8.57387789092663e-05,0.0203618892952369,0.0026267863299178,0.000443246893390842,0.00252042540634128,0.0152214308086924,0.0833687111639862,0.00377238714647242
1000,"nig_cor",139,TRUE,209,0.00386407365284232,2.99650301675606e-05,0.00273313974594666,-1.63940405110062,0.0914258819254652,0.0151177702840129,0.0662080891746815,-0.0149023939952703,9.20562567939905e-05,1.22086179717777e-06,0.000100851777367525,0.0169821503554574,0.00211440237268491,0.000479682388119527,0.00215776249168716,0.0144206921935584,0.122954342273923,0.00547403234988254
1000,"nig_cor",140,TRUE,163,0.0055789509841678,5.76557906350687e-05,0.00406371245923113,-1.40591423629101,0.113889810712932,0.0247907308664254,0.08336726580104,0.0939381681636313,0.00013941951203411,1.7028791005644e-06,0.000138675584659016,0.0149767419104627,0.00292237875980274,0.000795910038898422,0.00271141383149439,0.0130029855973174,0.157450725201332,0.00759314102562758
1000,"nig_cor",141,TRUE,243,0.013611055109479,0.000453784314171473,0.0106668165562218,-0.940958579950278,0.131652767302176,0.0332150640702374,0.0983619026410727,0.181462247379932,0.0003734117435144,1.62512073097804e-05,0.000417073212265062,0.0216594348417508,0.00446715527607645,0.00134669361649049,0.00402527753162589,0.0159963969161334,0.182250004307921,0.0213022138326389
1000,"nig_cor",142,TRUE,325,0.0150756530237182,0.000557672428015293,0.011561065565726,-0.914008732714469,0.0920708216647847,0.0158327660472914,0.0669819591148451,-0.00658649752692986,0.000471988314787613,1.9777559137623e-05,0.000458841232001995,0.0200141737074488,0.00312619520428993,0.000740966005977498,0.00317982562943411,0.0217652208219524,0.125828319734833,0.0236150889902048
1000,"nig_cor",143,TRUE,415,0.0105278450599636,0.0002220193598735,0.00805701588118416,-1.05489289115999,0.0639473937173851,0.00781905336812314,0.0483535584698559,-0.151112372724031,0.000307137824530816,6.76622737015509e-06,0.000329062712433918,0.0150898143564091,0.00170202914440442,0.000235475302138442,0.00173624072525343,0.0147508493677334,0.0884254113257221,0.0149003140864044
1000,"nig_cor",144,TRUE,477,0.0120065141857015,0.000267409499148733,0.00880122029456666,-1.02193207418039,0.0856529630459741,0.0138164618355654,0.0635903665336164,-0.0282926106768515,0.000368083870757513,1.1307344167516e-05,0.000355211060716453,0.0172685176561427,0.00194117951682589,0.000394562581409859,0.0020322606357818,0.0166087207574583,0.117543446587062,0.0163526603079968
1000,"nig_cor",145,TRUE,520,0.0115083940723825,0.000264526266468342,0.00862216079142642,-1.03691765588156,0.073603578141331,0.00943374652594914,0.0529851407412502,-0.125435565044357,0.000416162118151267,1.20171908124468e-05,0.000395865519861142,0.0183482341141088,0.00189626046453438,0.000323073867948575,0.00185086258432613,0.0158207458100791,0.0971274756490106,0.0162642634775861
1000,"nig_cor",146,TRUE,327,0.0114173578358218,0.00027157329240648,0.00913490742232357,-0.98441258114865,0.0748666380248148,0.00906118043861654,0.0530710184098045,-0.114429917634993,0.000454914031128323,1.42762773774417e-05,0.000506862024080895,0.0168120148269936,0.00194110260784376,0.000340419498393376,0.00209005432720176,0.0147022151012529,0.0951902328950641,0.0164794809507606
1000,"nig_cor",152,TRUE,153,0.0785313348850683,0.0109365256444182,0.0568976548644204,-0.0771976698766666,0.357261532920997,0.218500449439236,0.257450428819284,0.664591758788519,0.000381112161444016,7.54774544402887e-05,0.000479898612610721,0.00551156585731883,0.00374987956939005,0.0031090791600695,0.00423658333421334,0.00862882049742089,0.467440316446106,0.104577844902342
1000,"nig_cor",153,TRUE,452,0.040388224271773,0.00360773889309222,0.0303967592837543,-0.408682798445043,0.234425720169082,0.106669356599968,0.17231434872107,0.464850055833271,0.00105264808596811,0.0001503604299291,0.00113736681977098,0.0213352908564891,0.00617121744566687,0.00444288833629175,0.00660029047298678,0.0209201189168618,0.326602750447647,0.0600644561541368
1000,"nig_cor",154,TRUE,592,0.0181531552512984,0.000630274446642441,0.0132565066262959,-0.826855376463818,0.1245660921395,0.0257769242858671,0.0892749250437743,0.136022866919421,0.000636578173810572,3.2006635251285e-05,0.000702728682091021,0.0206951625980363,0.00373379676314743,0.00109671831314246,0.00393159610102738,0.0184663375701588,0.160551936412698,0.0251052673087231
1000,"nig_cor",155,TRUE,130,0.00956432610554345,0.000176676697398871,0.00717525175261492,-1.10881295587845,0.117961773853237,0.0223059905515673,0.0836834525762557,0.111961732464835,0.000295582751180259,5.88238207085456e-06,0.000329089780046283,0.0191718725994823,0.00227160009004798,0.000558098112080684,0.00219997336052059,0.0151052350810387,0.149351901734016,0.0132919786863684
1000,"nig_cor",156,TRUE,842,0.00398487267757728,3.1062177441854e-05,0.00290519261565263,-1.58781173096174,0.0892929112625682,0.0135021808218995,0.0641524130644336,-0.0309410834328411,8.66565338348033e-05,8.40404110283071e-07,8.85199259616106e-05,0.0158093778358713,0.00143586792849919,0.000276989793144464,0.00162884976578415,0.0123060597046341,0.116198884770464,0.00557334526490635
1000,"nig_cor",159,TRUE,191,0.00268748891477669,1.26101354248426e-05,0.00240072816012062,-1.59490188315545,0.0600936679228178,0.00638863584559171,0.0454041538303092,-0.173421262718132,7.47656540908388e-05,4.16310777415795e-07,7.34483347247788e-05,0.00827683783798186,0.000978710114172547,0.000112137400120181,0.0011880177454003,0.00875050971641195,0.0799289424776264,0.00355107524911013
1000,"nig_cor",160,TRUE,481,0.0049541434228559,5.83610133356204e-05,0.00385335425221297,-1.43041599496904,0.104486974399608,0.0195371786935577,0.0745428931996116,0.0314859374111979,0.000128026846564396,1.60544328704482e-06,0.000134964154590525,0.0135737059006843,0.00220915732869399,0.000602450260256125,0.00247813690781522,0.0172826173804594,0.139775458123226,0.0076394380248563
1000,"nig_cor",161,TRUE,416,0.00417431792802872,3.03545075662735e-05,0.00321397338872563,-1.48919129718088,0.101178131409028,0.0167388374194187,0.0710110502253609,0.0212724269962043,5.93080682943912e-05,5.12766755765812e-07,6.92802829042004e-05,0.00699474593827576,0.00171162062895965,0.000337528528411403,0.00194252027808788,0.0134910984904201,0.129378659057121,0.00550949249625349
1000,"nig_cor",162,TRUE,313,0.00340392636302151,2.13806104446589e-05,0.00252479333442942,-1.63957931933729,0.0889677679104867,0.0123837937501335,0.0622199423489217,-0.0452894434815876,0.000103231999722566,9.79560755579881e-07,0.000112204725102669,0.0151685013617856,0.00148986781712756,0.000275974617365833,0.00159549004370865,0.0131324080192636,0.111282495254795,0.00462391721862091
1000,"nig_cor",163,TRUE,295,0.00242738749926513,1.10226001114071e-05,0.00180506947473167,-1.8067232312705,0.0808380749323832,0.0104324424073633,0.0569789091193759,-0.0886491715187801,6.97370966842481e-05,4.86960390173104e-07,7.81207047136296e-05,0.0140930377986344,0.00118924977840272,0.000208202274996189,0.00146702652281606,0.0145697842072885,0.102139328406659,0.00332003013712332
1000,"nig_cor",164,TRUE,313,0.00264519180485553,1.29101046800596e-05,0.00193537100665778,-1.77992436318886,0.0806228197685487,0.0108109543730875,0.0576653323608458,-0.0782092706588502,4.40430614936182e-05,2.589914198063e-07,4.91731636745139e-05,0.0113899222336317,0.00163575425181763,0.000276268529898397,0.00167173202384893,0.0176926238133706,0.103975739348598,0.0035930634116391
1000,"nig_cor",165,TRUE,435,0.00227511737029976,1.06952666335593e-05,0.00171176199048678,-1.8436501313881,0.077362661730872,0.00950176863495382,0.0540006985505857,-0.118560039873157,7.25110149347481e-05,4.71837580125607e-07,7.84021963990135e-05,0.0164904613533697,0.00145684999309619,0.000261072658405816,0.00163671695310518,0.0158680612035735,0.0974770159317253,0.00327036185055405
1000,"nig_cor",166,TRUE,369,0.00243177185287741,1.03853954979842e-05,0.00176845150696486,-1.81625531131547,0.08449860259644,0.0112712248468828,0.0587641931942952,-0.0711334217104836,8.12651756998237e-05,4.51384755050571e-07,7.12475119298739e-05,0.0152632318127552,0.00187610236971984,0.000331817399250191,0.00212054083254366,0.0172263086950921,0.106166024917969,0.00322263797190814
1000,"nig_cor",167,TRUE,327,0.0030653757758153,3.21110099994446e-05,0.00228685727218133,-1.71525089596748,0.0861651135699535,0.0121676176665226,0.06010409887001,-0.0646779846158211,9.15317716707443e-05,9.38808940473868e-07,9.69179045457955e-05,0.0204797840401875,0.00221898499591394,0.000457390895000082,0.00221242139766516,0.0152023838930786,0.110306924834856,0.00566665774504201
1000,"nig_cor",168,TRUE,356,0.00281658081149782,1.37595271798392e-05,0.00205141635759016,-1.7424596977756,0.0899829356323225,0.0143022867896516,0.0648663182760977,-0.0218757776559912,5.48521780058847e-05,3.13081145526161e-07,5.73510046841718e-05,0.0126827243992925,0.00176858297127808,0.000324125935356384,0.00181287830864206,0.0150302190715216,0.119592168596659,0.00370938366576433
1000,"nig_cor",169,TRUE,245,0.00231111141886071,9.09757943642461e-06,0.00167028518677778,-1.84580069023494,0.0918139784395057,0.0137148969835985,0.0644343281106571,-0.0285249400469472,4.58032626930454e-05,2.18499154654229e-07,5.29895396465086e-05,0.0121248281049967,0.00124245438908342,0.000238220468381043,0.00147919377448963,0.0113236524189864,0.117110618577474,0.00301621939461051
1000,"nig_cor",170,TRUE,260,0.0024766440888881,1.29214048789798e-05,0.00184585032989178,-1.81155838991246,0.0854077801902673,0.0116611305744407,0.0600886959290961,-0.063233938701654,5.70337587719666e-05,3.8689896708573e-07,6.35588388143147e-05,0.0163041389175894,0.00158191901204236,0.000317733705358393,0.00171321650017107,0.0141782492700118,0.107986714805298,0.0035946355697038
1000,"nig_cor",171,TRUE,345,0.00221539448271553,8.63893445826219e-06,0.00158367451129781,-1.88995044671233,0.0754147227833138,0.00905944659404146,0.05307315680274,-0.119814736816665,3.99158251389845e-05,2.10601549059359e-07,4.13255370646196e-05,0.0146303196154023,0.00126434688045419,0.000206788302586632,0.0013549965920915,0.0121178542180613,0.0951811251984418,0.00293920643342079
1000,"nig_cor",172,TRUE,379,0.00181620209506832,5.9717099102845e-06,0.00130009375462877,-1.98497836494233,0.0760869499331318,0.00977764997232926,0.0547760034885945,-0.104150507970564,4.43508193093276e-05,1.88042106025488e-07,4.69409103718805e-05,0.016790394288112,0.00155866053074995,0.000244386728287749,0.00154840003551772,0.0142564499718171,0.0988820002443784,0.00244370822936874
1000,"nig_cor",173,TRUE,366,0.00224482037938732,1.68735160656686e-05,0.00172293232320509,-1.88226776748214,0.0789401634603182,0.00973211418224228,0.0555804400912385,-0.0949209569885094,7.07577868747728e-05,8.02329877187472e-07,8.35096787560645e-05,0.0195413141673298,0.00157881219973252,0.000247161653140059,0.0014931016519828,0.0122604125465539,0.0986514783581183,0.00410773855858289
1000,"nig_cor",174,TRUE,143,0.00442047611772506,5.62349432913745e-05,0.00321180730750875,-1.61858564103117,0.0752808723815329,0.008971878243994,0.052733922646028,-0.123459363209817,0.000237702394612943,4.81892731984123e-06,0.000256651082298189,0.0339821271915807,0.00132013383364569,0.000221517538250568,0.00144975562311515,0.0125766257681171,0.0947199991764886,0.00749899615224428
1000,"nig_cor",175,TRUE,134,0.00695024727081403,0.00011029462623844,0.00518950095042654,-1.28145075714959,0.0717270162039598,0.00987392496751473,0.0534669662573964,-0.107501267137895,0.000162960893546053,3.398676294162e-06,0.000182929066254068,0.0183620346274027,0.00181851718366778,0.000307806077263569,0.0017201272061978,0.0123224809625941,0.099367625349078,0.0105021248439751
1000,"nig_cor",177,TRUE,175,0.0251608453949931,0.00127991556248421,0.0187923533998751,-0.642783671246472,0.0582443847179387,0.00698151602605349,0.0432455589431694,-0.239233722473117,0.000587647914078515,3.78031553993853e-05,0.000736799639875876,0.0220869750972007,0.00154480692478152,0.000204662581089125,0.00167417324346167,0.0160644592423623,0.083555466763423,0.0357759075703777
1000,"nig_cor",178,TRUE,256,0.0209820317577142,0.000913844484490466,0.0153108401164357,-0.766792876441147,0.0647797876691943,0.00874457870690948,0.0482297510459734,-0.163544817833969,0.00045661239279934,2.24922079084068e-05,0.000516779829084624,0.0205801188482179,0.00159788150447306,0.000240523407556669,0.00162688826448265,0.0220725140945606,0.093512452148949,0.0302298608083211
1000,"nig_cor",179,TRUE,262,0.0133356260736327,0.000340605680786751,0.00976534267786648,-0.985961191095868,0.0410949813294293,0.00320189253238148,0.0301845967148371,-0.405421970756784,0.000290127080466776,9.33287831948116e-06,0.000312507898310577,0.0175377251311908,0.000997793964362403,8.95713246730668e-05,0.00101785160116432,0.0146619655845125,0.056585267803391,0.0184555054329799
1000,"nig_cor",180,TRUE,570,0.0109842684795318,0.000209950140131249,0.00794773327933824,-1.07569724705849,0.0479688192914775,0.00430058810032304,0.0350859921499593,-0.329901914372433,0.000210286350622359,5.13648666726946e-06,0.000223942382203412,0.0149758983827049,0.0011492360930802,0.000133048234231094,0.00108680075784972,0.0147408877466894,0.0655788693126303,0.0144896563151529
1000,"nig_cor",181,TRUE,221,0.0119958803021179,0.000283679455514934,0.00879108491583475,-1.02746612688021,0.064544763093005,0.00933709122690806,0.0485689191663664,-0.180749044575601,0.000233249444051073,6.214037737194e-06,0.000226833341238573,0.0158691006558723,0.00167215084374527,0.000291776164903482,0.00157013072177825,0.0217857491900437,0.0966286252976211,0.016842786453403
1000,"nig_cor",187,TRUE,113,0.0311451944830901,0.00162144765000257,0.0219596613253938,-0.554240402677115,0.230007077261555,0.0895245229776384,0.162689470808806,0.432120878031676,0.000731306774609742,5.21273232832245e-05,0.000926802495974847,0.0183575648048963,0.00327230429643307,0.00152321268004249,0.00378378103887847,0.0124476253332718,0.299206488862856,0.0402672031559503
1000,"nig_cor",188,TRUE,266,0.0304019601686385,0.00154610964628503,0.0217341528555089,-0.562328839097541,0.187705303741371,0.062318862530291,0.13600450437897,0.348624124423304,0.000288435748233594,1.78593197093524e-05,0.000357357398948883,0.0106138453271591,0.00304249228003444,0.00112974195355523,0.00338765263751708,0.0138327644499059,0.249637462193259,0.0393206007874375
1000,"nig_cor",189,TRUE,335,0.0171227692282843,0.000517877382824595,0.0123872834449446,-0.848606816336935,0.153966186314255,0.0398128071307282,0.109951092987942,0.238993487535109,0.000468608434954302,1.94553649152364e-05,0.000401889209381025,0.0125079988713256,0.00266368789310613,0.000874054484551734,0.00274214750453956,0.0123467703884078,0.199531469023631,0.0227569194493586
1000,"nig_cor",190,TRUE,304,0.0145844055777171,0.000414133883802019,0.010755838771714,-0.920426959001653,0.133458415815238,0.0290327452304708,0.0936435256981754,0.161652960883465,0.000411356065959236,1.52414411258209e-05,0.000377201412550025,0.0153387602196875,0.00284084181733472,0.000912131905711965,0.00233834721481116,0.0125055566802945,0.170389979841747,0.0203502796983732
1000,"nig_cor",191,TRUE,580,0.00803001212389512,0.000114070525107732,0.00577920818241118,-1.22795884055308,0.10680487035457,0.0191558574840828,0.0753769408770316,0.0542432294073919,0.000204559031374501,3.40232382420637e-06,0.000184670234378871,0.0136874937563219,0.00155127551382743,0.000320942935761365,0.00179574176704245,0.0111432559437851,0.138404687363119,0.0106803803821649
1000,"nig_cor",192,TRUE,359,0.010036092608277,0.000171642321027066,0.00723120500543935,-1.11239337555867,0.113433400377905,0.0202069009549559,0.0790326867899624,0.0777247454191473,0.000190378526059208,4.43342147982038e-06,0.000208576094724854,0.0115254959683107,0.00111254682896512,0.000262841482940665,0.00140271784527259,0.00867970988469243,0.142150979437202,0.0131012335689074
1000,"nig_cor",196,TRUE,170,0.0032066305273632,2.29572945564143e-05,0.00241997708222799,-1.65985740149636,0.0851667380814037,0.0130856895645817,0.0625963033927785,-0.0348311139812464,7.10402627835072e-05,4.54679560559064e-07,7.42098374661182e-05,0.0153006944470881,0.0017679287753546,0.000309569774506965,0.00167541871723013,0.0118890459638741,0.114392698912919,0.00479137710438391
1000,"nig_cor",197,TRUE,277,0.00276837744224919,1.37131746404214e-05,0.00202528099219221,-1.75064831494507,0.0765058829251668,0.00966511820046276,0.055060486908101,-0.0988291041285783,5.24113741236184e-05,3.19603891022355e-07,5.00378433372563e-05,0.0111753852388726,0.00194640682501833,0.000326105867310383,0.00190090506152309,0.0141950482659042,0.0983113330214923,0.00370313038393484
1000,"nig_cor",198,TRUE,392,0.00297264031307951,1.60579464608299e-05,0.0021565751553839,-1.72657077201806,0.0834834689296923,0.0118202589526777,0.0595910084778569,-0.0646575620228627,6.54135552819443e-05,4.28625081856111e-07,7.21269574324991e-05,0.015864640323807,0.00107005610075554,0.000193019057116837,0.00129484440894496,0.0133707458844609,0.108721014310379,0.00400723676126454
1000,"nig_cor",199,TRUE,420,0.00276708116163617,1.40142187778632e-05,0.00201462839896024,-1.75650009157522,0.0868393927414171,0.0118464331857996,0.0612867503416929,-0.0474991997917497,5.39094251422833e-05,3.40609181262775e-07,5.91999922443555e-05,0.0131715078125496,0.00190163129071688,0.000362582567597754,0.00188269339473211,0.0166617972509674,0.108841321132186,0.00374355696869477
1000,"nig_cor",201,TRUE,418,0.00304573411075021,1.88055728389916e-05,0.00226996062119867,-1.68111299857199,0.0959500359019172,0.0152474068719485,0.0690360537754724,0.017281614236364,8.63743217674279e-05,7.5144798641322e-07,8.70304328722255e-05,0.0282396062202208,0.000815542009034523,0.000154399819419221,0.000945466829406781,0.00941743170449444,0.123480390637334,0.00433653926985466
1000,"nig_cor",202,TRUE,399,0.00238353576161038,9.15954169602235e-06,0.00169574191463006,-1.83827292762144,0.0982275037755515,0.0150324055074334,0.0685386207896904,0.00623996759653857,5.50994807644337e-05,2.80554565124598e-07,5.81956908908832e-05,0.0176199495916179,0.000622394075565695,0.000116082876224126,0.000712828890134264,0.00567386140160949,0.122606710694943,0.00302647347518896
1000,"nig_cor",203,TRUE,445,0.00212167606828151,7.5812488837115e-06,0.00152017755283261,-1.8992894594761,0.103546138443855,0.0170941591209475,0.0722433985302902,0.0330643116006934,3.91489932920963e-05,1.7807377132596e-07,4.20035856420708e-05,0.0141116484181903,0.00030500077086941,6.4564240937672e-05,0.000417025399422248,0.00366419054475933,0.130744633239562,0.00275340677774126
1000,"nig_cor",204,TRUE,419,0.00223188380033196,8.53315941921761e-06,0.00164570952668652,-1.84154540440306,0.0940872834505411,0.0144683221849043,0.0664630271999722,0.000740300109368555,6.29843172014144e-05,3.11863171000373e-07,6.52320140321373e-05,0.0151528080664474,0.00136032363629078,0.000258695303095463,0.00160743247361414,0.0156319747216579,0.120284338901223,0.00292115720549539
1000,"nig_cor",205,TRUE,480,0.0021290724608263,7.7891466888574e-06,0.00153497933988572,-1.88226473164161,0.0904573364920797,0.012960313553373,0.063544942722343,-0.0321031921117959,6.21485494678007e-05,3.24300917492952e-07,6.27450018139165e-05,0.0200962435775383,0.00132681417924832,0.000248183289331986,0.00131112602343717,0.0104572768394923,0.113843372900547,0.00279090427798185
1000,"nig_cor",206,TRUE,415,0.00228596458528006,8.63479266916878e-06,0.00163630437435453,-1.86348533025551,0.0985654834313748,0.0161844125835917,0.0698546081527777,0.0145123938679702,3.82451584497507e-05,1.89908412536391e-07,4.7404628400994e-05,0.013858879709339,0.00101062969011682,0.000196499205247133,0.00138422742125121,0.010512764156903,0.127217972722378,0.00293850177287147
1000,"nig_cor",207,TRUE,472,0.0026283671217777,1.20047702396188e-05,0.00190205561742804,-1.78521455930697,0.0985185804195284,0.0158754040393909,0.0707250877114868,0.025840054778537,3.74561430331075e-05,1.9978278867262e-07,4.44583356537194e-05,0.0135587698961117,0.0023670905172946,0.000486834557523279,0.00207962695572642,0.0172276372125523,0.125997635054754,0.00346479007150777
1000,"nig_cor",208,TRUE,492,0.00243856025099021,1.06779830690921e-05,0.00178158518853698,-1.82018334892672,0.0938039739627026,0.0149104283970962,0.0673558679983394,0.000580111273428054,3.70250839821921e-05,1.96266314222828e-07,4.65694172704318e-05,0.013125497631206,0.0012903238480437,0.000267680053709777,0.00145452445004968,0.0133186727966697,0.122108265064639,0.00326771832768556
1000,"nig_cor",209,TRUE,451,0.00245135301250429,1.08340927408061e-05,0.00180424090856638,-1.81330353703158,0.0953057990976421,0.0137555754581248,0.0674789100798464,0.00893856257310468,5.54994217472722e-05,3.02882394892279e-07,6.24908650633205e-05,0.015730367670901,0.000510454492745325,9.338349030177e-05,0.000706637731184488,0.00761179740764963,0.117284165419398,0.00329151830327679
1000,"nig_cor",210,TRUE,237,0.00210965061354713,1.00074390722668e-05,0.00156437038546033,-1.92240602633171,0.0895220506384494,0.0148334886707741,0.0647003138290182,-0.0182217544893396,7.13366511465438e-05,5.56903626874352e-07,7.27780133964421e-05,0.020644482051754,0.00101725742652975,0.000179543940365877,0.00131736180879735,0.0125746901351381,0.121792810423169,0.00316345366210204
1000,"nig_cor",215,TRUE,233,0.0156834928144033,0.000461851164548566,0.0113829144340933,-0.897473531590082,0.0293885930261047,0.00172214949438975,0.0216246645172373,-0.59326996687491,0.000341292307221707,1.21808436068106e-05,0.00039923236457176,0.0188169416734359,0.00112306738416707,8.13899126724217e-05,0.00101819435391086,0.0188122630513602,0.0414987890713663,0.021490722755379
1000,"nig_cor",216,TRUE,421,0.0139326065546548,0.000322479068034727,0.0099936768341641,-0.949499177194759,0.0275485687220272,0.00150286821895646,0.0210915039043891,-0.578280308063298,0.000294492051147497,8.37862456601261e-06,0.000328240327217506,0.0172755194549093,0.000869649977046031,5.74788075821952e-05,0.00088636617808595,0.0173145342125014,0.0387668443254859,0.0179577021925058
1000,"nig_cor",217,TRUE,413,0.0150296296198123,0.000380012252227521,0.010699984729606,-0.929330143331106,0.0258975082831212,0.00118559104368189,0.0187726994406751,-0.647379481817817,0.000319280456860241,1.07695450533887e-05,0.000303995750167348,0.017099347341686,0.000654106830068587,3.87385840688487e-05,0.000642760853176828,0.0168348903404026,0.0344324126903981,0.0194939029500898
1000,"nig_cor",218,TRUE,364,0.0114467637305749,0.000236584169875278,0.0083949570892831,-1.04177910622322,0.0179407614925024,0.000592418068447086,0.0131242845807182,-0.817868969239821,0.000242648920863316,6.09988676703225e-06,0.000244775594670783,0.016801629571617,0.000441617258847913,1.9711016993394e-05,0.000454494226554386,0.0147663753152844,0.0243396398586151,0.01538129285448
1000,"nig_cor",219,TRUE,266,0.00984932872672872,0.000159113014416379,0.00704627432967716,-1.12921008006759,0.012927255077471,0.000281150290201307,0.00953087525888768,-0.962971156013965,0.000159144364817365,3.24214740939323e-06,0.00017786777363156,0.0156338118038218,0.000315833143121343,9.01753962050719e-06,0.000342383761417489,0.0130096010705235,0.0167675367958835,0.0126140007299976
1000,"nig_cor",223,TRUE,164,0.021861536116036,0.000819546060132466,0.015688804942327,-0.73600006609895,0.207416135958806,0.0879663072425691,0.152768311424832,0.401128724594167,0.000412030134686052,1.95051194469555e-05,0.000512437276282048,0.0189663643718376,0.00373466050226114,0.0020167055138258,0.00403200334391541,0.0193749753694606,0.296591144915975,0.0286277148954028
1000,"nig_cor",224,TRUE,255,0.0130960422530561,0.00031796236895178,0.00959648212172444,-0.979030947119274,0.1575018039947,0.0411099912268079,0.112931947130032,0.262617315529685,0.000306887478716873,9.73519405292573e-06,0.000324202238311241,0.0149028860917769,0.00268539405629853,0.00096495656710954,0.00308848335057312,0.016728382904268,0.202755989373453,0.0178314993467117
1000,"nig_cor",225,TRUE,311,0.0112519338487924,0.000250083282672095,0.00839568035832661,-1.05406343803013,0.123783908776544,0.0273338934775443,0.0888257397013079,0.119764137548274,0.000314437734193668,8.33770936231331e-06,0.000312196561364298,0.016339026414844,0.00322463045732557,0.000921442069289314,0.00348887819274138,0.0175356965581413,0.165329650932748,0.0158140217108772
1000,"nig_cor",226,TRUE,293,0.0109636485535811,0.00025661541448527,0.00823440514282033,-1.07004832657718,0.121853827946432,0.0274182273684362,0.0879162561098087,0.123422024944697,0.000271482383389627,6.86954776596605e-06,0.000276000589506737,0.0166759495391111,0.00243990800669051,0.000664697651743048,0.00267876608315741,0.0192889691184135,0.165584502198836,0.0160192201584618
1000,"nig_cor",227,TRUE,363,0.00875413116448647,0.000167396222940222,0.00664458436653088,-1.16894283929702,0.0972397612141701,0.0162179362534577,0.0691639795241001,0.000859327529131929,0.000246439096929777,5.18482744814866e-06,0.000249073895938374,0.0167740211190084,0.00194016797164455,0.000436172159523112,0.00214002895443628,0.0169666930035208,0.127349661379439,0.0129381692267578
1000,"nig_cor",228,TRUE,338,0.00954604479656667,0.000212945740613786,0.00723834364905037,-1.14222872496078,0.109228050574296,0.0193768979512538,0.0767808416748821,0.0587337126854156,0.000181773595076799,4.28707193233205e-06,0.000200933904649266,0.0153868326542721,0.00210986143605668,0.000517521864495345,0.00238470609357503,0.0169998249166805,0.13920092654596,0.0145926605049863
1000,"nig_cor",229,TRUE,293,0.00933394968197205,0.000261179374291348,0.00708698340868106,-1.19505296633873,0.124455362924408,0.0337499565457731,0.0928652044178541,0.168945264503091,0.00055321613458582,5.12010421006091e-05,0.000782275871262077,0.0362777740294989,0.0038901587656332,0.00196394986768234,0.00487802445302528,0.028000646438427,0.183711612441275,0.0161610449628527
1000,"nig_cor",230,TRUE,122,0.0041796886874625,3.85907014173616e-05,0.00317051679883287,-1.55066088231003,0.0987438230750943,0.0159276699047725,0.0706585688647346,0.0249757591613156,8.42269090218965e-05,9.93029127224058e-07,0.000100345968117024,0.0194523788803181,0.00163743255224809,0.000355151180828453,0.00195956604921595,0.018522551207826,0.126204872745756,0.00621214145181528
1000,"nig_cor",233,TRUE,204,0.00765260189896483,0.000102745528168725,0.00561146158414116,-1.22790628682402,0.109740779740863,0.024240076917328,0.0805623430396564,0.0759614579320548,0.000103836545411523,1.75870288631685e-06,0.000126143110003161,0.0182811879617058,0.00366992649579792,0.000951616016768996,0.00303130377809829,0.0185277015101717,0.155692250665626,0.0101363468847867
1000,"nig_cor",234,TRUE,485,0.00521501049623674,4.70212872586594e-05,0.00375127697860283,-1.44858586512368,0.0923946843815807,0.0145483395489765,0.0664502059506463,-0.0120577303301996,9.67446327650958e-05,1.07297727595369e-06,0.000106631578757776,0.0150113992100613,0.00251070730941045,0.00051281101778977,0.00253231028147707,0.022441929591152,0.120616497830838,0.00685720695754907
1000,"nig_cor",235,TRUE,459,0.00376269982802603,2.67871149393996e-05,0.00275562430719322,-1.60373055020924,0.0794519984774102,0.0104384259459317,0.0569924623889487,-0.0840785132614963,7.36767948167141e-05,6.39913343198687e-07,8.01038319185179e-05,0.0133652410594706,0.00113871964200243,0.000192813610378914,0.00142751753829394,0.0158246789756792,0.102168615268739,0.00517562700930038
1000,"nig_cor",236,TRUE,301,0.00415607893259869,3.74167958135418e-05,0.00311768552370632,-1.55490472495514,0.0751952344846802,0.00866454572700015,0.0524544803227917,-0.127018128640866,0.000169355017420021,3.66797822876936e-06,0.000158076622598048,0.0205556918897675,0.00147369242499739,0.000275475968814197,0.00165214632299479,0.0156280757789205,0.093083541654796,0.00611692699102595
1000,"nig_cor",237,TRUE,366,0.00320809413744681,2.0463912896068e-05,0.00241249504098729,-1.66728325774316,0.0758818282685336,0.00954113897515517,0.0535926322369936,-0.120943182222911,9.31055984283905e-05,7.95108852455894e-07,9.53950839939942e-05,0.0151074576103635,0.00163826471409048,0.000307811443089162,0.00181892315073618,0.0178294664084104,0.097678753959882,0.00452370565975153
1000,"nig_cor",239,TRUE,307,0.00219410099047029,8.85990369323609e-06,0.00166263632979248,-1.8430663201072,0.0708215740275895,0.00819286752744121,0.0496166210591077,-0.158103458390243,6.5836954812138e-05,3.29144906896506e-07,5.99419452826439e-05,0.014513192806625,0.00134181011909097,0.000210620127147603,0.00125708793759746,0.0126712561279495,0.090514460322322,0.00297655903573843
1000,"nig_cor",240,TRUE,390,0.00203972447260962,6.9543327666685e-06,0.0014412517709767,-1.9309164665718,0.0808549201748034,0.0102582844714952,0.0561629686521187,-0.0925076116283814,4.55159604015901e-05,2.23861718893073e-07,4.59056557605766e-05,0.0145583989972375,0.000502729308071846,8.06853037450139e-05,0.000716635527546416,0.00665386507974605,0.101283189481252,0.00263710689329585
1000,"nig_cor",241,TRUE,356,0.00195033764247332,7.10151457876794e-06,0.00146791268937455,-1.91230063769838,0.0662062028224626,0.00716468335859455,0.0475877556588953,-0.166427617302115,6.0668672453849e-05,2.76941948816056e-07,5.13284129614592e-05,0.0137038503131207,0.0014484708255955,0.000185617981230555,0.00142021660915475,0.0123606193865862,0.0846444526156,0.00266486670938115
1000,"nig_cor",242,TRUE,267,0.00192674854923298,7.83599031530992e-06,0.00145468482174337,-1.9156136244886,0.0576552764171058,0.00557692871574417,0.0415790953870516,-0.230454097054203,3.72003466593894e-05,1.68763613388207e-07,4.19174623452594e-05,0.0117259217457994,0.00147090759039344,0.000179707429586242,0.00176653785458832,0.017569803197813,0.0746788371343861,0.00279928389330377
1000,"nig_cor",243,TRUE,274,0.00158694157453495,4.59007251224787e-06,0.00119310053691935,-2.00311788995488,0.0605919117744719,0.00582173383229977,0.042351778727869,-0.236063270263437,4.27625988458492e-05,1.42560320603902e-07,4.35869492807899e-05,0.0124201528204554,0.00136902443579366,0.000185240307009627,0.00157378905529899,0.0158820666415616,0.076300287236024,0.00214244545140544
1000,"nig_cor",244,TRUE,355,0.00183599518644988,6.11955164604229e-06,0.00135029236966756,-1.95428508889647,0.0618451720611227,0.00644335107101969,0.0434531969885775,-0.230599955841786,3.46776719957488e-05,1.34498028515494e-07,3.77244700993962e-05,0.0113067232957306,0.0010275681497494,0.0001505267291389,0.00122514321300098,0.0137910120832408,0.0802704869240226,0.00247377275553804
1000,"nig_cor",245,TRUE,375,0.00173621599413295,5.76334341779348e-06,0.00128652503875766,-1.98687058106724,0.0549333126758401,0.00505716247017447,0.0392353510700569,-0.271436280596189,3.89284395728015e-05,1.53147160477537e-07,4.03664124666255e-05,0.0136852022918765,0.00107512586849455,0.000135464882967971,0.00120708697357329,0.0137677383688509,0.0711137291257776,0.00240069644432475
1000,"nig_cor",246,TRUE,177,0.00262763899729697,2.81701676466871e-05,0.00196733848441852,-1.81040685175188,0.0700672171929748,0.00860674999184315,0.0508673884245059,-0.126736571442355,4.16055094951291e-05,2.29084570375208e-07,4.64257806365747e-05,0.0187176224222099,0.00119515814448409,0.000188080418571485,0.00125582298563781,0.018380987559051,0.0927725713335744,0.00530755759711443
1000,"nig_cor",250,TRUE,117,0.0185808437360177,0.000628163619978008,0.0133087597144031,-0.792529185447632,0.0467362531209489,0.00450522066620729,0.0341361620488872,-0.363525409112749,0.00046403530428737,2.76420598853891e-05,0.0003918733822421,0.0233710094353097,0.00138569051452467,0.000165220408997302,0.00134797701442831,0.0219359983328469,0.0671209405938809,0.025063192533634
1000,"nig_cor",251,TRUE,362,0.00972093083887162,0.000173996295147514,0.00715609819996616,-1.12421238111707,0.0241739718117327,0.00137257359658115,0.018036100420984,-0.679512733719463,0.000184420873657419,3.6293259496153e-06,0.000209990398040486,0.0131929439901993,0.000520231428054353,3.22092644489706e-05,0.000542772610940137,0.018435158360546,0.0370482603718602,0.0131907655254543
1000,"nig_cor",252,TRUE,300,0.00980335626395344,0.000159643982563553,0.00700503347463831,-1.1354250398482,0.0203857266163502,0.000748448862191593,0.0149574774435897,-0.75608697476469,0.000177276106920377,3.57448115409592e-06,0.000217054938553047,0.0140124330762757,0.000420666433510103,2.00110354541027e-05,0.00047386056081378,0.0138687661519636,0.0273577934452249,0.0126350299787358
1000,"nig_cor",253,TRUE,335,0.00949069795992405,0.000148795647351726,0.00674053023840336,-1.15332601750795,0.0264141553980404,0.00112798156213095,0.018554388580488,-0.642559940204066,0.000159060156103453,3.20300592708752e-06,0.000177136118574446,0.0140050785497297,0.000508925458344248,2.89695135767644e-05,0.000566520957918092,0.01840807089429,0.0335854367565906,0.0121981821330773
1000,"nig_cor",254,TRUE,352,0.00753525984571371,9.18421396964808e-05,0.00536948470463857,-1.26171726627463,0.0220471216490242,0.000803734804759024,0.0157366951638289,-0.729928804397185,0.000206511709754745,3.13892194498781e-06,0.000182419284918867,0.0136820910503852,0.000472778323789957,2.05668865105821e-05,0.000485614414882724,0.0144835350921733,0.0283502170143197,0.00958343047642548
1000,"nig_cor",257,TRUE,126,0.0495012619440637,0.0037091576655983,0.0342175388332807,-0.333412109832456,0.321482452714314,0.154618288850259,0.221004256815431,0.595760285699185,0.000430012713257426,3.99461573345183e-05,0.000356848897675412,0.00563463830452971,0.00455406146894166,0.00327206272208118,0.00504782600336956,0.00968739626642118,0.393215321230314,0.0609028543304688
1000,"nig_cor",258,TRUE,146,0.0231112171543029,0.000997895188460953,0.0170468871622743,-0.690701286764643,0.205668728488651,0.0772196386896123,0.148914363679266,0.389404892405899,0.000723355519781305,3.37059550841477e-05,0.000693430867622221,0.0187668194303475,0.00625628916641739,0.00282993625758863,0.00747647355369929,0.0201194676055945,0.277884218137001,0.0315894790786577
1000,"nig_cor",259,TRUE,259,0.0128361591158381,0.000328831609868407,0.00961418095206366,-0.988015548976685,0.174158334271677,0.0613131156139064,0.124241880006614,0.306978808116968,0.000367239966546044,1.06538583281136e-05,0.000428251220807335,0.0200481013739914,0.00505022347405572,0.00226365927642777,0.00523239291707053,0.0194675043011018,0.247614853379006,0.0181337147288802
1000,"nig_cor",26,TRUE,244,0.00705964844052662,9.74891185116967e-05,0.00526037549092682,-1.27538860702461,0.0282818937814903,0.00152231933728856,0.0209426809499951,-0.584191199394648,0.00017564415668205,2.98596178517318e-06,0.000195958127994689,0.0164617339560814,0.000655534547840203,4.1167435000558e-05,0.0007177967420636,0.0159403318807993,0.0390169109142249,0.00987365780811228
1000,"nig_cor",260,TRUE,240,0.0114155360709985,0.000241522376528932,0.00832848246262176,-1.04720171845767,0.126976498056189,0.0280264451915295,0.0912241615132406,0.143123105146783,0.00030041152974999,8.50027807051643e-06,0.000327403430525149,0.0214760625019312,0.00327064115947918,0.000984575272284335,0.00332281483874669,0.0186822188479534,0.167411006781303,0.0155409902042609
1000,"nig_cor",261,TRUE,271,0.00872565678043165,0.000146763048248749,0.0063644524518454,-1.20998364623386,0.0868556078836814,0.013864142506941,0.0642317979295096,-0.0244770055605175,0.000218560031431706,4.54642013238193e-06,0.000231385061545034,0.0185267110013163,0.0031092301255548,0.00061804420203294,0.00346171125729197,0.0204688311059044,0.117746093382927,0.012114579986477
1000,"nig_cor",262,TRUE,298,0.0106052219551571,0.00030188036073362,0.00811698392524198,-1.08865534175595,0.098574107905208,0.0231146010088403,0.0744290850371291,0.0329256526201219,0.000343139647428209,1.3304790193347e-05,0.000354890888460202,0.024058793931002,0.00396935239602405,0.00111304886257686,0.00380213418615721,0.0238037501092053,0.152034867740398,0.0173747046229172
1000,"nig_cor",263,TRUE,376,0.00904875966833886,0.000223405882271845,0.00686922919232226,-1.18285361666415,0.0857760713959772,0.0132037811245135,0.0608944964310809,-0.0755867793292013,0.000400849695026649,1.7434315857977e-05,0.000406298752401405,0.0326433859414192,0.00276636414318203,0.000680650253263326,0.0030314006540412,0.0220568782246505,0.114907706984838,0.0149467682885581
1000,"nig_cor",264,TRUE,321,0.00655807270552956,0.000116270221768964,0.00490650539031091,-1.39829815179249,0.0944328138925995,0.0158102756868097,0.0676781175883218,-0.00189237692532192,0.000309991708250308,6.58264593116672e-06,0.000329290481941996,0.0243785995690231,0.00262641764288458,0.000610649866010785,0.00269165091105609,0.0225733402822367,0.1257389187436,0.0107828670477273
1000,"nig_cor",268,TRUE,319,0.00624664136699265,6.87739513961201e-05,0.00452937779622224,-1.35777692995001,0.0923200369740459,0.0142251880021429,0.0657454978585528,-0.0234905878634294,0.000101838251643177,1.35405755345323e-06,0.000110458594395568,0.0124822040361882,0.00231903578162103,0.000476949869126356,0.00229642480053563,0.0175833676964784,0.119269392562144,0.00829300617364536
1000,"nig_cor",269,TRUE,328,0.00742575475614422,0.000102130908742513,0.00536017682039316,-1.28197053453317,0.0955240901481956,0.0153297193675159,0.0680555506150582,0.00497184900288725,0.000145528481593457,2.37491400559237e-06,0.000166464332453136,0.016551655603876,0.00194328000152212,0.000432438381378855,0.00235274740073107,0.0178196836014871,0.123813243909995,0.0101059838087399
1000,"nig_cor",270,TRUE,383,0.00740631314236864,9.72091257251542e-05,0.005226891185256,-1.29595534641034,0.0904776601645485,0.0139373965234231,0.0642576044643231,-0.0360316634928289,0.000163363066621558,3.40156051835213e-06,0.000186402334355396,0.0171415040192737,0.00180909483115547,0.000415705248139394,0.00186255617972288,0.0164822005418287,0.118056751282691,0.00985946883585288
1000,"nig_cor",271,TRUE,364,0.00725180122075272,9.44357701587036e-05,0.00521703253081983,-1.28372586022044,0.0773351863781088,0.00978197802197626,0.0549802239344341,-0.102988008746076,0.000145493908963566,2.75443773732218e-06,0.000160372428508833,0.0188809648018274,0.00152371977791503,0.000239914184442032,0.00162971971730259,0.0175347945280917,0.0989038827446944,0.00971780685950815
1000,"nig_cor",272,TRUE,344,0.00591001271231336,7.50312163342799e-05,0.00435297235311798,-1.3937345755491,0.0631722807788851,0.00659945965549331,0.0448395987875702,-0.21022518001785,0.000121747497622385,2.95371818780723e-06,0.000167421910904596,0.020314670344305,0.00104624020706335,0.000145041583330074,0.00117453128889229,0.0136698778090795,0.0812370583877414,0.00866205612624854
1000,"nig_cor",273,TRUE,246,0.00540232230746939,5.4591411686131e-05,0.00392464167959471,-1.43560425893797,0.0796458045760377,0.00965802045808025,0.0551699654388287,-0.0997398265121376,0.000114636687476045,1.48282499433315e-06,0.000127691382521646,0.0193423778147902,0.00402407945888299,0.000736058915080675,0.00311459869904643,0.0253425049382686,0.0982752280998637,0.00738860011681042
1000,"nig_cor",274,TRUE,180,0.00641106329742358,7.57532416097818e-05,0.00469621352529929,-1.33899761529594,0.0695972857314053,0.00809452194555454,0.0498606828062043,-0.150298962207599,0.000108279223537848,1.5777994632556e-06,0.000117095393245713,0.0182207173576946,0.00127867971122164,0.00020783953126418,0.00145033642467438,0.0179104322114056,0.0899695612168612,0.00870363381638852
1000,"nig_cor",275,TRUE,209,0.00414228098694601,4.1392796158928e-05,0.00306691437453078,-1.59189371372098,0.0482419538249931,0.00393807759493211,0.0346806406413251,-0.336077267910455,8.35704917013345e-05,9.26806103984845e-07,8.0336070299993e-05,0.0172426008603543,0.000873723455508551,8.66441740719901e-05,0.000886463510885051,0.0129322924381589,0.0627541042078692,0.00643372335113409
1000,"nig_cor",276,TRUE,249,0.00347594262491654,2.56805295500113e-05,0.00258000668748011,-1.65701606220306,0.0392438286421096,0.0026432640176813,0.0278853691919666,-0.45093244023641,6.91721582569107e-05,6.5653037067707e-07,7.57189338078464e-05,0.0143552900780245,0.000808441223565624,6.55131361627735e-05,0.000838304258001406,0.0148382876977369,0.0514126834320219,0.00506759603263829
1000,"nig_cor",277,TRUE,315,0.00418533346956443,3.01504891161464e-05,0.00303760071494748,-1.54841420634262,0.0390568727529705,0.00246143572155654,0.0271235473816028,-0.465023885858789,6.05984559894503e-05,4.89123531905843e-07,6.83035438764851e-05,0.00986311761230729,0.000783144999183555,7.71793109044779e-05,0.000845740488224263,0.0134961528688274,0.0496128584296102,0.00549094610391929
1000,"nig_cor",278,TRUE,287,0.00310576131369477,1.86762948746325e-05,0.00230968846200798,-1.69989252946654,0.0490171792829684,0.00407510483574878,0.0348682424636396,-0.327889066126314,7.33437781133201e-05,5.77034225916099e-07,9.39128919725214e-05,0.0164547184705257,0.00097399837645333,0.000105299957798485,0.00110382685651079,0.0186979267444439,0.063836547805695,0.00432160790385159
1000,"nig_cor",279,TRUE,292,0.0032141021269319,2.45218576525938e-05,0.0024076848199709,-1.69416074672121,0.0587481611456734,0.00601184547513993,0.0424717702886928,-0.222007181537722,8.55270856779938e-05,7.58377460948095e-07,8.6165327410889e-05,0.0173687949699394,0.00129732448189533,0.000168961927821255,0.00125021795851783,0.0185302788128689,0.0775360914357948,0.00495195493240738
1000,"nig_cor",28,TRUE,140,0.0151887791413941,0.000468825913046558,0.0113017197989165,-0.880259533105073,0.0738120281107165,0.0100129595295844,0.053531417778167,-0.112144616172358,3.40309199665361e-05,9.9635556841362e-07,4.44012221073012e-05,0.00269788202599609,0.000904271596372621,0.000207139090405923,0.00128591230242508,0.0166666770128767,0.100064776667839,0.0216523881603521
1000,"nig_cor",280,TRUE,124,0.0029318853623128,1.65653674417993e-05,0.0021527881611208,-1.7156327044495,0.0474150093836936,0.00381894515111911,0.0335020103453908,-0.35711513958114,8.00585152060117e-05,6.47409980531548e-07,7.78154841807613e-05,0.0165474667914831,0.00120937334700923,0.000162333743182128,0.00111207605463463,0.0157928933490927,0.0617976144452123,0.00407005742487736
1000,"nig_cor",283,TRUE,154,0.0134336883468918,0.000382651814675206,0.0101567023534406,-0.96122900397394,0.055819642277397,0.00715204868439117,0.0409907610749328,-0.254416071202169,0.000318237122407983,1.22921395253405e-05,0.000351663080534675,0.0215990666639146,0.00167665228946652,0.00018771630212341,0.00168134972736428,0.0206008728771584,0.0845697858835599,0.019561488048592
1000,"nig_cor",284,TRUE,436,0.00820412675484714,0.000116850930428083,0.0058899215895375,-1.22556362337311,0.0329551183272245,0.00232966857240054,0.0250448945467882,-0.50207988188343,0.00015112923692788,2.51156215931584e-06,0.000153926029095077,0.0146812247248777,0.00085727407311592,6.56418302981214e-05,0.00084218743587425,0.0157592531972874,0.0482666403678622,0.010809760886721
1000,"nig_cor",285,TRUE,250,0.0078257290731526,0.000102637134702213,0.00565414706927653,-1.23875185514194,0.028724636733375,0.00156948190181856,0.0211610189222418,-0.589814349622623,0.000124899156501231,1.84988257485156e-06,0.000129717559750424,0.0127893444735787,0.000669358159063146,5.28855124477483e-05,0.00075954977634684,0.0154342811101433,0.0396166871636001,0.0101309987021129
1000,"nig_cor",286,TRUE,319,0.00889671581821155,0.000127900533900707,0.00636200020277643,-1.17613428835762,0.0288187251821188,0.00141991100957469,0.0208436310740829,-0.586789780943283,0.000141587906823921,2.64572846640189e-06,0.000151446475943089,0.0142504858463136,0.00076787118000778,5.09189254335744e-05,0.000760927407833758,0.0150123340913537,0.0376817065639906,0.0113093118225959
1000,"nig_cor",287,TRUE,428,0.00728028067910398,8.41697852008965e-05,0.00516426590738615,-1.28212806438795,0.0309030198751735,0.00184044238428609,0.0235885981236455,-0.525217005760909,0.000171659989183531,2.54920772681025e-06,0.000169770054390874,0.0161913007560823,0.00146034479412595,0.000116893050113065,0.00164919846382386,0.024164408833802,0.0429003774375715,0.00917440925623533
1000,"nig_cor",290,TRUE,291,0.0311564387127646,0.00198908421844609,0.0234774767719249,-0.521410821907277,0.420523153201945,0.362232627561265,0.308757400337849,0.739315059802679,0.00108150374660793,7.7164413042991e-05,0.00106328034544717,0.0176900886749175,0.0119911369148316,0.0133679859531197,0.0127166784270645,0.0186916293573293,0.601857647256613,0.0445991504229183
1000,"nig_cor",291,TRUE,231,0.0252446667373902,0.00115554495683327,0.0188958058980018,-0.631360975363094,0.412642931765978,0.311440652439341,0.297547063908687,0.727318796415089,0.000734102521164609,4.52633701680021e-05,0.000739567121071348,0.0151077543850461,0.00761403420601494,0.00692649954833804,0.00912358881828062,0.0182988081281889,0.558068680754745,0.0339933075300605
1000,"nig_cor",292,TRUE,284,0.0122683117745542,0.000331877014777374,0.00916614848045984,-1.01361408569467,0.196722955869137,0.0745584374379599,0.141603025607467,0.346984486555749,0.000399668507948647,1.61391183395734e-05,0.00046167402153128,0.0186186730856547,0.00555219028540069,0.00304593746131512,0.00611792243752075,0.0194164409149846,0.273053909398785,0.0182174920002006
1000,"nig_cor",293,TRUE,260,0.0103497724352002,0.000398574371116001,0.00771231128585751,-1.12469614970266,0.187195715797519,0.083113101895491,0.13714200458826,0.366300326910206,0.000360948441657838,2.48806649174026e-05,0.000534756812270495,0.0266859333022925,0.00457520068341741,0.00394316899990856,0.00503846011560685,0.0238198805055263,0.288293430198281,0.0199643274646556
1000,"nig_cor",294,TRUE,284,0.00775755501192502,0.000162327334652482,0.00602732036118787,-1.23866119462764,0.167298619355662,0.0575190480653306,0.118663807086913,0.253424727516637,0.000315216847091685,1.22448582880325e-05,0.000287611723677834,0.0175197547865194,0.00758323706949586,0.00565810316559705,0.0074480529785391,0.0248511585837053,0.239831290838645,0.012740774491862
1000,"nig_cor",295,TRUE,354,0.0103861832179325,0.000275628377935112,0.00794670265895697,-1.12062945984304,0.178750922412609,0.0694346246124611,0.131350405316725,0.291142698565497,0.000484224046090362,1.90427569334594e-05,0.000424636858956494,0.0227804261489093,0.00626191091414584,0.00357478891561153,0.00604833474589096,0.0235807587565856,0.263504505867473,0.0166020594486079
1000,"nig_cor",296,TRUE,364,0.0202671580335619,0.00107780859628429,0.0158220927172994,-0.707761474833918,0.180305569436931,0.0705988126574191,0.131131852363267,0.311862682179524,0.000614411654625347,2.99083961601739e-05,0.000589201975970662,0.0288930740682301,0.00812513084951397,0.00632931647644843,0.00921273700003103,0.0305280078846799,0.265704370790958,0.0328299953744177
1000,"nig_cor",300,TRUE,210,0.00662144179295584,7.92458935205801e-05,0.00480714020801486,-1.32578952244714,0.321130233547845,0.185674547661277,0.232569436360499,0.654251144379558,0.000148370155111128,2.3260291915282e-06,0.000201365713586075,0.0153658534807668,0.0114341482524612,0.00971799301357964,0.0130035441704073,0.0324138490636741,0.430899695591999,0.008902016261532
1000,"nig_cor",301,TRUE,257,0.00849292316703639,0.00014503419665713,0.00627921268142773,-1.21123438917938,0.167935028535772,0.0504318079792115,0.124123274281875,0.316757862544739,0.00021674240416467,4.74594342047226e-06,0.000217184192739965,0.0206956130179608,0.0043268629462868,0.00153104669342479,0.00464338796715381,0.0222155240701654,0.224570274032899,0.0120430144339833
1000,"nig_cor",302,TRUE,261,0.00982548129052789,0.00019316972455315,0.00734041742578395,-1.11279767651761,0.140754755026508,0.0339748393953896,0.101385813466423,0.213592954499443,0.000215776833923562,4.6574712306778e-06,0.000233335492115403,0.0176022218679898,0.00341553616658821,0.00103815036261272,0.00308581126468179,0.018238319074992,0.184322650250558,0.0138985511674113
1000,"nig_cor",303,TRUE,229,0.00487233101791635,4.88168682806027e-05,0.00360794221564622,-1.46967549936846,0.0966908251678761,0.0163700740382312,0.0688743965839152,0.00320583552480972,9.58888871334418e-05,1.22762848969864e-06,0.000108750014042405,0.0100755542914361,0.00217838548134734,0.000477820020223728,0.00231504772570682,0.0196511498124153,0.127945590147653,0.00698690691798615
1000,"nig_cor",304,TRUE,286,0.00276299112567289,1.59236198157401e-05,0.00212047530716474,-1.73006731685251,0.0747788666664159,0.00872431947867372,0.0527261753777775,-0.119422107581543,8.59935039869219e-05,6.77172429490596e-07,8.44907256453291e-05,0.0141388138994615,0.00124601837765174,0.000208751137118511,0.00154483919162306,0.0170097776959989,0.0934040656431706,0.00399044105528952
1000,"nig_cor",305,TRUE,147,0.00360802414909992,2.95466987416962e-05,0.00282072742838372,-1.58727172863195,0.0745123565526463,0.00883967834553214,0.0520594444643192,-0.12579872074266,6.60932000067255e-05,5.20442305890376e-07,7.72827127904694e-05,0.0135879691707756,0.00124837078426001,0.000215843819700668,0.00151237067097201,0.0169868663199731,0.094019563631896,0.00543568751324947
1000,"nig_cor",306,TRUE,161,0.00326798934192455,1.89478038738527e-05,0.00239272355412206,-1.65137879703038,0.0685310151804754,0.00785791667888758,0.0483027066686982,-0.170653124734098,7.3146683151958e-05,5.35679654722121e-07,7.07482963136374e-05,0.0112280308382916,0.00136159260810989,0.000242111013140939,0.00140072414512576,0.014638520718993,0.088644890878649,0.00435290751956123
1000,"nig_cor",307,TRUE,229,0.00482243511982736,4.1291405542145e-05,0.00349363468424744,-1.48347423106409,0.0572672302976368,0.00597807653351141,0.0417479394411943,-0.245513216537208,0.000110710962017148,1.17165150183997e-06,0.000108281064354169,0.0180238010545271,0.00116051948862416,0.000143900878170509,0.00144242205420239,0.0183689673666175,0.0773180220486234,0.00642583889792959
1000,"nig_cor",308,TRUE,242,0.00456746448540386,3.3165649786494e-05,0.00322842634764276,-1.51795864675646,0.0454497042196511,0.00389073032000504,0.0325742292284005,-0.371913763527315,0.000102486955218749,9.87731250689147e-07,0.000107020550604364,0.0150128218415447,0.000949262797910532,0.000101037972968659,0.00108628232670517,0.0193087762471713,0.0623757189938925,0.00575896256165067
1000,"nig_cor",309,TRUE,242,0.00595856278793402,6.54187900399269e-05,0.00431593382495897,-1.37657295447602,0.039463084620136,0.00292232945580118,0.0286103751521924,-0.437146461479316,8.79369991774665e-05,1.25062150120171e-06,0.000105672035308557,0.0160476983022001,0.000773210053022495,7.69534771797584e-05,0.000894242676497045,0.0179292763620551,0.0540585743041858,0.00808818830393599
1000,"nig_cor",310,TRUE,240,0.00507628105115716,4.51735193743811e-05,0.00366856272862389,-1.46013063676333,0.0391281419036467,0.00244318269436898,0.0268842809997503,-0.475357143385644,9.4739185268478e-05,1.06442803917266e-06,0.000110512650527551,0.0159630536160491,0.000868039386877302,8.48071887030295e-05,0.000913660086402126,0.0158423694443959,0.0494285615243756,0.006721124859306
1000,"nig_cor",311,TRUE,269,0.00543315114981288,5.61440980468908e-05,0.00399146759287554,-1.43722540154469,0.0409658208530593,0.00309656452032262,0.0301463544669544,-0.414399087390532,0.000135952520225586,1.76791170635286e-06,0.000136977405913839,0.0185028378930246,0.00148120511727644,0.000171401992870255,0.00138697285163181,0.0182848363198615,0.0556467835577459,0.00749293654363166
1000,"nig_cor",314,TRUE,402,0.0122227991750425,0.000331961281019597,0.00907655434984642,-1.02071932857778,0.133203171314935,0.0522906395669615,0.100227972570636,0.145832819731996,0.000407665134631518,1.21679342565606e-05,0.000481851890049343,0.0210287589224524,0.00504352062451273,0.00387643630697638,0.00612863471852853,0.0387023796285123,0.228671466446869,0.0182198046372511
1000,"nig_cor",315,TRUE,448,0.00818836812615627,0.000127618534396709,0.0059727801018799,-1.22725168492785,0.0830544452633032,0.0131471603202224,0.0599051069950676,-0.0622302910333382,0.000177592137878764,3.38053480376075e-06,0.000186122716669967,0.0161490234949596,0.00207323447708464,0.000466505560723062,0.00221819055203977,0.0227992925576569,0.114661067151071,0.0112968373625856
1000,"nig_cor",316,TRUE,404,0.00747363917274383,0.000114109505209412,0.00557889145785246,-1.25525687646642,0.0642613260435417,0.00853970778402519,0.0479301914165684,-0.19613113855364,0.000174648145145242,2.83678514459422e-06,0.000188739102825239,0.0153030898641179,0.00266262511594333,0.000537518051722272,0.00251348309728352,0.0211355800625233,0.0924105393557747,0.0106822050724283
1000,"nig_cor",317,TRUE,474,0.00909172824785127,0.000159391638802519,0.00670640207525148,-1.15732319298292,0.0804425604321145,0.0131968666899353,0.0593844935770295,-0.0735978512988749,0.000167861961972219,3.29215952011043e-06,0.000183279750916241,0.015419017446424,0.00332058500908686,0.000642626679998484,0.00292874187249782,0.0265591709413088,0.114877616139678,0.012625040150531
1000,"nig_cor",318,TRUE,476,0.0140769654028857,0.000447046934663951,0.0105177207467063,-0.96007734368662,0.114980262389853,0.0307349071165148,0.0847624528529817,0.0842649103029296,0.00053230242022834,2.046506737546e-05,0.000510743219099181,0.0231610022978092,0.00646412365538897,0.00398331318309489,0.00665671223621935,0.0324328882365625,0.175313739097981,0.0211434844494457
1000,"nig_cor",319,TRUE,384,0.0175714713053635,0.000549265576470806,0.0128318705215608,-0.82695655106471,0.116740324833723,0.0297018294810147,0.0885901853980603,0.134740815904055,0.000566374699393171,2.24714230825486e-05,0.00049498815278921,0.0159163446481677,0.00481804012272909,0.00140990774567195,0.00504319399519667,0.01986041618517,0.172342187177182,0.0234364156062911
1000,"nig_cor",32,TRUE,742,0.00780875536548714,0.000126052535888143,0.00586643313352828,-1.2310192167442,0.0741661472655113,0.0165414947581095,0.0563787973720946,-0.114955275846593,0.000193541820871137,3.50184061943017e-06,0.00019747957475377,0.0176498383246148,0.00228248224930842,0.000569951783612217,0.00220446358346943,0.0233746255839131,0.128613742493209,0.0112273120508937
1000,"nig_cor",320,TRUE,510,0.0381556047088713,0.00320581570735426,0.0284664541296372,-0.454475013943641,0.436661038752905,0.546887538186544,0.326432309085188,0.70445806562692,0.00105288951335998,0.000125184384429129,0.000933527087062562,0.0194532517972238,0.0225427863498577,0.0394134103559496,0.0246469749212196,0.0360259409943726,0.739518450200226,0.056619923236916
1000,"nig_cor",321,TRUE,427,0.0297420893444975,0.00194551586691646,0.0219610027451086,-0.604051224858454,0.313643427767452,0.252221803255336,0.240083817537076,0.561486609400269,0.000854397666668513,6.8229313560399e-05,0.000900224413186612,0.0201462415616905,0.0120511150435603,0.0118926339834893,0.0115714358904962,0.0256492635450447,0.502216888660005,0.0441080023002228
1000,"nig_cor",323,TRUE,310,0.0319693893268962,0.00208824432865629,0.0235286024283782,-0.556356814421784,0.432089039693686,0.382212500295228,0.315729052874458,0.729610606106193,0.001062586623646,8.73755167596522e-05,0.00108759184054498,0.0295076804509175,0.0170494390270749,0.0179672272368708,0.0173322253417139,0.0281317504525961,0.618233370415435,0.0456973120506698
1000,"nig_cor",324,TRUE,367,0.0117583618843865,0.000263037842563325,0.0087765504839684,-1.00489260206894,0.206220823429723,0.0814048334627027,0.153278878166643,0.42068371396066,0.000398361968896901,1.11161507824008e-05,0.000402113262279229,0.0159595007942568,0.00754444719817919,0.00363408945169009,0.00710996192873635,0.0227411240760904,0.285315322867004,0.0162184414344697
1000,"nig_cor",325,TRUE,355,0.0122010672758318,0.000368247823331287,0.00918035240231746,-1.02502503932013,0.233300011324691,0.109084865772878,0.171820696774354,0.466152295842156,0.000616058847131123,2.25528059744847e-05,0.000634251406596064,0.024870049903528,0.0105110459975419,0.00609809414415036,0.00920163760180705,0.0285133421286439,0.330279980884216,0.0191897843482225
1000,"nig_cor",326,TRUE,475,0.0112809087927824,0.000282822349923521,0.00837819649105548,-1.04816661184183,0.247060003255443,0.14658596855782,0.181726613959389,0.446142239709165,0.000566581844038726,1.94630822337246e-05,0.000574037903277783,0.0248585269035364,0.00970307370830572,0.00811276323462287,0.00876679114684887,0.0280510073558597,0.38286547057396,0.016817322911912
1000,"nig_cor",327,TRUE,453,0.00896309997685413,0.000196390262201375,0.00694629676985482,-1.16527893557682,0.203353059959346,0.105959774955234,0.151455948342837,0.345340682298313,0.000363354882077235,8.52615314803642e-06,0.000339549596715569,0.0200907228403794,0.00757600042762167,0.0064791617665846,0.00749433898423774,0.0268325585460723,0.325514630938817,0.0140139310045888
1000,"nig_cor",328,TRUE,513,0.00692369031538018,0.00010283967653994,0.00537545151688822,-1.26427813783356,0.161431318190468,0.070847398545664,0.121442007494999,0.23790626515009,0.0001888520659091,3.34600018386968e-06,0.000209958785033568,0.0149049742545095,0.00643104625036234,0.00365070729626483,0.00652445455343084,0.0233889711912747,0.266171746332446,0.0101409899191322
1000,"nig_cor",329,TRUE,319,0.0119060129096028,0.000324308446397405,0.00905073502730584,-1.0101990682733,0.299072643531168,0.181745659618281,0.225053952409923,0.641564576277521,0.000288333909001555,8.1730780673423e-06,0.00031725766803426,0.0171840991661872,0.00981780881402463,0.00640063278952776,0.0100478889882444,0.0293579455621048,0.426316384412189,0.0180085659172907
1000,"nig_cor",33,TRUE,1151,0.0128873046289376,0.000339101755021344,0.00944735523523802,-1.00026252305968,0.118151097334096,0.039354141560635,0.0880659611162437,0.100100456560111,0.000370773564096398,1.60286568263424e-05,0.000351053641109934,0.0183724039321985,0.00430660025709703,0.00230050906371032,0.00425304743876166,0.0226367527755041,0.198378783040513,0.018414715719265
1000,"nig_cor",330,TRUE,499,0.00784255291460461,0.000132678878076283,0.00595187134113425,-1.22283003956115,0.176416907652008,0.0707628442306619,0.131510860007777,0.306931280746561,0.000214321428902866,4.38790512524659e-06,0.000212122596332597,0.0147844584356873,0.00742874628426084,0.00368230909880062,0.00750976708787002,0.021913020810725,0.266012864784134,0.0115186317796986
1000,"nig_cor",331,TRUE,119,0.0108608481466816,0.000263272477689217,0.00823563777209831,-1.09099057570637,0.17609225812836,0.0645803597376663,0.129862360675537,0.288966530901622,0.000224397780253161,5.2496592217408e-06,0.000261880920512797,0.015925609491177,0.00447358631585628,0.00231501502517396,0.00493584969641607,0.0211117882066685,0.254126660816346,0.0162256734125033
1000,"nig_cor",332,TRUE,349,0.00810805984171086,0.000164368213995504,0.00614446924393459,-1.24837990115827,0.109585497638201,0.0250716537065802,0.0808208643630307,0.0727531726237793,0.000235031944441097,5.34264596158691e-06,0.000253950915276032,0.0224114812049211,0.00330996933848702,0.00092044656035822,0.00368166339580392,0.0203598801045125,0.158340309796906,0.0128206167556598
1000,"nig_cor",334,TRUE,347,0.00199464972541222,1.12845801373041e-05,0.00154406221181022,-1.92426959462638,0.0667439306453322,0.00890237422267623,0.0490253844115961,-0.169262354046837,6.1846608837918e-05,3.97655971908458e-07,6.64553845262767e-05,0.0193240607575114,0.00162753196435737,0.000259842181117594,0.00188651882333526,0.0211052162351937,0.0943523938364906,0.00335925291356636
1000,"nig_cor",335,TRUE,293,0.0022764194049041,1.06198635077134e-05,0.00169946812256266,-1.85519463168128,0.0690353876630684,0.00788021063370075,0.0486475011876301,-0.167473020308349,8.12520973219546e-05,4.47792105077896e-07,8.43911632618133e-05,0.0195410381235538,0.00166994600930256,0.000256686393189183,0.0016427285812854,0.0157905653346819,0.088770550486638,0.00325881320540368
1000,"nig_cor",336,TRUE,170,0.00232638119893108,1.12108894638903e-05,0.00179619720468564,-1.8166726225795,0.0488332829394792,0.00387576604044008,0.0350862923620122,-0.327876384948194,8.39328472619585e-05,5.23558045153318e-07,7.88502533020307e-05,0.0174937054216356,0.00150013473957286,0.000168028656738775,0.00131292503587237,0.0150284825440628,0.062255650670763,0.00334826663572218
1000,"nig_cor",337,TRUE,298,0.00279557378822738,2.60679534502899e-05,0.00212120156630091,-1.75737818008049,0.040152164127822,0.00286420449997707,0.0281774767234384,-0.459920975670912,0.000170826771014346,3.58199528505302e-06,0.000156058495810832,0.0244944375346087,0.00114334962631939,0.000131665389296462,0.00107264906560508,0.0169531985651336,0.053518263237675,0.00510567854944765
1000,"nig_cor",338,TRUE,339,0.0045402045194019,5.81368190884619e-05,0.00339973764685145,-1.5180505919735,0.038921322416125,0.00282077069139626,0.028323509367658,-0.452554414628432,0.000111959663783554,1.60744304571375e-06,0.000131810101890926,0.0231319127602106,0.00113872449347836,0.000106475230176904,0.0011127040311303,0.0184767956990118,0.0531109281729877,0.00762475042794595
1000,"nig_cor",339,TRUE,304,0.00685165736147551,0.000106038941658595,0.00495840204113493,-1.33729265276402,0.0435242702054145,0.0036656080296997,0.0306144511109633,-0.426954489278204,0.000199947080636026,6.59596083960842e-06,0.000192400580165075,0.018129163228477,0.00186681489039013,0.000275722505556603,0.00182383106507783,0.0209636874100925,0.0605442650438479,0.0102975211414493
1000,"nig_cor",34,TRUE,470,0.024771138202013,0.00119475877294813,0.0180332589288747,-0.672463886819116,0.300885136827894,0.220710784388113,0.221444531042036,0.577152723129646,0.00058994915223987,3.66674928395275e-05,0.000659382196325356,0.0168848449440438,0.00553903684814948,0.00395693306789906,0.00616096385681758,0.0179887040306021,0.469798663672123,0.0345652827696828
1000,"nig_cor",341,TRUE,329,0.0412649112711396,0.0035401785405113,0.0308253847469566,-0.402165865051672,0.228885445460161,0.1111170061145,0.172647061577814,0.486579869367322,0.00131604868726559,0.000157446483383155,0.00142694012633618,0.0282932969286573,0.00980894757042874,0.00669234200863763,0.0108950089610504,0.0456482742646815,0.333342175721135,0.0594993994970647
1000,"nig_cor",342,TRUE,415,0.0202457729715276,0.000823948882992638,0.0152152601042038,-0.750665552717859,0.123810711658888,0.039509807542324,0.0928633664051393,0.118928822730168,0.000734737596598373,3.57717487202105e-05,0.000672058396730744,0.0205209518259904,0.00816019898685178,0.00481656885924715,0.00833003919177404,0.0340883295481769,0.198770741162587,0.0287045098023401
1000,"nig_cor",343,TRUE,464,0.0127930616822434,0.000437674626039255,0.0097350246471865,-1.01004328984858,0.0680331615566421,0.0106491376371292,0.0509368799041603,-0.160570028140681,0.000532061017264002,2.85918547434058e-05,0.000601431914248257,0.0249161543761228,0.00289285365678135,0.000637259710803822,0.00317143342436525,0.0261349736646895,0.103194658956407,0.020920674607652
1000,"nig_cor",344,TRUE,248,0.0126702806228771,0.000359549069282737,0.00920886003761389,-1.04806699265382,0.06717686774713,0.00860288522535237,0.0490219026686428,-0.171109578680167,0.000347259654510468,1.36087692242814e-05,0.000352751200907568,0.0179132134904072,0.00259771219021721,0.000531558565140277,0.0026985416958566,0.0236217448861164,0.0927517397429955,0.0189617791697598
1000,"nig_cor",345,TRUE,444,0.0138326281900483,0.000411809587574213,0.0100984307162085,-0.986308508798327,0.0720497205186825,0.0119473592919946,0.0538274727486113,-0.138647831393596,0.000351932219241851,1.27981762073816e-05,0.000352899862843471,0.0154102563897511,0.00346993128990794,0.000804228506037186,0.00354539018486009,0.0219607461825191,0.109303976560757,0.0202930921146634
1000,"nig_cor",346,TRUE,655,0.0385130119589665,0.00294047594584806,0.0287520710469161,-0.412147462252541,0.340348091196851,0.320832846904068,0.258186042292395,0.643073060876489,0.000868360017140082,8.58194821691052e-05,0.000889591172333783,0.0261306170163984,0.0202170263197269,0.0302782737767145,0.0236098284886791,0.0625931025958663,0.566421086210664,0.0542261555510628
1000,"nig_cor",347,TRUE,389,0.0197045148609338,0.000789769518160903,0.0149960909430052,-0.765681025261229,0.125916052032466,0.0377791724242023,0.100271074260198,0.225017389024027,0.000595542387494585,2.7471437142334e-05,0.000636631015219963,0.0182371500976748,0.00745992122608367,0.00364243278792,0.00835413689408889,0.0286031933677481,0.194368650826727,0.0281028382580995
1000,"nig_cor",348,TRUE,391,0.0212203089702377,0.000957853979413848,0.0157210521147531,-0.763635138412027,0.0794983774844384,0.012050110737669,0.0614253753701699,0.0352097622080021,0.000542390651839463,3.08104453408214e-05,0.000567995557536306,0.0201932521133014,0.00568042954914305,0.0012234547519733,0.00725737749880501,0.0394681268663224,0.109772996395603,0.0309492161356931
1000,"nig_cor",349,TRUE,340,0.0116182611950661,0.000304874666234932,0.00878185747465,-1.0505548089928,0.0520957123522535,0.00787831576633519,0.0440832433137477,-0.287301978127412,0.000506447643765776,1.64077724196987e-05,0.000467243196547103,0.0179767009930783,0.00504213348004629,0.00124803534123255,0.00486265529309609,0.0220430303251798,0.0887598770072108,0.0174606605326068
1000,"nig_cor",351,TRUE,294,0.0309115685332925,0.00172488842496681,0.0229913270539664,-0.524048028207275,0.133516355656515,0.0331370571166665,0.0974081170894269,0.176797444849713,0.000732895645967561,4.96645758081659e-05,0.000746409678836196,0.0264856082135804,0.00593273578958897,0.00188821469580601,0.00709353700525242,0.0278579507243323,0.182035867665322,0.0415317760873143
1000,"nig_cor",352,TRUE,392,0.0233827363019728,0.00126096033145471,0.0170221563437359,-0.757934610729992,0.129601806414093,0.0538177048843185,0.0992118300654159,0.0456383652403398,0.000668865406753106,4.3828431421899e-05,0.000620272524534995,0.0183381971852909,0.00572046311582236,0.0032743812961274,0.00620464613210902,0.0320576999962297,0.231986432543626,0.0355100032590073
1000,"nig_cor",353,TRUE,360,0.0248051294520705,0.00166011876540288,0.0186851968469588,-0.682024414853839,0.189004932711484,0.0919962862772397,0.144696279788066,0.304740267612768,0.00110137523506244,9.50809029797299e-05,0.0011319849844307,0.0351444192716381,0.0121090717202779,0.00683141914797751,0.0104146122245393,0.0320275245130132,0.303308895809602,0.0407445550399422
1000,"nig_cor",354,TRUE,489,0.0221676203276865,0.000949591776003341,0.0161034978083621,-0.755629911892304,0.234269852210508,0.124672535884773,0.178229619751517,0.443176021951368,0.000884295219322329,6.13999633087551e-05,0.000946889212576028,0.0310180981630006,0.0147745876716964,0.011559123511038,0.0168101416598354,0.0372071445932776,0.353089982702389,0.0308154470355914
1000,"nig_cor",355,TRUE,568,0.0236905705257382,0.00120046750325443,0.0175450168164706,-0.691519873235174,0.254793839638229,0.125962215263252,0.186649858142799,0.495380499592016,0.000787625171458797,5.37540895394376e-05,0.000709580034217651,0.0245419676088947,0.0110130835208123,0.00723024945204518,0.0106514580843988,0.0292510649860424,0.354911559776872,0.0346477633225354
1000,"nig_cor",356,TRUE,299,0.0257116150442917,0.00158636142715927,0.0195710444820329,-0.703805331078408,0.237565872733279,0.12733915513166,0.180037034058057,0.48598027633197,0.00113260027447374,8.64691630336279e-05,0.00123787515191696,0.0290935570341434,0.0104590095791317,0.00686846494088453,0.01260579297313,0.039507848685963,0.356846122483711,0.0398291529806908
1000,"nig_cor",358,TRUE,444,0.0120994088725195,0.000343678869722514,0.00889861588400147,-1.05743438416852,0.169116647670107,0.0654035913647919,0.126517683230735,0.255556563860296,0.000514872435916578,2.19186511184253e-05,0.000533128581756022,0.0344055658637964,0.0144098209971149,0.00995100333212886,0.0151513213744297,0.0404639646455011,0.25574125862831,0.0185385778775642
1000,"nig_cor",359,TRUE,327,0.015386951787174,0.000947555186074354,0.0118695569275127,-0.984346084124761,0.193968891552627,0.077602786193003,0.142182603488114,0.32447817383942,0.000914853927371994,7.8327153004907e-05,0.00119388771081997,0.0598220567552274,0.00813570811527682,0.00417192494412415,0.00959263675775134,0.0372370915355494,0.278572766423789,0.0307823843468038
1000,"nig_cor",360,TRUE,305,0.0134493465398373,0.00052617731093403,0.0103918486501221,-0.994625326855357,0.150363724986318,0.0536320275331325,0.111012704045259,0.197938037501525,0.000790972534410579,4.54521052510077e-05,0.000903960530695379,0.0465779478668154,0.0052132930204391,0.00210329235657367,0.00519153321713105,0.0278712776478635,0.231585896662842,0.0229385551187085
1000,"nig_cor",361,TRUE,230,0.0135886068269923,0.000548661681488621,0.0100251603253209,-1.04545686928955,0.103895347675543,0.0217001595494601,0.0762224301720758,0.0332282271629336,0.00111462570404273,7.28218313622004e-05,0.0010314878490143,0.0492082791284012,0.00426560231294898,0.00119462283123874,0.00387683442014361,0.0309329483334088,0.147309740171721,0.0234235283740222
1000,"nig_cor",362,TRUE,261,0.00535740507909988,7.2913994809725e-05,0.00383528032496317,-1.50350213057652,0.0636320357710322,0.00835379860334886,0.0454700164982841,-0.240342457494388,0.000185065987689359,5.05232483797328e-06,0.000196563200361998,0.022715751858857,0.00152131076861172,0.000321030996006985,0.00164427281720461,0.0215766807925681,0.091399117081889,0.00853896918894342
1000,"nig_cor",363,TRUE,189,0.0075256707146158,0.000125970375086118,0.00572732597546354,-1.26131151205344,0.0546573796344717,0.00645905088676662,0.0414645112735895,-0.266788959019228,0.000202317316208593,4.0027311887885e-06,0.000215267369367378,0.0192657399980009,0.00137346839602201,0.000193318906029148,0.00146224491861478,0.0188872680802188,0.0803682206271025,0.0112236524842013
1000,"nig_cor",365,TRUE,363,0.0374355997214114,0.00274276546803769,0.0275631827845838,-0.464728676615507,0.112442257274334,0.0475180380814525,0.0854992445021737,0.0662997569891867,0.00135084731983717,0.000122691006702291,0.00137110264564482,0.0275501021474574,0.00431720049818407,0.00395713461898471,0.004410846265671,0.0256903919113111,0.217986325446007,0.052371418426826
1000,"nig_cor",366,TRUE,473,0.0296034489599251,0.00201185766968423,0.0226895933397156,-0.580414591088819,0.118409028480254,0.0284385535376994,0.0873453540524171,0.129799916408984,0.00080251098219087,6.633391537547e-05,0.000804815061699227,0.0258429202796482,0.0064042417487424,0.0020070537219411,0.00602613150110397,0.036592977816815,0.168637343247868,0.0448537364071738
1000,"nig_cor",367,TRUE,400,0.0187002821792359,0.00071576822011558,0.0138957921313633,-0.81900394078082,0.0759928080277399,0.0111495823897428,0.0574120382269069,-0.0803910685214233,0.000558351148145492,2.39928055695923e-05,0.000572964192885514,0.0238667297726482,0.00467245650809561,0.000902027620245367,0.00472939028417156,0.0322190069695461,0.105591582949318,0.0267538449594741
1000,"nig_cor",368,TRUE,466,0.0155130058883881,0.000572720572933912,0.0115390909301222,-0.97219847396317,0.0647702505925093,0.00820711529536233,0.0467486687897068,-0.211842750981701,0.000544934763627818,2.46041602149267e-05,0.000580978961545165,0.025748307861265,0.00250341196766034,0.000441981423821464,0.00232808420858602,0.0238083925014785,0.0905931305086778,0.0239315810788571
1000,"nig_cor",369,TRUE,449,0.0140303010689365,0.000376915457750809,0.0104149736474216,-0.940169717207634,0.0620778926086129,0.00978254978075916,0.0460314576032012,-0.229088211186153,0.000563503038046723,1.93078574227136e-05,0.000528295513457102,0.0215920201706513,0.00380422595472596,0.000845457291541167,0.00376836540847612,0.0301984455758893,0.0989067731793893,0.0194143106432036
1000,"nig_cor",370,TRUE,143,0.00576764071847185,7.07681856073458e-05,0.00472811690305531,-1.31866498562254,0.100661093084104,0.0200486254288912,0.0746093132519354,0.00613905246893606,0.000253919992546426,3.75031153017769e-06,0.000244804337192213,0.0158884837615671,0.00329326184078669,0.00075913144425894,0.00285406148077475,0.0179739797900985,0.141593168722545,0.00841238287332108
1000,"nig_cor",371,TRUE,154,0.00388725603992369,3.96383158992622e-05,0.0030837312486857,-1.55887525101328,0.0580771798784439,0.00914725441848828,0.0446302960936946,-0.119500665366171,0.000190742382415167,1.80312966909787e-06,0.000161843071464726,0.0195130476369466,0.00208085681589701,0.000368371547420031,0.00227060587340944,0.0476539597879165,0.0956412798873388,0.00629589675100078
1000,"nig_cor",372,TRUE,167,0.00689864614596856,0.000105893715024844,0.00516173291906168,-1.30018455178299,0.0676370722762146,0.0114441477778567,0.0515410174768928,-0.162397499672757,0.000246758425629251,4.93954697341862e-06,0.000229008724691957,0.0207418460817687,0.00234843538457457,0.000341220641386176,0.00193573016100195,0.0177043855137406,0.106977323661871,0.0102904671917675
1000,"nig_cor",373,TRUE,304,0.00754433302072015,0.000249970239239027,0.0073194445373868,-1.16842887644067,0.0604187416759073,0.00756726642080888,0.0448099078302191,-0.224131082995919,0.000421759284906329,1.05081690365344e-05,0.000435770759919733,0.019190798173518,0.00176451145852184,0.000278498154126694,0.00172898351603465,0.0165959396965863,0.0869900363306562,0.0158104471549361
1000,"nig_cor",374,TRUE,487,0.00876202674334598,0.00043885422678629,0.00662658083962497,-1.33212605067771,0.0517345592555691,0.0057453176070995,0.0381151650733344,-0.306161744752066,0.000406435795224252,2.84022549595847e-05,0.000472438219861504,0.0310187765333054,0.0012325056419964,0.000169374702152578,0.00128149960012882,0.0163815782315131,0.0757978733679217,0.0209488478629802
1000,"nig_cor",375,TRUE,399,0.00698683977032531,0.000132010320591545,0.00575454100270792,-1.2714608804619,0.0436431710479289,0.0044689845719496,0.0355994213467648,-0.343475667190106,0.000373269223295633,8.62185491227361e-06,0.000379564626671706,0.0211288823203619,0.00263458157736574,0.000393733107026176,0.00228528668021948,0.0186376781316365,0.0668504642612869,0.0114895744303932
1000,"nig_cor",376,TRUE,402,0.0216354578729223,0.00193842689757253,0.0174441995950467,-0.79975649411233,0.10441313129725,0.0353833376087899,0.0777390414785062,0.00426751790490858,0.000882327842221379,8.63568250433484e-05,0.00101725278371309,0.0272969849575978,0.00513043000759862,0.00309968092073507,0.00559048294760371,0.0257509012003852,0.18810459220548,0.0440275697441107
1000,"nig_cor",377,TRUE,543,0.0206691043828895,0.00109827666504776,0.0158309612495911,-0.762962566356018,0.0808128803210692,0.0228499077467491,0.0625698483643198,-0.100950209948597,0.000645599926008044,4.43331046496765e-05,0.000644582915264265,0.0212812323796462,0.00409194095823859,0.00117124477037897,0.00363568688755636,0.0249204833437422,0.151161859431369,0.0331402574680367
1000,"nig_cor",378,TRUE,433,0.00656713309770691,0.000141277565544547,0.00542518421013916,-1.31934381829238,0.0445951538967354,0.00501494964216293,0.0334244592552548,-0.412433858277343,0.000301275124713415,6.42160099783457e-06,0.000298649679238165,0.02084978051215,0.00214799536411651,0.000347033280292416,0.00260844141938863,0.024374141515406,0.0708163091537743,0.0118860239586056
1000,"nig_cor",379,TRUE,309,0.023124859719782,0.00150908552282725,0.0181314048240681,-0.759596611989382,0.130408788156635,0.0409413649557406,0.101951670794468,0.194700323167369,0.00132872987968599,9.96186193858928e-05,0.00136416698442583,0.0438977196300405,0.012544136624714,0.00578110067767801,0.0140637191091918,0.0326227494819492,0.202339726588084,0.038846949981012
1000,"nig_cor",380,TRUE,357,0.0222750453285179,0.000874545790335375,0.016086669582812,-0.722889432238822,0.0769951133679124,0.0125291026280309,0.0591185268133099,-0.0808642899313362,0.000348437457615788,1.69648010390565e-05,0.000432777412561683,0.0146500310148421,0.0037225111024631,0.000725118406618163,0.00355861196228701,0.023302646748144,0.11193347411758,0.0295727203742803
1000,"nig_cor",381,TRUE,328,0.0154898068393049,0.000511921410166673,0.0114482084225076,-0.946785368827256,0.0607371714330799,0.00858294760295079,0.0452124953314792,-0.241925188468782,0.000422220800982282,1.49713075847424e-05,0.000432544044974286,0.0235880157605019,0.00197833159602875,0.000323569206770061,0.00173192763946548,0.0238656565635633,0.0926441989708519,0.0226256803249465
1000,"nig_cor",382,TRUE,328,0.0188645592341195,0.000861593658394563,0.0144164450998126,-0.851880305106972,0.080734528388714,0.0156251298150669,0.0621890717546183,-0.118853452595534,0.000800602861516768,4.01668002482843e-05,0.000766099504449299,0.0289290831408114,0.00379969517733063,0.000893574592641276,0.00377754552588428,0.0264622716210883,0.125000519259189,0.0293529156710975
1000,"nig_cor",383,TRUE,336,0.0265606488045484,0.00188421687837591,0.0205176572920518,-0.628603515014326,0.154267330163037,0.0524434595411551,0.117955357663276,0.34412936879511,0.000845153477270897,6.08832583824611e-05,0.000863894173947107,0.0254131352949643,0.00844345437520659,0.00424361625067783,0.00785989316803448,0.0476632867747976,0.229005370114229,0.0434075670635422
1000,"nig_cor",384,TRUE,274,0.00451400316967465,4.69297887513978e-05,0.004342099670573,-1.31884747027017,0.0873811818674154,0.0208519564819517,0.0677315217242989,-0.106356315352871,0.000208010898844298,2.5256431227678e-06,0.00020103689089245,0.0122778392822685,0.00314754644092705,0.000847746689661708,0.00354958140102284,0.0202705927246576,0.144402065365949,0.0068505320049904
1000,"nig_cor",385,TRUE,210,0.00297771093838734,2.69250231377118e-05,0.00268867838587917,-1.59824878305761,0.0534247792759256,0.00780394047298624,0.0425025708241077,-0.271605064568977,0.000166882920291252,1.57825505273505e-06,0.000147688351298519,0.0182212549169767,0.00170028740182121,0.000230451142032901,0.0016102885924968,0.020446409506393,0.0883399143818141,0.00518893275517344
1000,"nig_cor",386,TRUE,233,0.0020124342814039,2.30063511979009e-05,0.00168060761894691,-1.91644846939449,0.0301544978285436,0.00315846593845849,0.0240699716989474,-0.5977418436953,0.00012931846339914,4.27839406094423e-06,0.000120387392620095,0.0184590885835415,0.00135190108308294,0.000179674570047725,0.00129581522454781,0.0184815926018073,0.0562002307687299,0.00479649363576153
1000,"nig_cor",45,TRUE,434,0.0103726303926845,0.000233789033786462,0.00761674878780189,-1.14975006245383,0.0442426660799231,0.00402695887737529,0.0319351134114935,-0.424107112620956,0.000328136938251937,8.99186050379727e-06,0.000347208779269339,0.0235100012763373,0.00146631061934704,0.000163752053803431,0.00163041496000716,0.023755330118806,0.0634583239407983,0.0152901613394517
1000,"nig_cor",46,TRUE,422,0.00850796999155358,0.00024622161426574,0.00633887649214443,-1.26550039418985,0.0389201616385009,0.00534949868268066,0.0292490332337099,-0.484820396196102,0.000222134336434419,9.20429945518446e-06,0.000219410337606132,0.0214183020006983,0.000794097474374946,0.000137424661607074,0.000826256206849411,0.0196019353936775,0.073140267176711,0.0156914503557109
1000,"nig_cor",47,TRUE,597,0.0060532138201023,0.00010227841312201,0.00448537577026779,-1.39705241334566,0.0281756557766137,0.0022817638495045,0.0207580939458229,-0.629400186486756,0.000137757844342266,2.72316331245659e-06,0.000143770091229874,0.0176008286688871,0.000573770328102697,4.76102257906637e-05,0.000662825655925792,0.0178170267931644,0.0477678118559402,0.0101132790489539
1000,"nig_cor",48,TRUE,591,0.00532541644819136,5.07686970761966e-05,0.00374071994315668,-1.45912252913047,0.0257285471897202,0.00111341258080719,0.0179925229663043,-0.673768959379108,0.000131242607694074,1.88787137258192e-06,0.000137650506037238,0.0154142442019355,0.000485143889915117,3.02170721396002e-05,0.000570622697911392,0.014552252553738,0.0333678375206903,0.00712521558103308
1000,"nig_cor",49,TRUE,367,0.00669734581524102,8.47522648819374e-05,0.00489071427942619,-1.31980584902034,0.0385401444406818,0.00282250093682105,0.0276080930179868,-0.46714962131838,0.000114307399248611,1.68173341231982e-06,0.000123599700112017,0.0122527415162128,0.000744080217515807,6.68450306745198e-05,0.000831626258885697,0.0161677890939823,0.0531272146533305,0.00920609933044052
1000,"nig_cor",54,TRUE,329,0.0092901854591523,0.000186395349477326,0.00679264497865825,-1.16686887209756,0.0823549382698314,0.0155312345680535,0.0622190287606223,-0.0683071483975169,0.000208198234614931,4.74619512768626e-06,0.000202059209465628,0.0133638783109082,0.00361282806278194,0.000790114957749358,0.0031213207862597,0.0181387660422845,0.124624373892323,0.0136526682182395
1000,"nig_cor",55,TRUE,843,0.0124802200313004,0.000410688200961344,0.00975554125653833,-0.990588694478842,0.114203063829728,0.0338679516337463,0.0866902469624186,0.0813252660827006,0.000438124360385858,1.70875284077852e-05,0.000455601591032795,0.0192042935856589,0.00407601077161625,0.00157341039304327,0.00361765660289836,0.0240431436766059,0.18403247439989,0.0202654435175089
1000,"nig_cor",56,TRUE,760,0.0543442182517807,0.00651133006004156,0.040921334897743,-0.247170691159702,0.350128052349043,0.252342762021017,0.264066034306572,0.707948795829913,0.0016679092461435,0.000258276363636716,0.00163372482185693,0.0292120887107936,0.00805438662067229,0.00742007566549957,0.00782315853236291,0.0274067152958972,0.502337299054148,0.0806928129392052
1000,"nig_cor",57,TRUE,173,0.0395665180477976,0.00447444913331111,0.0293878923696478,-0.473366887363046,0.197859046346954,0.110671245437203,0.14925883826857,0.369364461075388,0.00105369099001622,0.000197928982326855,0.00134935585689838,0.0206591278481885,0.00764377021495895,0.00631648860694588,0.0109731732917722,0.0268135993651406,0.332672880525604,0.0668913233036327
1000,"nig_cor",59,TRUE,214,0.00969665831711062,0.000646041449284117,0.00837963729058347,-1.17864611362189,0.033690158153999,0.00790116260284487,0.0288646443091616,-0.545219695061216,0.000269763377971606,1.36377748950551e-05,0.000276529602735684,0.0181442782223146,0.00070800762345772,0.000132449193009538,0.000756079611286391,0.0173099945296835,0.0888884840845251,0.0254173454413343
1000,"nig_cor",68,TRUE,1003,0.015125542693009,0.00053815657246315,0.0111446245552078,-0.941458318103294,0.0815523885598263,0.0175572572784114,0.0607080829509332,-0.12215774087194,0.000314015832726396,1.42042245502568e-05,0.000332340488513538,0.0144380944739094,0.00243662912888152,0.000873596224342289,0.00229173700489871,0.016529568839544,0.13250380099609,0.0231982019230618
1000,"nig_cor",69,TRUE,634,0.00999501866871735,0.000244029494425917,0.00725011312877028,-1.1661548114892,0.0543862492206325,0.00692652517958411,0.0403899557769794,-0.296965624896074,0.000333935618702988,1.27771954805796e-05,0.000351385582643341,0.0190752406911646,0.00194814032910007,0.000352097780844642,0.00195290371417392,0.0184817193839509,0.083225748296931,0.0156214434168523
1000,"nig_cor",70,TRUE,380,0.0105529077336253,0.000215738602133497,0.00767675381913627,-1.10138922204805,0.05637276750224,0.00614749121982023,0.0400629642843009,-0.302719584239387,0.000197024954299312,5.47111301054102e-06,0.000214830052217593,0.0151330773555197,0.00207183341884764,0.000374339538036483,0.0019134803654847,0.0220655639349518,0.078405938676992,0.0146880428285561
1000,"nig_cor",71,TRUE,374,0.00665652888558622,7.14016149414373e-05,0.00472149007835224,-1.32988630131106,0.0352715535359315,0.00204351442210736,0.0250475181604979,-0.497593390548121,0.000121840229576557,1.74962073429611e-06,0.000139390540491742,0.0137454401242537,0.000611139831026781,4.38173490354913e-05,0.000659618972370115,0.0150775383882938,0.04520524772753,0.00844994762950856
1000,"nig_cor",72,TRUE,479,0.0063129145122734,6.18446472732254e-05,0.00443479486050012,-1.36011874008401,0.0319757918698133,0.00158635261727228,0.0223667288159908,-0.549451653717151,8.76493404410649e-05,1.16715570958784e-06,0.000100161256582157,0.0110230335033728,0.000363042218358326,2.4891311745298e-05,0.000429571269999139,0.0118355269481089,0.0398290423845751,0.00786413677864426
1000,"nig_cor",74,TRUE,544,0.00716682930465942,9.10854898528631e-05,0.00514322169640375,-1.2917284135325,0.0422476526513385,0.00325260876386787,0.0308915035299247,-0.388962749748665,0.00012114109627349,1.97415667503168e-06,0.000135003144007704,0.0157043057611445,0.000827309602832856,8.02252751301417e-05,0.000884296988240631,0.0184728344527154,0.0570316470380075,0.00954387184809515
1000,"nig_cor",79,TRUE,486,0.0240882913616278,0.00132587283284209,0.0179703455992546,-0.691359854371914,0.463275897352074,0.504955678517316,0.353100093895849,0.784903958008068,0.00100258296808446,8.2181793295032e-05,0.000968809353314104,0.0280098082736925,0.0154358267110111,0.0215596493411777,0.0154179387277219,0.0298902379908112,0.71060233500694,0.0364125367537348
1000,"nig_cor",80,TRUE,496,0.0323057627529427,0.00486208147645182,0.0228946211189065,-0.598011006940405,0.429659797977517,0.521898238965954,0.315972899552109,0.694231167937805,0.00220344348793699,0.0022621086321495,0.0036971445538716,0.030098163469341,0.018753995008978,0.078954260789968,0.0252659974313056,0.0289358941579459,0.722425248012522,0.0697286273810966
1000,"nig_cor",81,TRUE,400,0.0419598522436254,0.00335448029933507,0.0307976505588592,-0.395348087075854,0.365070123598215,0.285814345661202,0.271371768110965,0.679209063694932,0.00102808809769284,0.000105022255643185,0.00111808990869159,0.0227959966543445,0.00913921593492098,0.00772580808127972,0.00950051774653429,0.0246845316809878,0.534616073141467,0.0579178754732515
1000,"nig_cor",82,TRUE,496,0.0615083010396488,0.00824166559174862,0.0461990440048715,-0.191248856414132,0.344509729815178,0.246930034674471,0.255228656200243,0.658949161260576,0.00181842329736737,0.000292893101819118,0.00177977175548278,0.0251511598047729,0.0106106139531558,0.00923213308974865,0.0102189212657744,0.0252090085776977,0.496920551672469,0.0907836196224221
1000,"nig_cor",83,TRUE,589,0.0544116595139379,0.0063937769625345,0.0415869841303177,-0.249846849908934,0.237110438370745,0.12578387674494,0.187576634713836,0.510334269712646,0.00240222934533033,0.000385900011313351,0.00262278136496434,0.020667218915381,0.0119292968102091,0.00834622660542362,0.0128953795397734,0.0206961507455578,0.354660227182214,0.0799610965566037
1000,"nig_cor",84,TRUE,483,0.00792892130791677,0.000227216020690954,0.0092613126069154,-0.91924022045475,0.0225207098560707,0.00145041563601094,0.0345597555234336,-0.226916280262382,0.000429345878144321,1.62500150445164e-05,0.000518553928930458,0.0117126594759709,0.00186347240873596,0.000158223021167945,0.0017945305316253,0.00996059070442107,0.0380843227064752,0.015073686367009
1000,"nig_cor",85,TRUE,436,0.00926439386502882,0.000370760951973008,0.00741081124996438,-1.17055118642408,0.0323715893916337,0.00314487206294461,0.0254930350263333,-0.514175742211551,0.000278502911459161,8.94758238594901e-06,0.000237830516040673,0.0148459638627236,0.000814771115668392,7.89352215058321e-05,0.000768325101782858,0.0155957041461403,0.0560791589001173,0.0192551539067598
1000,"nig_cor",86,TRUE,368,0.00365736645829003,4.19092260190014e-05,0.00282142054038919,-1.65314062372161,0.011722937363682,0.000388541271946573,0.00884121383191549,-1.05985393322615,0.000117760216074382,1.99355374490726e-06,0.000107929426496834,0.0151193603386861,0.000501120260439442,4.29383055760773e-05,0.00049757883863692,0.0156001565835473,0.0197114502750704,0.00647373354556715
1000,"nig_cor",95,TRUE,563,0.0167770357482965,0.000517577210975431,0.012118798592944,-0.881981325025966,0.145113116546203,0.0440135943760364,0.105849091531814,0.188745086924564,0.000386557163270693,1.82758066477629e-05,0.000417187064507344,0.0179447184117956,0.00377229192371511,0.0016406438223679,0.00410521025448248,0.0203061135621599,0.209794171453919,0.0227503233158439
1000,"nig_cor",96,TRUE,880,0.0168774371482741,0.00057963626054051,0.0122606719549253,-0.886529160056576,0.129170292721515,0.0444534577368554,0.0934729158505452,0.111148723738545,0.000408411836400106,1.69460256575288e-05,0.000400158669142093,0.0176439204193175,0.00467440752741698,0.00352662423862742,0.0049026882607987,0.0236707293712824,0.210839886494125,0.0240756362437322
1000,"nig_cor",97,TRUE,552,0.0149586653686794,0.000444451353259961,0.0107427373275677,-0.955115173802303,0.103345829778398,0.0378223741034518,0.0750427066196792,-0.0215964768995078,0.000415878011761958,1.47645059794103e-05,0.000428014051049384,0.0186490953374542,0.00426497659823552,0.00494525274669503,0.00445104217778264,0.0240952178900329,0.194479752425418,0.0210820149240997
1000,"nig_cor",98,TRUE,440,0.0125106235688935,0.000292928037959802,0.00895992276211265,-1.03227171839629,0.0713410368603687,0.00960101977958989,0.051122534836729,-0.161352458401778,0.000288679178605555,8.70282483852465e-06,0.000305500519154515,0.0181889252666362,0.00192568274531141,0.000344994553449577,0.00179421582458427,0.0187786561589685,0.0979847936140598,0.0171151406059022
1000,"nig_cor",99,TRUE,316,0.0116961677592489,0.000252688779441519,0.00829543642741086,-1.0574874633439,0.0585165542601444,0.00605812892939369,0.0411396467800978,-0.261196211120749,0.000200102499256175,5.01211351363854e-06,0.000217656955307431,0.0137134736144613,0.00151953400007348,0.000287589496067786,0.00179906733007643,0.0165060480741899,0.0778339831268688,0.0158961875756899
1000,"nig_indep",100,TRUE,392,0.00984262258110238,0.00016244216856261,0.00710502439170827,-1.12098569207726,0.04883379157469,0.00417046669945909,0.0351412465927651,-0.329453125869617,0.000144508870079117,3.03152685272244e-06,0.000164693278836043,0.0144021016506343,0.000901738230401296,0.00010081464327609,0.000982142735715571,0.0152050236912375,0.0645791506560677,0.0127452802465309
1000,"nig_indep",101,TRUE,410,0.0102871861809844,0.000177047902278453,0.00741294956076587,-1.10194720072644,0.0411712902775545,0.00279682104734695,0.0292081080783647,-0.420071719232422,0.000110662685768362,2.23787562343749e-06,0.00012574159701679,0.0107483000807041,0.000813804623857441,7.80122208696098e-05,0.000908021426556331,0.0135917423371507,0.052884979411426,0.0133059348517289
1000,"nig_indep",102,TRUE,442,0.007931341398929,0.000103561953535299,0.00561008462081858,-1.24816119425247,0.0345081961379204,0.00198542433772219,0.0247162790832333,-0.498477389437723,0.000111752228106179,1.85555961078343e-06,0.000137662418697965,0.0149324550638791,0.00075209374220328,5.7438945456462e-05,0.000772781578861444,0.0126961576823612,0.0445581006969798,0.010176539369319
1000,"nig_indep",103,TRUE,408,0.00593411070721981,5.80430223542144e-05,0.00425243004997562,-1.38004787700688,0.035848948112381,0.00221535126471452,0.0253808501612727,-0.496631076152776,0.00011102344062449,1.40000386438372e-06,0.000121549864018354,0.0143560618401161,0.000692128164217708,5.57581356401596e-05,0.000805195706193591,0.0138413012662114,0.0470675181490858,0.00761859713820165
1000,"nig_indep",104,TRUE,538,0.00402436675001262,2.60534554141471e-05,0.00285991940584338,-1.58261145237554,0.0421992518058191,0.0030948654494254,0.0301331015595831,-0.411573351781406,7.25299498372909e-05,6.39246255459227e-07,7.64767984817203e-05,0.0126374853720616,0.000646964261158476,6.15476400023401e-05,0.000758787338729933,0.0123509814196119,0.0556315148942162,0.00510425855674917
1000,"nig_indep",105,TRUE,228,0.00331200564792881,1.86476614469624e-05,0.0023760651250592,-1.66523141799076,0.0419895629417345,0.00278692444244468,0.029500874013157,-0.41445396514094,3.82540873880957e-05,2.60586027624741e-07,4.91664323097611e-05,0.0115546046635284,0.000442425710431544,3.87794638697703e-05,0.000644216922453172,0.0114962222399416,0.0527913292354405,0.00431829381202373
1000,"nig_indep",107,TRUE,310,0.00415742137446966,5.03542315174743e-05,0.00318066270065247,-1.56292120422363,0.105131917332776,0.0245730642872484,0.078375328838533,0.0503121588217792,7.40758474345462e-05,1.00197232272951e-06,7.65372925206846e-05,0.0145755548423275,0.00196911905885571,0.000621961461380362,0.00210801117189083,0.0143117194096213,0.156757979979484,0.00709607155526734
1000,"nig_indep",108,TRUE,360,0.0128905201284177,0.00055222282769012,0.0096879914174252,-1.02831855790212,0.289317757239599,0.215648515452876,0.213407332130792,0.539314358379097,0.000478194301900056,3.56380745502037e-05,0.000502018979989966,0.0302397376403289,0.00825698474349658,0.0119250424534692,0.00945827115108403,0.0291289754767025,0.464379710423352,0.0234994218586356
1000,"nig_indep",109,TRUE,610,0.0133759831970595,0.00057167699024875,0.0101323312388457,-0.999819546937002,0.233850161295741,0.123906419556367,0.172352990947664,0.432235452380978,0.00045920888661436,3.07012326360559e-05,0.000499631921328747,0.0209580166296969,0.00758159628802364,0.00645639311195114,0.00763377848225509,0.0187299921516223,0.352003436853061,0.0239097676745039
1000,"nig_indep",110,TRUE,540,0.0128680083229362,0.000342706898935485,0.00962597653118509,-0.985600489651272,0.176334733305885,0.0698632066409014,0.132521681126465,0.313863632601698,0.000443183390417214,1.59426397418959e-05,0.000427949367644475,0.0183514042014191,0.00595498596208329,0.00306628757869313,0.0062717679418891,0.0184399866288558,0.264316489536505,0.0185123445013182
1000,"nig_indep",111,TRUE,373,0.0184377008704534,0.00067212378992213,0.0135044139060268,-0.814979072958015,0.166876902646804,0.0503404731728173,0.119061066365808,0.263566804995147,0.000583642514918822,2.74293390631411e-05,0.000584966607528144,0.022598070297711,0.00531132781801311,0.00220093219601439,0.00538323796523659,0.020144320585359,0.224366827255763,0.0259253503336431
1000,"nig_indep",112,TRUE,421,0.0218498884364375,0.00137950799009786,0.0165756855738262,-0.764076103105443,0.148235942792626,0.0499100796624572,0.110407822333162,0.2141128089264,0.000839669927264017,5.84150593915186e-05,0.000786151073944976,0.0247487250367365,0.00467534216420515,0.00193250718626407,0.004524392263569,0.0214945131939101,0.223405639280787,0.0371417284209804
1000,"nig_indep",114,TRUE,182,0.0699812108292668,0.0152081452134367,0.0552372015520752,-0.0989304903956403,0.250229315855107,0.175410180375259,0.193267436659626,0.539572604692783,0.00281696092664525,0.000506863322916409,0.00309554352999313,0.0235239358860055,0.00971380198289104,0.00622668258720637,0.0100487050352159,0.025165560456078,0.4188199856445,0.123321308837673
1000,"nig_indep",120,TRUE,836,0.0178169644604339,0.00135543028437145,0.0147148960322522,-0.768276338387836,0.122218077431587,0.0272745508861744,0.0881818372109136,0.122471190501759,0.000407132899501248,1.98271386708826e-05,0.000404549781590607,0.0118681458574388,0.00193607079712555,0.000567359231176934,0.002044822116127,0.0120225356468494,0.16515008594056,0.0368161687899685
1000,"nig_indep",121,TRUE,713,0.0122607651731622,0.000263949540480403,0.00914674619040689,-0.983683642642349,0.0929629837900621,0.0142921061214497,0.0655732206511142,-0.0183594938470458,0.000257112829669368,7.22938814307924e-06,0.000284055057030828,0.010595545337574,0.00135572021493378,0.000272047248768616,0.00157922239541394,0.0116763817347144,0.119549596910444,0.0162465239506918
1000,"nig_indep",123,TRUE,340,0.00315452736619558,1.62861444274564e-05,0.00222291055754694,-1.70826129322302,0.0741979200576694,0.00874401577509428,0.0520820299045248,-0.130922932261965,5.10383172682616e-05,3.79703722154987e-07,5.84720235901323e-05,0.0122481502129061,0.000965737569709556,0.000139265466995081,0.00115151774133597,0.012433958488398,0.0935094421708005,0.00403560954843954
1000,"nig_indep",125,TRUE,290,0.00427118537389577,3.24600209570112e-05,0.00325025432750452,-1.49348910090668,0.0950989165837715,0.0162845548350677,0.0688395947165633,0.00656160651841597,8.16496980308067e-05,7.06010073153235e-07,9.14505400201021e-05,0.00977671888976491,0.00141412901681223,0.00027570074519327,0.00156588932973097,0.011415589069466,0.127610951078141,0.00569736965248098
1000,"nig_indep",126,TRUE,858,0.0121424459621029,0.000266151949193883,0.00881903237330973,-1.0185909248539,0.112669908271603,0.0228481377271647,0.0812146928033622,0.0813461814465051,0.000201584672363177,6.07295457356286e-06,0.000219392941915759,0.0154581783164273,0.00196705065148335,0.000528771687863442,0.00208788855294919,0.0144071359813954,0.151156004601751,0.0163141640666595
1000,"nig_indep",127,TRUE,949,0.0105049455486457,0.000193371503131449,0.00760393786861609,-1.09491094175503,0.0924343066802485,0.0137585512981399,0.0647683590692786,-0.0260177124601448,0.000190288805079876,4.32554573398911e-06,0.00021065432688471,0.0134317681215706,0.00175684677998568,0.000351185417913639,0.00186359348243377,0.0139589068544082,0.117296851185954,0.0139058082516425
1000,"nig_indep",128,TRUE,476,0.0112378811457393,0.000212177155844276,0.00809800921761214,-1.06107171504279,0.0958271763595437,0.0155571702736565,0.0687180580565301,0.00544006827084205,0.00019041783845648,4.58354458035757e-06,0.000210280684551777,0.0151055955365303,0.00192965326936965,0.000416710807818418,0.00185685324527714,0.0149419999054322,0.124728385997962,0.0145663020648439
1000,"nig_indep",129,TRUE,337,0.0113032194897488,0.000207988043779159,0.00802058903661914,-1.06091642665945,0.0818990333549999,0.0114143136052169,0.0576087625899363,-0.0891392291228136,5.92622733313425e-05,1.35900023071598e-06,8.37571775946096e-05,0.00453595915190534,0.00226200878472813,0.000449176478451018,0.00229677253818035,0.0177053454583622,0.10683779109106,0.0144217905885212
1000,"nig_indep",130,TRUE,330,0.00686017959502239,8.55299653710259e-05,0.00497497791354508,-1.31072497314644,0.0577445524877975,0.00538897066943908,0.0411251019161093,-0.245071635637843,0.00017948042706503,3.29726437537315e-06,0.000186481419160767,0.0165347066054366,0.00136246431948499,0.000172499837302273,0.00134042103542512,0.0151473564404447,0.0734096088358948,0.00924824120419801
1000,"nig_indep",131,TRUE,282,0.00600194141177973,6.93682546694588e-05,0.0044948695372881,-1.35824466619785,0.063231368977546,0.00684356876661215,0.0449365964720303,-0.213265689000909,0.000117586720421836,1.729424491017e-06,0.000121490429380497,0.013299805176571,0.00116263453897276,0.000173762523004639,0.001416929847225,0.0156839891008257,0.0827258651608561,0.00832876069229143
1000,"nig_indep",132,TRUE,353,0.00663896349815609,8.05914905986075e-05,0.00481829039038916,-1.32870205110069,0.0765905196240992,0.0101308414551787,0.0542033277324853,-0.118828691843755,0.00012222558016979,2.02047322429269e-06,0.000133811989663837,0.015553027394199,0.00133727582935612,0.00022643451146185,0.00146802268210705,0.0162911993623696,0.100652081226265,0.00897727634634289
1000,"nig_indep",133,TRUE,631,0.00512022893310245,4.78938558524676e-05,0.00371211528790584,-1.45949365049841,0.0669854086180308,0.00810387236209848,0.0477587138648633,-0.192150963342917,0.000101851078931497,1.24743871190526e-06,0.000102594247015036,0.012471375247692,0.000974181541433925,0.000148729840103613,0.0010885793343189,0.0122828771149727,0.0900215105521924,0.00692053869669606
1000,"nig_indep",134,TRUE,326,0.00460039031468873,3.94693912096472e-05,0.00340439180365538,-1.49241795624986,0.0639841457429629,0.00728002045826775,0.0456008667163979,-0.212005899040228,0.000104929262974958,1.01540726771128e-06,0.000118684718047267,0.0144594151752062,0.00128313148049178,0.000170647077421522,0.00133784822084017,0.0135674855778684,0.0853230359180201,0.00628246696844856
1000,"nig_indep",135,TRUE,278,0.0035264421179159,2.32375958767152e-05,0.00262275963034379,-1.62335921220238,0.059913290255233,0.00635978952369544,0.0434200346136263,-0.235712386992814,7.29712026773749e-05,5.59536681402819e-07,7.78939350502689e-05,0.012659408474191,0.00131011787797377,0.000192418329386358,0.00147765397657459,0.017513662127466,0.0797482885314502,0.0048205389612278
1000,"nig_indep",136,TRUE,250,0.0027688093272448,1.48017970369291e-05,0.00202539334067246,-1.7629012737804,0.0496929004384681,0.00420402424315191,0.0349752943331821,-0.345570647407941,6.67043153080488e-05,4.61225209306849e-07,7.43163424688986e-05,0.0132078701789484,0.00095617816182598,0.000116591134511811,0.00104658007436084,0.0147320913918862,0.0648384472604944,0.00384731036399835
1000,"nig_indep",137,TRUE,241,0.00299371746722975,1.74663767365862e-05,0.00213083810704317,-1.74970421857438,0.0495582604859538,0.00414789206723844,0.0347735769752062,-0.350917305189562,5.61423205315109e-05,4.02751630303199e-07,5.91781808126662e-05,0.0132064953729769,0.000904319060885564,0.000103606010584158,0.000982496868147983,0.0127676612941497,0.064404130824338,0.00417927945184169
1000,"nig_indep",138,TRUE,151,0.00245241467422062,1.43626283091542e-05,0.00184774128833578,-1.81075383527981,0.0643752601667816,0.00665564937509321,0.0491117529077519,-0.132739964853529,9.99200573355667e-05,7.47843169097978e-07,9.5093013531561e-05,0.0218167575277427,0.00354581461944878,0.000606059863679076,0.00320395109898559,0.0154958325366561,0.0815821633391344,0.00378980584056152
1000,"nig_indep",139,TRUE,209,0.00362551627002169,2.66818759656697e-05,0.00266669856052794,-1.64197743265439,0.0903220048224349,0.0164661772440902,0.0664641624717635,-0.0210787557970259,7.75277184964091e-05,8.39411247888308e-07,8.1424781281925e-05,0.0138830028242063,0.0022409625003827,0.000625115654016014,0.00238595783755034,0.0165135236366226,0.128320603349931,0.005165450219068
1000,"nig_indep",140,TRUE,163,0.00552111300667916,5.55873999657114e-05,0.00399692925887225,-1.41416706735535,0.112642509563888,0.0241805785987353,0.0827498112287945,0.0921564173965122,9.5906055658345e-05,1.22984197950535e-06,0.000109225777244413,0.0126125718390086,0.00264528014504103,0.000767268926536404,0.00249695921776572,0.0123759241265471,0.155501056583984,0.00745569580694595
1000,"nig_indep",141,TRUE,243,0.0147937108648668,0.000515943958912229,0.0114970304934396,-0.906175948982573,0.131412347633239,0.0335538937164683,0.0983695256816261,0.182879690170652,0.000377414854959346,1.56246863743566e-05,0.000403787500527342,0.0203277709294474,0.00365816392864117,0.00108292540786702,0.00354368950504268,0.0150787400255592,0.183177219425529,0.0227143998140437
1000,"nig_indep",142,TRUE,325,0.0148650250332923,0.000547269256796117,0.0113792783791673,-0.923307457563228,0.0902313252782469,0.0150961165563087,0.0663043793695212,-0.00951030419789432,0.000444385436030751,1.64443419067552e-05,0.000449405742566276,0.0203089910234506,0.00215180983028346,0.000440957150828329,0.00220815246959667,0.0152755339351811,0.122866254750068,0.0233937867134869
1000,"nig_indep",143,TRUE,415,0.0107121598391722,0.000227060514608346,0.00810323829798709,-1.05478516301392,0.0647267973576076,0.00788488937840914,0.0488376581504485,-0.145462068245264,0.000300283227728507,7.43591671840923e-06,0.000301397445975807,0.0149278962051579,0.00154138015290587,0.000200640463187975,0.00165573307374671,0.0131754368703316,0.0887968995990803,0.015068527287308
1000,"nig_indep",144,TRUE,477,0.0119774856750155,0.000265478745656215,0.008797845592688,-1.02246462877844,0.0864635786755825,0.0137480709424845,0.0634657366471742,-0.0313132177135575,0.0002713123724295,7.74490975657742e-06,0.000310430719968955,0.0178330435135612,0.00162967646361419,0.000305741853675167,0.00187830050717221,0.0160285360187635,0.117252168178181,0.0162935185167666
1000,"nig_indep",145,TRUE,520,0.0114830664799483,0.000269914177432405,0.00860038759586012,-1.04151889613121,0.0747350501833396,0.00968876811231312,0.053549072121149,-0.118555610604736,0.000418257401479745,1.18567113512489e-05,0.000442286106261876,0.0209040488060696,0.00205220630788376,0.00036647478882297,0.00206069577732707,0.0164194990861572,0.098431540231336,0.016429065020031
1000,"nig_indep",146,TRUE,327,0.011530639169542,0.000281256871811438,0.00902565756373012,-1.00503268387553,0.0749276674316546,0.00920103124792352,0.053134077240225,-0.117311625712118,0.000458263499776436,1.45424930221202e-05,0.000453790214253673,0.0162244155743054,0.00175101665868989,0.000281841821472194,0.00186980059943963,0.0131079974232738,0.0959220060670309,0.0167707147078304
1000,"nig_indep",152,TRUE,153,0.0703702884142014,0.00868489432951986,0.0513470304517446,-0.117773436001081,0.321603018781472,0.171951088065498,0.229934891409291,0.619123498306838,0.000648806378641019,0.00010743272229071,0.000707957256032568,0.0104817661616165,0.00773606152169321,0.00588754299625428,0.00763056131293306,0.019914051645248,0.41466985430038,0.0931927804581442
1000,"nig_indep",153,TRUE,452,0.0409844101024079,0.00450878863399642,0.0317512684988888,-0.367589654152287,0.237514627283026,0.126517053988918,0.178882593482683,0.509320008978197,0.000971720344360157,0.000107067815867586,0.00109044042658775,0.0269457292319759,0.00560700176054549,0.00323523624904848,0.00583194520960343,0.0236168578252714,0.35569235863161,0.0671475139822497
1000,"nig_indep",154,TRUE,592,0.018635105140953,0.000629753438995384,0.0135529609197723,-0.804155263047185,0.121145105106601,0.0245484465978303,0.0873125131282652,0.13320568029988,0.000448404930218281,1.90066389551908e-05,0.000449197577615782,0.0198187197073385,0.00261096937080716,0.000694522025289658,0.00254841038193348,0.0158318578012176,0.156679438975988,0.0250948887025901
1000,"nig_indep",155,TRUE,130,0.0104090390489033,0.000205418813236372,0.00770133727692857,-1.07263967945142,0.12219070361085,0.0234015650819986,0.0859537493041306,0.130460547440583,0.000325360026515721,8.26189744239149e-06,0.000319570804987508,0.0199897077357493,0.00303897715389378,0.000823678511385614,0.00307945182686254,0.0203054187430196,0.152975700952794,0.0143324391935348
1000,"nig_indep",156,TRUE,842,0.00409778089033831,3.18379350175724e-05,0.00297429392227145,-1.57568897075795,0.0879053686227832,0.0134938210667107,0.0628016791251541,-0.0475227926666165,8.53738173682045e-05,8.82175268872708e-07,9.55416326131048e-05,0.0150270720927162,0.00140624583422805,0.000270865099270099,0.00162963116796958,0.0142965652870166,0.116162907447734,0.00564251141049554
1000,"nig_indep",159,TRUE,191,0.00282336681104923,1.41201143979182e-05,0.0024571089910133,-1.59226857018767,0.060560274475922,0.0063857723080725,0.0452478038003775,-0.178930298691373,7.54335810977916e-05,5.42363976181341e-07,9.0083490331223e-05,0.00922406904934205,0.00102985174476631,0.000122117733557726,0.00123035583016753,0.0100189244345592,0.0799110274497362,0.0037576740675474
1000,"nig_indep",160,TRUE,481,0.00484499274837239,5.44097327252744e-05,0.00375512817128412,-1.43884726968301,0.101383733381562,0.0181884231578696,0.0726910131220264,0.0245557177531678,0.000124446898708903,1.3517564174707e-06,0.000127469900401556,0.0131327581529217,0.00176107705098163,0.000421179708351559,0.00192550845906488,0.0139596183418081,0.134864462175436,0.00737629532524793
1000,"nig_indep",161,TRUE,416,0.00374000521764079,2.52431137507192e-05,0.0028284670588234,-1.56551635796024,0.101149103765553,0.0166626386087155,0.0708848756576344,0.0206299396569898,6.96191468423013e-05,5.65806138448461e-07,8.12817700602333e-05,0.00992306306177189,0.00149053143914347,0.000301407175724488,0.001720868985532,0.0139683423439098,0.129083843329502,0.00502425255642262
1000,"nig_indep",162,TRUE,313,0.00341541110523556,2.04104531794862e-05,0.00250818119673522,-1.63793605086302,0.0892400233228983,0.0123017069256273,0.0622415942331261,-0.0443748803551902,9.19990011003623e-05,7.22624342911377e-07,9.3744417913631e-05,0.013902525760967,0.00139156996316365,0.000264282946476013,0.00165479366885487,0.01356939437406,0.110913060212165,0.00451779295447304
1000,"nig_indep",163,TRUE,295,0.00252011247198703,1.19313640923295e-05,0.00186508347798858,-1.79289105765513,0.0836627222284936,0.0110293499440932,0.0588408556745835,-0.0711625637902057,6.83932506051042e-05,4.28022348723163e-07,7.23050659794105e-05,0.014188702595308,0.00106925348341543,0.00020326602252951,0.00132680290586873,0.0125478323664919,0.105020711976701,0.00345418066874469
1000,"nig_indep",164,TRUE,313,0.00268277024444253,1.26686472344916e-05,0.00192923667199404,-1.78297276020227,0.0791694871766224,0.0105839873781493,0.056920920390436,-0.0862811678122131,6.07010471221286e-05,3.61841915786481e-07,7.22254889451948e-05,0.0163904307010835,0.00137361225228076,0.000230467957855141,0.00160220922328937,0.0156347224396602,0.102878507853435,0.00355930431889317
1000,"nig_indep",165,TRUE,435,0.00224947362230979,1.002424670974e-05,0.00167941590865291,-1.84958943523563,0.0780658318108148,0.00960255685669226,0.0541390361172739,-0.117109500254755,5.87487759080319e-05,3.36750441322334e-07,5.75126145279285e-05,0.013935863478839,0.00135123782273808,0.000224210974831797,0.00153214832356858,0.0154899653261338,0.0979926367473203,0.00316610908051823
1000,"nig_indep",166,TRUE,369,0.00266869964236045,1.32897680067179e-05,0.00195210965813371,-1.77869471377243,0.0835525317117495,0.0110628680855982,0.058373384527062,-0.0752992840955705,8.01462991758125e-05,4.600286552497e-07,7.89140413744491e-05,0.0177044380344019,0.00130394523821918,0.000234465982560591,0.0014530450871677,0.0145825850255871,0.105180169640471,0.0036455134078368
1000,"nig_indep",167,TRUE,327,0.00304013042276738,3.02784593762562e-05,0.00227642294675538,-1.7045646129992,0.085707642892191,0.0117054333029458,0.0596579257047852,-0.069467368893432,6.09910472079218e-05,4.66299499234863e-07,6.52483863164384e-05,0.0151028948057329,0.00122978140569946,0.000211563516155046,0.00143946232735941,0.012871114996356,0.108191650800539,0.00550258660779239
1000,"nig_indep",168,TRUE,356,0.00275229804284496,1.33330719685235e-05,0.00200347450289931,-1.7584095869099,0.0911629644206095,0.0146619801518426,0.0653777718249424,-0.0170016127586683,6.25301019588005e-05,3.44262685408483e-07,7.06446460125578e-05,0.0168993220431531,0.00146535222203041,0.000275321787316873,0.00180233130288894,0.0162812454889737,0.121086663806724,0.0036514479276752
1000,"nig_indep",169,TRUE,245,0.00240912491013407,9.46544464602068e-06,0.0017207197329933,-1.84002906973643,0.0931218732986742,0.0142513046314001,0.0658777217397203,-0.0199531031261168,5.59476909018133e-05,2.79312102397862e-07,5.79866873214297e-05,0.0150263243007893,0.0012326042771471,0.000250776663761175,0.00156396126555095,0.0136137532542938,0.119378828237674,0.0030765962760851
1000,"nig_indep",170,TRUE,260,0.00259978769009594,1.41167603537427e-05,0.0019446164167013,-1.7933247218415,0.0841056533660382,0.0114344994676946,0.0593219161854877,-0.0681745842270614,5.8775618901157e-05,3.59653999335003e-07,6.54673474214002e-05,0.017198589227712,0.00116273601621262,0.00021511111748634,0.0013316350333034,0.0115504845180762,0.106932219034745,0.00375722774845267
1000,"nig_indep",171,TRUE,345,0.00233011806874966,9.08313185223691e-06,0.00164462741193319,-1.86665281838869,0.0751195897050138,0.00915535134601152,0.0534096719596969,-0.117034017451474,4.29389418017797e-05,2.06663983363911e-07,4.53890820254175e-05,0.0141863304778395,0.00109973809007438,0.000161019424184605,0.00123995863505826,0.0121547331625404,0.0956836001936148,0.00301382346069522
1000,"nig_indep",172,TRUE,379,0.00182849122608817,6.06169437144771e-06,0.00133096017309097,-1.96930490771807,0.0761439170807792,0.00978306568302284,0.0549357574377186,-0.100586543130858,5.11633161230344e-05,2.06517004594626e-07,5.24095006732696e-05,0.0167189153839714,0.00158060346932846,0.000237566093679146,0.00173301867445651,0.015457440931184,0.0989093811679299,0.00246205084664142
1000,"nig_indep",173,TRUE,366,0.00216086853883023,1.37670041802174e-05,0.00166813029770269,-1.8845691425698,0.0760924167727993,0.00903874737063009,0.0539386621532145,-0.108295334776013,4.55734001145137e-05,3.00477563780933e-07,4.93676765620075e-05,0.0143259604990474,0.0017599466261934,0.000275056468469713,0.00170812355924777,0.0148317863004985,0.095072327049621,0.00371039137830733
1000,"nig_indep",174,TRUE,143,0.00439259446522097,5.65116701050738e-05,0.00317952429864928,-1.63394117337929,0.0754300445502182,0.00881852792304983,0.0529669967930403,-0.120009957505497,0.000184357606873066,3.41105295948967e-06,0.000170281131822892,0.0264600349505695,0.00129863439676698,0.000194581892195361,0.00143640249202693,0.0121819703928047,0.093907017432404,0.00751742443294735
1000,"nig_indep",175,TRUE,134,0.00711281509884443,0.000125166873011428,0.00546254564317931,-1.25115146750356,0.0724566161616222,0.0108931910792016,0.0545804312810384,-0.106447785277136,0.000165405668440354,3.18320380393279e-06,0.000192859818523162,0.019997210200059,0.00148446989288492,0.000264360489626681,0.00159748862564522,0.0129394041825607,0.10437045117849,0.0111878001864275
1000,"nig_indep",177,TRUE,175,0.0251996057760625,0.0012706165280614,0.0187886004646328,-0.641579685137125,0.0579737137858984,0.0069781795711695,0.0433990775322394,-0.232056799157442,0.000553469088516314,2.91499953461212e-05,0.000577076745618503,0.0178572250426339,0.00162326333593273,0.00024663892217104,0.00161162681133975,0.0173098527493715,0.0835354988682626,0.0356457084101495
1000,"nig_indep",178,TRUE,256,0.0207710684365304,0.000886959747606884,0.0151089403677323,-0.773373494800999,0.0625882432158937,0.00817035767923575,0.0465174924217813,-0.186391951269175,0.000426639076759631,2.21732109391458e-05,0.000450495437126932,0.0188991871803316,0.00126304630829901,0.000168552630183927,0.00146704154104404,0.0205384343104452,0.0903900308620135,0.0297818694444604
1000,"nig_indep",179,TRUE,262,0.0133322594246658,0.000338573758038602,0.00977976253625477,-0.984166009096934,0.0410200410817072,0.00318920679322875,0.0303909321567094,-0.397865862803473,0.000254728147769518,7.27147602486865e-06,0.000279862667000588,0.0162732849517073,0.000875353319179643,7.99644684837429e-05,0.000905380568731693,0.0132670990184262,0.0564730625451529,0.0184003738559466
1000,"nig_indep",180,TRUE,570,0.0109279742055957,0.00020753851636811,0.00790969096232784,-1.07772612104389,0.0477775644150056,0.00425262261354731,0.0349033337531428,-0.331947022562556,0.000198018473914583,4.79049239861842e-06,0.000225731532973075,0.0147342841321333,0.000976414096278014,0.000102455437998526,0.000977591890683781,0.0132787780292135,0.0652121354775881,0.0144061971515077
1000,"nig_indep",181,TRUE,221,0.0119317126823947,0.000283369155348789,0.00880529818326384,-1.02918637503491,0.0638476955174877,0.00889635363758019,0.0479129197864632,-0.181040117732257,0.000225023451995164,5.83351613034658e-06,0.000255146390483678,0.01641669009564,0.00152164129383301,0.000263086480498786,0.00156321141047347,0.0206839192863539,0.0943204836585362,0.0168335722693904
1000,"nig_indep",187,TRUE,113,0.0309885918402182,0.00176740417434843,0.0235288843297039,-0.493781632929474,0.219092737059197,0.0862273897854804,0.158150948514902,0.417406490283686,0.00116383249174303,8.12639197622622e-05,0.00116535642630016,0.0222766417454163,0.00544702479161965,0.00238792567700275,0.00525481921676045,0.0182955792477158,0.293645006403106,0.0420405063521888
1000,"nig_indep",188,TRUE,266,0.0263149697176183,0.00127597351994805,0.0192426858647344,-0.60047409261554,0.195749992751721,0.0663858528596933,0.141449986076467,0.395766555339319,0.000838069969499448,4.73292763680034e-05,0.000935268164375146,0.0271546023669512,0.00686265458381842,0.00277865694114129,0.00709302705574397,0.0252837540376059,0.25765452229622,0.0357207715474911
1000,"nig_indep",189,TRUE,335,0.0187174403662974,0.00060305217032072,0.0135374917185716,-0.808950291906119,0.155060818442196,0.0397341203996275,0.111561604392572,0.258002016558739,0.000586249657804047,2.69700687828948e-05,0.000657578047987521,0.0197293775855325,0.00273186722575734,0.000913907982686833,0.00292613821578985,0.0166135633046695,0.199334192750836,0.024557120562491
1000,"nig_indep",190,TRUE,304,0.0149801589346715,0.000482486138735636,0.0110255693986414,-0.902305188530199,0.12308408083986,0.0268073868170147,0.0892719455754364,0.152789008622687,0.000438144422190658,1.63949063114702e-05,0.000491838555982373,0.0257467773680759,0.00237444530318786,0.000618348869938471,0.00264270508671067,0.0174132538918939,0.163729614966306,0.0219655671161852
1000,"nig_indep",191,TRUE,580,0.00830682136260928,0.000129677869358697,0.00605973432558322,-1.20603512118606,0.106097649391642,0.0188898500869109,0.0756332871020038,0.0571230661816235,0.000227967613266029,4.00576486912961e-06,0.000232298026981222,0.0196205540779483,0.00147614549092875,0.000308577625319415,0.00161469511303795,0.0125248637265101,0.137440351014216,0.0113876191259937
1000,"nig_indep",192,TRUE,359,0.00956789824140416,0.000170975144030376,0.00694534904140658,-1.14810295797241,0.114261966911038,0.0215107388512241,0.0810071919926605,0.0907271063990431,0.000221191194541314,5.24749538185102e-06,0.000231009857395927,0.0180659219114388,0.00215716148458401,0.000517039363850083,0.00229110019583361,0.0160573159985172,0.14666539759338,0.013075746404331
1000,"nig_indep",196,TRUE,170,0.00336564747643634,2.30027510693146e-05,0.00249037521594533,-1.65198086573289,0.0873695956280711,0.013339955631257,0.0628196675056542,-0.0373527125870466,6.03167606561693e-05,4.25530577194068e-07,6.64369063204886e-05,0.0129087582212828,0.00112327691224434,0.000204911173229451,0.00166854851935674,0.0121168682044818,0.115498725669407,0.00479611833353959
1000,"nig_indep",197,TRUE,277,0.00284355076892618,1.4384611830057e-05,0.00205619102210723,-1.7500165090848,0.0747217420408586,0.00897056812232117,0.0526971229546693,-0.123896066836547,5.48233411506823e-05,3.40125773749966e-07,6.10989251263471e-05,0.0141411767326583,0.00112460490099647,0.0001761785864648,0.00131507600975433,0.0118376238023465,0.0947130831634214,0.00379270508081725
1000,"nig_indep",198,TRUE,392,0.00305913511782111,1.70155566069591e-05,0.00221610934980037,-1.71178548828565,0.0826152581568652,0.0117244468332602,0.0590598214327369,-0.0702699620836748,7.03711637964497e-05,4.86688987050091e-07,7.3108153497129e-05,0.0161003187676578,0.00114329609752084,0.00020306610359804,0.0013431503140903,0.0132601767148451,0.108279484821734,0.00412499170992611
1000,"nig_indep",199,TRUE,420,0.00276729205409105,1.44045100659547e-05,0.00204374018998586,-1.74620910832896,0.0845940219127163,0.0114437138236881,0.0596755132556656,-0.0625199689664602,6.55871531734597e-05,3.92068813751245e-07,7.86190262882429e-05,0.0174567098132576,0.0011612442126299,0.000199627311683418,0.00132812168542675,0.012136871254356,0.106975295389581,0.00379532739904671
1000,"nig_indep",200,TRUE,460,0.00294960701081944,1.58239445337489e-05,0.00215328630627952,-1.72888714876216,0.0825394697421648,0.0110548492077425,0.0583517058392866,-0.0761527671937299,4.31873185032765e-05,2.74193235318486e-07,5.02810230630464e-05,0.0131925302099998,0.00114215497292007,0.000186145767234272,0.00142860391392353,0.0141309578752176,0.105142043007269,0.00397793219320653
1000,"nig_indep",201,TRUE,418,0.00298170647504468,1.64865305780408e-05,0.00218182563324206,-1.71409076958468,0.0869574496740143,0.0124570110609343,0.0622884897698378,-0.037291902871713,6.76651965680483e-05,4.48398837149245e-07,7.45325416897017e-05,0.0196983735949031,0.00122894283211616,0.000216859739027209,0.0015328228557223,0.0152365497315918,0.111610980915564,0.00406036089258588
1000,"nig_indep",202,TRUE,399,0.0023910531555133,9.46657889728765e-06,0.00171393069941253,-1.8372128325775,0.0984202944014271,0.0152143185583195,0.0689500417221438,0.0102780522319003,3.94057554419471e-05,2.01941366470024e-07,4.30293718467456e-05,0.0124238758582096,0.0016054341677186,0.000367580613124219,0.00188584020343363,0.0167360081518956,0.123346335812295,0.00307678060597236
1000,"nig_indep",203,TRUE,445,0.00215224946972569,7.58671268285517e-06,0.00152685312591211,-1.89343348250413,0.097214108935705,0.0148690527179822,0.0683428003856354,0.00666188196092915,5.07765975071639e-05,2.24255201381992e-07,5.15613706283402e-05,0.0155463787682741,0.00161995983192674,0.000336136348678979,0.00180431063401363,0.0152693504473813,0.121938725259789,0.00275439878791274
1000,"nig_indep",204,TRUE,419,0.00229305122922807,9.2768534766294e-06,0.00166762558829922,-1.84933879062082,0.092821811909394,0.0142084235882025,0.0658930486011826,-0.00881987716864508,6.24597189397604e-05,3.27615829626976e-07,7.34431461240793e-05,0.0194513065151321,0.00127822537372127,0.000226920609372385,0.00145500758985027,0.0127444403666339,0.119199092228936,0.00304579275011111
1000,"nig_indep",205,TRUE,480,0.00235243257965223,9.03639075284653e-06,0.00167396224003559,-1.84667031448066,0.0924302801477603,0.0133547629926476,0.06481117641856,-0.0208296406706864,3.12491107352756e-05,1.52329582235849e-07,3.66337404821924e-05,0.0104693156385286,0.00132586510711759,0.000256575787381617,0.00166943146197599,0.0137706963054796,0.115562809729807,0.00300605900688036
1000,"nig_indep",206,TRUE,415,0.00221835142882813,8.96870404418727e-06,0.00162658652278395,-1.86751023364549,0.0954259323703834,0.0158823907166423,0.0686319745976253,0.00726579731259766,6.10290654491247e-05,2.85369759964291e-07,5.75722111750128e-05,0.0163543650682741,0.00116997983961424,0.000243997486580012,0.00153372820599589,0.0141783842614793,0.12602535743509,0.00299477946503366
1000,"nig_indep",207,TRUE,472,0.00258266987367136,1.22160741221354e-05,0.00190181672367145,-1.78124381084286,0.0971803915048196,0.0150529783222721,0.0684310066243231,0.00694916193606242,4.08547358116782e-05,2.22693963341107e-07,4.78071259693504e-05,0.0152218133883853,0.00141701359410002,0.000271152125996914,0.00159773868876724,0.0134807707444978,0.122690579598729,0.00349515008578107
1000,"nig_indep",208,TRUE,492,0.0024669282596996,1.12357181702183e-05,0.00181686569018342,-1.80921407744971,0.0938742913334246,0.0152526776224552,0.0673815907788906,-0.00160422008809397,3.94801905481067e-05,2.14193428701896e-07,4.56089331006888e-05,0.0153833055747043,0.00141065897244276,0.000288824920986202,0.0016763629019277,0.0147919794704949,0.123501731252866,0.00335197228064587
1000,"nig_indep",209,TRUE,451,0.00247016959116259,1.06947230071006e-05,0.00178842598934977,-1.81592118374447,0.0919509664770088,0.0133364479580887,0.0650543503955803,-0.0172116724657644,5.30114097598991e-05,2.92347658269036e-07,5.35785658327088e-05,0.0164405767951293,0.00116282037739372,0.000218068308201192,0.00133884000686787,0.0125939634771283,0.11548353977121,0.00327027873538336
1000,"nig_indep",210,TRUE,237,0.00219409958971963,1.12782488071431e-05,0.00164060524316129,-1.89731182832333,0.0871061282409347,0.013332805784863,0.0622714694945548,-0.0403805917562215,6.51550986200272e-05,4.4151684479142e-07,7.42117249676306e-05,0.0209425567159389,0.00084277007183892,0.000148349614235006,0.00108680528501759,0.0108267614917553,0.115467769463444,0.0033583104095874
1000,"nig_indep",215,TRUE,233,0.0156397966509844,0.000450059562491423,0.0113084243515688,-0.900761548822206,0.0293371143916153,0.00170657733833961,0.0214285066070762,-0.590427266640229,0.000334988931312041,1.04009014302902e-05,0.000348827388917664,0.0156118930340513,0.000792688122198604,5.35029403467992e-05,0.000846402624311231,0.015921478337673,0.0413107411981389,0.0212146072905303
1000,"nig_indep",216,TRUE,421,0.0140073851430803,0.000323401583590643,0.0100212004187354,-0.953509332711266,0.0275451436328642,0.00146252359331515,0.0209869719938041,-0.580571835098162,0.000229781462841366,6.67203714733472e-06,0.000266755395921678,0.0150981332730298,0.000671000207871563,3.66070099886157e-05,0.000668214153106299,0.0134849454563382,0.038242954819354,0.0179833696394931
1000,"nig_indep",217,TRUE,413,0.014931092642702,0.00037252214451511,0.0106259029977434,-0.929630916616884,0.0256390908293799,0.00116062212326446,0.0186378941014618,-0.644654366263035,0.000250442553835116,7.77523894365242e-06,0.000285071253560718,0.0165508427295823,0.000500961919120956,2.66167880403786e-05,0.000570478705263744,0.0137026521070382,0.0340679045916308,0.0193008327414936
1000,"nig_indep",218,TRUE,364,0.0114668814830398,0.000236746394494025,0.00841823900715351,-1.04203619737085,0.0182587515742863,0.000605244659115336,0.0134759016135649,-0.804775694151349,0.000242305146260975,5.87097280211642e-06,0.00023652826819314,0.0147084455221288,0.00043100927153977,1.73298450685462e-05,0.000429972578275941,0.0138521522033673,0.0246017206535506,0.0153865653897816
1000,"nig_indep",219,TRUE,266,0.00970861001700406,0.0001575765246848,0.00703183869505546,-1.13302983461766,0.0132279267059129,0.000293924447612775,0.00974624802832387,-0.953232639421783,0.000147918153924327,3.05928002482695e-06,0.000165042174950074,0.0133201508387508,0.000303959573081854,8.22628150265825e-06,0.000342980093031538,0.0131202997420575,0.0171442249055702,0.012552948844188
1000,"nig_indep",223,TRUE,164,0.0220812025541129,0.000821010637891466,0.0158608221485128,-0.728202254326866,0.210033994217768,0.0864493407737626,0.152238216078061,0.39382490278028,0.000512126524427226,2.45956320850915e-05,0.000506756412617745,0.0185831083832949,0.00435511003778243,0.0021131605178805,0.00462799190262825,0.0165715854933356,0.294022687515373,0.0286532831956735
1000,"nig_indep",224,TRUE,255,0.0136339283799622,0.000348978205885392,0.00994837080503099,-0.968555814257819,0.163483909576328,0.0444374526527875,0.115692801860435,0.260016392846056,0.000308232506443058,9.57808540068057e-06,0.000298486570381282,0.0141221905541018,0.00352652442780359,0.0012199173518039,0.00352856603789684,0.018428245089458,0.21080192753575,0.0186809583770585
1000,"nig_indep",225,TRUE,311,0.0106817810017607,0.000234229863923283,0.0080904022516338,-1.06269905811909,0.122532361453274,0.0270328743595774,0.0877262280931904,0.111189771742253,0.000295033544964156,6.9172401101507e-06,0.000284667987898613,0.0143528100123144,0.00300798604153633,0.000840374164731828,0.00304735565038234,0.0167875676221527,0.164416770311235,0.015304570033924
1000,"nig_indep",226,TRUE,293,0.0122553690033719,0.000315650095695787,0.00902078342920654,-1.03365067831631,0.122245475949089,0.0279854123629775,0.0886039783132554,0.119192196071394,0.00039295871764179,1.2182235018036e-05,0.000380662929517731,0.0201430822605265,0.0022929962594444,0.000678356292451346,0.002579386455427,0.0181184943985075,0.167288410725243,0.0177665442811985
1000,"nig_indep",227,TRUE,363,0.0088833339189573,0.000177065195480571,0.00662750850851574,-1.18242260591201,0.0982244221499223,0.0169822948395447,0.0701268453609865,0.00519819855055521,0.000205753768678319,4.66035985965862e-06,0.000210776549907405,0.0181145691346684,0.00194986294969244,0.000460865695396215,0.00196798267218627,0.0146525061781587,0.130316134225754,0.0133065846662685
1000,"nig_indep",228,TRUE,338,0.0149080095637847,0.000413993995193362,0.0109890560412227,-0.909174004848288,0.109976122475589,0.0198638277334021,0.078672221641847,0.0742201181259462,8.86851494463613e-05,2.78054332480305e-06,0.00013041439184954,0.0064007889776096,0.00238795226246642,0.000534205548476104,0.00257983575558695,0.0165986418226638,0.140939092282454,0.0203468423887679
1000,"nig_indep",229,TRUE,293,0.00803393811546773,0.000158156371108245,0.00606648370385075,-1.24822561061195,0.125322507590906,0.0311258512881141,0.0905406502873088,0.140864069386427,0.000300835491648837,7.02338017087882e-06,0.000326348079520299,0.0271359663544478,0.0030927050349418,0.000906157645909465,0.00360513632974768,0.0257414262747165,0.176425200263778,0.0125760236604519
1000,"nig_indep",230,TRUE,122,0.00381566997227777,3.02304298208115e-05,0.00288129489268185,-1.58692933829266,0.096362553840912,0.015812474494395,0.0692456730444509,0.00825861793032581,7.83195042838423e-05,7.60732357240769e-07,8.2882758303589e-05,0.0141850307780204,0.0014662209642786,0.000334088892303527,0.00193103288270907,0.0166107035066175,0.125747661983812,0.00549822060496044
1000,"nig_indep",233,TRUE,204,0.00688990335513736,8.82492128951988e-05,0.00516130057010619,-1.29413096768111,0.0996533554432566,0.0203335288874033,0.0739696137274391,0.0347308607007971,0.000159326760892298,2.32032523281858e-06,0.000153590675368908,0.0202568976900203,0.00323225620216296,0.000731654701005248,0.00287527090852463,0.0212483762114733,0.142595683270579,0.0093941052205731
1000,"nig_indep",234,TRUE,485,0.00541201707906756,4.91453400228284e-05,0.00388837985061025,-1.42148851676408,0.0928841028170044,0.0142137447910197,0.0659882179022509,-0.0125786658823008,0.000103067845155917,1.17587533966253e-06,0.000114586641143766,0.0173083935106164,0.00181307788163303,0.000355145266397069,0.00180201479234946,0.0159780800459857,0.119221410791098,0.00701037374344823
1000,"nig_indep",235,TRUE,459,0.00395352580196725,2.90459672933142e-05,0.00288994192251763,-1.58193087717887,0.0813756291440029,0.0108781422716329,0.0575772798048127,-0.0832067413620687,9.58280869378546e-05,8.86370447540796e-07,0.000101679994300044,0.0157020753953309,0.00120246140767065,0.000190042263918001,0.00142188905469015,0.0130271017173073,0.104298333024229,0.00538943107325014
1000,"nig_indep",236,TRUE,301,0.00395191718919611,3.28800503478933e-05,0.00298217631024721,-1.56743902611589,0.0747960816151491,0.00870437149559241,0.0523694736843376,-0.125245880926307,9.99577384764202e-05,9.2531248750201e-07,0.000101573605364278,0.0160502392483461,0.00145841795730337,0.000212901555593071,0.00170548173468228,0.015422174558798,0.0932972212640463,0.005734112864942
1000,"nig_indep",237,TRUE,366,0.00326452181245383,2.07719892455511e-05,0.00241945206157223,-1.67289556127522,0.0729213166354306,0.00876048509113448,0.0516270932293713,-0.137964438452162,8.62791371330759e-05,6.49445375500282e-07,8.6509949978527e-05,0.0152133944390441,0.00113995992997974,0.000175869706173354,0.00143245958323471,0.0132918445309844,0.0935974630592864,0.00455762978373091
1000,"nig_indep",238,TRUE,429,0.00280926849647776,1.59182706265086e-05,0.00211270699953175,-1.73183674634192,0.072421130382987,0.00857656770399707,0.0512365098620821,-0.141746196774891,6.65572705954071e-05,4.23897419902676e-07,6.70143749709535e-05,0.013348690138849,0.00118707135057269,0.00019371212474889,0.0012679533623301,0.0122464952342179,0.0926097603063363,0.00398977074861559
1000,"nig_indep",239,TRUE,307,0.00226836389394636,9.5024424727067e-06,0.00171437734457901,-1.83275702573208,0.0724384961190224,0.00844818817751603,0.0508858424589088,-0.143163998859284,6.39559818479554e-05,3.3422280656908e-07,5.87488927181659e-05,0.0148252985660532,0.00119076808461767,0.000177689336392565,0.0012719427240851,0.0121943437206179,0.091914026010811,0.00308260319741395
1000,"nig_indep",240,TRUE,390,0.00214751190666615,8.31660089876177e-06,0.00155794116194545,-1.89618117337079,0.0739099336072224,0.00851768131939119,0.0512351445718391,-0.139168051321243,4.70320580667563e-05,2.24011419882528e-07,5.06034394388798e-05,0.0149777739250905,0.00101323648237128,0.00014927142052333,0.00118811059443044,0.0111650906012212,0.0922912851757477,0.00288385174701505
1000,"nig_indep",241,TRUE,356,0.0020903588743731,8.18397251462095e-06,0.00154157103453855,-1.89787227701256,0.0675844197787758,0.00760084962042927,0.0482850974283781,-0.170027353864,5.2290558389918e-05,2.5425234758495e-07,5.28451330609698e-05,0.0157151597188187,0.00118526597501232,0.000157282616893341,0.00133121319513478,0.0137007418404012,0.0871828516419902,0.00286076432350184
1000,"nig_indep",242,TRUE,267,0.00190917137388475,8.07325945085468e-06,0.00143680895021065,-1.93960305788571,0.060314629477278,0.0059542747331456,0.0429760159415376,-0.223657239224578,3.96367777593766e-05,1.93059445019362e-07,4.29054307125013e-05,0.0136132952419429,0.00127712155070127,0.000171085840709759,0.00133045480289261,0.0136000956659357,0.0771639471070888,0.0028413481748731
1000,"nig_indep",243,TRUE,274,0.0016119205623811,4.78933399263016e-06,0.00120260122285936,-2.00554679540532,0.0601397164057093,0.00577910976881082,0.0421939861918126,-0.233126213002626,3.72696528601091e-05,1.33354992247313e-07,4.06728367403315e-05,0.0130482361984704,0.000975572445970505,0.000117945968137931,0.00105681490406436,0.0108655665557319,0.0760204562523195,0.00218845470426741
1000,"nig_indep",244,TRUE,355,0.00183764887925448,6.02469942615587e-06,0.00132718122311774,-1.97310183960901,0.0613790259911633,0.00617329666816861,0.0435063292370252,-0.219979765005939,4.23120549441201e-05,1.73531318534862e-07,4.94170056551073e-05,0.0151808334076692,0.00100518703018965,0.000138378628141711,0.00120879332993724,0.0120579480604299,0.0785703294390994,0.00245452631400763
1000,"nig_indep",245,TRUE,375,0.00177194853480507,5.95903853508617e-06,0.0013006786261935,-1.98344847062362,0.0543717409121068,0.00491690137767489,0.0389547513638646,-0.267152880023369,4.03892866404526e-05,1.6490336792911e-07,4.32787194849276e-05,0.0137458031470504,0.000924996098344497,0.000113017109803081,0.00109704644376686,0.0117553834453481,0.0701206202031534,0.00244111419951754
1000,"nig_indep",246,TRUE,177,0.00262608462315699,2.84862986383167e-05,0.00196475491092119,-1.81438957032212,0.0661059556267688,0.00753372868477394,0.047108292885706,-0.180005574988997,4.10949742444598e-05,3.24678068391703e-07,4.68533129740883e-05,0.0183022379365863,0.000982612040245893,0.000149333890794151,0.00124200854434407,0.0166470240467349,0.0867970545858207,0.00533725572165291
1000,"nig_indep",250,TRUE,117,0.0184742929132755,0.000621469597237128,0.0132597685756704,-0.801508984990694,0.0451995405585213,0.0045070236615692,0.0337261482701879,-0.364997342890032,0.000434045068557994,2.01402656282898e-05,0.000458234031151156,0.0234324982616173,0.00102774680126232,0.000122506358537432,0.00111421108707961,0.0239415360217649,0.0671343701956695,0.024929291952182
1000,"nig_indep",251,TRUE,362,0.00973391474878273,0.000174083631370484,0.00715008427547021,-1.12494841214422,0.0241105896375057,0.00130197671241992,0.0178520119359119,-0.685984046632178,0.000184756328800933,4.00960209785929e-06,0.000200130099845966,0.0133804804883486,0.000491534236497769,2.59289695423964e-05,0.000474095308611985,0.0143598108743191,0.0360829144113931,0.0131940756163698
1000,"nig_indep",252,TRUE,300,0.00991532933068028,0.000160849680697486,0.0070572917357568,-1.12897750218635,0.0207512322296023,0.0007595609503791,0.0152286350169874,-0.743028539655912,0.000176743056109078,3.79199619733148e-06,0.000194149582676436,0.0123495767064376,0.000415746978947898,1.73559802607924e-05,0.000458533279281837,0.0130024107889655,0.0275601333519833,0.012682652746862
1000,"nig_indep",253,TRUE,335,0.00948131564487592,0.000148227470326207,0.00675167967616876,-1.15007482963507,0.0265591448644843,0.00113792581237535,0.0186519051666982,-0.642661423259596,0.000167175583771384,3.42165339958674e-06,0.000192579580462048,0.0129751023404083,0.000403455698929274,2.32538214325133e-05,0.000441575074193827,0.0146530639439953,0.0337331559800643,0.0121748704439188
1000,"nig_indep",254,TRUE,352,0.00743956297543161,9.31283913461669e-05,0.00535946531103515,-1.27075432479883,0.0227799973478007,0.00086589061949865,0.0163294238273242,-0.712039073765653,0.00011816164723701,1.81047948222435e-06,0.000138669069181447,0.0121427207347704,0.000363337177271653,1.69183293730834e-05,0.000428933543139711,0.012280973405717,0.0294260194300665,0.009650305246269
1000,"nig_indep",257,TRUE,126,0.0379689630308516,0.00262145032925858,0.0281125907635751,-0.419774468041854,0.265297724200628,0.112528836946293,0.189412008046941,0.527928081569924,0.000650331972420484,5.70805196574229e-05,0.000586433597987414,0.0137127990610302,0.00678930257424629,0.00369428527454479,0.00555541941502918,0.0129294930106564,0.335453181452037,0.0512001008715665
1000,"nig_indep",258,TRUE,146,0.0240201130461594,0.00107123589392152,0.0172889978921145,-0.696441056634049,0.208997640572171,0.0782138709934858,0.150172510184259,0.388334176280955,0.00047606724851906,2.73111021233333e-05,0.000524190160655515,0.0158672147784782,0.00570516909412313,0.00262240062731246,0.00547408131389091,0.0155428074632244,0.279667429268204,0.0327297402055305
1000,"nig_indep",259,TRUE,259,0.0128431966538165,0.000323410676376596,0.00954899867993745,-0.991147901374712,0.155440426696918,0.03873933939072,0.109931950327105,0.249359785567483,0.000302212310885233,9.22301078324994e-06,0.000339579519808796,0.0194201101168807,0.00424766802245068,0.00140857735362158,0.00418064721536358,0.0161898577218109,0.196823117013018,0.017983622448678
1000,"nig_indep",26,TRUE,244,0.00847486322924993,0.000155375314334185,0.00633776562284025,-1.16742366542809,0.030886744333945,0.00189473528250574,0.0228234738978622,-0.538485308020737,0.000240928140903954,6.21695418186749e-06,0.00025214299984123,0.0237472408185868,0.000714429185574998,5.77321374175011e-05,0.000796823513791698,0.0209602287836531,0.0435285570919338,0.0124649634710329
1000,"nig_indep",260,TRUE,240,0.0111815709849368,0.00023579373730823,0.00820380549173259,-1.05434340634021,0.124074190334262,0.0270168373186621,0.0893110076887826,0.127354737403745,0.000293600839844146,7.65777375618892e-06,0.000277971029861869,0.01933747257262,0.0030330148062247,0.000911567687749216,0.00318069340430121,0.0166905245800001,0.164367993595657,0.0153555767494494
1000,"nig_indep",261,TRUE,271,0.00974051166498241,0.000183339036855443,0.00711414648780955,-1.15772667411851,0.0868796314645645,0.0134303128134957,0.0622054661474884,-0.0553947680908463,0.000255018470976863,5.8340394563206e-06,0.000267446640729807,0.0183469962598693,0.00203465374027808,0.000421119560705054,0.00209433036699921,0.0139551329738519,0.115889226477252,0.0135402746226006
1000,"nig_indep",262,TRUE,298,0.0103966261784677,0.000265300466749618,0.00795298192181886,-1.09383353698884,0.0935683785228605,0.0173129440876123,0.0679447734347571,-0.0176817343495853,0.000240071715493123,7.77907432121579e-06,0.0002717410091447,0.0226162112680431,0.00229118357698707,0.000543207757922381,0.00237605728948248,0.0170046284453654,0.131578661216826,0.0162880467444571
1000,"nig_indep",263,TRUE,376,0.00901149921139337,0.000222307510318142,0.00682268313681972,-1.18301485313603,0.0852859846524942,0.0129105879474851,0.0602862522136828,-0.0674484570233119,0.000344277822063367,1.0158529005573e-05,0.000314570020609445,0.0227927407389208,0.0023041129745675,0.000446135218355032,0.00210986972138294,0.0147746624726451,0.113624768195518,0.0149099802252767
1000,"nig_indep",264,TRUE,321,0.00637786942373714,0.000108057997316947,0.00485196203404674,-1.38763030201097,0.0909942325726816,0.0144420679963206,0.0648871941139784,-0.0335257938078057,0.000187993596947336,4.08186238006578e-06,0.000203149050131457,0.0203593019813608,0.00186292358354182,0.000414782120757312,0.00183988530369072,0.0144736072584975,0.120175155486983,0.0103950948681071
1000,"nig_indep",268,TRUE,319,0.00626963235058084,6.65931726666072e-05,0.00447807721920946,-1.36519580934373,0.0939854623542468,0.0150186245486487,0.0675781241692855,-0.00763015493691584,0.00013245848541257,1.84398906978853e-06,0.000151855254135195,0.018156823701553,0.00180705593605912,0.000380150133620622,0.00185709994734864,0.0152880540133096,0.122550497953491,0.00816046399824221
1000,"nig_indep",269,TRUE,328,0.00763273066777518,0.000108848883774403,0.00554570984461745,-1.26262589605924,0.0943860599285676,0.0150126043357849,0.0671277534369615,-0.00804579799113792,0.000139652322886523,2.31760740498713e-06,0.000159160093387221,0.0178715163494772,0.00171824602158398,0.00036461390618716,0.00204764597298831,0.016198217430644,0.122525933319379,0.0104330668441453
1000,"nig_indep",270,TRUE,383,0.00742747954020188,0.00010032047969191,0.00528241163464021,-1.29508517469337,0.0894633278410795,0.013623870289203,0.0639261012679669,-0.0378672308278576,0.000148473413076762,2.88302647101e-06,0.000164853228782886,0.0165413274570838,0.00183658554968547,0.000362068168827224,0.00181799653481651,0.0144586885491009,0.116721336049597,0.0100160111667225
1000,"nig_indep",271,TRUE,364,0.00725632510666583,9.34912875810491e-05,0.00521869802610996,-1.27812171485108,0.0753481238685001,0.00944608432291773,0.0539325690892051,-0.116038070515497,0.000120279880608093,1.95140181505622e-06,0.000131151268442728,0.0173039214504561,0.00138808749577138,0.000230112132294266,0.00163740649118144,0.0153252602007228,0.0971909683196835,0.00966908928395271
1000,"nig_indep",272,TRUE,344,0.00590109270758625,7.15608637575834e-05,0.00437838069357355,-1.37945093924725,0.064212676310914,0.00666684231467425,0.0451596187225974,-0.205706634867234,0.00011922898538983,2.47535897849254e-06,0.000117256291659396,0.0178581005316292,0.000979927534328312,0.000134035063615928,0.00110517105866102,0.0124770526652199,0.0816507337056701,0.00845936544650859
1000,"nig_indep",273,TRUE,246,0.00559117986255392,5.78298167845909e-05,0.00406370964231463,-1.40980562995519,0.0725783462247277,0.00827896737084582,0.051202974224265,-0.138208574562584,9.72600577086518e-05,1.22712852380104e-06,0.000113317794753131,0.0187056507091741,0.00102281197240427,0.000150641926520289,0.00124861945955473,0.0135925638271451,0.0909888310225262,0.00760459182235253
1000,"nig_indep",274,TRUE,180,0.00625587430102262,7.13742321874566e-05,0.0046263914364019,-1.31747070706227,0.0715876539211666,0.008667379477795,0.0510844652295443,-0.144112533166963,8.49795144782198e-05,1.31033985552575e-06,9.79448916491621e-05,0.018108587765253,0.000991816578179076,0.000149134550962125,0.00137134268068377,0.0147904811482419,0.0930987619562956,0.0084483271827893
1000,"nig_indep",275,TRUE,209,0.00451524727086807,4.75144729428243e-05,0.00332159842779808,-1.55552125355682,0.0496707847270968,0.00410112183367002,0.0351957837714199,-0.32912200770901,8.75408492306109e-05,1.09039998552691e-06,0.000100965581815045,0.0193768236130358,0.000733619404837476,7.9262511913409e-05,0.000922170191302291,0.0145684119629913,0.0640400018244068,0.00689307427370577
1000,"nig_indep",276,TRUE,249,0.00370010719992938,2.9186206841261e-05,0.00274470693425262,-1.63281615597194,0.0393642258765297,0.0026223946915596,0.0278388631599796,-0.449894074222683,7.09362650764177e-05,6.67859287494154e-07,7.54538532108371e-05,0.0151071075216557,0.000716978564844166,6.21837307052805e-05,0.000734141097364652,0.0138687518391093,0.0512093223110754,0.00540242601441806
1000,"nig_indep",277,TRUE,315,0.00380090512962815,2.83549747135902e-05,0.00281060855143243,-1.60646516278535,0.0383222927800208,0.00235928191309857,0.0267713106728049,-0.467313324653726,8.4902158897052e-05,8.43404818995503e-07,8.75276054514782e-05,0.0152126582315452,0.000673098131314522,5.78117208627193e-05,0.000747004766518726,0.0127720504331277,0.0485724398512013,0.00532493893989313
1000,"nig_indep",278,TRUE,287,0.00310431044568366,1.90417103700378e-05,0.00231057928642614,-1.69842985361967,0.0484772944459188,0.00402652203426569,0.0345694284527998,-0.340413328360139,6.8765005376622e-05,5.10958401721178e-07,7.86374297976314e-05,0.0140317658768861,0.001001805013715,0.00010459117594973,0.0010409561807179,0.0159011609359078,0.0634548818789042,0.00436368082815847
1000,"nig_indep",279,TRUE,292,0.00309827156712237,2.36307845141591e-05,0.00229996137839697,-1.72067553670973,0.0563305837669596,0.00549098634214685,0.0405054480292608,-0.263535792836905,6.25936499015344e-05,5.0820522917702e-07,7.46075188968825e-05,0.0161421152681466,0.00106104752144765,0.000139972633117231,0.0012603880673984,0.0171439757400141,0.0741011898834752,0.00486115053399492
1000,"nig_indep",28,TRUE,140,0.0104049000050497,0.000226934044397479,0.00762285266022404,-1.0997499039074,0.0543432914675373,0.00625873305178399,0.0404238311155791,-0.274706999634333,0.000282757188991613,8.23861569502114e-06,0.000269927276289135,0.0226920454972524,0.00140245654094636,0.000224898615512932,0.00121331904614434,0.0226315772498928,0.0791121548928102,0.0150643302007583
1000,"nig_indep",280,TRUE,124,0.00298568646491344,1.73903473125768e-05,0.00219896310393203,-1.70478345919114,0.0488483845700342,0.00400322457160175,0.0343877207980944,-0.339399173370091,0.000116278859441198,1.1299348216917e-06,8.72974431816034e-05,0.0155927846894319,0.00131934032879883,0.000148392520398558,0.00120203566534062,0.0137666605091786,0.0632710405446421,0.00417017353506743
1000,"nig_indep",283,TRUE,154,0.0133265022493973,0.000375776354317812,0.0100612526845972,-0.969239929045276,0.0551024382052019,0.0070213944504858,0.0408782334755085,-0.255075443764939,0.000335742776681613,1.09511300571784e-05,0.000331433282751161,0.0234112574618235,0.00148199227939097,0.000178301136456979,0.00139534383355859,0.0156365477966076,0.0837937614055235,0.0193849517491742
1000,"nig_indep",284,TRUE,436,0.00830725002317634,0.000117571277932149,0.0059349522845265,-1.22207438591468,0.0330941830148521,0.0023123519476911,0.025129141425825,-0.497886945663819,0.000145474197121842,2.55146519549133e-06,0.000175685293663502,0.0148780783786372,0.00075630480639497,5.39204695790747e-05,0.000773583727030343,0.0143556010113941,0.0480869207549319,0.0108430290017204
1000,"nig_indep",285,TRUE,250,0.00787669485967991,0.000104301166173768,0.00570630003217485,-1.23337411639376,0.0292238033776484,0.00159527579051556,0.0217103421514576,-0.572279610608282,0.00013710590485047,2.19778685697382e-06,0.000160086484880312,0.0155219024075078,0.000694433379115614,4.60641042754708e-05,0.000684990714114309,0.0130935055419619,0.0399409037268257,0.010212794239275
1000,"nig_indep",286,TRUE,319,0.00942138435899579,0.000141200590532695,0.00670891290168242,-1.14967238721157,0.0302346175594709,0.00156315544072282,0.0217586712645649,-0.567920228768019,0.000167744668247255,3.1159912645016e-06,0.00018243685640929,0.0165451801979559,0.000811520607852524,5.42989234801102e-05,0.000813555331160978,0.016643506249974,0.039536760625054,0.0118827854702799
1000,"nig_indep",287,TRUE,428,0.00728705388800853,8.49705059192518e-05,0.00523421246606112,-1.27154520314132,0.0279289999152012,0.00141763156756327,0.0209301881711004,-0.580812725532432,0.000179051938253898,2.60601214659192e-06,0.000192473732519583,0.0162156068256873,0.00077418047364956,4.81568217730227e-05,0.000809547929567381,0.0142638928934098,0.0376514484125547,0.00921794477740303
1000,"nig_indep",290,TRUE,291,0.033780858073171,0.00233338857789344,0.0253971692028803,-0.486638213162928,0.438144487614357,0.377313708326992,0.324129994200057,0.778930551031714,0.00107911195145228,8.69137868279338e-05,0.00104111499026143,0.018409920116849,0.0156260768566829,0.0155593687660714,0.0137105784915036,0.0192580041707429,0.614258665650711,0.0483051609861042
1000,"nig_indep",291,TRUE,231,0.0246068379516725,0.00109986536608604,0.0177995409135398,-0.67122024698677,0.412093030184898,0.317210659827631,0.295116883437684,0.721684368257614,0.00105236148105138,6.81513547982365e-05,0.000997842456711264,0.022165751348821,0.0143115009527382,0.0150756811091675,0.0127371347971546,0.0208805522407871,0.5632145770731,0.0331642181588235
1000,"nig_indep",292,TRUE,284,0.0122227045826968,0.00035952408786021,0.00908857749921859,-1.02026827630908,0.190659176841263,0.0691165483571224,0.138508512854575,0.34194597984284,0.000795195369129139,3.23686961353266e-05,0.000752521943787241,0.030117095158615,0.00697580848264246,0.00352537450412324,0.00679200613170926,0.0209172323619235,0.262900263136275,0.0189611204273432
1000,"nig_indep",293,TRUE,260,0.0103002436432003,0.000372630474448934,0.00777223729155075,-1.12647355125505,0.183612340694476,0.0787913726753892,0.1348368262281,0.333204454512887,0.000291820405198669,2.55673979020198e-05,0.000314770810811749,0.0249657907454905,0.00394577674445421,0.00345618584458793,0.00419393777773013,0.0224545296500867,0.280698009746042,0.0193036388913835
1000,"nig_indep",294,TRUE,284,0.00762181484058873,0.000147745841231119,0.00590421548278801,-1.24277765442732,0.162772414782089,0.0517793531439402,0.118125985596402,0.25663263663767,0.000280186399773988,8.7367692902027e-06,0.000271848134367342,0.0178463702819494,0.00515496952667533,0.00244771372305581,0.00500434786501081,0.020198286327128,0.227550770475382,0.0121550747110464
1000,"nig_indep",295,TRUE,354,0.0100952287134653,0.000249351488915593,0.00761182411581633,-1.13915856122708,0.170340167161045,0.065413240672379,0.124970943891657,0.256294966798757,0.000432097361315248,1.50670176462795e-05,0.00040032267663706,0.0209706081554246,0.0043265469019879,0.00182301044717988,0.00455094281019794,0.0193544637563041,0.255760123303808,0.0157908672629338
1000,"nig_indep",296,TRUE,364,0.0198916162312797,0.000977231304442692,0.0154963774391092,-0.719214660363829,0.178140008428824,0.0653733488978954,0.129841632076806,0.307803545468323,0.000625972686878867,2.84176972590151e-05,0.000545114037338124,0.0265310476636545,0.00718744389963074,0.00438009573501046,0.00709569816175708,0.0252917402720982,0.255682124713276,0.0312606990395719
1000,"nig_indep",300,TRUE,210,0.006449795231726,7.19549067190437e-05,0.00470758031999141,-1.32492682691174,0.301784152351578,0.153732103424897,0.217999225900933,0.593878472985463,0.000132095444172372,1.73927428720695e-06,0.000132247212267594,0.0115601680305276,0.00857322397471166,0.00508118137771052,0.00835569825100869,0.0246168403671879,0.392086856990766,0.00848262381100587
1000,"nig_indep",301,TRUE,257,0.00843427543269619,0.000145493448218358,0.00618084921103393,-1.22045249485239,0.164895606397028,0.0490161655596614,0.119247620858106,0.275785605971227,0.000195321944472554,3.77011516224049e-06,0.000201647222294866,0.0194925091814061,0.0035779662299288,0.00129484894204455,0.00383575602061957,0.0191213399408741,0.221395947477955,0.0120620664986709
1000,"nig_indep",302,TRUE,261,0.00963940477387041,0.000184506249800897,0.00722468199976696,-1.11855509046598,0.1405822072415,0.0321562942171907,0.0986837827069999,0.189066102490843,0.000189701128331269,3.98106423360752e-06,0.000204998264692478,0.0164912148071824,0.00259190646882478,0.000780411407256594,0.00261743963495846,0.0169160057856559,0.179321761694421,0.0135833077636081
1000,"nig_indep",303,TRUE,229,0.00434567899742581,4.60935368265463e-05,0.0033712353909237,-1.51404963530038,0.0954897365642395,0.0158828097172672,0.0674121985196333,-0.0150306910681155,0.000113828869517214,1.42921733786285e-06,0.000139290971729916,0.0162515647647469,0.00185942860215305,0.000369335978634117,0.00184629221607331,0.0146479752496686,0.126027019790469,0.00678922210761633
1000,"nig_indep",304,TRUE,286,0.00271734925363343,1.59238367049608e-05,0.00211832488166545,-1.72764608785747,0.0736857340792968,0.00832476894280291,0.0512788634676943,-0.141333430786961,6.87606994897664e-05,4.43052964693042e-07,6.89188736855849e-05,0.0118582384038972,0.00131923012857367,0.000203626843065649,0.0014491907326426,0.0144206097080257,0.0912401717600472,0.00399046823129327
1000,"nig_indep",305,TRUE,147,0.00359814528114892,2.95961960269357e-05,0.00277290557533126,-1.59729591526888,0.075189370423032,0.00911403192477937,0.0527639081120251,-0.128245333264162,7.17891462482379e-05,6.24653898404602e-07,8.59351204047207e-05,0.0141221390031122,0.00150611108715795,0.000287089680351563,0.00147236042816051,0.0148489458898685,0.0954674390814971,0.00544023860018434
1000,"nig_indep",306,TRUE,161,0.00338574833392098,2.05132935756495e-05,0.00248436791811013,-1.63217320222932,0.0685769081303839,0.00740884028791632,0.0478288756602823,-0.171100805803522,6.60717277176313e-05,4.99793659358002e-07,7.36263796850765e-05,0.0112726188792579,0.00135679419965962,0.000174690865424467,0.00144835974078119,0.0150416101976496,0.0860746204633882,0.00452916036099954
1000,"nig_indep",307,TRUE,229,0.00472888596505336,4.01741162812714e-05,0.0034635212315164,-1.48892280930458,0.0543498996260057,0.00544004967770514,0.0396020646041262,-0.271266077737237,0.000109463726090051,1.13749492926991e-06,0.000106169802026065,0.0169766456589312,0.00105583775821135,0.000116903592930983,0.00104117392321058,0.0128020204154207,0.073756692426553,0.00633830547396316
1000,"nig_indep",308,TRUE,242,0.00458095141548596,3.38118237923777e-05,0.00325742037031789,-1.51714958052847,0.043068081609401,0.00355816237772597,0.0308936096419347,-0.408842705739437,9.58298735399186e-05,9.29219448591437e-07,9.88056810610941e-05,0.0135526629826132,0.000655973176496439,6.17420752185628e-05,0.000800120631805937,0.014404694223467,0.0596503342633214,0.00581479352964297
1000,"nig_indep",309,TRUE,242,0.00613940359336686,6.88705407690664e-05,0.00441419852839667,-1.36380366895311,0.0400544899147336,0.00297809106808844,0.0288115853400238,-0.44650158001991,9.23903138114956e-05,1.18482883558691e-06,0.000104098412548764,0.0157832382352077,0.000691430909952222,6.64023674085925e-05,0.00071845515968312,0.0140698194888185,0.0545718889913886,0.00829882767438067
1000,"nig_indep",310,TRUE,240,0.00504980894188813,4.38055759600972e-05,0.00366875517344262,-1.45730664075362,0.0395916731922822,0.00251318006808724,0.027300472848817,-0.466011647851614,0.000113084287533742,1.18450532017617e-06,0.000104177055117762,0.0165643031316397,0.000786555094869905,7.24302885142352e-05,0.000866714222616723,0.0147616906226669,0.0501316274230873,0.00661857809201472
1000,"nig_indep",311,TRUE,269,0.00535052474528475,5.42133569895586e-05,0.00391346625846103,-1.44075573720527,0.041688792225383,0.00310078617311458,0.0295875206222693,-0.426171952052413,0.000123469233691288,1.57682066795909e-06,0.000126987474878782,0.0189829018228269,0.000985189086337538,9.54085925667282e-05,0.000979822406007017,0.0154129194759317,0.0556847032237272,0.00736297202151133
1000,"nig_indep",314,TRUE,402,0.012096108950807,0.000339356926036587,0.00905881386073414,-1.02767534847453,0.126209268282618,0.0423126475463184,0.0937570811765281,0.118942496929724,0.000287720822304392,8.3627384864815e-06,0.000339024225276296,0.0193406697863324,0.00363448451895962,0.00185182289328412,0.00418350198048819,0.022684418939744,0.205700382951317,0.0184216428701836
1000,"nig_indep",315,TRUE,448,0.00820000598851138,0.000127907690200368,0.00599048549939952,-1.22534495858577,0.0776780221451122,0.0109047480898924,0.0557801015231291,-0.102780433479645,0.000170182714307051,3.23087264203033e-06,0.000189360829272627,0.0157222168754126,0.00156096103520478,0.00031172468152473,0.00166847323882518,0.0183110365149495,0.104425801839835,0.0113096282078753
1000,"nig_indep",316,TRUE,404,0.00743577042501773,0.000113687090139562,0.00553746967905833,-1.25957505657881,0.0629753907005584,0.00790812779873887,0.0452404020809039,-0.219979127677225,0.000170282737649513,2.98547474120113e-06,0.000174395263354435,0.0142723418894271,0.00171277191137485,0.000243853809026345,0.00180234393331294,0.0175267821377437,0.0889276548590981,0.0106624148362161
1000,"nig_indep",317,TRUE,474,0.00900631956626209,0.000155640570797298,0.00666824669015794,-1.16337614605187,0.0779120118518951,0.0123093855762742,0.0572117057314479,-0.0925991570858967,0.000173779213433644,3.45217744816904e-06,0.000190079286841671,0.015368582655691,0.00206904384358579,0.000392618359139557,0.00189112597651042,0.0201292820561401,0.110947670440952,0.0124755990155703
1000,"nig_indep",318,TRUE,476,0.0139739033061261,0.000432403654141719,0.0103867781016204,-0.964819987038503,0.112568971354667,0.0280952790867682,0.0832800085238044,0.0795763278178659,0.000348123125725023,1.32168601743506e-05,0.000401440718376143,0.0183293195986477,0.00354199717344547,0.00136406015587558,0.00414167717042062,0.0238690806405504,0.167616464247305,0.0207943178330456
1000,"nig_indep",319,TRUE,384,0.0175485183376892,0.000550555394936957,0.0129460859177751,-0.823290405799285,0.117363208600796,0.029311720375953,0.08948363164459,0.143970581817341,0.000613028687889007,2.51827799311664e-05,0.000632441116327921,0.0193134723474262,0.00430421332453824,0.00131990687270407,0.00413118976527058,0.0175129090073226,0.171206659846961,0.0234639168711653
1000,"nig_indep",32,TRUE,742,0.0078967249899513,0.000137057184808094,0.00599139555579678,-1.2237755705263,0.0744813011672341,0.0168371378170384,0.0575795318282553,-0.0999193153021871,0.00015702497161609,3.07227749876637e-06,0.000162524002205934,0.0184432936379052,0.00166640408129115,0.000354385474674305,0.00177454900436737,0.0223163989790603,0.129757997121713,0.0117071424697957
1000,"nig_indep",320,TRUE,510,0.0393033746396031,0.00336472091885478,0.0293004303466351,-0.433729535042635,0.420595545050623,0.490221900535666,0.326608010524485,0.734245834072555,0.00103621197865328,0.000123446307556316,0.00115767833501973,0.0262043759756282,0.010935310307693,0.0140727787061038,0.0102963794318436,0.0219801915712488,0.70015848244213,0.0580062144847841
1000,"nig_indep",321,TRUE,427,0.0293810179392009,0.00189843459439054,0.0215710825001007,-0.615626546193884,0.312648693178468,0.244222529230006,0.236866587367784,0.563926226377707,0.000854330522264667,7.22629915697111e-05,0.000772139320286253,0.0185298562448114,0.00937503507572845,0.0085611261013803,0.00940999181834717,0.0213339137373942,0.494188758704613,0.0435710293014813
1000,"nig_indep",323,TRUE,310,0.0314257234568506,0.00205690648676222,0.0232691375241596,-0.559924710772247,0.43413193912973,0.378470970158925,0.315229118211781,0.731492252562957,0.00116941002445171,9.56038364162349e-05,0.00117080909411546,0.0307367097534459,0.0145462576682247,0.0159449493050852,0.014547924407345,0.0268768859993139,0.615199943237095,0.045353130947733
1000,"nig_indep",324,TRUE,367,0.0119067650297735,0.000268465375896928,0.00904708427310383,-0.989832378370063,0.204332463047675,0.0795640272336254,0.150012878233027,0.38396740719859,0.00037603648132192,9.68826976884672e-06,0.000416132871285684,0.0157508266270778,0.00528342447342762,0.00239256242583584,0.00545755234638334,0.0181002825795081,0.282070961344172,0.0163849130573503
1000,"nig_indep",325,TRUE,355,0.0119314695077258,0.000344590867688157,0.00891136078748814,-1.05037036312214,0.217397369404813,0.097608748594179,0.158372045025124,0.390834276152007,0.000403712810011531,1.405908877219e-05,0.000433968376860273,0.0227248531083539,0.00603501567276381,0.00353270719924058,0.00629869446270985,0.0217847269851753,0.312423988506291,0.0185631588822635
1000,"nig_indep",326,TRUE,475,0.0106253861491298,0.000254109432397597,0.00810430663615666,-1.0650811081166,0.242887432672401,0.137459791910241,0.179138860836214,0.433782996818549,0.00038983344322539,1.05055977956294e-05,0.000375505731546843,0.0179996717198949,0.00693332465261461,0.00484222922759208,0.00654366371196695,0.0233017206642858,0.370755703813496,0.0159408102804593
1000,"nig_indep",327,TRUE,453,0.00899809427728812,0.000180930938815509,0.00680877442197544,-1.16715151939656,0.198120119266221,0.0972003367714816,0.148042100486363,0.334965059602573,0.000262875054643564,6.83686370298256e-06,0.000247146493412561,0.0159835677329329,0.00603629822182503,0.00319807954498631,0.00649032743293198,0.0226892488922073,0.311769685459446,0.0134510571634912
1000,"nig_indep",328,TRUE,513,0.00677311457689051,0.000104382098391357,0.00530661606762889,-1.27163801462344,0.156825361107283,0.0638432881281143,0.119848290098955,0.247806517752413,0.000234668570977956,4.88409666137594e-06,0.000222809069294847,0.0158662230064657,0.00491734150008386,0.00232010337426719,0.00445951587435744,0.0173684453578755,0.252672293946357,0.0102167557664533
1000,"nig_indep",329,TRUE,319,0.0119384582842592,0.000328636340955068,0.00904030322425304,-1.01454671065987,0.276878997863175,0.157802996676039,0.204618427006945,0.545091493179634,0.000305566421847278,8.15984817728701e-06,0.000315682543250529,0.0166428742062145,0.00744264577978652,0.00479772845464388,0.00741048397167834,0.0217479697357132,0.397244253169305,0.0181283297894502
1000,"nig_indep",33,TRUE,1151,0.0129361337781882,0.000423554486016315,0.0095943811070411,-1.01182651502735,0.111965908324822,0.0356115267953352,0.0851816874563481,0.0801617013847125,0.000673187297383987,5.41675575955202e-05,0.000656716060290077,0.0329901020976396,0.00427504520741984,0.00206356977755859,0.00440094282422564,0.0292554907224433,0.188710166115488,0.020580439402897
1000,"nig_indep",330,TRUE,499,0.00765982099930793,0.0001308798304844,0.00591142188592259,-1.22421862074593,0.169219486263277,0.0660711255823073,0.126807020520442,0.28672529749291,0.000168155989928437,3.17459652387642e-06,0.000180397628546472,0.0129033867516472,0.00526905896299073,0.00224610683891466,0.00544055107369178,0.0177081785486349,0.257043042275622,0.0114402723081402
1000,"nig_indep",331,TRUE,119,0.0109574298123861,0.000270439341538591,0.00827750033216435,-1.092049780708,0.173782899346588,0.0599530805790012,0.12794972084224,0.286309260780716,0.000304903813046993,7.99241355213732e-06,0.000270405924342114,0.0182694637776391,0.00328161418116393,0.00127233420916633,0.0038845396143114,0.0161554215557,0.244853181680372,0.0164450400284886
1000,"nig_indep",332,TRUE,349,0.00838174883281789,0.000176771814705492,0.00637620172854026,-1.22603256335329,0.108237058017413,0.0243042223255303,0.07953013241195,0.0684372826029693,0.000251003465804952,6.14896074501029e-06,0.000255387945749758,0.0216343397055065,0.00337435623406724,0.00109328720946712,0.00368249561976365,0.0192863419234878,0.155898115208396,0.0132955562014341
1000,"nig_indep",333,TRUE,399,0.00243439492280438,2.17934880100631e-05,0.00189107943925786,-1.84452435261429,0.0701255750766438,0.00803906119785979,0.049644851342566,-0.160145342653325,8.32244310892834e-05,6.54011278990886e-07,8.52163932844528e-05,0.0209394244519254,0.00194060015253209,0.000323681201490961,0.00222476070619127,0.0168285645551329,0.0896608119406678,0.00466834960238231
1000,"nig_indep",334,TRUE,347,0.00196158874010341,1.0337933080333e-05,0.00149441701926225,-1.93578321109133,0.0637331522558595,0.00805810804079009,0.0464685065649855,-0.194635166430048,5.34973530044144e-05,2.70587648168138e-07,6.24488719687282e-05,0.020659121456378,0.00138230182320903,0.000197055930787995,0.00150522249634042,0.0145508787040415,0.0897669651976165,0.00321526563137993
1000,"nig_indep",335,TRUE,293,0.00235461539017783,1.13279524634127e-05,0.00172735551307538,-1.85462428407233,0.069913727770441,0.0081972301743873,0.0497632869244216,-0.154443727221215,5.9336385762145e-05,3.71050536401284e-07,5.68274932834115e-05,0.0156466213995324,0.00154231889608742,0.000239656969191627,0.00162760696752976,0.0174178732499433,0.0905385562861884,0.00336570237296953
1000,"nig_indep",336,TRUE,170,0.0029424453204333,2.25229109933777e-05,0.00233610201957194,-1.72249035621576,0.0486723519999829,0.00388706259536614,0.0347854533295407,-0.331309264330216,0.000122151197036038,1.46743853848437e-06,0.000112038589567219,0.0191820584062688,0.00112749021111721,0.000121131837933949,0.00106908948759121,0.0141201368957958,0.0623463118024325,0.00474583090653025
1000,"nig_indep",337,TRUE,298,0.00301311908231583,3.9482985762483e-05,0.00226009353786231,-1.75554594548496,0.0410166414617047,0.00354121130761868,0.0288827733392273,-0.458657627753521,0.000107872692746557,2.66637881775916e-06,8.73125666088003e-05,0.0181066675822479,0.00127165735076921,0.00026232127844328,0.00124738828652293,0.0183704793534901,0.0595080776669746,0.0062835488191374
1000,"nig_indep",338,TRUE,339,0.00441603521070328,5.54983088586902e-05,0.00328734116939725,-1.54018524396562,0.03990187092237,0.00301046770046353,0.0286771003704967,-0.449358058667711,0.000102920234106434,1.66423353963038e-06,0.000109017250072858,0.0263245967506194,0.00078836072295067,8.38903882275883e-05,0.000898479888348394,0.0190538037715145,0.0548677291352898,0.007449718710038
1000,"nig_indep",339,TRUE,304,0.00678942946253368,9.4475794590701e-05,0.00496609027933359,-1.32405037382708,0.0418411002943005,0.0031446289319413,0.0290646674771399,-0.449890344151166,0.000129378278689546,2.6411004828843e-06,0.00014374150274024,0.0158586504801812,0.00156670036726094,0.000241136509711311,0.00161022972393992,0.0214938526080927,0.0560769911099133,0.00971986597596392
1000,"nig_indep",34,TRUE,470,0.0250760745369354,0.00121062837749245,0.0180639016897414,-0.680545495680658,0.29510678894962,0.215708218846236,0.219125222397942,0.580112508481013,0.000599013269951538,3.61222119182797e-05,0.000609737959295068,0.019262399959727,0.0053488933739783,0.0037045912134864,0.00557604659036876,0.0218006082807136,0.464443988922492,0.0347940853808869
1000,"nig_indep",341,TRUE,329,0.0396231319002846,0.00309930674607779,0.0296287998196586,-0.410690680182024,0.218312945819985,0.0964612681800791,0.166262873283113,0.450238876466478,0.000869846637965702,7.40311391976489e-05,0.000929583894140994,0.021725673738985,0.00587708092906609,0.00331657220330714,0.00577225528901946,0.0255093320734508,0.310582144013591,0.0556714176761989
1000,"nig_indep",342,TRUE,415,0.0200969478396225,0.000819784658322851,0.0152287547877978,-0.747611461715259,0.119195147790703,0.0345721399617607,0.089278870391689,0.105689919460969,0.000722033198102654,3.2488133748273e-05,0.000733954471979435,0.0192877997195474,0.00400156758524617,0.00150028463870245,0.004253740727005,0.0236521073928995,0.185935849049506,0.0286318818508817
1000,"nig_indep",343,TRUE,464,0.0124314586342136,0.00040433344846508,0.00938532135305199,-1.02201307582603,0.0651470213157279,0.00912798273368498,0.0485999381786753,-0.181732508757757,0.00044544074241708,1.80793613654562e-05,0.000449791782975006,0.0198868162236254,0.0018901626104031,0.000284761656748849,0.00192249952229243,0.016764090116739,0.0955404769387561,0.0201080443719691
1000,"nig_indep",344,TRUE,248,0.0124182937527406,0.000334377116868077,0.00901628767301223,-1.05617219941846,0.0669166969433183,0.0086130932282359,0.0495832294946632,-0.164030382058001,0.000325216009992023,1.18812750084049e-05,0.000342952928063464,0.0160935135468465,0.00214767451104895,0.000335762162320346,0.00207254247634872,0.0180620993067393,0.0928067520616679,0.0182859814302672
1000,"nig_indep",345,TRUE,444,0.0140567042861611,0.000425523433526609,0.0103838673856248,-0.971560585974358,0.0707387877441522,0.0111801572405931,0.0531249275854605,-0.13580044336105,0.000364765831738015,1.33729417100935e-05,0.000366159231302887,0.0155642856684222,0.00227666754538417,0.000437001609087076,0.00229454906906476,0.0168259201612905,0.105736262656636,0.0206282193493915
1000,"nig_indep",346,TRUE,655,0.0382562301974229,0.00286413743019285,0.0283860490260023,-0.423486008230557,0.316912808364809,0.259571225544524,0.245623040030079,0.662911703343454,0.000774098103106738,7.01101763137939e-05,0.000858893944016347,0.0245549434913164,0.0136515461347273,0.0236121445196419,0.0147831032257414,0.0497348970107387,0.509481329927333,0.0535176366274974
1000,"nig_indep",347,TRUE,389,0.0201051553975902,0.000797338331815899,0.0150584879972064,-0.768399003386627,0.11481148945416,0.0262879300403881,0.0854674258023822,0.117727845570209,0.000562082123808687,2.74352127841593e-05,0.000592098999508089,0.0176339528914013,0.00417991221993631,0.00112941999314799,0.0039998773369334,0.0183282568539626,0.162135529851998,0.0282371799550858
1000,"nig_indep",348,TRUE,391,0.0210018285773957,0.000951108905762203,0.0155864108857212,-0.769890153399784,0.072057727290482,0.0103046205121968,0.0532662235242723,-0.134132631803095,0.000553744091006215,2.95206646496342e-05,0.000553323818594104,0.020466583249075,0.00326061184975016,0.000617263174389708,0.00333061409714582,0.0232618382854656,0.101511676728329,0.0308400535953199
1000,"nig_indep",349,TRUE,340,0.0118496697432273,0.000313925487505588,0.00892371696765411,-1.04245361964794,0.0574059867093499,0.0101805674408282,0.047644127317018,-0.272221568367176,0.000478205173767636,1.67890857586163e-05,0.000492759886618877,0.0177609803843115,0.00461522572998135,0.00119661004832019,0.00425993689944076,0.0218022621229405,0.100898798014784,0.0177179425302598
1000,"nig_indep",350,TRUE,318,0.0232262986836325,0.0010885915612455,0.0169316592550674,-0.753820871934026,0.0966418944253589,0.0292721272732669,0.0786267161605074,0.0134915812277803,0.000502817101891707,3.23758816524025e-05,0.000605192055717291,0.0229517536756819,0.00333371932565996,0.00114147947743226,0.00397621616247973,0.0175748759374204,0.171090991210136,0.0329938109536546
1000,"nig_indep",351,TRUE,294,0.0307116201785669,0.00167658592131124,0.0225733218190776,-0.524757990316215,0.129381073062957,0.0313941159710969,0.0948641713411011,0.147858543888195,0.000677856568952292,4.3344095865747e-05,0.000742426509128644,0.0283964889272582,0.0041802199295469,0.00119173381280047,0.0042215389786406,0.0220234129176666,0.177183847940767,0.0409461343878911
1000,"nig_indep",352,TRUE,392,0.0233439284333739,0.00123814955519598,0.0169759454327812,-0.758163177962302,0.129291006042285,0.0509886717523173,0.0983844568044934,0.0551397056456842,0.000563837114663724,3.50047107296854e-05,0.000612131193243939,0.018800080615095,0.00475362479575459,0.0020714322811839,0.00493742064797164,0.027146193118495,0.22580671325786,0.0351873493630307
1000,"nig_indep",353,TRUE,360,0.023950546695875,0.00145261485940062,0.018055398844938,-0.681944178626793,0.180473779731796,0.0792919137987343,0.138245613821704,0.275662417289089,0.000556135527879372,3.78841898799283e-05,0.000615494252615595,0.0251442213257415,0.00877764383411717,0.00531815216189923,0.00845558923625798,0.0298161550778966,0.281588198969229,0.0381131848498734
1000,"nig_indep",354,TRUE,489,0.0214655350260779,0.00088815332998918,0.0156793867173733,-0.762932383650826,0.219048936196022,0.112923457819424,0.167513775077797,0.407917429019022,0.0006823641268899,3.4053908244732e-05,0.000613986109794287,0.0249230719202891,0.00832467140081124,0.00493854632707281,0.00800142000972424,0.027705413615472,0.33604085736622,0.0298019014492227
1000,"nig_indep",355,TRUE,568,0.0239448873239362,0.00116507265874261,0.0177818586582698,-0.685973667877808,0.24916342973763,0.116553465144687,0.182215858780034,0.479285214886085,0.000751869599371463,4.34560932385439e-05,0.000700373615844649,0.0251899502447592,0.00800656451563303,0.00482905683501106,0.00788503441807817,0.0240340031600738,0.34139927525507,0.03413316069078
1000,"nig_indep",356,TRUE,299,0.0258728838276059,0.00166984998861714,0.0196119994777514,-0.685796320616279,0.236707892865554,0.114255421965615,0.175274721934229,0.464456856819826,0.00063409986756334,4.32089897605689e-05,0.000663382691897096,0.0209544270354209,0.00525026252002673,0.00291480715726685,0.00570689125450804,0.0252918571439123,0.33801689597654,0.0408637980199729
1000,"nig_indep",357,TRUE,487,0.0186525379536837,0.00079055319073534,0.0137113071000964,-0.832881355757268,0.242033945314217,0.136647671686883,0.183565186072798,0.468454275819715,0.000541914056254816,3.06936011923341e-05,0.000584430756653573,0.0223722051912398,0.0117287364513278,0.0103778218811799,0.0129330838298667,0.0462043017869598,0.369658858526186,0.0281167777445308
1000,"nig_indep",358,TRUE,444,0.0120269787335794,0.000334984482145518,0.00908499471575331,-1.05499359236565,0.160968065437102,0.0580578029248086,0.120276110157878,0.237314590155696,0.000336661563740118,1.02189146549272e-05,0.000366586554896554,0.026144013690006,0.00458013751106448,0.00200625337366986,0.00478519091597071,0.0291039564336835,0.240951868481671,0.0183025812973339
1000,"nig_indep",359,TRUE,327,0.0160682418283448,0.00104473681209465,0.0120004871198782,-0.982280043791202,0.19906767681938,0.0858761915280452,0.142052732441888,0.299084251272886,0.00113716167312789,0.000124630623794084,0.00133660742623919,0.0694357514326663,0.00989260303330416,0.00705906705598749,0.0107137502523991,0.0364362208634724,0.293046398251276,0.0323223887126965
1000,"nig_indep",360,TRUE,305,0.0132271944232647,0.000507127930678863,0.0101557986869631,-1.0121874585309,0.150384990293644,0.0543924142896606,0.111863783420357,0.198109708860664,0.000624113543043853,3.43995363106546e-05,0.000752828628554936,0.0506451150674235,0.00506521346855646,0.002032583832602,0.00478515686200376,0.0281953952586071,0.233221813494494,0.022519501119671
1000,"nig_indep",361,TRUE,230,0.013011228917501,0.000477312701289838,0.00985058415670508,-0.983189100496105,0.10625635040929,0.0221550366192206,0.0765832216462828,0.0249330355796547,0.000548528775304959,3.10259327392931e-05,0.000555319993874168,0.0453128830467697,0.00397984448697159,0.00135741139625675,0.00412979711565569,0.0278652540330066,0.148845680552781,0.0218474872992259
1000,"nig_indep",362,TRUE,261,0.0059246171439003,0.000134438047117715,0.0042011285486793,-1.44674659091386,0.0622850649754742,0.00866319984960754,0.0445804058007786,-0.25914645998333,0.0003231496909814,2.35226703725632e-05,0.000287962765142798,0.025016932632974,0.00165877314376599,0.000446760845314943,0.00136328978835298,0.0198799812836031,0.0930763119682314,0.0115947422186832
1000,"nig_indep",363,TRUE,189,0.00740782607313815,0.000120330643581531,0.00561381361263041,-1.25864316646302,0.0510557733900155,0.00536384045294407,0.0377277487599378,-0.316571122297197,0.000244051318715951,4.62143967503078e-06,0.000254550588458608,0.0210055050141436,0.00149544969267156,0.000190706981187463,0.00133388119829934,0.0179155441742575,0.073238244469294,0.0109695325142656
1000,"nig_indep",365,TRUE,363,0.0375853317192536,0.00282929946231985,0.0276082615020197,-0.460106531195936,0.111951963596028,0.0510715398206032,0.0872216058797122,0.0861617301758463,0.00120572437513982,0.000117704523076218,0.00123106464627078,0.0259555022261482,0.00407818396229149,0.00224377192334632,0.00460152430447083,0.0249410704374494,0.225990132131036,0.0531911596256356
1000,"nig_indep",366,TRUE,473,0.0301727557042399,0.00212713171022542,0.0231141890392653,-0.576356562907286,0.112109011321722,0.0245199411117069,0.0818702418154082,0.0896895887779336,0.000938033450391445,8.81954241146051e-05,0.00100076487145808,0.0282689042859076,0.00504751033482233,0.00143592531017811,0.00513965085808869,0.0333692550275008,0.156588445013375,0.0461208381344639
1000,"nig_indep",367,TRUE,400,0.0177941097538394,0.00064280021267105,0.0130962513352892,-0.84091658238639,0.0685106211544407,0.00964958990060586,0.050794678599874,-0.155758869822564,0.000445242456688506,1.96984014475809e-05,0.000485120783206391,0.0212885743479535,0.00241461034005768,0.000366228205406446,0.00235531390180868,0.022655414128725,0.0982323261488084,0.0253535049385889
1000,"nig_indep",368,TRUE,466,0.0152914352792937,0.00057382182821135,0.0114062172770147,-0.972965278483252,0.0639157718328443,0.00779383047310171,0.0460884315528455,-0.216014827548042,0.000414156388323941,1.97131572294127e-05,0.000437182402051784,0.0208080877111684,0.0021079148634638,0.000336494024912919,0.00206322094658466,0.0229541055272462,0.0882826736857335,0.0239545784394414
1000,"nig_indep",369,TRUE,449,0.0140675762442402,0.000382477408358267,0.0107840744066015,-0.917686145282653,0.0610241943220619,0.00851380180131538,0.0468942291692244,-0.204369426711478,0.000635872990591909,2.24592923438348e-05,0.00059296737400929,0.0212671978729225,0.00383343982165744,0.000862118078553702,0.00343515102355659,0.0256627927567775,0.0922702649899488,0.0195570296404711
1000,"nig_indep",370,TRUE,143,0.00582109670968821,7.43972660884239e-05,0.00481228275686567,-1.30291783874902,0.0949531908029435,0.0181112173537286,0.0707970288314129,-0.00384973474693339,0.000238797268061094,3.26059283578267e-06,0.000272669708473597,0.0172626121081897,0.00257412533534533,0.000598259237267738,0.00280142164067665,0.0169733429313437,0.134577922980438,0.00862538498204132
1000,"nig_indep",371,TRUE,154,0.00376931831077455,3.94962067455375e-05,0.00297466162820459,-1.58927459811593,0.0514205381455734,0.00560066240031344,0.0384694593640031,-0.316220005049667,0.000143281984185023,1.434413461329e-06,0.0001301808637186,0.0216989395665397,0.00139104676750772,0.000178903084248044,0.00133493191173569,0.0182129312279139,0.0748375734528682,0.00628460076262108
1000,"nig_indep",372,TRUE,167,0.00683742338315367,0.000112350167585221,0.00527118024759499,-1.28492530726414,0.0698541154386425,0.011382253011328,0.0521578085312397,-0.166411992771832,0.000269462842050677,5.23173627670928e-06,0.000259399966345072,0.0197486922367449,0.00210222458436936,0.000386353223321469,0.00205657232807344,0.0184738483043396,0.106687642261548,0.0105995361967032
1000,"nig_indep",373,TRUE,304,0.00687079141869297,0.000222222529964984,0.00554615882106523,-1.30992834446317,0.058979973432389,0.00679607958548306,0.0435391527508997,-0.233178253698846,0.000239034201036424,1.25433449634576e-05,0.00025896999280129,0.0244498396619743,0.00156538969585523,0.000229505091065951,0.00159990920409575,0.0169150959909379,0.08243833808055,0.014907130172001
1000,"nig_indep",374,TRUE,487,0.00829538755722745,0.000363861125281945,0.00651123369070371,-1.32833877964948,0.0513500356506671,0.00552591614502461,0.0376894027383782,-0.312219562253967,0.000291393095061725,1.10689505500316e-05,0.000288623204008467,0.0219414540051871,0.00121729641532177,0.000166261834937486,0.00119110012217802,0.0156447722510209,0.0743365061394777,0.0190751441746044
1000,"nig_indep",375,TRUE,399,0.00698198345855139,0.000142057752793274,0.00573213682257038,-1.28186304246713,0.04415542637606,0.00466593990059686,0.0337105963756634,-0.381838106983162,0.000443214227517728,1.12748688012524e-05,0.000459684470975594,0.0252619094046297,0.00281848089417616,0.000401391752001679,0.00259940600827212,0.0212145601973506,0.0683076855163228,0.0119187982948481
1000,"nig_indep",376,TRUE,402,0.0211016690852414,0.00175463386919695,0.0175182173044746,-0.764579956178177,0.102364689412042,0.0297279606263672,0.0797116648038258,0.0363997933959483,0.000704243921129254,4.32095994644279e-05,0.00073508867208863,0.0222852803051124,0.00445175865128008,0.00135339972527055,0.00420327291564952,0.0195005601685795,0.172417982317295,0.0418883500414727
1000,"nig_indep",377,TRUE,543,0.0204013815127215,0.00105181129101285,0.0154974018713148,-0.769143895982207,0.0797104623175906,0.0207735730541187,0.0633132692721817,-0.0745435694746459,0.000694198717384185,4.47373276278136e-05,0.000631028581398693,0.0215879815641463,0.00402750825252983,0.00103651369228843,0.00361955754506027,0.021899882590152,0.144130402948575,0.0324316402763235
1000,"nig_indep",378,TRUE,433,0.00649087517513058,0.000146656970362989,0.00519283282913731,-1.35830769711415,0.0449001006532286,0.00510238758788618,0.0348604297104843,-0.383229861290524,0.000259469561218904,5.60818896989008e-06,0.000268033878936128,0.0193936443772677,0.00239331336337614,0.00039431128183455,0.00246762366428859,0.0207226481557578,0.0714309987882445,0.0121102010868106
1000,"nig_indep",379,TRUE,309,0.0218368540555081,0.00134488561351374,0.0170174157623915,-0.782720802846638,0.116974537423851,0.0318421527491067,0.0887113426256611,0.0897048567905366,0.000627153880070572,4.36105778047156e-05,0.000700749778636841,0.0318923526133118,0.00386655943612754,0.00116910343654881,0.00416084904395706,0.0225183631898289,0.17844369629972,0.0366726821150804
1000,"nig_indep",380,TRUE,357,0.0200401791848129,0.000841811966309292,0.0148466950787562,-0.79090269793902,0.0780084535069096,0.0133398894752108,0.0594707355219232,-0.0932899416657901,0.000610286764744968,3.4106405690732e-05,0.000598621805740023,0.0231176738056563,0.00300267109795711,0.000615663295331015,0.00293824128700417,0.02008923191215,0.115498439276082,0.029013996041726
1000,"nig_indep",381,TRUE,328,0.0151657350881866,0.000497913941500228,0.011196517396647,-0.95631226455739,0.0605813650590554,0.00865100027796449,0.045062496339063,-0.269222461064527,0.000426999770699451,1.49136350680315e-05,0.000420323980790733,0.0248649881679855,0.00174328907133853,0.000247098003859207,0.00169119410727086,0.0208125734168034,0.0930107535608894,0.0223139853343196
1000,"nig_indep",382,TRUE,328,0.0186680878336751,0.000880906318914226,0.0140980625487616,-0.855027514442898,0.0764828297589263,0.0145208850026046,0.0585377994428033,-0.136571485568452,0.000617500848748924,3.14124154505575e-05,0.000622974103363597,0.0244967333302639,0.0021084521549253,0.000435903947297783,0.00219912046096583,0.0204636519119906,0.120502634836773,0.0296800660193711
1000,"nig_indep",383,TRUE,336,0.0263126512206765,0.00185415159648043,0.0203296174736544,-0.626041134555337,0.148763601773789,0.049845560742462,0.113850006313462,0.322485135793962,0.000726223153419352,4.83254377359644e-05,0.000743135529592764,0.026104907677601,0.00487150028876098,0.00178883747385627,0.00505493480948249,0.0361811773676273,0.223261193991392,0.043059860618451
1000,"nig_indep",384,TRUE,274,0.00418929509117007,4.22213311885611e-05,0.00389026766322206,-1.38940213094515,0.0752132960730261,0.0161427986224284,0.0607517750523544,-0.116449450518447,0.000189468706526446,2.17410971889182e-06,0.000186387239249493,0.014112173573757,0.00219493046688296,0.0004689896344628,0.00227992889325889,0.0168415578646911,0.127054313671077,0.00649779433258403
1000,"nig_indep",385,TRUE,210,0.00286809908372036,2.4137113735898e-05,0.00260381894386941,-1.61568937108041,0.0517062088180319,0.00750542586604297,0.0412311557894036,-0.298277459746713,0.000118134250318582,8.75024510076401e-07,0.000108272464921261,0.0140822222638138,0.00170025667456318,0.000263913284927189,0.00170023981906354,0.018621709266403,0.0866338609669624,0.00491295366718413
1000,"nig_indep",386,TRUE,233,0.00169829958335327,9.62787912380649e-06,0.00150789449836137,-1.91135518009084,0.029902174883674,0.00300658030737138,0.0242255714843432,-0.582845929690945,7.42186740817649e-05,4.41348283783088e-07,7.86588148688356e-05,0.0160543997729876,0.00110604124167691,0.000163717205821029,0.00125917026027278,0.0163787352369077,0.0548322925598719,0.0031028823896188
1000,"nig_indep",45,TRUE,434,0.00868545501091855,0.000169911482877052,0.00636579452713908,-1.22970825642056,0.0386321575355577,0.00301478269010473,0.0276822254309451,-0.487039620765309,0.000283503765033817,6.977890496555e-06,0.000273876641574485,0.021450633869504,0.000917738986590945,9.24470108768065e-05,0.000986035408263489,0.0197474337129453,0.0549070367995281,0.0130350098917129
1000,"nig_indep",46,TRUE,422,0.00817139624927093,0.000236292418971343,0.00616253270818974,-1.25883922576763,0.0382485050407143,0.00511497493717208,0.0289483551125609,-0.469711082621431,0.000179302969929971,4.53389368386402e-06,0.000177974342208223,0.0184975968389709,0.000613731549493642,7.41943276606589e-05,0.000590567000721431,0.01600326579715,0.0715190529661298,0.0153718059762457
1000,"nig_indep",47,TRUE,597,0.00622820138086153,0.000106878750781497,0.00456764837345005,-1.39794167832927,0.0279797032055243,0.00229015784434265,0.0207393426116019,-0.627526532921473,0.000141527029902071,3.33760660339137e-06,0.00015631849196883,0.0208252455064612,0.000502921709652781,3.68440509905514e-05,0.000555231713443034,0.0164774508438645,0.0478555936578228,0.0103382179693358
1000,"nig_indep",48,TRUE,591,0.00545257073808654,5.13852862856001e-05,0.00385450428968346,-1.4478109683766,0.0260341005566999,0.00113669777718598,0.0182929203143998,-0.666821949744465,0.000108447609730965,1.41574320546242e-06,0.000122483441865465,0.0160701563246966,0.000491045720691402,3.12032587905641e-05,0.000567322768585301,0.0138935128068253,0.0337149488682095,0.00716835310832273
1000,"nig_indep",49,TRUE,367,0.00677662447498518,8.59305864174346e-05,0.00494909923384709,-1.31291032139939,0.039481959488827,0.00292242952018972,0.0281712708886803,-0.455391881354809,0.000124042468078215,1.80719953621407e-06,0.000131039726865133,0.014100101791361,0.00068374879222176,6.61269143300485e-05,0.000769836127225247,0.0155596953248232,0.0540594998144611,0.00926987521045643
1000,"nig_indep",54,TRUE,329,0.0085807613498076,0.00017969415921458,0.00635286014941126,-1.21486897185177,0.0815006970590255,0.0180591015226526,0.0607362909377252,-0.128506521261762,0.000229478438475569,8.98391166935014e-06,0.000235241974371216,0.0171271327256227,0.00411480636799493,0.00213013625547522,0.00392658786011725,0.0265695593540363,0.134384156516505,0.0134050050061378
1000,"nig_indep",55,TRUE,843,0.0131808776589254,0.000476694926458666,0.00992184071788942,-0.986698831153669,0.120215646337282,0.0379359331797548,0.0895510849749575,0.102983224192284,0.000543117437144816,2.78246726407184e-05,0.000579883880078644,0.033323740404314,0.00483133850303675,0.00214681357820706,0.00459279203005285,0.0307209020754013,0.194771489648138,0.0218333443718242
1000,"nig_indep",56,TRUE,760,0.0543095512245306,0.00648729612571573,0.0408209896406343,-0.248078658924412,0.349718621047018,0.251855004514123,0.263260009334458,0.700529283606772,0.00159786563374432,0.000247532191566752,0.00173653109708866,0.0295290908261967,0.00775132926812509,0.00757456269746992,0.00855045903050902,0.0269945303699439,0.501851576179773,0.0805437528658538
1000,"nig_indep",57,TRUE,173,0.0453110848733076,0.00801451645878674,0.0350295149100613,-0.354631916363099,0.205102484907676,0.119436555537033,0.154716651097409,0.408929021705324,0.00102589852993405,0.000161668676295205,0.00102418306672932,0.0246595976218973,0.00397376481823222,0.00232716710464322,0.00385752887931563,0.0216253094740893,0.345595942593418,0.0895238317923599
1000,"nig_indep",59,TRUE,214,0.0101138335472292,0.00071872080568532,0.00848601681432996,-1.21328720115929,0.0343744725079597,0.00869904506351429,0.0293167602318898,-0.545524322257403,0.000296698120922554,1.23813275962008e-05,0.000318762338592829,0.0217593125692407,0.000669389070378935,0.000103186325395329,0.000825842305254001,0.0205811997038779,0.09326867139353,0.0268089687546037
1000,"nig_indep",68,TRUE,1003,0.0154639085624536,0.000553078663723658,0.0112186803817992,-0.942992659584977,0.0817321817692136,0.0173139070168082,0.0609393003257595,-0.115805957406912,0.000360452516551223,1.85985458640764e-05,0.000369719550494614,0.0150460144124254,0.00244085697553198,0.000739953999683734,0.00239498148958112,0.015647612269561,0.13158232030485,0.023517624534031
1000,"nig_indep",69,TRUE,634,0.0103558034032283,0.000270337909196182,0.00757719974554925,-1.14643627595446,0.0548334698515013,0.00683850669431884,0.0401666567338194,-0.303587745065979,0.000389949895891242,1.44365953811225e-05,0.000381691261837349,0.0193724766410933,0.00141529692205598,0.000239616898607069,0.00140297365937002,0.0160309593440568,0.082695264038026,0.0164419557594643
1000,"nig_indep",70,TRUE,380,0.00958937766469366,0.000186889562243213,0.0069872488803273,-1.16237224632935,0.0543078406084883,0.00586815548358325,0.0390434510573765,-0.309610999540432,0.000247133469493176,6.16538315210154e-06,0.000259761920943914,0.0188993008312941,0.00149428261130478,0.000229640505273174,0.00146635107791185,0.0190405629102263,0.0766038868699445,0.0136707557305078
1000,"nig_indep",71,TRUE,374,0.00662287935198317,7.07848854578856e-05,0.00466883434734273,-1.33760538115475,0.034914247636758,0.00202035082777657,0.0248228875260516,-0.503980455642561,0.000130115198148262,1.96286536501292e-06,0.000139802902414998,0.0142383917095824,0.000625448083883867,4.363113522694e-05,0.00061910764688908,0.0141383699883316,0.0449483128468307,0.00841337539028692
1000,"nig_indep",72,TRUE,479,0.00641786444539708,6.42430352301139e-05,0.00450658734573407,-1.35445519803159,0.0326915892908192,0.00164034804072113,0.022911262943184,-0.538907457787514,9.2325717970115e-05,1.15978522313741e-06,0.000114505050053018,0.0137130107536331,0.000398084446868626,2.57009874895951e-05,0.000505154745549114,0.0125557729731089,0.0405012103611871,0.00801517530875738
1000,"nig_indep",73,TRUE,378,0.0060482441707681,6.00525411814298e-05,0.00428704344057466,-1.38449086733887,0.0296495150683026,0.00160931117702513,0.0209146781939348,-0.594568104714259,0.000110101302058157,1.42504443922368e-06,0.000128028816230038,0.0148684931362472,0.000508035560578478,3.61264844849555e-05,0.00056870148946376,0.01268947670699,0.0401162208716765,0.00774935746894088
1000,"nig_indep",74,TRUE,544,0.00722775986429878,9.06441014247757e-05,0.00517148311089211,-1.2898562045387,0.0416297581815175,0.00304828715815782,0.0299925865538566,-0.408879416564911,0.000127200337064132,2.00303956486088e-06,0.000139938952489027,0.0159154124571621,0.000802557441510918,7.20882617835256e-05,0.000863294394538286,0.0160921889998959,0.0552112955667391,0.00952071958545024
1000,"nig_indep",79,TRUE,486,0.0240813898317767,0.00132532294665579,0.018309823218854,-0.653204326022686,0.470321794392182,0.508710773885623,0.358208512622041,0.810341163480126,0.000660731984174193,4.03968162004093e-05,0.000635658337607668,0.0238262482062655,0.012175126610237,0.0160340962310576,0.0123977374796634,0.0263751273100346,0.713239632862352,0.0364049851896109
1000,"nig_indep",80,TRUE,496,0.0321853320829026,0.00305287027650915,0.0245715999243567,-0.560066383823176,0.429376657866599,0.46466047558218,0.322773471439641,0.716393639381124,0.00127816509074044,0.000167566916114322,0.00121935725858096,0.0289458998423647,0.0124858690356353,0.0174437337777,0.0121265729749784,0.0276061976388531,0.681660088007344,0.055252785237571
1000,"nig_indep",81,TRUE,400,0.0464286849720221,0.00496227138665014,0.0347676562862188,-0.295021092315668,0.414995974690572,0.447186216002452,0.314658540101055,0.777575108842237,0.00120164971294401,0.000198776197025741,0.00144431109702816,0.0377273603770795,0.011925299341715,0.0177606032479081,0.0136739368967546,0.0404947919068939,0.668719833713979,0.0704433913624986
1000,"nig_indep",82,TRUE,496,0.0665785406092537,0.00992976320148924,0.0497521625745374,-0.116827494057502,0.371215325307776,0.299657814741879,0.276970070552657,0.746108050127748,0.00316009980374144,0.000757252165348153,0.00308723600870913,0.0402577806773952,0.0189944064458594,0.025290530105855,0.0172188746724845,0.0372555849145896,0.547410097405847,0.0996481971813301
1000,"nig_indep",83,TRUE,589,0.0552269762017388,0.00661586070517768,0.0413896798663376,-0.261151836331809,0.243142610129897,0.132486738965745,0.184237050574926,0.483401476778362,0.00151113514541379,0.000218959183595123,0.00165866823403955,0.0214340657748411,0.00730994007241167,0.00473773302783414,0.00793241793629062,0.0203530790880328,0.3639872785768,0.0813379413630421
1000,"nig_indep",84,TRUE,483,0.00808934620316215,0.000253702048784739,0.00744308600941843,-1.08911325729161,0.0246421668847836,0.00193317208889071,0.026018498472664,-0.410150235860397,0.000607604139137426,5.10955161235142e-05,0.000465317488365899,0.0147082746444196,0.00217321801186965,0.000487660920099093,0.00168574571169665,0.0128016590318873,0.0439678529028961,0.01592802714666
1000,"nig_indep",85,TRUE,436,0.00963054167748391,0.000397448832971344,0.00764013237579586,-1.15290739538018,0.0330348465015614,0.00317408684465252,0.0256266789994461,-0.50899713283008,0.00019153897935077,7.16779101927642e-06,0.000227102428699591,0.0179802700332602,0.000626789729995447,5.44040769744409e-05,0.000663206378631832,0.0161835438565468,0.0563390348218047,0.0199361188041039
1000,"nig_indep",86,TRUE,368,0.0041273830660764,5.47836281248955e-05,0.00319451272059875,-1.61714334902255,0.0119264527541285,0.000362885654250337,0.00894199367408517,-1.07167239399066,0.000153323490701953,4.19976451301186e-06,0.000150240141644545,0.0154643828182884,0.00031597731837455,1.79302038060561e-05,0.000345707629262743,0.0128448496915162,0.0190495578492084,0.00740159632274657
1000,"nig_indep",95,TRUE,563,0.0167134114362208,0.000507822541611233,0.011963728784464,-0.879214069867118,0.145199626644464,0.0422366188008328,0.10548851873574,0.193696118703917,0.000295874412914463,1.22254717759903e-05,0.00033333528519997,0.0168261883965689,0.00302795856339688,0.00118655029514393,0.00296998118986353,0.0176943690174897,0.205515495281579,0.0225349182738974
1000,"nig_indep",96,TRUE,880,0.0164661233354682,0.000552098773824015,0.0119265876736267,-0.895951453011243,0.124490467161825,0.0328648561464028,0.0899436575847112,0.108214835787627,0.00036035494717719,1.6065119775269e-05,0.000376365134454895,0.0176985157844222,0.00286174661638383,0.000994010539165446,0.00298285310612667,0.0190019422099208,0.181286668418841,0.0234967822014848
1000,"nig_indep",97,TRUE,552,0.0151718415459998,0.000455672230506644,0.0108139563906403,-0.953839319367976,0.099499818305499,0.0238073336915308,0.0724906610659332,-0.0150218790513355,0.000338138424747416,1.32705500445129e-05,0.000371153823082383,0.0186681053610755,0.00238356023755065,0.00084498834514527,0.00242136760919655,0.0201056199116924,0.154296253005479,0.0213464805180302
1000,"nig_indep",98,TRUE,440,0.0130051794885124,0.000311381549143869,0.00938986643107175,-1.00106265959059,0.0735745520210648,0.00990426041791667,0.0528544798966913,-0.135816472137822,0.000269373522475913,9.30036462918465e-06,0.000301974412752715,0.0197143674674769,0.00153160283122759,0.000301261787467284,0.00164118328810667,0.0181645680601027,0.0995201508133738,0.0176460066061381
1000,"nig_indep",99,TRUE,316,0.011755808991994,0.000290236279179876,0.00858168267857895,-1.03401311177538,0.0591293870206715,0.00659447920168476,0.0428037998121647,-0.249542164240579,0.000213491520971574,7.13506961282831e-06,0.000243060180769885,0.0193301297308171,0.0010691409669234,0.000169679669468605,0.00127726281816363,0.0172372003745501,0.0812063987730324,0.0170363223490246
1000,"gauss_indep",320,TRUE,510,0.0379745576203456,0.00314124934432516,0.0286709761108375,-0.437918979945525,0.425650426483052,0.493280181112398,0.33078789956058,0.744892991373673,0.000782044538733021,6.41730312066827e-05,0.00103051894802137,0.0228089764087367,0.010267798871756,0.0107590258785738,0.0120718888659805,0.0234422792581708,0.702339078446015,0.0560468495486157
1000,"gauss_indep",326,TRUE,475,0.0104515480278951,0.000243947626863057,0.00854583283778937,-1.02723723995055,0.238540422745649,0.132897628498968,0.176512284304129,0.438027857788747,0.000450156143284294,1.05114499542307e-05,0.00045683055550098,0.0191267881726036,0.00731715319473395,0.00427859472813502,0.00750980564054773,0.0234013549732526,0.364551270055349,0.0156188228385835
1000,"gauss_indep",327,TRUE,453,0.00877557480109886,0.000170407153599666,0.00708142860384837,-1.12735513549402,0.196349241744657,0.0860975487086981,0.14791701480163,0.356485985200622,0.000322145078785739,6.13595049870636e-06,0.000377858234359484,0.0206347286407827,0.00634763568646585,0.0030002956846446,0.0066732235902108,0.0240257678361915,0.29342383800349,0.0130540091006428
1000,"gauss_indep",328,TRUE,513,0.00663692037086718,9.82327393433501e-05,0.00560853770394298,-1.22410338103466,0.152456307441093,0.0596824034177083,0.120288500147246,0.269693385105762,0.000286651946341752,4.35568952518223e-06,0.000309021156412425,0.0190200577599983,0.00574560013387495,0.00205679358116158,0.00571783067410579,0.0203482510991742,0.244299822795082,0.00991124307760384
1000,"gauss_indep",330,TRUE,499,0.00725617362576565,0.000124820259399423,0.00597877776028369,-1.20694216508724,0.170294768211399,0.0666035489724062,0.130924947549311,0.31497851401114,0.000245413372825811,3.97116687914934e-06,0.000285570154837162,0.0181276819662876,0.00642151280742829,0.00280368014295354,0.00677338490437016,0.0202078556597249,0.258076633914049,0.0111722987517978
1000,"gauss_indep",333,TRUE,399,0.00260775407893498,2.11063687056367e-05,0.00229076613114968,-1.67846327580743,0.0717015491308741,0.00826251816233551,0.0522209812402677,-0.125748230224099,0.000130057527276317,8.48885596945632e-07,0.000132979478208861,0.0191723293677757,0.00260943369191315,0.000425547766130603,0.00259641956581349,0.0192726381833157,0.090898394718144,0.00459416681299631
1000,"gauss_indep",341,TRUE,329,0.0396139816450889,0.00304719352415188,0.0297337799151012,-0.402385914889772,0.21678834077559,0.0920460167893156,0.164486933849197,0.442799869494587,0.000955343582122,7.97797591548748e-05,0.00109131954840912,0.0239019187245499,0.00521672097692179,0.00237929895084148,0.00606737394622212,0.024032934798178,0.303390864709727,0.0552013905998017
1000,"gauss_indep",342,TRUE,415,0.019786391726624,0.00079705564416905,0.0155312797715503,-0.729211077117616,0.114649470888107,0.029243772747635,0.0886858736582397,0.132340462697777,0.000742641611683514,3.24455032838235e-05,0.000774879531264902,0.0203926662168885,0.00390367921995802,0.000979747354140068,0.00432623515182526,0.0204332477198682,0.171008107257039,0.0282321739185818
1000,"gauss_indep",343,TRUE,464,0.0122606427188823,0.000366606674846651,0.010022970721155,-0.952810596425411,0.0629647775798753,0.0085247433479834,0.0483709959335598,-0.169784139186996,0.000496279088528194,1.39598853938184e-05,0.000518317084972893,0.0183718087769896,0.00207141119855226,0.000292979080928797,0.00210685752889274,0.0179492064766279,0.092329536704044,0.019146975605736
1000,"gauss_indep",345,TRUE,444,0.0139032183817531,0.000409732994852798,0.010566421841956,-0.947211659605119,0.0727679431766888,0.0114817284455789,0.0592157399835672,-0.0379685965286626,0.000438731378926518,1.53164902946854e-05,0.000484876013549412,0.0188512166771455,0.00282650366589406,0.000432308800692073,0.0031546452334159,0.017165225599889,0.107152827520224,0.0202418624353788
1000,"gauss_indep",346,TRUE,655,0.0381317674873333,0.00278847344923264,0.0284734477938484,-0.418475428069331,0.29619431515163,0.213472994258029,0.230016358361958,0.617928580115205,0.000823118407692853,6.59957803875262e-05,0.000936835159933881,0.0265047631939513,0.00578295192906313,0.00369387943548028,0.00704839534954356,0.0263704040288801,0.462031378001569,0.0528059982315706
1000,"gauss_indep",347,TRUE,389,0.0202299920248328,0.00080628780637948,0.0153702974365108,-0.750607809994343,0.11440472296903,0.0262261904272991,0.0936763351092611,0.185640982722673,0.000655980006091438,2.90369410334218e-05,0.000742577644844771,0.0217262694293815,0.00494439833950792,0.00118071049551679,0.00520789377019627,0.0190085709033033,0.16194502285436,0.0283952074544188
1000,"gauss_indep",348,TRUE,391,0.0207588197085671,0.000933009679004891,0.0156127505573532,-0.760735349793277,0.0712251893397269,0.010015906277766,0.0655006505322157,0.0151877199381994,0.000596411017121654,2.85105789115794e-05,0.000616101163199373,0.0214486914573751,0.00466633730713332,0.000762283904439804,0.00413085737746497,0.0179419920070537,0.100079499787749,0.0305452071363887
1000,"gauss_indep",349,TRUE,340,0.0116569101054498,0.000296457015184784,0.00959847987247178,-0.984954838826431,0.0488852923303889,0.00696413480505394,0.0708196108752707,0.035716752947204,0.000588880458224005,1.7158123533192e-05,0.000599604698579617,0.0202991593965637,0.00639610457211548,0.000926925162456835,0.00605709069529055,0.0181264462142146,0.0834513918700817,0.017217927145414
1000,"gauss_indep",350,TRUE,318,0.022816831414241,0.00107373122047138,0.0168232819377537,-0.749960285323977,0.0976162537925728,0.0288547676604038,0.0893809520931694,0.122164466972707,0.000531157149856288,3.0169677341894e-05,0.000610189608488553,0.0236898481705979,0.00538798950563538,0.00146829222690282,0.00596190099605207,0.0191404807195934,0.169866911611425,0.032767838202594
1000,"gauss_indep",351,TRUE,294,0.0304547291976807,0.00164702655211498,0.0221170495145233,-0.549768080234494,0.130189014680168,0.0303583609402336,0.0963413048612416,0.172369241909015,0.000601912517370848,3.98846108284726e-05,0.0007962933535615,0.0278813973416819,0.0048760982118015,0.00149953561658624,0.0053236239556402,0.0208076192309464,0.174236508631898,0.0405835749055573
1000,"gauss_indep",353,TRUE,360,0.0225639715215623,0.00103340911621971,0.0168506428343182,-0.694461154298904,0.174959473276886,0.0733446787335211,0.134770748052543,0.307381411559755,0.0006170051949107,3.24425539606555e-05,0.000648743918824847,0.0260830869751198,0.00586323028260647,0.00254077806416019,0.00639511981482229,0.0230952721734301,0.270822227177758,0.032146681262919
1000,"gauss_indep",354,TRUE,489,0.0213444020198879,0.000860886736119388,0.0156092602638467,-0.758269600192783,0.213128043996316,0.107288401658178,0.166695737704924,0.425235743107398,0.000599729530460333,2.9264161787933e-05,0.0006820991459642,0.0255996627123994,0.00710007317952587,0.00328445048783125,0.00690853333557515,0.0216721277491263,0.327549082822984,0.0293408714274029
1000,"gauss_indep",355,TRUE,568,0.0238753229270946,0.00114055658565711,0.0177326090499092,-0.679136551283465,0.248907579395021,0.116093676157425,0.182948185001756,0.485444029444447,0.000650742319762684,3.50009494160377e-05,0.000695703803800453,0.0216936262059263,0.00701164462018636,0.00398168252760827,0.00759258549935181,0.0220062333430726,0.340725220900104,0.0337721273487044
1000,"gauss_indep",356,TRUE,299,0.0261156857794554,0.00164380477558072,0.0198761493021757,-0.659900190058347,0.230159309898838,0.102712525039531,0.168160256391202,0.443318353770603,0.000678907664485594,4.6690852165286e-05,0.000842792517161513,0.0241525326511455,0.00474148733566203,0.00256168226230632,0.00582102127317858,0.0243223639365593,0.320487948353025,0.04054386236634
1000,"gauss_indep",357,TRUE,487,0.0185720917612148,0.000702869522342296,0.0138988016961722,-0.810068715490198,0.229701584968361,0.120120164481351,0.174799428905225,0.456971519490276,0.000548296632429448,2.32261705353856e-05,0.000632360634742733,0.0226773544927927,0.00540598630160609,0.00286586516771238,0.00612131849513402,0.0271883134968972,0.346583560604584,0.0265116865239142
1000,"gauss_indep",358,TRUE,444,0.0117337361307494,0.000320143214153028,0.0089467131760417,-1.05389596798107,0.159051468967038,0.0560817896754335,0.118652384299833,0.236739349821549,0.00036839048650122,1.11186575599124e-05,0.000405377111006601,0.0235950287180278,0.0047247913308215,0.00173169492538657,0.00459545284558998,0.0235828967357901,0.236815940501127,0.0178925463294923
1000,"gauss_indep",359,TRUE,327,0.0140844680307523,0.000595566674323971,0.0116468542110791,-0.906759308330004,0.18160987608595,0.0677016134305127,0.132287567224633,0.288986084573499,0.000489227256048371,1.56218792296101e-05,0.000510224077949981,0.0201942029844987,0.00479277744306708,0.00197718613578833,0.00556371930674035,0.025117049611179,0.260195337065276,0.0244042347621058
1000,"gauss_indep",360,TRUE,305,0.0126586008600293,0.000451558807866656,0.0107015144476107,-0.96280342753036,0.148078814389641,0.0533670047546383,0.111048126519249,0.204866912152033,0.000563550301416324,1.83154361646985e-05,0.000571933772525286,0.0218351012561676,0.00399170570263558,0.00142214365447398,0.004422007677392,0.0244529566923224,0.231012996938783,0.0212499131260967
1000,"gauss_indep",361,TRUE,230,0.0116635084356479,0.000395292139176422,0.0093917355923661,-1.04286544665379,0.0981395061245829,0.0196883453262935,0.0722749296345428,0.00207713227477741,0.000413460932540087,1.00648720231198e-05,0.000384799766503352,0.0236924938284635,0.00287871858955387,0.00068176714896305,0.00296085151291979,0.0256935253603548,0.140315164277755,0.0198819551145359
1000,"gauss_indep",362,TRUE,261,0.005262260076729,6.08683607978766e-05,0.00420839354129052,-1.41328303873354,0.0595971093503622,0.00742684951439485,0.0438044285136878,-0.255139960906096,0.00025686244709046,3.71105875497133e-06,0.000241741316950451,0.0211447833528813,0.00185721839386297,0.000294532840492975,0.00193129020056417,0.0224661309907656,0.0861791710008564,0.00780181778804636
1000,"gauss_indep",363,TRUE,189,0.00712883814157221,0.000112134403146863,0.00562764063748476,-1.25169444526499,0.0506149290671501,0.00524944781132983,0.0377237421090111,-0.314845257832937,0.000274007418116225,4.41832575791064e-06,0.000312475056831425,0.0218368650077442,0.00153246757868056,0.000180370369379861,0.0018062249697385,0.0232763319506199,0.0724530731669115,0.0105893532921923
1000,"gauss_indep",365,TRUE,363,0.0382301626284535,0.0028565317508438,0.0282982334764814,-0.441725054228626,0.111865893533215,0.0406315970389279,0.0899765199823261,0.143420391041794,0.00107036634135471,7.99351368765508e-05,0.00109806734211264,0.024975026967228,0.00424155458936244,0.000956255637720645,0.00433752873383732,0.0229171050081858,0.201572808282585,0.0534465317007923
1000,"gauss_indep",366,TRUE,473,0.0292887043329079,0.00190936048540225,0.0225527007003686,-0.563501705128168,0.109017329232824,0.0220540532336005,0.0804803460961127,0.0779800114716384,0.000737824439324454,4.69953169593135e-05,0.000804828777820861,0.025075597975451,0.00284350487757179,0.00065188218487023,0.00330266292249365,0.0210170241879141,0.148506071369491,0.043696229647445
1000,"gauss_indep",367,TRUE,400,0.0179415952455341,0.000652716840789953,0.0134482580942629,-0.820814321000226,0.0704273472267145,0.0102046475451648,0.0528691637328528,-0.128936196001424,0.000506006809954348,1.93343588865169e-05,0.00054091068465541,0.0214794228031372,0.0020270121673132,0.000312828008128244,0.00209320972880873,0.0206398159337824,0.101018055540407,0.0255483236395258
1000,"gauss_indep",368,TRUE,466,0.015248180185401,0.000551198905128457,0.0115201194640344,-0.947244231420554,0.0639257436969411,0.00764944012488275,0.0462980486423452,-0.207694616067416,0.000448379360008096,1.75428148012944e-05,0.000487929920813643,0.0225052775607251,0.00184170159287458,0.000269495240472234,0.00199845004059631,0.0213547703539782,0.087461077771102,0.0234776256279986
1000,"gauss_indep",369,TRUE,449,0.0146180861195817,0.000398537337614405,0.0115609767768439,-0.867824552224756,0.06095205306874,0.00790145393905237,0.0550926963615653,-0.0579705332131097,0.000686941620159166,2.17762958116716e-05,0.000651662777815301,0.0193977799107079,0.00345411577191234,0.000484135126055655,0.00366952577482219,0.0185731035668866,0.0888901228430492,0.019963399951271
1000,"gauss_indep",370,TRUE,143,0.00566934469669379,6.99160899267581e-05,0.00536701182010185,-1.22767214835248,0.0962555387352767,0.0184220545367611,0.0721176323466895,0.0097390387418723,0.000379977409333106,5.75556407003732e-06,0.000359517905891825,0.0193791345973886,0.00316167636823734,0.000726253783192978,0.00325865379990449,0.0211549732034025,0.135727869418042,0.0083615841756666
1000,"gauss_indep",372,TRUE,167,0.00696743003371935,0.000114043792898041,0.00621952749929307,-1.16671754790499,0.0707126387206675,0.0115107870835706,0.0530160572694474,-0.152230751827753,0.000404426506793335,6.80379840633439e-06,0.000375999406026685,0.0201878191340515,0.00248707438076836,0.000442341189292391,0.00256865368339628,0.0230182824990617,0.107288336195369,0.0106791288454649
1000,"gauss_indep",375,TRUE,399,0.00701691484793844,0.000117307789185153,0.00757725660402695,-1.06936636605036,0.0416037812028571,0.00399421595098816,0.048384468369615,-0.092418602878654,0.000638139582005673,1.16757532057758e-05,0.000550233719758727,0.0189580347202631,0.00378397261922881,0.000403921354877906,0.00374955001304867,0.0178675422715238,0.063199809738544,0.0108308720417681
1000,"gauss_indep",376,TRUE,402,0.0210327432060588,0.00152358714449524,0.0186421118365626,-0.661696483814714,0.102716812921483,0.028075586516427,0.0900635027835181,0.158695972945494,0.00084836339986309,4.51250241117139e-05,0.000932248031402363,0.0206864509290379,0.00635350718956183,0.00163769291184286,0.00570870367856478,0.0189290899389709,0.167557711002589,0.0390331544266568
1000,"gauss_indep",377,TRUE,543,0.0207270693938797,0.00105255157883819,0.0164917750647881,-0.713843018498545,0.0811289583109908,0.0219803454212795,0.0738389384219175,0.0442694636071421,0.000658241457052995,2.92596446540077e-05,0.000695618797648531,0.0200309683113021,0.00444767672424013,0.000879340708724429,0.004208848718219,0.0184276474644211,0.148257699365933,0.0324430513182436
1000,"gauss_indep",378,TRUE,433,0.00630525886745003,0.000119742072222644,0.0055481928774087,-1.25791897496832,0.0441273705380214,0.00478160483301322,0.0456275766037704,-0.191310530680298,0.000319352793781476,5.44950879917642e-06,0.000339251210131234,0.0203399399081067,0.00374613027680532,0.000416588799350777,0.0035783421745628,0.0201705554674924,0.0691491491850277,0.0109426720787312
1000,"gauss_indep",379,TRUE,309,0.021159852811731,0.00121497034845117,0.0168625443725667,-0.753465621591953,0.115662265026302,0.0289409400282947,0.0901390388220062,0.120468551374292,0.000610513378547548,3.27861056999814e-05,0.000647156697364999,0.0233419580603871,0.00448114617915486,0.0011550119482975,0.00454012108826191,0.0214086277295201,0.170120369233948,0.0348564247801057
1000,"gauss_indep",380,TRUE,357,0.0195529134899377,0.000787408361416776,0.014775986446827,-0.775578114173273,0.0748433837021102,0.0120922054910816,0.0623264525649415,-0.0383462968921955,0.000635814160825999,2.71456319222733e-05,0.000610960522110969,0.0224498372645635,0.004170941892993,0.000706124740563696,0.00353398543762217,0.0206314536879516,0.109964564706462,0.0280607975905315
1000,"gauss_indep",381,TRUE,328,0.0152604689127603,0.000492411251704857,0.0113410632787877,-0.938174729045159,0.0606362396714811,0.00854184422275036,0.0466315424809665,-0.226726551816625,0.000442849152552819,1.65372584606612e-05,0.000474481495860029,0.0241947083781267,0.0020934764990928,0.000299670401853482,0.0022910242963306,0.0230039263746273,0.0924220981299946,0.0221903414057751
1000,"gauss_indep",382,TRUE,328,0.0187110862438228,0.000886533537931218,0.0142588990229635,-0.833605766542178,0.0766887060939615,0.0145037350714662,0.0590061607682114,-0.121968408472663,0.000548493565861415,2.60522220251918e-05,0.000632517945973377,0.0238762385600598,0.00222858006565542,0.000423562192230782,0.00249528743014652,0.0231514553079918,0.120431453829414,0.0297747130621139
1000,"gauss_indep",383,TRUE,336,0.0277677322642556,0.00192874893950022,0.0215729556420396,-0.59359300554384,0.14256043437289,0.0415309859350554,0.107673889657481,0.245035790971867,0.000880039518851874,5.41152836993172e-05,0.00092798171170391,0.0239044593788521,0.00356582722688878,0.00110368609350173,0.00402650753810311,0.0234257777070061,0.203791525670366,0.0439175242870112
1000,"gauss_indep",384,TRUE,274,0.0044774195051728,4.75806586146494e-05,0.00467058256537425,-1.28564662642771,0.0773945506445753,0.016360615548286,0.0633801413432285,-0.0727139196031155,0.000301181935176505,3.30140411053355e-06,0.000310720007603467,0.0179184101652316,0.00268264747260975,0.00060145878786898,0.00301554395636897,0.0204215680040595,0.12790862186845,0.0068978734849698
1000,"gauss_indep",385,TRUE,210,0.00303069453846772,2.70425478731232e-05,0.00316701108326506,-1.49069773354239,0.0521469493618293,0.00757757597522721,0.0430075180566134,-0.263466744614355,0.000177085834147694,1.18318391283472e-06,0.00017703816268745,0.0176086487455699,0.00186996314390224,0.000287693549117518,0.00200080993572601,0.0199267908261236,0.0870492732607643,0.00520024498202952
1000,"gauss_cor",320,TRUE,510,0.0376745718508551,0.00311382254632638,0.0283965644029562,-0.447920151109019,0.428859331163606,0.488684361517043,0.331247672803851,0.742488205923325,0.000902955996638239,7.20904297270791e-05,0.00103679503068041,0.0214628943957921,0.0110536091348417,0.0122125881356958,0.0119723085598218,0.0217866278243089,0.699059626582056,0.0558016356957964
1000,"gauss_cor",326,TRUE,475,0.0104725992154712,0.000243599030439193,0.00854995240956072,-1.02686032686949,0.238046759231196,0.132445593962511,0.176532433067121,0.438554802764378,0.000432192103529578,1.02216839605294e-05,0.000450345841037844,0.0192677575331403,0.00666097359237313,0.00416933236776793,0.00747507759353847,0.0232936300988287,0.363930754351032,0.0156076593517155
1000,"gauss_cor",327,TRUE,453,0.00874518389650341,0.000168374724676192,0.00703616931925707,-1.12932239476262,0.196425904980294,0.0863792365016486,0.148111580384206,0.356386238936446,0.000334080177318563,6.66749398886268e-06,0.000343006775944395,0.0191960144147136,0.00606330247481476,0.002685692530988,0.00624508555887274,0.0211986554638871,0.293903447583809,0.012975928663344
1000,"gauss_cor",328,TRUE,513,0.0065479217279689,9.52364010814407e-05,0.00554800709961351,-1.22649053263597,0.152002626496321,0.0586949178216443,0.120032440666467,0.268506479370177,0.000289746394130383,4.59984375188317e-06,0.000279165225436526,0.0173011915515619,0.00581777574306739,0.00224840295691911,0.00587806794519912,0.0203698886546418,0.242270340367211,0.00975891392940017
1000,"gauss_cor",330,TRUE,499,0.00732104157079798,0.000125355386170737,0.00600000457481826,-1.20450941169272,0.169928015906554,0.0659475267235816,0.130764319907009,0.314204765005065,0.000255086387034852,4.16808742109092e-06,0.000277737982890554,0.0174242215041189,0.00610723722662965,0.00265040560247159,0.00645494803555918,0.0196055670329204,0.256802505290703,0.0111962219596941
1000,"gauss_cor",332,TRUE,349,0.00784460884327766,0.000144158179732296,0.00613126190447566,-1.22193617162796,0.106973667143027,0.0222950482548957,0.0814075269600256,0.098691052464168,0.000245743458064975,4.79151261164174e-06,0.000284695551910705,0.0206180067330115,0.00413139831588386,0.00102453526222875,0.00420468356368223,0.0197513630403869,0.149315264641281,0.0120065890132167
1000,"gauss_cor",333,TRUE,399,0.00259280602293643,2.11096067896403e-05,0.00229299597618703,-1.67829192063853,0.0707657984643799,0.00814717075070841,0.0513365351394255,-0.133714761954684,0.000132879385208799,7.62782641182412e-07,0.000125704446340918,0.0178952585897049,0.00254320935194394,0.000420573663632196,0.00251044141474063,0.0179872599179197,0.0902616793036137,0.00459451921202211
1000,"gauss_cor",334,TRUE,347,0.00189312782987843,9.46460239029901e-06,0.00154329245155243,-1.89341885589158,0.0641223611782411,0.00800550736714047,0.0475362965646196,-0.180346939877781,7.67260033368808e-05,3.84669362672761e-07,7.85413477194203e-05,0.0177374065625034,0.00189946081010152,0.000285353357116303,0.00220485126537368,0.0203096314395481,0.0894735009214486,0.00307645939194702
1000,"gauss_cor",338,TRUE,339,0.00423106048402435,4.67173341003065e-05,0.00329256397343677,-1.52799187429249,0.038198068178391,0.00273199516094207,0.0278428403818499,-0.455498766903608,0.000145696432095536,1.35813447403519e-06,0.000149938139396706,0.0232698797298906,0.000977164568122402,8.59187433292384e-05,0.00110361148850235,0.0207919877128197,0.052268491091116,0.00683500798099801
1000,"gauss_cor",341,TRUE,329,0.0396151689568699,0.00304180473630027,0.0295458884905155,-0.413532605189787,0.215781190371284,0.0917746125595661,0.163707114765401,0.4393945356709,0.000965582459998898,8.18914471368738e-05,0.00101577682519656,0.0219041561667464,0.00482257726354441,0.00219089489741133,0.00573613227108243,0.0229230452106991,0.30294324973428,0.0551525587466282
1000,"gauss_cor",342,TRUE,415,0.0197477678104916,0.000797059844963959,0.0156269015507067,-0.724398201579654,0.114371514767641,0.0288716899365901,0.0885969940407973,0.133626484926995,0.000791595784735752,3.55281163979883e-05,0.000830244083703426,0.0218460006214112,0.00393778592031255,0.000984751302939665,0.00421858380164018,0.0198937913498808,0.169916714706323,0.0282322483157817
1000,"gauss_cor",343,TRUE,464,0.0122476210306817,0.000365436229619731,0.0100465940751541,-0.953268991521338,0.0627386871167286,0.00848461057999508,0.0482958988915657,-0.170104719930769,0.000468856201885171,1.29163439637906e-05,0.000501668483261155,0.0187702617134181,0.00196333062348934,0.000285855799275569,0.00224299605005201,0.0195871925439186,0.0921119459136277,0.0191163864163636
1000,"gauss_cor",345,TRUE,444,0.0139188780934953,0.000406061293144729,0.0105168817889783,-0.947577203795748,0.0723545658586736,0.0113595838660769,0.0590352279409438,-0.0378647380880954,0.000446909725253237,1.47051509529666e-05,0.00053587221009719,0.0203261114295695,0.00282784764327831,0.000456730042064086,0.00313579070548076,0.0169383661079464,0.106581348584435,0.0201509625860585
1000,"gauss_cor",346,TRUE,655,0.0383620197354312,0.00281685514504964,0.0285405886936044,-0.416349418765234,0.29791726260745,0.21400265070248,0.230412734676332,0.621541641826694,0.000789385113184784,6.41223795912314e-05,0.000864353939245877,0.0249097884502858,0.00579815245527647,0.0038368587720341,0.00670961909307474,0.0242262944160453,0.462604205236485,0.0530740534070052
1000,"gauss_cor",347,TRUE,389,0.0199512877625407,0.000785409064895485,0.0151504820087256,-0.757190736212869,0.114766648752896,0.0260286113165654,0.0932347582409493,0.182728677078744,0.00067659816420554,2.92375016796318e-05,0.000729497168294036,0.020124497609568,0.00560879243872767,0.00141584775257484,0.00535362399118989,0.0206575610358886,0.161333850498169,0.0280251505775702
1000,"gauss_cor",348,TRUE,391,0.0206999394990472,0.000931324257247734,0.0155362408957374,-0.762349896623355,0.0710326299523632,0.00991539637080264,0.0650102875004379,0.0126112120073567,0.000568043602433309,2.72209034603729e-05,0.000659848658756164,0.0236407038359384,0.00468801007707384,0.00084371500314619,0.00444738755654576,0.0191302576272406,0.0995760833272862,0.0305176056932344
1000,"gauss_cor",349,TRUE,340,0.0115528427003747,0.000291643952984841,0.00955563753938826,-0.98044510310367,0.0489694311786969,0.0071466946747862,0.06963112930806,0.026506707237322,0.000583032224393183,1.70293390017873e-05,0.000586604933616815,0.0187401871451122,0.00625534551294651,0.000841031222815979,0.00567891191564095,0.0180801923665549,0.0845381255693915,0.0170775862751397
1000,"gauss_cor",350,TRUE,318,0.0227550987265491,0.00106453143617817,0.0167887404252539,-0.751020335191593,0.0973412819885231,0.028671805716346,0.0896936335785608,0.122690587995168,0.000535106891195702,2.84927939207932e-05,0.000654251028225123,0.0257485584554693,0.00544836096964466,0.00139535844992412,0.00521947187236392,0.0175309100982667,0.169327510217171,0.032627157954351
1000,"gauss_cor",351,TRUE,294,0.030338529405173,0.00163953649683218,0.0222470259648791,-0.54060568272885,0.131062656950786,0.0306625266462011,0.0981676236920164,0.183550540564342,0.000651238621602971,4.01382831800597e-05,0.000797825270728323,0.0290483218672858,0.00515588409295381,0.00151640176333673,0.00547642892097655,0.0211153512439355,0.175107186163793,0.0404911903607708
1000,"gauss_cor",353,TRUE,360,0.0225686604622607,0.00102974186889365,0.0168324283115432,-0.694682300105869,0.175496048157368,0.0740497515382395,0.135240370257377,0.30982632798092,0.000588005787525216,3.19978267551629e-05,0.000618339996282521,0.0248891135879232,0.00572638294591213,0.00236711882516895,0.00642116325232303,0.0234650543483486,0.27212083995578,0.0320895912858617
1000,"gauss_cor",354,TRUE,489,0.0213874729499447,0.000859068244330038,0.0155790219981773,-0.759312844974912,0.214258705278621,0.10771645248246,0.167227033680662,0.425831982161833,0.000556654092165888,2.91759880382192e-05,0.000641141123091593,0.0243247085292738,0.00689134402436556,0.00342321959375737,0.00800284048828344,0.0237205010589938,0.328201847164912,0.0293098659896295
1000,"gauss_cor",355,TRUE,568,0.02383482769621,0.00113508158109804,0.0176520710305721,-0.682345763601021,0.249268850287818,0.116491531779588,0.183011632458112,0.485793629366921,0.000645642224469424,3.18442622639744e-05,0.000715944644699224,0.0229512575209526,0.0068891227959703,0.00379751541502672,0.00776405769634407,0.0236753303584259,0.341308558022778,0.0336909718040017
1000,"gauss_cor",356,TRUE,299,0.0261754144554339,0.00164302424372383,0.0199901921730914,-0.654835425621469,0.229112420088777,0.102082663268509,0.167729397293534,0.443493316818144,0.000758986755928271,4.9690547946265e-05,0.000818409479168326,0.0225818627241159,0.00505166636828327,0.0027011332827179,0.00604210582661119,0.0258018361890808,0.319503776610714,0.0405342354525632
1000,"gauss_cor",357,TRUE,487,0.0184866044659444,0.000700740238298873,0.0138482940471354,-0.811745702148772,0.230391808512306,0.121081718824504,0.17499365837055,0.45598175981646,0.000517016114331698,2.03257207360804e-05,0.000579870351246755,0.0217222509414061,0.00620293753461266,0.00313832644295801,0.00607774262020793,0.0248856928519395,0.347967985344204,0.0264714986031935
1000,"gauss_cor",358,TRUE,444,0.0117135067021017,0.000319128260648669,0.00894741469622555,-1.05258424812218,0.15935995199017,0.0562087423623738,0.119700031120041,0.240291217701543,0.00036467601050365,9.96634298310292e-06,0.000384076730862052,0.0235912256542893,0.0044894525856602,0.00173854922021501,0.00487443105654371,0.0231571624585655,0.237083829820538,0.0178641613474764
1000,"gauss_cor",359,TRUE,327,0.01392952278158,0.000585369660294691,0.0115407843068159,-0.910146852904492,0.181634743546484,0.0674796179300786,0.132394695810886,0.287841897507608,0.000489250480515074,1.56704807673073e-05,0.000513295188103399,0.0211886323316148,0.00484573015925522,0.00198564293552701,0.00524534550608439,0.0249818172454377,0.259768392861947,0.0241944138241597
1000,"gauss_cor",360,TRUE,305,0.0123330194518742,0.000448807225249022,0.0106230793160349,-0.959599867465988,0.14688507989985,0.0531060742877109,0.110032885176594,0.195126557541001,0.000597403446735259,1.94251068671433e-05,0.000635890240398058,0.022587286295164,0.0043172329257991,0.00153925731260173,0.00443919349085417,0.0236518968678606,0.230447552140852,0.0211850708105737
1000,"gauss_cor",361,TRUE,230,0.0115752708415879,0.000391722871913819,0.00936352035502133,-1.04389795999364,0.097384629643902,0.0195692199485295,0.0717285081683989,-0.00232204314456695,0.000409844303750446,1.32221933491107e-05,0.000467883712408693,0.0248695174333662,0.00277082151838313,0.000717722433337057,0.00335129787142019,0.0288892529746752,0.139890028052501,0.0197919900948292
1000,"gauss_cor",362,TRUE,261,0.00506635467719874,5.72527382490541e-05,0.00406014457569644,-1.43297726936548,0.0587570168062148,0.00720483239409624,0.0430105726927039,-0.267647313551233,0.000272277519203497,3.62170108768163e-06,0.000254138870270281,0.0205810622327134,0.00181593753595629,0.0002534069100145,0.00186361775450686,0.0225834016140688,0.0848812841213906,0.00756655392163791
1000,"gauss_cor",363,TRUE,189,0.0070854458540943,0.000107308188039921,0.00555319948926322,-1.25859935911603,0.0507514377107064,0.00510692733449483,0.0376883965132507,-0.313660106562886,0.000305395494925818,5.73375036033146e-06,0.000305323309201246,0.0220642658033717,0.00169556402663887,0.000203725930171914,0.00196530247822062,0.022267528390161,0.0714627688694948,0.0103589665526982
1000,"gauss_cor",365,TRUE,363,0.0375438241660649,0.00271516247072593,0.0278590487429043,-0.451139825480733,0.110839695568836,0.0370132032913855,0.0888210239038284,0.141714195717073,0.00106940386584646,8.70615765003195e-05,0.00113995077107108,0.0233253072544826,0.00369129857319178,0.000832344810451482,0.00389330077255862,0.0195626461608081,0.192388157877208,0.05210722090772
1000,"gauss_cor",366,TRUE,473,0.0290175507842278,0.0018875020224076,0.0224034944003206,-0.566557347821568,0.109039704845466,0.0218732867560572,0.0802696703803407,0.0763661410374814,0.000714641379003149,4.65116970942806e-05,0.000798288599352704,0.024338900611489,0.0026979490814593,0.000618456867401052,0.00321737509272495,0.020621877935688,0.147896202642452,0.0434453912677467
1000,"gauss_cor",367,TRUE,400,0.0180026107966785,0.000653977502146613,0.01349068854648,-0.818683736930546,0.0703732360398864,0.0101846579794026,0.0528274206539672,-0.126635273631469,0.000514626845874036,1.95909931401941e-05,0.000543714721411059,0.021862679644722,0.00203696791757429,0.000288488355655304,0.00224448252517202,0.0211346991146792,0.10091906648103,0.025572983833464
1000,"gauss_cor",368,TRUE,466,0.0152124329904557,0.000550316157972271,0.0115126784549697,-0.94911406401638,0.0639575791481201,0.00764670707997406,0.0465637602429767,-0.2041297265005,0.000459305549857316,1.69539033682414e-05,0.000479428704268321,0.0218489270414923,0.00184377488876166,0.000250238269466622,0.00208162376471598,0.0218839922806695,0.0874454520256717,0.023458818341346
1000,"gauss_cor",369,TRUE,449,0.014630789582609,0.000400969473352532,0.0115448738198696,-0.866848253581282,0.0601999821854692,0.00781879727144128,0.0547789099587975,-0.0604759575794728,0.000641412876863117,2.05633377592688e-05,0.000721033557976328,0.0211293051376145,0.00350764198960585,0.000493232357874891,0.00363182515017313,0.0182634104116914,0.0884239632194875,0.0200242221659802
1000,"gauss_cor",370,TRUE,143,0.0056234922766562,6.7793948065845e-05,0.00521974384234658,-1.24137825180062,0.096251526324083,0.0183733684316024,0.0720584744957671,0.00870144881798838,0.000353027868038291,4.65909788810757e-06,0.000337767121791396,0.0182712047570354,0.00342034528658889,0.000835615568463485,0.00346662877909808,0.0221773465220276,0.135548398852965,0.00823370803865701
1000,"gauss_cor",372,TRUE,167,0.00710278995726379,0.000115482112856134,0.00619021063181873,-1.17221271823147,0.0688750886073949,0.0112800289242405,0.052046673536124,-0.160822116413094,0.000416544141380209,7.31380034687718e-06,0.000413922546940994,0.0204693268017516,0.00223187094090641,0.00039640920257175,0.00259539413233624,0.0226952807140812,0.106207480547467,0.0107462604126335
1000,"gauss_cor",375,TRUE,399,0.00717108095522283,0.000121673357962438,0.00760573584667011,-1.07569793888026,0.0415812497121359,0.0040136895336086,0.0480241360924823,-0.100464852000738,0.000621168348707665,1.11336505642231e-05,0.000562351217809472,0.0184934007143614,0.00374475741529442,0.00038990446471083,0.00368284347637245,0.0169930155274532,0.063353686030164,0.0110305647163886
1000,"gauss_cor",376,TRUE,402,0.0209250923134026,0.00150500745831021,0.018610253502909,-0.66107015368031,0.1017040991179,0.028171553240906,0.0906605421375349,0.16097715085801,0.000819677158424954,3.7543261577875e-05,0.000833968133997933,0.0189316117612782,0.00561407717313656,0.00144315788075319,0.00536237265381473,0.0181364088032708,0.167843835874023,0.0387944256087161
1000,"gauss_cor",377,TRUE,543,0.0206204922023471,0.00105548644271257,0.0165052821462416,-0.713987759161707,0.0801380486993077,0.0218434815057708,0.0733000440918468,0.0445179680542303,0.000610643883860447,2.69979829879322e-05,0.00071908944897331,0.0210626192127232,0.00416077007631953,0.000775582157042316,0.00405232846854352,0.0184094801613852,0.147795404210587,0.0324882508410744
1000,"gauss_cor",378,TRUE,433,0.0062734410176466,0.000118011783729447,0.00561045745450847,-1.25088543099912,0.0429167193187346,0.0046198956174147,0.0456681637188428,-0.188880984271297,0.000362769301897951,6.35741194348172e-06,0.000342495821384233,0.0195094618561706,0.00358848467876141,0.000390333453111057,0.00342543256333764,0.0187970051218651,0.0679698140163315,0.0108633228677715
1000,"gauss_cor",379,TRUE,309,0.0209656152795372,0.00120536483166603,0.0168403463806541,-0.747219043723877,0.114815315723682,0.0289349456182256,0.0894960980666778,0.116857720637104,0.000576710892933901,3.032638724804e-05,0.000678354066989636,0.0223048326953722,0.00429599511001062,0.00121789549405932,0.00438291717506444,0.0208690662547616,0.170102750178313,0.0347183644727978
1000,"gauss_cor",380,TRUE,357,0.0195866503707148,0.000792234087682674,0.0148835760205335,-0.772202742546312,0.0747112528812778,0.0120762824257681,0.0612549235351008,-0.0440799693238071,0.000693351309492993,3.20134085111628e-05,0.000650785509314409,0.0237575843275108,0.0038875542265834,0.000725261687924684,0.00347514392852905,0.0207399586870433,0.109892139963548,0.0281466532234771
1000,"gauss_cor",381,TRUE,328,0.0152703883684314,0.000494049646723958,0.01137393446728,-0.934202098765507,0.0607468314578074,0.00865875549189648,0.0472690480818209,-0.214477743470384,0.000471254565761719,1.67851987603465e-05,0.000505926689795833,0.0245707308663058,0.00236421499260588,0.000359361426266529,0.00241464305796303,0.0217593640455105,0.0930524340997939,0.0222272275986898
1000,"gauss_cor",382,TRUE,328,0.0186206600057397,0.000881009008189088,0.0142827307853821,-0.833868820856307,0.0754547542483547,0.0142589321246847,0.0589026187683249,-0.116520220702493,0.00061262634819366,2.83356811443766e-05,0.000692300191427267,0.0247798179785011,0.00226662505898306,0.000433421183730532,0.00269059181329948,0.0218520498953149,0.119410770555611,0.0296817959057246
1000,"gauss_cor",383,TRUE,336,0.0276028172529638,0.0019172627542972,0.0213803272058634,-0.597928040988452,0.142862922032236,0.0417628010343429,0.108054046016728,0.249767515906489,0.000880708129834508,5.7106715898867e-05,0.000933050686642539,0.0245433397057307,0.00357946077865304,0.00107714055628344,0.00408007073000652,0.0241269899946679,0.204359489709538,0.0437865590597982
1000,"gauss_cor",384,TRUE,274,0.00456857486261525,4.8902169065646e-05,0.00471653652232907,-1.28403639056743,0.0775188977256632,0.0163848051508247,0.0630975413434612,-0.0752425047298067,0.000275613423927623,2.97272888491856e-06,0.000286766445669597,0.0167881843258176,0.0025857552557032,0.000529177321679209,0.00320133556614665,0.0215452946289358,0.12800314508177,0.006993008584697
1000,"gauss_cor",385,TRUE,210,0.00299349428033044,2.67648228427091e-05,0.00309164979473629,-1.50162787606338,0.0525924251797898,0.00769180112163265,0.0430828777650459,-0.259670056537189,0.000184129123303159,1.4949604215438e-06,0.00017569869431748,0.0173563706956361,0.00180025732447469,0.000245061952107765,0.00204837308954437,0.0211305434780952,0.0877029139859825,0.00517347299622885
1000,"nig_cor",133,TRUE,631,0.00519664919118083,4.83583582076293e-05,0.00375655670840239,-1.45382898771144,0.0679787538468983,0.0083997657371064,0.0488314173953598,-0.173791982559271,0.000117880202670362,1.60933812686526e-06,0.000121360971532596,0.0145542273627834,0.00124038475305311,0.000198110486077758,0.00130934642809103,0.0162921386542255,0.0916502358813462,0.00695401741496448
1000,"nig_cor",200,TRUE,460,0.00273273065007693,1.41293111621493e-05,0.0020029691392421,-1.76463755150879,0.0820298582701386,0.0108922335079828,0.0579498563569371,-0.0800008682126439,5.12329594167269e-05,3.24450284428636e-07,5.67854571435653e-05,0.0139505490409307,0.000966527552278299,0.000165854407246289,0.00124972533666136,0.0124825517873624,0.104365863710232,0.00375889759931676
1000,"nig_cor",333,TRUE,399,0.00219065585877378,1.88222680967541e-05,0.00172276220795332,-1.87844214334403,0.071383502671154,0.00840520184565479,0.050664755328478,-0.151894978306754,7.88956803234976e-05,7.04995668290642e-07,7.93760179720324e-05,0.016377621126835,0.00215499296698031,0.000408073015726102,0.00253846162139936,0.0189970735353057,0.0916798879016264,0.00433846379456532
1000,"nig_cor",350,TRUE,318,0.0240245975426807,0.00111556421188211,0.0173751495073533,-0.74093932105283,0.10957428951185,0.0363866345168281,0.0871740981051785,0.0542552807410924,0.000539039761528848,3.63714454809719e-05,0.000623389613627618,0.0218559295399782,0.00624013654063802,0.00276876141981976,0.00873970588771175,0.0269683119664764,0.190752809984095,0.0334000630520679
1000,"nig_cor",357,TRUE,487,0.0181505095254441,0.000745358099256628,0.0134031986752747,-0.841655446843165,0.247591672557832,0.172069472167714,0.189222405823933,0.450808978929525,0.000681085062044464,3.64536228068285e-05,0.000664783337599817,0.0241001537201525,0.0187003345882419,0.0221905008280829,0.0187544180098088,0.0554574791249501,0.414812574746371,0.0273012472106427
1000,"nig_cor",73,TRUE,378,0.00598731684816173,5.84669895852052e-05,0.00423502169194877,-1.38774016732606,0.0293763315544771,0.00160864364454027,0.0211193111421237,-0.58383221427646,0.00014039113882397,2.02204987789651e-06,0.000141871862143202,0.0151483914741709,0.00109437623728845,8.64937527944886e-05,0.000969411548650987,0.0174515230775732,0.0401079000265567,0.0076463710075568
NA,"gauss_indep",113,NA,560,0.0412250698723189,0.004025194172695,0.0319357358301229,-0.37942800064725,0.17641835573568,0.0701900697989471,0.135491093544195,0.352186693200055,0.00113377139412296,0.000105095350352866,0.0013604005467364,0.0223132322055119,0.00591412846592343,0.00220929562273606,0.0061086347617119,0.0222334010861026,0.264934085762756,0.0634444179790074
NA,"gauss_indep",322,NA,342,0.0442781683775957,0.00381330850706352,0.0328345429980848,-0.31474251438826,0.543100787211125,0.651699641500994,0.413562011413608,0.938104307932211,0.00106279788556904,0.000100828850194368,0.00123012082890497,0.0260735164847678,0.0134900266514629,0.0151546324194462,0.0150423922536152,0.0266013239949172,0.807279159585452,0.0617519919279008
NA,"gauss_cor",113,NA,560,0.0420925681653625,0.00421258462668175,0.0325036674827491,-0.368225628036452,0.186744433422701,0.0731498723768026,0.140228474120991,0.365274678237535,0.000873243558524869,7.66433611587464e-05,0.00110697182198165,0.0181409357139912,0.00452385739447198,0.00182381351362972,0.005550701838011,0.0184739945747512,0.270462330790819,0.0649044268650587
NA,"gauss_cor",322,NA,342,0.043053859066574,0.00350339891531605,0.031710303936737,-0.361989230584498,0.537231388854888,0.617840430774644,0.410339415641936,0.913131440774751,0.00092327216585794,8.51108364226251e-05,0.0010465025062317,0.023762222378335,0.0138038123312488,0.0151301569307965,0.0150278498646623,0.0272190711218483,0.786028263343402,0.0591895169376812
NA,"nig_cor",113,NA,560,0.0701351975528773,0.0254881587029695,0.140200036283303,0.371231946429602,0.352451570459834,0.632996097884924,0.668971909427798,1.05881742998393,0.0123375026071992,0.0106179928151716,0.01214537887423,0.0142951147316613,0.0657434655081523,0.292869492236476,0.0666683901865226,0.0191978299515111,0.79561051896322,0.159650113382263
NA,"nig_cor",322,NA,342,0.0484849486971992,0.00664298762866192,0.03752601316261,-0.254891735073138,0.625401040499676,1.38497096532408,0.494747394920291,1.15177033473748,0.00141150986096212,0.000184760965365518,0.00173656353409185,0.0335981930292443,0.0290484606096418,0.0573740692265061,0.0288923864760681,0.049117012740974,1.17684789387757,0.0815045252035856
NA,"nig_indep",113,NA,560,0.0428949923794292,0.00623340200295436,0.0326033205843952,-0.391165588688453,0.200818441450982,0.122531907636943,0.150711779123535,0.397270656691551,0.00199273261988248,0.000396342017435354,0.00241446112512225,0.0318254008586569,0.00983797352197855,0.00831634227479517,0.011464025792002,0.0289897167268748,0.350045579370663,0.0789518967660332
NA,"nig_indep",322,NA,342,0.0510833258693629,0.00898843188061504,0.0388043512997005,-0.187392667288713,0.588979021064867,1.21192080543516,0.463441757162151,1.05864100956703,0.00225246537596498,0.000483626672668109,0.00224407798794267,0.0494615157687249,0.0257599999880415,0.0588973457271359,0.0246384268299777,0.0470025980746454,1.10087274715798,0.0948073408582639
NA,"nig_cor",238,NA,429,0.00268921133543983,1.48663119870665e-05,0.00207973334025943,-1.72490834412151,0.0733327402115853,0.00865864862777215,0.0517647456616197,-0.131224706217022,7.41614085504622e-05,4.32617469451834e-07,7.29400063472519e-05,0.0130806615595982,0.000909879604130688,0.000137697869323989,0.00100900089889482,0.011471598453259,0.0930518598834658,0.00385568567015862
