"presLevel","model","gridID","refit","n_points","cv_Psal_MAE","cv_Psal_MSE","cv_Psal_CRPS","cv_Psal_SCRPS","cv_Temp_MAE","cv_Temp_MSE","cv_Temp_CRPS","cv_Temp_SCRPS","cv_Psal_MAE_sd","cv_Psal_MSE_sd","cv_Psal_CRPS_sd","cv_Psal_SCRPS_sd","cv_Temp_MAE_sd","cv_Temp_MSE_sd","cv_Temp_CRPS_sd","cv_Temp_SCRPS_sd","cv_Temp_RMSE","cv_Psal_RMSE"
10,"gauss_indep",100,TRUE,428,0.0663167469761528,0.00855156116135553,0.0500393573938371,-0.14071336675953,0.574949778791811,0.52136571625508,0.409034714293754,0.909518652692495,0.00107158225992536,0.000145540563584958,0.00134458975873262,0.0194135412917543,0.00720097724208049,0.00826174776902287,0.00940683733433416,0.0159323649431648,0.722056587986759,0.0924746514530092
10,"gauss_indep",101,TRUE,423,0.0618718606370296,0.00756065747890223,0.046947205961508,-0.184988513711756,0.519227371571614,0.432846205174892,0.370771842864789,0.869096365944704,0.00117324326471447,0.000159365055279651,0.00130794540438956,0.0163890187933013,0.00611847090564694,0.00629386153456175,0.00802703867250146,0.0171832191110333,0.657910484165507,0.0869520412578234
10,"gauss_indep",102,TRUE,457,0.076593452943747,0.0107995349040482,0.0568695148693439,-0.0863871048277548,0.409030660115981,0.278752839532273,0.29089479271852,0.735989277435973,0.00136406965706167,0.000224453511564435,0.00179253843791373,0.0169473854729726,0.00533104820915582,0.00433834301791153,0.00717285927610934,0.0160659128402904,0.527970491156725,0.103920810736099
10,"gauss_indep",103,TRUE,426,0.0861133777666464,0.0138610222166141,0.0646879635876131,-0.019440586910732,0.32901609881017,0.178170331260184,0.234592639072913,0.623237599485204,0.0016528423176824,0.000279635800831528,0.00206628609453689,0.0177529647304752,0.00504012264115137,0.00351915098437367,0.00647628861642546,0.0134748974825683,0.422102275829193,0.117732842557267
10,"gauss_indep",104,TRUE,565,0.0741178599727963,0.0115424469827587,0.0564101127325309,-0.106357488010243,0.32513244731609,0.192165153789772,0.236609883342185,0.619264306425822,0.0013910183614738,0.000231193151720602,0.00173603091422109,0.0165757237374121,0.00481717913276683,0.00333284023040826,0.00665361953825888,0.0153940204834719,0.438366460612319,0.107435780737884
10,"gauss_indep",105,TRUE,239,0.0570996367267363,0.00594605774787481,0.0426602443962974,-0.227544756213932,0.256018116422379,0.116388926373188,0.181046509654197,0.477225251052234,0.000867001412771806,0.00010435065802593,0.00113256831444516,0.0142294216430417,0.0048094270107909,0.00290178287016809,0.00532924570537889,0.0131559215348225,0.341158213111143,0.0771106850434803
10,"gauss_indep",107,TRUE,367,0.085429572949148,0.028197985698524,0.0722413761239753,0.0340644979957993,0.545783802434416,0.492556146701921,0.381937032680895,0.859400547203932,0.00160078082748488,0.000325080881099526,0.00214973182970223,0.0137118837849153,0.00875348582197163,0.0102986066733573,0.0104969993088013,0.0167051758601589,0.701823444109643,0.167922558634997
10,"gauss_indep",108,TRUE,404,0.0494728209934915,0.00504716048308885,0.0509946719532541,-0.0675088734500365,0.541394646336165,0.545372554134984,0.399018491780933,0.886331298181029,0.00219886652742624,0.000238769691666131,0.002514561903415,0.0132063770481733,0.0147431269207839,0.0174837919493858,0.0169164471789332,0.0168663473958992,0.738493435404123,0.0710433704372818
10,"gauss_indep",109,TRUE,643,0.037360394297346,0.00277650204811921,0.0286357273371165,-0.436871277530519,0.41904256147515,0.304145596883103,0.304322926789284,0.747070163599372,0.000882000433538852,7.39532276835392e-05,0.00117801013666251,0.018984107464833,0.00831126021034586,0.00773009873906775,0.0109633600373481,0.0194441699769264,0.551493968129392,0.0526925236453827
10,"gauss_indep",110,TRUE,555,0.0579714685801732,0.00666367562212648,0.0510940263935861,-0.100928527185552,0.366448821407905,0.222325926364736,0.2715433421326,0.711164271067935,0.00266523206665135,0.000331044083867448,0.00286156308488703,0.0162873123664577,0.0134432595755533,0.0107770484147224,0.0148349563224809,0.0191928375539761,0.471514502814851,0.0816313397055719
10,"gauss_indep",111,TRUE,342,0.0670288841866231,0.00847155276264109,0.0518021751474745,-0.129261688767898,0.352073424453624,0.202773541786029,0.250122722773589,0.651223913422962,0.00238182147745557,0.000354772906703454,0.00266196477608428,0.0207134439439455,0.00998410060221912,0.00754119619314113,0.0103117010754342,0.0189888640430874,0.450303832746324,0.0920410384700275
10,"gauss_indep",112,TRUE,358,0.0595438248670639,0.0081381666807767,0.0459591963341397,-0.213279951536499,0.332192480797654,0.173269898266175,0.232173715028761,0.613150126459026,0.00127450007014897,0.000179704939470943,0.0015665404215825,0.0212111796125453,0.00487371309408616,0.00345253334930275,0.00615380019562159,0.0148019661771997,0.416257009870314,0.0902117879258398
10,"gauss_indep",113,TRUE,523,0.0481601635839275,0.00409027394006658,0.0353919593541074,-0.325824284682387,0.309438504809236,0.154162380836204,0.217844383261104,0.583686581514286,0.00128081538522281,0.000127840946859106,0.00145478510288861,0.0187583643072559,0.00535433228291567,0.0033334722313329,0.00643676402418575,0.0159750593147224,0.392635175240584,0.063955249511409
10,"gauss_indep",114,TRUE,163,0.0449813199064627,0.00356123605625076,0.0401960124300583,-0.202629804111762,0.32431141412521,0.173146633599062,0.227047157076591,0.598052112316237,0.00162150402536191,0.000173559010879002,0.0018311347986391,0.0122213528406204,0.00666467331738815,0.004438359632637,0.00831387622648185,0.0168628375109225,0.41610892035507,0.0596760928366692
10,"gauss_indep",120,TRUE,878,0.0701050354901695,0.0092548616709932,0.0538802402220283,-0.112172950488768,0.303492422029193,0.1534481466202,0.216620719569783,0.579906168089476,0.00119054839747019,0.00016822264850234,0.00150999311857314,0.0135868440300999,0.00402143252881611,0.00257540158127875,0.00519515308323405,0.0137429544768289,0.391724580056192,0.0962021916122143
10,"gauss_indep",121,TRUE,772,0.0876403750247787,0.0167687620459226,0.0672187102669198,0.000806987003504102,0.293955316206248,0.141293925296478,0.207227825277114,0.557022722958708,0.00151711328506482,0.000263028921190771,0.00196423207405033,0.0138659812729259,0.00382049915928465,0.00238742975062205,0.00521074147377379,0.0136656807936772,0.375890842262056,0.129494254876124
10,"gauss_indep",123,TRUE,360,0.494541837245061,0.461396813417728,0.371049014890345,0.863004801069671,0.431343614744549,0.321881061399244,0.316347635937506,0.79529437123946,0.00760324701328826,0.00798756165717513,0.00923426749106677,0.0174361810018186,0.00526722155991277,0.00492195358044137,0.00702596395169758,0.0179271011427696,0.567345627813632,0.679261962292699
10,"gauss_indep",125,TRUE,442,0.0741305360385428,0.0129092007983052,0.0601623046030767,-0.0572233560072576,0.266205123430966,0.13358785074117,0.19884000343175,0.538349423498511,0.00169957308397531,0.000294521670036742,0.0020757948067712,0.0149974224737889,0.00531452123048524,0.00324417647764276,0.00633225574952016,0.014130313268296,0.365496717825441,0.113618663952298
10,"gauss_indep",126,TRUE,898,0.0747816942419576,0.0130558704919225,0.0581574063655229,-0.0754337260925114,0.4793210572215,0.39769921931691,0.346490976867664,0.820686922015699,0.00143666044157847,0.000230451590127132,0.00175754763089395,0.0165173726213971,0.00813938672779677,0.00786092082718575,0.0101847770891939,0.018310812699748,0.630633982050531,0.114262288144088
10,"gauss_indep",127,TRUE,971,0.05724236031342,0.00670341784522885,0.0435884272570691,-0.223940088167339,0.46139802203913,0.357147584162654,0.331059254050825,0.794648561163924,0.000850548763372081,0.000104669844377987,0.00114296555474207,0.015375482686145,0.00773685107253789,0.00736797645042966,0.00966058962913563,0.016972177422145,0.597618259562619,0.0818744028694491
10,"gauss_indep",128,TRUE,478,0.0661930995807236,0.00778966459478289,0.0487096469218454,-0.165924621730749,0.443499248658793,0.345024899584236,0.320983965586984,0.775680950035292,0.00114631440572934,0.000158376463062997,0.0013948580768204,0.0160034588597512,0.00803064072080992,0.00750917952201994,0.00980509854168062,0.0160144559319865,0.587388201774802,0.0882590765575014
10,"gauss_indep",129,TRUE,321,0.0621006415651852,0.00699939609659624,0.0466469394759262,-0.185719587679385,0.328212377889594,0.217249179910913,0.252668736775367,0.672936564547306,0.00154545193795622,0.000218527432843931,0.00188397775174757,0.0160826290404565,0.00997883014610351,0.00679673923952533,0.01099864572995,0.0175079515488408,0.466099967722497,0.0836623935624378
10,"gauss_indep",130,TRUE,331,0.0570380126808278,0.0066037969511771,0.0442890389570481,-0.209017931404436,0.315928048503174,0.205844801723908,0.23832053173564,0.633181168224143,0.00121318957378793,0.000157453182159164,0.00159232392601888,0.0163001292836353,0.00865437604803546,0.00567600086210306,0.00996277106432863,0.0177886856320992,0.45370122517347,0.0812637493054382
10,"gauss_indep",131,TRUE,294,0.0568468313160545,0.00657152962225156,0.0448003161749882,-0.196251746702925,0.269519317001284,0.121038618484638,0.197381992497532,0.549421198047948,0.00132485894253901,0.000152196797823909,0.00166160829487374,0.0159221471732361,0.00530749327322796,0.00288467233207989,0.00698560971727983,0.0142391800228708,0.347906048358803,0.0810649716107491
10,"gauss_indep",132,TRUE,374,0.0650151567811639,0.00865665092953583,0.0502306436464188,-0.149442098396772,0.257782810065149,0.110701896574672,0.184764190864406,0.512955480412614,0.0015048164790517,0.000200517445943088,0.00186035076979597,0.0164906265098899,0.00474358184327347,0.00251972395615982,0.00600909380138002,0.0131593999454363,0.332718945319728,0.0930411249369645
10,"gauss_indep",133,TRUE,715,0.0815999119180917,0.014426232191723,0.0628222452598016,-0.0374633756969212,0.227158600149481,0.0863975027213895,0.164647427153383,0.453999947152932,0.0012996387615851,0.000223701685953888,0.00163674928023119,0.0159176111213033,0.00359077602425401,0.00172289878740145,0.00496215185884708,0.0124729317695032,0.293934521146104,0.120109251066365
10,"gauss_indep",134,TRUE,382,0.108742894214587,0.0229666196586122,0.0820679812174251,0.106841086337138,0.244268684160944,0.0980120559455488,0.174197967538869,0.476468973256568,0.00165363996526745,0.000355217003073765,0.00192119929575953,0.0177021599200331,0.00428166730201272,0.00221973280766642,0.00575959446543221,0.0143956190446657,0.3130687719105,0.151547417195451
10,"gauss_indep",135,TRUE,329,0.111560940881701,0.021202997463668,0.0810599359078015,0.0920824538119816,0.282183161225045,0.123905065909266,0.197312375221807,0.534249709618477,0.00209456426759761,0.000474888860060452,0.00241392634132637,0.0174662815450478,0.00444646338993532,0.00242697406015614,0.00567551802430481,0.015573186972372,0.352001514072406,0.145612490754289
10,"gauss_indep",136,TRUE,301,0.109234778855008,0.025919324485864,0.0848463229645261,0.103781950270268,0.353068693064255,0.198366913145182,0.24940929809648,0.656783381726207,0.00186835050121313,0.000470482334544869,0.00268127679805425,0.0185262376271405,0.00498779217598858,0.00350585023705018,0.00646430743186235,0.0162239845127894,0.445384006386828,0.160994796455861
10,"gauss_indep",137,TRUE,295,0.0920391163028967,0.0222516863280375,0.0741779716566451,0.0349151375046656,0.377854797249442,0.237808420578171,0.267516774240927,0.684317053915248,0.00202010842271526,0.000441580932847066,0.00226198289815199,0.0153308328977234,0.00527747484437518,0.00452393873213225,0.00681769676258794,0.0162342353056453,0.487656047412693,0.149169991379089
10,"gauss_indep",138,TRUE,168,0.0936768576983152,0.0160996864762852,0.0710874838259188,0.0354531747469934,0.448136745904854,0.337403272077313,0.319777843418439,0.776732531430587,0.00237625214154772,0.000493176639318466,0.00287375101895465,0.0155984734060418,0.00651376313830819,0.0059121142128439,0.00941572420408671,0.0168806786677961,0.580864245824541,0.126884539941969
10,"gauss_indep",139,TRUE,235,0.111659564599543,0.0277452798558935,0.0880258981509944,0.13606721247089,0.432522788662769,0.333872537223514,0.316636482004371,0.769669770364536,0.00177481056127363,0.000395136830396483,0.00229974208563308,0.0146063497917859,0.00905978614323354,0.0087331865852969,0.0108928575357738,0.0160401893400139,0.577817044767212,0.166569144369218
10,"gauss_indep",140,TRUE,182,0.0974540315652811,0.015132213376668,0.0704777474236042,0.0231521390016602,0.349702311914612,0.244026713204781,0.26233369900346,0.677373680687906,0.00166559918152295,0.000340037973633482,0.00227880242612579,0.0141372096128773,0.00727675192367552,0.00519193818916589,0.0105181350700941,0.0172461261127962,0.49399060032027,0.12301306181324
10,"gauss_indep",141,TRUE,264,0.116108776043435,0.0317294676849,0.0904493531751082,0.138139810030155,0.273238659901082,0.140384364168032,0.20371314281729,0.550932275873587,0.00225087084215311,0.000526139154742079,0.002798968277138,0.0174127912001422,0.0072675843656433,0.00452784889093057,0.00891446282103904,0.0186552022052292,0.374679014848753,0.178127672428795
10,"gauss_indep",142,TRUE,343,0.139635624432515,0.0411287399157436,0.108100092066443,0.22737938246749,0.242464389350528,0.0963658963791336,0.175946239033863,0.491819982189834,0.00262837612485965,0.000797018615126303,0.00377877028020437,0.0181699515791137,0.00449693603913236,0.00239991567041324,0.00540433688161495,0.0120089609460141,0.310428568883622,0.202802218715042
10,"gauss_indep",143,TRUE,415,0.11977086748595,0.0355865760727028,0.0968222978150468,0.166759039710249,0.263679036889119,0.10744549189335,0.183951288127356,0.500955518617991,0.00308831619106562,0.000802614602757663,0.00359963996262179,0.0188222650968648,0.00335899891303728,0.00184118857399435,0.00456021391328736,0.0117356325132406,0.32778879159201,0.18864404595084
10,"gauss_indep",144,TRUE,473,0.0663053659016349,0.0096621631105982,0.0545988051549983,-0.0924284456296764,0.263765402559117,0.106203047962571,0.184775821924876,0.505356029260992,0.00180528251623341,0.000274032433533438,0.00229394174635639,0.0161221258649165,0.00323478877939149,0.00175088391715233,0.00445476313254147,0.0110596390793498,0.325888091164085,0.098296302629337
10,"gauss_indep",145,TRUE,449,0.0825916820052729,0.0121641432754091,0.0611578049696506,-0.0468906675478287,0.340412943268819,0.181199170710197,0.241180852367408,0.640614842798581,0.00203274552529729,0.000349732459094462,0.00246664850710748,0.0173293758810306,0.00454788899168873,0.0031770537915232,0.00580966945052966,0.0106222257556275,0.425674958988895,0.110291174966128
10,"gauss_indep",146,TRUE,303,0.106295762484463,0.0254578503770708,0.0815596763175218,0.087216876805295,0.46354739069163,0.387663447548574,0.335653629884112,0.799424532811262,0.00207930144660016,0.000479505881202868,0.00241636818173469,0.019272927845143,0.00642982250876778,0.00658662625051092,0.00881059534868964,0.0147153881317118,0.622626250288706,0.159555164056419
10,"gauss_indep",152,TRUE,171,0.0924587913575213,0.0157434007574213,0.0680796824639205,-0.00492587865235548,0.247584996904549,0.101657657131676,0.177591216379545,0.490670889669366,0.00120225686908292,0.000264412223376259,0.00167646224063037,0.0167647179301307,0.00449969815580448,0.00214077320628968,0.00547644666496757,0.0120884711398936,0.318837979437325,0.125472709213682
10,"gauss_indep",153,TRUE,412,0.0928847986887684,0.0192194892470207,0.0720000061660909,0.0136153853052994,0.29330276709886,0.149586545440728,0.210071442976898,0.561487250284372,0.00199809965110819,0.000402398792216264,0.00258573402771868,0.0184011246927526,0.00431133135518444,0.00273128274643919,0.00532948162807129,0.0133898613738746,0.386764198757755,0.138634372530844
10,"gauss_indep",154,TRUE,595,0.183635449110391,0.0813110469769323,0.144536310149407,0.375017293059225,0.243424497455519,0.0951644751915504,0.172613312603221,0.473330080259518,0.00287037210280941,0.00112853108302893,0.00374687331852933,0.0168658822235429,0.00373498776490705,0.00192304917107242,0.0049694031215014,0.0128576317256465,0.308487398756498,0.285150919649459
10,"gauss_indep",155,TRUE,118,0.461094546240393,0.399367632632198,0.345590852394336,0.851675877386304,0.21280164857037,0.0743200288280491,0.153871521115058,0.418692545047774,0.00726302567881885,0.00689260586969862,0.00960221453386321,0.026018912137724,0.00504347389568564,0.00240797343480035,0.0059441044170268,0.0154501266226606,0.272617000255026,0.631955403990027
10,"gauss_indep",156,TRUE,863,0.316231847139252,0.220501173547983,0.248159837983068,0.648771252191693,0.233831520588499,0.102037912312974,0.173004552780307,0.478838319774598,0.00608841946867132,0.0041517870266563,0.00773743844681143,0.0138281583798482,0.00400025347326913,0.00205342374403914,0.00520788315695891,0.0125795246972312,0.319433736967425,0.469575524860467
10,"gauss_indep",159,TRUE,199,0.113945347917431,0.0234849573438902,0.0847148107635984,0.125048550162327,0.243589497363145,0.107896995492182,0.176323881338519,0.479906484761961,0.00154362543891352,0.00044258289302007,0.00197135899242776,0.0166178325162769,0.00425365773466053,0.00235224974510063,0.00591806005385268,0.0144633439857907,0.328476780750454,0.153248025579093
10,"gauss_indep",160,TRUE,555,0.0778098926921742,0.0116009728702314,0.0577458330752749,-0.0885469179864826,0.17201698011924,0.0542768478342973,0.145853640715559,0.443158945847218,0.00158998281258294,0.000285771386651411,0.00195962124010307,0.0155329171903436,0.00569658921519491,0.00217239780713052,0.00652770135093986,0.0124353509335569,0.232973920931716,0.107707812484663
10,"gauss_indep",161,TRUE,436,0.0808997179905315,0.0117658347582325,0.0596955707511428,-0.0627097450468088,0.175897225993377,0.0491838217866297,0.134636021532305,0.387894187201083,0.00153979867876359,0.000250004940448092,0.00173163971384646,0.015287082826014,0.00346425867436477,0.00132554574868815,0.00419213616484038,0.00984462708633968,0.221774258620404,0.10847043264518
10,"gauss_indep",162,TRUE,314,0.111316291918498,0.0208964234175246,0.0808020856956671,0.0947209548911105,0.153429982154519,0.0370014738127745,0.109795107834476,0.256127384543197,0.00175451278865903,0.000411272163310473,0.00218253543162579,0.0186061048952901,0.00285450430956895,0.0009247023048944,0.00343737852058483,0.011742684070409,0.19235767157245,0.144555952549608
10,"gauss_indep",163,TRUE,295,0.103399277908875,0.0177713516445831,0.075155249372166,0.0541819256517796,0.163358010296275,0.0423382197391998,0.115982034053446,0.271476779432082,0.0021947074967659,0.000473184108121364,0.00252263071213559,0.0174318680444382,0.00281076840516858,0.000914256046520389,0.00319364433767493,0.0129773859101744,0.205762532398879,0.133309233155784
10,"gauss_indep",164,TRUE,315,0.117173389543959,0.0237732489044136,0.0862483422443682,0.11923034239,0.17635385393509,0.0497194573896096,0.123790909918656,0.30200537579527,0.00227437652138498,0.000512169210169524,0.00273877874264767,0.0175270009518122,0.0032058023233229,0.00115799921907585,0.00372113195710873,0.0145550772444997,0.222978602986048,0.154185761030043
10,"gauss_indep",165,TRUE,437,0.118372497445285,0.0280012290840213,0.0897365676751869,0.141588310639522,0.185072633427261,0.0527387685841061,0.129716473073446,0.330060312195969,0.00197969625696773,0.000492211687666361,0.00244095889199643,0.0169075742884507,0.0030474825491539,0.00109309466469719,0.00398823184332424,0.0142551226857199,0.229649229443746,0.167335677857477
10,"gauss_indep",166,TRUE,391,0.126557197451838,0.0277124131901288,0.0928500767388102,0.157846763318743,0.205690054151128,0.0769244107963663,0.150636884091775,0.402023252940324,0.00207381970172006,0.000551523198894455,0.00268912573476627,0.0185502690728224,0.00344784454884732,0.00141843791949962,0.00440365702215106,0.0136961015816247,0.27735250277646,0.166470457409502
10,"gauss_indep",167,TRUE,331,0.11894383171085,0.0267754306141145,0.0884550288844978,0.130250511083442,0.215838667323928,0.076820809141594,0.156455272008392,0.42957391574693,0.00217244270161039,0.000535647613938523,0.00250543897197283,0.0171981327434871,0.00440208852191972,0.00194278683782705,0.00495071879940112,0.0130215928661295,0.277165670929129,0.163631997525284
10,"gauss_indep",168,TRUE,370,0.113062487531345,0.0223255179233951,0.0835429955514843,0.101344560879996,0.268096810052506,0.120239974273,0.192536869976392,0.523799088522424,0.00192935489642181,0.000421713648867068,0.00225171880169896,0.0145747151274796,0.00418187390984121,0.0021781010591715,0.00603369029024711,0.0145103893049386,0.346756361546548,0.149417261129346
10,"gauss_indep",169,TRUE,262,0.132096667176176,0.0288352665306424,0.0961992550817683,0.179417317092625,0.306705102761866,0.174355772114863,0.230305429122272,0.6201584187012,0.0020309937718615,0.000513680458153286,0.0024826895413871,0.015330723931831,0.00578959536936466,0.0036088070355611,0.00680870360791627,0.0127719909604815,0.417559303710099,0.16980950070783
10,"gauss_indep",17,TRUE,191,0.082992237959663,0.0257595614666872,0.0697597088458299,0.0354298215572289,0.372474263993035,0.306051230736981,0.279351303783858,0.712528966864088,0.00132827365673269,0.000230570583177114,0.00154911609623687,0.0228682589756634,0.00787258435508067,0.00627384790394407,0.00866693127248097,0.0204238107067814,0.553218971779693,0.160497855022076
10,"gauss_indep",170,TRUE,287,0.145298361435922,0.0339881162170279,0.103777688679031,0.214608903616051,0.30756647957578,0.164808734707184,0.228150667496995,0.62570623308887,0.00239580628396184,0.000685736951780446,0.00312109961504028,0.0162241691708677,0.00517079649266184,0.00329056880130117,0.00747998146826936,0.0117875350700051,0.405966420664547,0.184358661898561
10,"gauss_indep",171,TRUE,423,0.148895286452488,0.0372732239209762,0.108444478831159,0.235015531151687,0.217285873443786,0.0985562285052373,0.180179998246653,0.532551666304976,0.00264137090563105,0.000830934129738763,0.00332012869380164,0.0157271147802831,0.00508872688819027,0.00222213756143632,0.00694794887203691,0.0121806477653745,0.313936663206509,0.193062746072297
10,"gauss_indep",172,TRUE,414,0.180839992270625,0.0574658302532382,0.132925398784887,0.332805577510834,0.238903886223153,0.098630784407889,0.191317036807913,0.564932775248682,0.00316676845621198,0.00120819114340225,0.00407324784978246,0.0164917485515466,0.00723592062528463,0.00356343645116653,0.00833930508913217,0.0130639356774505,0.314055384300109,0.239720316730223
10,"gauss_indep",173,TRUE,391,0.208558786431403,0.0726561223788176,0.153062749160741,0.411476713968113,0.390064226739773,0.292290733246625,0.301531672228962,0.769988050082939,0.00382473365087065,0.00154050542385449,0.00480896653832908,0.0150225083224375,0.00853174533374001,0.00687726743211019,0.0107110959082476,0.0127674512709963,0.540639189521649,0.269547996428869
10,"gauss_indep",175,TRUE,141,0.348227773111837,0.4966349273108,0.30211990126823,0.669068543377519,0.309357583070546,0.255377161439691,0.248053696738224,0.641385478037564,0.0109155887929591,0.0125428509004724,0.0118195598017134,0.0226167113778953,0.0105705567486422,0.00735144703638641,0.0117176038493096,0.0179632033066726,0.505348554405463,0.704723298402146
10,"gauss_indep",177,TRUE,202,0.292500098789844,0.187676138277227,0.221226923516293,0.598994081565621,0.175567021281918,0.0540143614496939,0.130806957934726,0.332920720407348,0.0051582947311667,0.00366595608006612,0.00626055430587204,0.0204986573211856,0.00305858178620682,0.00112966132685826,0.00364076530941396,0.0127620689550376,0.23240989963789,0.433216041112546
10,"gauss_indep",178,TRUE,278,0.195629988465732,0.07135237276666,0.143496790754121,0.37874849173297,0.203967083242741,0.0716024819641998,0.147886777002212,0.390412778486795,0.00410157090848055,0.00153215583170206,0.0048093131054802,0.0182480118258838,0.00352790409008471,0.00153247689911448,0.00444328222622041,0.0155158515439537,0.267586400932857,0.267118649230375
10,"gauss_indep",179,TRUE,284,0.145602812786858,0.0372633368856739,0.106566277037509,0.231127552072178,0.268471718877573,0.123209112164905,0.195492085354268,0.529424893720602,0.00276738549466286,0.00082300618438542,0.00325274162600289,0.0184484193831023,0.00333287035769287,0.00180005836373139,0.00489910452297965,0.0126855940594025,0.351011555600247,0.193037138617609
10,"gauss_indep",18,TRUE,976,0.0297260981692738,0.00413946169388674,0.0273644825381333,-0.443903769179914,0.357364930814319,0.238250431892859,0.260356015292445,0.665969317125126,0.000985606598894662,7.23889719041677e-05,0.00114820779006624,0.0158532258631749,0.00800758391252174,0.00644648285990443,0.00941984511448636,0.0187189137122292,0.488109036889156,0.0643386485239373
10,"gauss_indep",180,TRUE,627,0.130523749531158,0.0308800892671058,0.0969900344842066,0.179621103792472,0.373304657374823,0.241050889348981,0.271477515871297,0.694904239395639,0.00243135554430676,0.000667319995585737,0.00295543632614622,0.0151506449505026,0.00475512301308646,0.00354311842485009,0.00670510059503144,0.0134389957178326,0.4909693364651,0.17572731508535
10,"gauss_indep",181,TRUE,204,0.216470910421693,0.086608293390396,0.16138720350094,0.453333739246569,0.515300825289819,0.50553760184746,0.387441910179252,0.890577924469984,0.00274408838281316,0.00121948395255663,0.00398592150353305,0.0195669495466863,0.00671550638543144,0.0071108554075292,0.00922319070581809,0.0183284302618357,0.71101167490236,0.294292870097792
10,"gauss_indep",187,TRUE,128,0.0712608047372347,0.0102990829566348,0.0556960010142566,-0.0870817579032833,0.482632641372957,0.420933436677821,0.350329528050228,0.821418701631325,0.00154640552610456,0.000243832278210569,0.00195173892739213,0.0138471222389036,0.0077937083943131,0.00862796533536589,0.0099758011082721,0.018593462372324,0.64879383218232,0.10148439760197
10,"gauss_indep",188,TRUE,260,0.0660638609551908,0.00808562537355569,0.0573961659815574,-0.0342131048701705,0.380850676406708,0.255904632068717,0.27924108081583,0.710643233282204,0.00228687853999993,0.000316742770082851,0.00249389958858134,0.0128183449409785,0.00593853527632815,0.00482843622628604,0.00748853991409867,0.0148418056263376,0.50587017313607,0.0899201055023608
10,"gauss_indep",189,TRUE,346,0.150416321455921,0.0433868211771741,0.118508834940763,0.293751722931138,0.264763661388303,0.120774635930624,0.191356645830277,0.522584944958411,0.00378793819486373,0.00115083421441752,0.00434667113099829,0.0143959112654435,0.00402196800018244,0.00224758150180624,0.00562945626098649,0.0137237588903528,0.347526453569543,0.208295033971466
10,"gauss_indep",190,TRUE,452,0.200494595212062,0.0834890910164426,0.153318751473032,0.407256025658734,0.199753623215976,0.0760064187648526,0.148216451879084,0.392146776144444,0.00408707474999539,0.0017554029611793,0.0046037389477501,0.0142379166788767,0.00323376850188568,0.00141068288727422,0.00395406895006146,0.0119867076639338,0.275692616449648,0.288944788872273
10,"gauss_indep",191,TRUE,616,0.221214096130449,0.0835618849089606,0.162483561896743,0.440042171619912,0.175318254812883,0.049850091090666,0.125586237725368,0.315097463062571,0.00356722882297264,0.00154821498876575,0.00466553533663759,0.0142236330644358,0.00255023165475444,0.000922517950828723,0.00353489210884813,0.0118202163204435,0.223271339608706,0.289070726482224
10,"gauss_indep",192,TRUE,351,0.258554288421063,0.108545042903895,0.186013749125556,0.507877314400367,0.200288264660144,0.0655043014833641,0.142156925844539,0.371937289812374,0.00379412169755658,0.00194849912359398,0.00465216856434636,0.0142460352650571,0.00288181298586781,0.00122865032615624,0.00399921768175323,0.0147910535268716,0.255938081346571,0.329461747254359
10,"gauss_indep",196,TRUE,182,0.101405441580353,0.0201814325529064,0.0752372540835334,0.0399416080757341,0.276619531429838,0.125547939212933,0.197407305677162,0.549230511592832,0.0020754069399336,0.000422743371324206,0.00250101738537692,0.0200218265775826,0.00426008835877171,0.00233158564591007,0.00570935281429768,0.022273598260123,0.354327446316162,0.142061368967452
10,"gauss_indep",197,TRUE,273,0.117266125356864,0.0285159082786282,0.0885223176452406,0.127282976076497,0.212940026655659,0.0789764029871924,0.154072568752991,0.409827064612507,0.00230253381496156,0.000579937495712894,0.00284013566371402,0.0195945607879579,0.00352823693821114,0.00154510504583035,0.00398845166613975,0.0150101353524132,0.281027406114052,0.168866539843239
10,"gauss_indep",198,TRUE,400,0.134852674010596,0.0328378038636068,0.0998295705648799,0.190830955910594,0.17420065466168,0.0524618223404873,0.125461198442221,0.310988859472908,0.0023145469622347,0.00066156918483166,0.00296575994908307,0.0163572811758083,0.00282749426746301,0.00102968672059427,0.00334872195752969,0.0121021233195207,0.229045459113442,0.181212041166162
10,"gauss_indep",199,TRUE,434,0.15996459020779,0.0421405171203194,0.115507349765447,0.269710994252946,0.176439965316389,0.0569676996472942,0.128896944353711,0.322684061094393,0.00236308664725419,0.000785167976038086,0.00324719629973382,0.0175211352867137,0.00287179855000426,0.00106680833221651,0.00384460399693343,0.0139154327911422,0.238679072495462,0.205281555723644
10,"gauss_indep",200,TRUE,474,0.119743852030536,0.0285810725697904,0.0913956430491703,0.148219245827136,0.217474161161191,0.0883726662062816,0.157273159293103,0.418701769531195,0.00235317148840772,0.000613181769600845,0.00288032766522782,0.0152674877354764,0.00338335074846525,0.00160076193002536,0.00419973345990779,0.0150916852729424,0.297275404644047,0.169059375870699
10,"gauss_indep",201,TRUE,442,0.101728866965098,0.0186468695289693,0.0769032082316784,0.0703556226331553,0.299310847932314,0.150723803449417,0.215364046693274,0.586293197799878,0.00199352641785211,0.000402474001714976,0.00231352627712954,0.0136848930480569,0.00390578361734228,0.00251056803627099,0.00530200555041446,0.0172093080958509,0.388231636332508,0.136553540887702
10,"gauss_indep",202,TRUE,407,0.0988402541324065,0.0182548174276397,0.0733758352591411,0.0407894686559927,0.313341729128856,0.163316724713009,0.224736832938831,0.604443251205228,0.00192047280679113,0.000389143493233948,0.00225323380121314,0.0143809387558046,0.00395251598614392,0.00257211305033207,0.00543218817829484,0.0156632672809622,0.404124640071611,0.135110389784205
10,"gauss_indep",203,TRUE,459,0.090653521660821,0.0136126680882298,0.0664691519955515,-0.00562052961217276,0.35689010020098,0.213688055636028,0.25454164638463,0.665527805506833,0.0014866683746866,0.000269263040101665,0.00198682623786997,0.0145108839139561,0.00446842827023181,0.00324837068895619,0.00558091543306394,0.0148119963272394,0.462264054016779,0.116673339234933
10,"gauss_indep",204,TRUE,422,0.102159250756223,0.0178395051963589,0.0756788551072277,0.0556061206357152,0.371962942978997,0.233455424094685,0.266112221372403,0.684978464558499,0.00134721875345824,0.000281586421504385,0.00187150408645353,0.0128877170938329,0.00466030190884345,0.00367856862059391,0.00622962914558747,0.0128918469932392,0.483172250956825,0.133564610568664
10,"gauss_indep",205,TRUE,492,0.124440570557871,0.0244996805525633,0.0892219415375633,0.139523849644888,0.486916393766113,0.419573363721153,0.357246084624975,0.847285574433401,0.00138902012962505,0.000340228430247959,0.00187227761183837,0.0122132915839113,0.00443703688343817,0.00430576808978116,0.00612764945631963,0.0126128517449508,0.647744829173613,0.156523737984254
10,"gauss_indep",206,TRUE,415,0.136467404036136,0.0294384433538922,0.0981093103711574,0.188680267949195,0.464338364131582,0.412520236291849,0.342056302170899,0.813503262329866,0.00160852599155176,0.000436810468313605,0.00209016555232221,0.0132619573169855,0.00551028458291086,0.00520499746910413,0.00707228388390071,0.013264606975282,0.642277382671886,0.171576348468815
10,"gauss_indep",207,TRUE,482,0.149472203997191,0.039537883521361,0.110781788046964,0.245382249454007,0.544931438482227,0.519301533521484,0.395107605821638,0.892263364674375,0.00204679636332588,0.000650433289002958,0.00278306641812244,0.0151172735974658,0.00622794264387684,0.00670060848587922,0.00859376163810904,0.0158790348051385,0.720625792989318,0.198841352644165
10,"gauss_indep",208,TRUE,551,0.168399161566296,0.0558506334889506,0.129350420518128,0.3260003419761,0.566969716411849,0.572867751942942,0.411917662232093,0.907915257826279,0.00264336753141612,0.000900993807158489,0.003424642833137,0.0148874014648236,0.00666793448003684,0.00811174881886436,0.00924516771892748,0.0144198288962004,0.756880275831615,0.236327386244063
10,"gauss_indep",209,TRUE,462,0.225859232632711,0.108627955686246,0.175704869370172,0.473274413739735,0.668980869123241,0.920542126342551,0.500694433893058,1.00041479249343,0.00429055641453827,0.00212982695239273,0.005492727153729,0.015964948401193,0.0108389398833223,0.0149222425629089,0.0133033978817121,0.0152905493982069,0.959448865934267,0.329587553900699
10,"gauss_indep",210,TRUE,259,0.440511201115403,0.368170597596034,0.327718857831925,0.796113780748325,0.930649844675348,1.96326839201078,0.694091140388479,1.16886008394306,0.00665805302780808,0.00590487351978508,0.00817573707152135,0.0159364645187099,0.0141279698972641,0.0255731446410672,0.0172934094758996,0.015102691705265,1.40116679664156,0.606770630136326
10,"gauss_indep",214,TRUE,100,0.102067621827759,0.0164140975235574,0.0759978823410201,0.114556836045515,0.15155095827777,0.0357729016580796,0.113979818078508,0.269733071591311,0.00287891479340481,0.0005919109457248,0.00360624094925826,0.0129648973423573,0.00334308300694422,0.000966874470240914,0.00431468576383544,0.0176882332337861,0.189137256134479,0.128117514507414
10,"gauss_indep",215,TRUE,254,0.110042621719773,0.0241695003821362,0.0847562044022951,0.109469073172048,0.191749102383948,0.0563795145883047,0.134328353658152,0.350827888926564,0.00253797641234558,0.000629439641387981,0.00287605412344405,0.017767152174313,0.00311141792709307,0.00123650200741479,0.0041271712834755,0.012725060171198,0.237443708251671,0.155465431469945
10,"gauss_indep",216,TRUE,431,0.157614597380157,0.0506297372244176,0.120324602777657,0.293461354883723,0.250732593177458,0.110229452104937,0.181162471609821,0.495180874594706,0.00256586731551345,0.00084549912421052,0.00321294354874015,0.0183684233808291,0.00317083324998143,0.0015512044078417,0.00462425777232105,0.0129304781311937,0.332008210899877,0.225010526919115
10,"gauss_indep",217,TRUE,400,0.145809713666133,0.0357514429499191,0.106304023154241,0.225728523008504,0.290468788053199,0.136526078614785,0.204835080347894,0.556896031104876,0.00283382018371066,0.000837822035667827,0.00354628073592637,0.0171775953654773,0.00371369981825799,0.00217844351124253,0.0055078342687763,0.0132893684240955,0.369494355321952,0.189080519752615
10,"gauss_indep",218,TRUE,312,0.181662021368786,0.0576665857210401,0.134275854014449,0.341410422094731,0.322617257312402,0.179116075696948,0.233546816228182,0.619764313778104,0.00340198005781335,0.00123987068256632,0.00426672989070407,0.017167360156182,0.00390899050614643,0.0024203026840108,0.00538196080198204,0.0121792542634232,0.423221071896176,0.240138680185097
10,"gauss_indep",219,TRUE,226,0.384892552414253,0.326162832900718,0.298893791961935,0.751074665117088,0.368371684297781,0.294805576921112,0.278911941423254,0.713685752279196,0.00761724863025519,0.0062754343816962,0.00841818782286503,0.0200912070367673,0.00571385274026866,0.00425451981248527,0.00667810643103837,0.0115085788260314,0.542960014108877,0.571106673836612
10,"gauss_indep",223,TRUE,173,0.129243076438034,0.0297014974795802,0.0946139643605959,0.170032973028302,0.31868536579521,0.1621599632096,0.22829158904493,0.624223205053637,0.00161820431668562,0.000444144358496249,0.00213612087551998,0.0167063559539285,0.0070069729475683,0.00490960919488807,0.00864633314936997,0.0142586828792568,0.402690902814553,0.172341223970297
10,"gauss_indep",224,TRUE,276,0.110112607054975,0.0210575871394012,0.0814011129241261,0.0935985079834487,0.38983198992508,0.300666069541664,0.287604378081695,0.725033162211413,0.00195176102301892,0.000430939409645921,0.0024878962605263,0.0166868689522866,0.00623200957129238,0.00544769041643465,0.00808318115051031,0.0166592885031683,0.548330255905749,0.145112325938913
10,"gauss_indep",225,TRUE,373,0.125792403688336,0.0272594738768375,0.0914669717274502,0.144010469966214,0.300373376112466,0.146203083644414,0.21411636639668,0.577727454505183,0.00261681542048254,0.000697955286484349,0.00325480143306307,0.0172056452156862,0.00438802660353037,0.0027551419823139,0.00630223607790104,0.0143966197625726,0.382365118237025,0.165104433244046
10,"gauss_indep",226,TRUE,385,0.122975144978613,0.0265032905921308,0.0897118344582782,0.136439420169722,0.277975879722976,0.139705460414713,0.201209679355567,0.540706049712029,0.00281064657413484,0.000813584597822569,0.00352980610673132,0.0174682266039121,0.00425065639558851,0.00252732442817281,0.00565484602295964,0.0137344432802133,0.373771936365898,0.16279831262065
10,"gauss_indep",227,TRUE,409,0.13438103943103,0.0312147275396975,0.0993903477509603,0.192879020181269,0.299036547957943,0.160417253363862,0.213796758733811,0.573139248170572,0.00259967171884687,0.000718284150952281,0.00328320377151439,0.0155413245917483,0.00428086578757593,0.00261955450364666,0.00537395670147473,0.0148724914853033,0.400521227107705,0.176676901545441
10,"gauss_indep",228,TRUE,339,0.182133977483339,0.0601425652448971,0.134856179319861,0.344956530430473,0.284022505621422,0.128316093397447,0.200870238323722,0.545174463693866,0.00276218800549519,0.000986313409707443,0.00391841971295283,0.0183049715777225,0.00467801834618396,0.0028793760620445,0.00586499548015317,0.0139758526518059,0.358212357963048,0.245239811704578
10,"gauss_indep",229,TRUE,293,0.170035999093576,0.0530110143071328,0.127368372498317,0.320397426617673,0.355800925037484,0.217195315096385,0.253396637376672,0.659798201474672,0.00292972113943996,0.00103204481578248,0.00367870942750259,0.0167278753163202,0.00463571056954472,0.00335289127931023,0.00686507505877389,0.0143784102776643,0.466042181670699,0.230241208968188
10,"gauss_indep",230,TRUE,120,0.120625893509297,0.0235901674037248,0.0870591305864649,0.125267729680516,0.450248854818078,0.341323316648624,0.317392038100982,0.767510645475392,0.00231191175819914,0.000586818498715477,0.00297351433269213,0.0155908687311333,0.00645666550665599,0.00655660372309874,0.00849893223050655,0.014529186288564,0.584228822165274,0.153590909248317
10,"gauss_indep",233,TRUE,223,0.18648551167938,0.0678055381082541,0.140732275276516,0.375717431932818,0.367844708449035,0.22714093480378,0.262669259894353,0.687551306193633,0.00250135145487721,0.000962529999805093,0.00331639022013383,0.0174650271568123,0.00442302090011131,0.00336472222517213,0.00630546243751043,0.0163189785020499,0.476593049470699,0.260394965596983
10,"gauss_indep",234,TRUE,491,0.118903941549576,0.0243336545526082,0.0883485158424189,0.134990422693077,0.280971436014071,0.129563338105824,0.199505136547993,0.542125990806677,0.0020391495876095,0.000519469876334701,0.00264059703474613,0.0141907702578936,0.00306685785464489,0.00174379291099427,0.0044316158329801,0.0106976017292355,0.359949077100948,0.155992482359273
10,"gauss_indep",235,TRUE,475,0.122158817191407,0.0272381315648082,0.0913664136556108,0.148450459314493,0.215961535337729,0.0750662851839168,0.155625913481798,0.438699691977669,0.00208011895064735,0.000534078773057323,0.00276629279144644,0.0153071922619553,0.00330164870175589,0.00150650231419163,0.00399973333866096,0.00951896830212852,0.273982271659896,0.165039787823446
10,"gauss_indep",236,TRUE,315,0.13334692730921,0.0336127556815562,0.099508989515582,0.190038373093272,0.258424788747684,0.114821335178697,0.187039054129236,0.516593869991094,0.00203994520106411,0.000547166211685263,0.00291558175279985,0.0172810380707439,0.00400766493767782,0.00218515650708597,0.00482336493927191,0.0110722200867961,0.338852969853736,0.183337818470593
10,"gauss_indep",237,TRUE,413,0.112528542172211,0.0228253512944726,0.0826812269638139,0.0985955894677919,0.199542810703569,0.0672759505965291,0.149365251726487,0.424736687843249,0.00170088207406077,0.000399404817878947,0.00214860696692993,0.0152938700336194,0.00359783240980423,0.00146788118929426,0.00488363176110908,0.0110294162015112,0.259376079460942,0.151080611907924
10,"gauss_indep",238,TRUE,436,0.0869342344913917,0.0151060496640212,0.0659110918354903,-0.015857621375118,0.18217324456556,0.0533758537340173,0.134645921931311,0.371640644066458,0.0015210409598761,0.000277505389401014,0.00186422589694587,0.0151408652918219,0.00328379461696157,0.00120199325930641,0.00408877932608174,0.0105147691842817,0.231032148702334,0.122906670543226
10,"gauss_indep",239,TRUE,320,0.071828790468904,0.0107691315734866,0.0562996549399537,-0.0928847760943521,0.189730012296792,0.0780661158504507,0.144602679276729,0.393940542006751,0.00143147080226097,0.00024209283716843,0.001711768948283,0.014317611879507,0.00346312686687839,0.00152799700764638,0.00438402012892473,0.0119782339886993,0.279403142162809,0.103774426394399
10,"gauss_indep",240,TRUE,434,0.0767734961706306,0.0108481362746157,0.0581395681121667,-0.0768339273602383,0.179463796289042,0.0637730558674896,0.139241972284468,0.392619863160793,0.00123893895541653,0.000210689723302222,0.00167261248046151,0.0142360202063832,0.00339871691411689,0.00136673049422709,0.00418132599708863,0.00970851680069849,0.252533276752767,0.104154386727664
10,"gauss_indep",241,TRUE,437,0.0805015833703458,0.0112074883473935,0.0602357547841425,-0.0542228804804398,0.187498624440258,0.0604746781608727,0.143700047306293,0.414317017199326,0.00135500193421321,0.000230522227281924,0.00170929476468405,0.0138198406188697,0.00340559175432892,0.00135038437167597,0.00466802670707828,0.0102624336618122,0.245915998180014,0.105865425646873
10,"gauss_indep",242,TRUE,298,0.0762876901032073,0.0104826415591267,0.0576071841443133,-0.0752845974317987,0.229239857223793,0.085474573135994,0.17012607056493,0.493360951002219,0.0014012008211502,0.000211840303130201,0.00187777114776441,0.0148026313437506,0.0044482503841227,0.00223558400839952,0.00553580511438347,0.0109906275678124,0.292360348091177,0.102384772105654
10,"gauss_indep",243,TRUE,322,0.0834597155512936,0.0132834289856497,0.063870245562042,-0.0241622834219218,0.307644920295608,0.148646866644047,0.220068519460888,0.610217498854604,0.00132421690244944,0.000225909126988053,0.00177179268359585,0.0127254884218092,0.0051405047923569,0.00305434154353654,0.0067312628171863,0.0109937429969281,0.385547489479632,0.115253759095527
10,"gauss_indep",244,TRUE,394,0.0813605590863933,0.0126656507390692,0.0649426588083045,-0.00383246057468794,0.436492913294014,0.285834793059497,0.305178518715007,0.764185817648115,0.00172233194702183,0.000302517382177192,0.00229449707107036,0.0137376272180707,0.00726578947985744,0.00641461910053037,0.00926107345120638,0.0124456025407669,0.534635196240855,0.112541773306933
10,"gauss_indep",245,TRUE,395,0.079058187425538,0.0149015830236472,0.0661899020196919,0.00177236975406856,0.68259558998665,0.680875836993469,0.469079583686221,0.971626370794029,0.0020157909930034,0.000329974626908277,0.00236511905742834,0.0149314060187528,0.00971444066739441,0.0136845687602511,0.0128854528458899,0.0130453609056646,0.825152008416309,0.122072040302631
10,"gauss_indep",246,TRUE,195,0.074761447873165,0.0183337981364391,0.0618839196617781,-0.0404169616579678,0.817344455442133,1.31640833428181,0.597999541046682,1.08788513798868,0.00176706783242723,0.000276879268889707,0.00216534620074125,0.0156804124256522,0.00952366362025908,0.0153141104765039,0.0124113361154918,0.0130079359601203,1.14734839272202,0.135402356465606
10,"gauss_indep",250,TRUE,139,0.0850846651248352,0.0116984775045682,0.0612550603444413,-0.0278075499465842,0.193331451967607,0.0657141812633224,0.139870441202589,0.37214490784097,0.00142960450308688,0.000241897216089108,0.00199052859306486,0.0210084068684432,0.00267215894695944,0.00100486679200149,0.00382189473721664,0.0117449808247752,0.25634777405572,0.10815950029733
10,"gauss_indep",251,TRUE,392,0.0586007001602892,0.00623941450506376,0.0443799136656691,-0.204599522368634,0.210983331482416,0.0660483044292858,0.145343561419398,0.391619345638883,0.00134832427352366,0.000156520400808994,0.00169194204753684,0.0164119307462967,0.00291285542026108,0.00121288175801106,0.00370971182872237,0.0104883021078446,0.25699864674602,0.0789899645845202
10,"gauss_indep",252,TRUE,289,0.0563506504836937,0.00564837226170326,0.0438073953579042,-0.201156601682754,0.351521615775542,0.177866405593573,0.238475834004127,0.629816756864439,0.00165392075845791,0.000192246325209396,0.00192403942488035,0.0158993105296847,0.00359882750556232,0.00267166523781301,0.00505412154491676,0.0117344864574212,0.421742107920911,0.0751556535578213
10,"gauss_indep",253,TRUE,331,0.054623046720996,0.00574120449872152,0.0453350947893425,-0.162341118801118,0.440279511990043,0.283928259540478,0.303331593677508,0.749461574448166,0.00236030721112539,0.00030687558019755,0.00251225446629658,0.0172649431964954,0.00392522222592353,0.00358335665242362,0.00537816449765222,0.00966965474287326,0.532849190240989,0.0757707364272086
10,"gauss_indep",254,TRUE,322,0.146796832260797,0.0830064268413209,0.128728327207684,0.318678962502555,0.472873313379744,0.371726008343861,0.335796728848116,0.801163396956231,0.00356792103628533,0.00129475818370486,0.00390368928936044,0.0145130408551633,0.00487478831101121,0.00475205272635934,0.00684931750817121,0.0100320781894609,0.609693372396208,0.288108359547794
10,"gauss_indep",255,TRUE,104,0.236163023859341,0.112830677724181,0.184167129323312,0.506313975889523,0.577433890516553,0.803013202569129,0.437715849468638,0.926258404513179,0.00613363461272911,0.00312911854075922,0.00727811516524963,0.0204938040775121,0.00754243983921722,0.00798149837981828,0.00994327417147345,0.0163161155613691,0.896110039319463,0.335902780167389
10,"gauss_indep",257,TRUE,125,0.0776607537898963,0.0111154107218492,0.0564800990171452,-0.113708315832601,0.487040139635506,0.420404704278358,0.34642451504452,0.804389487000167,0.00163339053212441,0.000317831812770944,0.00209202485895601,0.0191270639739747,0.00866884268829535,0.00977061591669969,0.0115279582062505,0.0168811713643157,0.648386230790227,0.105429648210782
10,"gauss_indep",258,TRUE,174,0.090394523891858,0.0172068526648968,0.0699039569150943,0.00987495209995236,0.394677064623438,0.27657416777479,0.286607759546699,0.728329234666687,0.00181147564200019,0.000330699806922936,0.00244648033707293,0.0167739549112311,0.00684998600301527,0.00541755158711336,0.00898885317913017,0.0128905678324212,0.525903192398363,0.131174893424378
10,"gauss_indep",259,TRUE,317,0.0803302696523412,0.0109773270555709,0.0603505880699923,-0.0482870622971256,0.396988964582011,0.257650652553001,0.281420158764393,0.715330683043029,0.00173219955054306,0.000283562199236231,0.00216059964191613,0.0153552888227622,0.0060861333300134,0.00490059636159762,0.00789154899053044,0.0134695228099406,0.507592998920396,0.104772740040389
10,"gauss_indep",26,TRUE,263,0.0372997413201802,0.00300910417550431,0.0313908313856328,-0.35061770224288,0.256289488935434,0.106313052833938,0.180965784847633,0.494632030531166,0.00145859321347225,0.000130727412452646,0.00173153271404948,0.0172047512253982,0.00497069507873667,0.00241372401326851,0.00605272109742373,0.0177711476893516,0.326056824547406,0.0548553021640052
10,"gauss_indep",260,TRUE,320,0.0875600882932434,0.0144905686749159,0.0669641116458665,-0.00562842868198291,0.439704991735517,0.352011653016574,0.318036142699409,0.774172006360008,0.00198989053196251,0.000375097863102361,0.00221292732106892,0.0163269893897745,0.00630657549791685,0.00598562317289441,0.0084044795018986,0.0150965269859415,0.593305699464091,0.120376777971982
10,"gauss_indep",261,TRUE,327,0.110554886476457,0.0224846187634215,0.0817803865407364,0.090539884240167,0.423674512576235,0.321595019814188,0.304632118126193,0.752863029397868,0.00217764490952324,0.000508575617193096,0.00261755600509832,0.0182313155534358,0.006871212784799,0.00607968388659968,0.00923048285798365,0.0186262607202337,0.567093484193028,0.149948720446096
10,"gauss_indep",262,TRUE,319,0.110325298330162,0.0206837631460171,0.0799669597192295,0.0797087539544685,0.331583154789576,0.193240561722222,0.238039774467638,0.624292577398661,0.00207180068758878,0.000493129646574644,0.00264151962863261,0.019103013652132,0.00617306248616194,0.0040687128177041,0.0079528878160727,0.0174240283745666,0.439591357651879,0.143818507661626
10,"gauss_indep",263,TRUE,393,0.108416268176532,0.0196992249839537,0.0787545402425889,0.0747554435484124,0.417763530026954,0.270315011299974,0.292442922367013,0.734187404158607,0.00211836974968061,0.000459696021717213,0.0028155114991772,0.018769606211337,0.00708552052568915,0.00598366606734914,0.00946559352782035,0.0183833955822127,0.519918273673828,0.140353927568678
10,"gauss_indep",264,TRUE,339,0.0901562112832679,0.0146659882771751,0.0688468596951145,0.0122303830743717,0.492542159618455,0.422480412597499,0.357980388418915,0.835123359544769,0.00181287466422766,0.000351199233018399,0.00236704540212524,0.0152199853135253,0.0066883520815068,0.00657874585934903,0.00909551841496043,0.0156288137933295,0.649984932592671,0.121103213323079
10,"gauss_indep",268,TRUE,358,0.130331466260616,0.0321636102483819,0.0980237413010119,0.18888102503162,0.415522352240863,0.281804119698006,0.294778303470785,0.736824768836357,0.00185115063928323,0.000494757868975849,0.00228888802935927,0.0146790335006992,0.00443880500930077,0.00371036927948468,0.00591197600385116,0.0124815447629238,0.530852257881612,0.17934215970703
10,"gauss_indep",269,TRUE,366,0.10247690643529,0.019004083988997,0.0763135374670521,0.0583824461843715,0.426027167006807,0.29627963549694,0.303773811647986,0.751268757466884,0.00168669119732174,0.000382158801754478,0.0021754211528152,0.0147438243519915,0.00510372138147924,0.00433418970149042,0.00721087268125543,0.0138993595575155,0.544315749815252,0.137855300910038
10,"gauss_indep",270,TRUE,422,0.109683768241087,0.0223021732269826,0.0819293468213554,0.0998160211666918,0.481902779838072,0.407767279913455,0.348939578221044,0.823985482645506,0.00181627541112852,0.000401563064599011,0.00226704924261664,0.0172189945043152,0.00476160904622507,0.00451641915152755,0.00652647547473444,0.0115730677285233,0.638566582208508,0.149339121555548
10,"gauss_indep",271,TRUE,398,0.102876495782527,0.0187296546820009,0.0762633914509726,0.0591973811331005,0.462953674934094,0.366387426923491,0.334613227300375,0.802873532010878,0.00169843856287867,0.000358116505034167,0.00210129006830921,0.016527860813176,0.0048031825794699,0.00431960696560347,0.00707861727214434,0.0128288228839697,0.605299452274237,0.136856328615088
10,"gauss_indep",272,TRUE,395,0.110181674312457,0.0216955520489439,0.0815886353850148,0.097880943197137,0.34793503965526,0.210875221459231,0.249021700891087,0.649038754784255,0.00168160840557376,0.000372427072737479,0.00211407544076482,0.0168269140236567,0.00460659091095491,0.00314094742989405,0.00587716880216116,0.0117529253361026,0.459211521479188,0.147294100523218
10,"gauss_indep",273,TRUE,301,0.095436087396984,0.0152480649238375,0.0692220591209064,0.0115084740785751,0.330965942528598,0.198925599685157,0.239712960248413,0.631253246019725,0.00169095437375498,0.000315083420767751,0.00208528349019032,0.0166901770689999,0.00432144126271936,0.00282565730762401,0.0054640207549375,0.0129836733011051,0.446010761849035,0.123483055209359
10,"gauss_indep",274,TRUE,264,0.0896182747472409,0.0153140121505559,0.0675466845100885,-0.0050236715513806,0.319178461663733,0.174848968052218,0.228050414415921,0.609684855569189,0.00151257520468133,0.000269269719915942,0.0021610723611331,0.0184490928943002,0.004621144160332,0.00281458473732112,0.0051762605251339,0.0128864500550382,0.418149456596823,0.123749796567735
10,"gauss_indep",275,TRUE,230,0.0685164822142084,0.00939761776382858,0.0522301539260748,-0.130534591678399,0.301322601474391,0.152822134060669,0.215033956280059,0.582247672441137,0.001509077418446,0.00021271005736966,0.00198715190047999,0.0178241409096939,0.00499145811685361,0.00305125446042449,0.00648738733384133,0.0143394211581111,0.390924716615193,0.0969413109248507
10,"gauss_indep",276,TRUE,254,0.0645945103081715,0.00716407194283087,0.0476488071627291,-0.173223310998916,0.296000347572497,0.14276208826688,0.211705523485116,0.574034469027904,0.00148516890473608,0.000195368826121964,0.00170574772704881,0.0169736493810008,0.00446164513116752,0.00262121200595976,0.00552065502798393,0.0123016007782892,0.377838706681674,0.0846408408679337
10,"gauss_indep",277,TRUE,372,0.0535963498654062,0.00480684073009507,0.0397756479393148,-0.25963946237821,0.348625498929484,0.187203454793427,0.244665521025257,0.646057297489797,0.00105450275469246,0.000110997896104954,0.00137838482206146,0.0151214352655837,0.00438099652510079,0.00313550930789857,0.00556741398187772,0.0117104600990427,0.432670145484325,0.0693313834428181
10,"gauss_indep",278,TRUE,354,0.0461750433060938,0.00372266624241002,0.034191309923738,-0.341272034994053,0.424941786898898,0.279054585363623,0.297840911454314,0.744607778421858,0.0010021900535809,0.000101068787067544,0.00121856825574057,0.0169234763818609,0.00450661793761466,0.00389373337386545,0.0066879875723902,0.010885871024803,0.528256173994799,0.0610136561960519
10,"gauss_indep",279,TRUE,399,0.0529523779203397,0.00523249073647149,0.0392194543911653,-0.279024570918879,0.565447891886028,0.51062929850085,0.400359075942607,0.889333698728401,0.00100654721364604,0.000109383571556425,0.00137229821144984,0.0175282680247288,0.0067301822254323,0.00816056553662499,0.00871089009890603,0.0115104736008514,0.714583304101663,0.0723359574241711
10,"gauss_indep",28,TRUE,161,0.076580505193178,0.0119326922076392,0.0575104549321841,-0.0846183782062732,0.303876854783243,0.158779440232284,0.216593097777822,0.577653257683235,0.00144876037590463,0.000242835157828507,0.00189487325373617,0.0228490489140674,0.00461409162393953,0.0028670167372253,0.00574749764630138,0.0172163683428918,0.398471379439332,0.109236862860663
10,"gauss_indep",280,TRUE,153,0.0831790062571224,0.0116860160119199,0.0605314992532429,-0.0460606778897048,0.786722168560099,1.35753778092262,0.592281403361394,1.10180668863572,0.0014199719853829,0.000271041966328148,0.0017712482126289,0.0195450388019134,0.014806160433936,0.0241280394623838,0.018200388927869,0.0256632864249824,1.16513423300606,0.108101877929664
10,"gauss_indep",283,TRUE,151,0.112658116378554,0.0241548530581721,0.0854767961581755,0.110571894474477,0.361407278103186,0.20832252894813,0.264569576619066,0.681916171816196,0.00314897961384094,0.00079119530267418,0.00395113273291777,0.0218018659722852,0.00534933946356524,0.00412264699098352,0.00823267668975959,0.0145897896265566,0.456423628823191,0.15541831635355
10,"gauss_indep",284,TRUE,411,0.0656989551215138,0.00886313110297597,0.0501505959924907,-0.150865493232534,0.373726604528843,0.223967543079549,0.268071258519286,0.695481812420796,0.00177654195103414,0.000274521528903482,0.00219657693742982,0.018726352902281,0.00460470194738796,0.00334737009608845,0.00652773186918543,0.0111050199031479,0.473252092525272,0.0941442037672844
10,"gauss_indep",285,TRUE,282,0.0465759065245016,0.00406048203975181,0.0359516098537745,-0.308081503908368,0.3878299643022,0.259689126239889,0.285533030763853,0.72519508891721,0.00131027065774938,0.000145521834313063,0.00145215280721845,0.0153207238556959,0.00546347989038655,0.00466530350684532,0.00669843870161278,0.0111134370873588,0.509597023382093,0.0637219117710055
10,"gauss_indep",286,TRUE,302,0.0536401059497651,0.00512271029518552,0.0396105434545512,-0.264961534543155,0.452257362473301,0.303103424249934,0.314176451470767,0.768355733423504,0.00124044835884739,0.000136448650007714,0.00142369381176107,0.0164835763304606,0.00481573682520439,0.00431085721708561,0.00627583949092012,0.0112405168061496,0.550548294203092,0.0715731115376824
10,"gauss_indep",287,TRUE,437,0.0620129499882071,0.00675643385491005,0.0462524583290178,-0.187176000513579,0.464991002229676,0.33638821603042,0.328011936463562,0.790663093641192,0.00155584299828495,0.000195894544998726,0.00168961013084603,0.0178314947463498,0.00508300739792648,0.00466726121000735,0.006970102569604,0.0106562048676774,0.57998984131657,0.0821975294939577
10,"gauss_indep",290,TRUE,320,0.067389994630431,0.00850926662086704,0.0501060027728512,-0.154278826840407,0.638556816193261,0.681655515410654,0.453806210384161,0.943298041148512,0.00162627997909703,0.000231137126336592,0.00197158520015014,0.0191601746714792,0.0144636179903956,0.0196738314345601,0.0195436883982776,0.0227254787284586,0.825624318567867,0.0922456861911008
10,"gauss_indep",291,TRUE,272,0.0890402642532951,0.0173252555840594,0.0686611211385568,0.0035770399020889,0.64769134268763,0.694857924312009,0.463644921499979,0.965122474246876,0.00185807575253838,0.000331096374946435,0.00227310602500112,0.017498776186404,0.0108958166336218,0.0147688697413584,0.01301070569291,0.0165837998453688,0.833581384336292,0.131625436690859
10,"gauss_indep",292,TRUE,309,0.0703419110781427,0.00871189572914274,0.0532237390399588,-0.112693468369235,0.607276938177975,0.628229206812947,0.438496619962737,0.936518221075406,0.00159616687957998,0.000227967756339212,0.00178688171714501,0.0151227656227786,0.00832642325091412,0.0104922116446029,0.0118659413494886,0.0157745560958971,0.792609113506113,0.0933375365495723
10,"gauss_indep",293,TRUE,281,0.0735884832199972,0.00985985220197715,0.0548527397809827,-0.106858142351481,0.543927996331764,0.479168302513122,0.388074509791601,0.874308247973196,0.00165043295331548,0.000244298571773419,0.00190106140006561,0.0183984256190555,0.0080652653106059,0.00854692155946431,0.0103854020573068,0.0142309768865518,0.692219836838791,0.09929678847766
10,"gauss_indep",294,TRUE,332,0.0939144827752991,0.0179957245015991,0.0711952313936429,0.0240321668618068,0.482314305029933,0.389510590616843,0.346280076779724,0.815906762251499,0.00200886008057038,0.000389226871686375,0.00240900914167844,0.0187109244958408,0.0078891781279875,0.00783921390551663,0.00987699044986475,0.0142118435925112,0.624107835727804,0.134148143861923
10,"gauss_indep",295,TRUE,380,0.0917039248361906,0.0153432328281222,0.0689549754726733,0.00916789581943803,0.457190778453538,0.354807843692274,0.327930692842717,0.788939107352004,0.00234871330040895,0.00044521470534327,0.00260529628942131,0.0200906459809978,0.00774275886150037,0.00753312633655884,0.0102306379404884,0.0167074929959902,0.595657488572312,0.123867803839909
10,"gauss_indep",296,TRUE,390,0.0781005769764379,0.0126245412004893,0.0613934905613042,-0.04803465295735,0.442994184081039,0.338053096458228,0.32050539026136,0.779730345952544,0.00243442095386074,0.000424750097693408,0.00282306439789069,0.0189670647634508,0.00963416903524893,0.00890667051675223,0.0123914634572048,0.0181030814619109,0.581423336699025,0.112358983621646
10,"gauss_indep",300,TRUE,249,0.0854875755274224,0.0135689400979798,0.0635118390666933,-0.0316555031874624,0.679949611798466,0.864391796140862,0.504631462719962,1.00161031584953,0.00110840030552844,0.000188238564934424,0.00158298127899557,0.01380495437232,0.0142245888237402,0.0202687711937752,0.0182897790094876,0.0212988848379977,0.92972673197067,0.116485793545736
10,"gauss_indep",301,TRUE,296,0.0571056530666623,0.0063692624696251,0.0450222065497676,-0.191722798728094,0.489544053866368,0.43776733941036,0.363505361643339,0.840410351508867,0.00142470084154734,0.000181183527551869,0.00184957766842263,0.0152897042198595,0.0085793897194625,0.00895729668919115,0.0104544075253858,0.0130512356728918,0.661639886501985,0.0798076592165508
10,"gauss_indep",302,TRUE,301,0.0619944991583931,0.00681152661902262,0.0470523713616059,-0.175938535132458,0.526828851375832,0.450097080480311,0.377479112059187,0.85968816954029,0.00162724876767109,0.000215059333068649,0.00186698683238844,0.0159469523809607,0.00670590193367279,0.00706636072401548,0.00901243750543918,0.0126081858483871,0.670892748865503,0.0825319733135142
10,"gauss_indep",303,TRUE,260,0.0756751497916158,0.0122905122122203,0.0573068690694741,-0.0908977628044781,0.574544937902171,0.523911211767732,0.409858245352313,0.904566160861733,0.00171088007475127,0.000297738218627362,0.00203942279593682,0.0182334072870477,0.0066755939705711,0.00777561594072277,0.00866789858413502,0.0113346395432898,0.723817112099273,0.110862582561567
10,"gauss_indep",304,TRUE,329,0.0655671299273928,0.00793024148176627,0.0494519958826404,-0.153652785204756,0.531410425156904,0.491999783182322,0.386993459337811,0.869672677497226,0.00151440475755256,0.000212300180652521,0.00181999193424253,0.015653879937127,0.00604942078868375,0.00699084064783426,0.00792541786123628,0.0114933440695221,0.701426962115317,0.0890519033023229
10,"gauss_indep",305,TRUE,174,0.0714193683934108,0.00851086269918364,0.0527562290677469,-0.119513756857864,0.546542365268134,0.463586566652861,0.385419501205627,0.872692713815315,0.00157132137252513,0.000233979689188771,0.00194137422638073,0.0160503623622638,0.00725899467454077,0.00791238125317129,0.00923500536468441,0.0137069233692597,0.680871916481258,0.0922543370209967
10,"gauss_indep",306,TRUE,189,0.0958235928598921,0.0159416647391288,0.070362241653631,0.0204784298511182,0.52861902139235,0.492325397044933,0.384228329179181,0.870564711092068,0.00160717226169386,0.000333164223961844,0.00229432019774221,0.0189153211995035,0.006599926405377,0.00726829143349353,0.00962538381799632,0.0139479613944428,0.701659031898637,0.126260305476934
10,"gauss_indep",307,TRUE,240,0.109185532186981,0.0205441188384793,0.0804056190247487,0.0882707508735745,0.523862501786351,0.467974025866532,0.377833402180825,0.858838494559926,0.0018153497841177,0.000417483446369085,0.00246783910852865,0.0202470953457734,0.00681060000273429,0.00753466682911265,0.00948660857207877,0.0145667256384322,0.684086270777694,0.143332197494071
10,"gauss_indep",308,TRUE,240,0.114772775669606,0.0227890139079258,0.0843572401169352,0.119693009612131,0.520917916981918,0.407390423466203,0.362384626010122,0.840061318288552,0.00164957544875661,0.000422145500252278,0.00228880986631104,0.0208202453518848,0.00756276605837082,0.00835074161641717,0.0091300510089154,0.0125207040057304,0.638271434004533,0.150960305736064
10,"gauss_indep",309,TRUE,253,0.0882879366747144,0.0139451890411399,0.0659791786740563,0.00235078313224203,0.572643517398403,0.521338748503285,0.409277037948957,0.903219230987297,0.00143886645135917,0.000264193306115339,0.00178156783860569,0.0214601863823692,0.00676085427560578,0.00763597251306228,0.0081228774232691,0.0116641919975437,0.722037913480508,0.118089749941051
10,"gauss_indep",310,TRUE,246,0.0649272627193541,0.00698553348798705,0.047031818962486,-0.181229404266796,0.506848430923465,0.409797323523715,0.360135274940463,0.839606262639676,0.0011724176498701,0.000171336421948122,0.00166215274400235,0.0219633491583208,0.00684745786473692,0.0071705674865549,0.00804145294343353,0.0106638975971617,0.640154140440968,0.0835795039946221
10,"gauss_indep",311,TRUE,282,0.0772913729874718,0.0108272950724262,0.0576724913676396,-0.0741999504163586,0.566584447259421,0.500870819707554,0.400176070239593,0.895621381177043,0.00133208263978173,0.000194078592839027,0.00189482670524665,0.0203156887463725,0.0091699989353198,0.0105568303613868,0.0114181088655067,0.0128750275034953,0.707722275831102,0.104054289063095
10,"gauss_indep",314,TRUE,376,0.166964606845129,0.0679065626392997,0.132385908558867,0.328554139603331,0.595954167913098,0.578186993746342,0.428877942328371,0.927027011491124,0.00603015055204048,0.0022789447657452,0.0059649785977315,0.0197519104527709,0.0120018735596982,0.0141787872759818,0.013969637265277,0.0145974822322973,0.760386082030926,0.260588876660727
10,"gauss_indep",315,TRUE,378,0.108999082749205,0.0226634868669419,0.0809795075482925,0.0843626697874741,0.646755716453443,0.695919360893148,0.464657425977987,0.965917825304166,0.0023071242309666,0.000605704747820654,0.0027181504655396,0.0212594079626983,0.00678696982544436,0.00875238951065534,0.00940751500705584,0.0128571094974027,0.834217813819118,0.150543969879042
10,"gauss_indep",316,TRUE,391,0.0840930114932554,0.012294394472168,0.0617220841175886,-0.0516925538789535,0.701303696196597,0.758210152074812,0.497465089628923,1.0051321121434,0.00172378605755209,0.000322455375646038,0.00214351234034586,0.0188317826350638,0.00669647266055941,0.00903030759451321,0.00871970127513436,0.0125612489205735,0.870752635410776,0.110880090512986
10,"gauss_indep",317,TRUE,456,0.0778036869152599,0.0117197611904605,0.0591642672542928,-0.058561215457017,0.564134368986377,0.487751009391516,0.394000387123374,0.882531290624743,0.00159238798848881,0.000261317543723654,0.00196781472886714,0.0208222356241745,0.00731351465891767,0.00837084844118,0.00930565494338848,0.0130790320433707,0.698391730615073,0.108257845860984
10,"gauss_indep",318,TRUE,416,0.076090942323164,0.01187820312154,0.0586914737337525,-0.0710437201709128,0.527852120769981,0.463192694961538,0.378639179396252,0.858467490439657,0.00205550425888374,0.000351098011131408,0.00236818803162286,0.0195697191578832,0.00960028525844152,0.0108719997408413,0.0117017993764564,0.0168069874978192,0.68058261435445,0.108987169527151
10,"gauss_indep",319,TRUE,321,0.0618001903622076,0.00760599044973667,0.0508244016717997,-0.11710092189793,0.473450780674084,0.459928245782199,0.361124827915396,0.843755778206785,0.00241256304163903,0.000314816454473813,0.00280868787816608,0.0183608211597242,0.0148056517209833,0.0163404445565748,0.0171540198034499,0.0186976319298439,0.678180098338339,0.0872123296887354
10,"gauss_indep",32,TRUE,761,0.129036427611256,0.0529307365660521,0.106180170681611,0.205279235027335,0.435542281341802,0.449832682940357,0.337215340685502,0.790292820328825,0.00363577468478425,0.00109586671201836,0.00390609408447752,0.0244504930212001,0.0124628996939176,0.0118487425619105,0.0139871602358633,0.0221407468762504,0.670695670882373,0.23006680891874
10,"gauss_indep",320,TRUE,498,0.117228154540983,0.0359040518970491,0.0929626573235264,0.161979181624804,1.00586874964384,2.24589372997346,0.750652955215647,1.1943717469251,0.00254036710595746,0.00064037311587516,0.00280961241111424,0.0215297348838888,0.0195340287440085,0.0459767040465109,0.0230339999834034,0.0218602603116328,1.4986306182557,0.189483645460628
10,"gauss_indep",321,TRUE,416,0.0977697702216855,0.022257930816425,0.0773122571411369,0.0564620424308618,0.743687492200538,0.940015209785065,0.531356035508119,1.02104024717947,0.00260037771118949,0.000573099474758232,0.00278072598998905,0.0195495298365718,0.0160370755051245,0.0261665186409924,0.0206325647022505,0.0220038794291896,0.96954381529927,0.149190920690319
10,"gauss_indep",322,TRUE,379,0.176948704228618,0.0853158923864473,0.142458309602975,0.366573096209716,0.888214002410225,1.47444754445336,0.648007162794068,1.12088011806134,0.0042782658324676,0.00182016100413278,0.00488162637157275,0.0271568087674141,0.0192529219254436,0.0366862269863079,0.0230283286127884,0.025140953542975,1.21426831649902,0.292088843310468
10,"gauss_indep",323,TRUE,292,0.172338045553212,0.0733797049783389,0.135171656043239,0.343009877197511,0.858367927873684,1.30401336480874,0.628082144342237,1.13760251804608,0.00439347406603689,0.00177349932446016,0.00510501723270398,0.0278274791571491,0.0205910622093469,0.0387180554929656,0.0230556796970631,0.0261475231735023,1.14193404573502,0.270886885947509
10,"gauss_indep",324,TRUE,375,0.107617203881439,0.026351042120743,0.0834963435961658,0.097777443685215,0.681771644851196,0.763029586138243,0.488567625481919,1.00073362941901,0.00295081602873091,0.00075620300213717,0.00328088257869118,0.0236024293385513,0.0137831427151597,0.0192431613569867,0.0167899376633112,0.0225756212964442,0.873515647334519,0.162330040721805
10,"gauss_indep",325,TRUE,469,0.0621838622927757,0.0106086424313395,0.0499717555182841,-0.19008930174335,0.511712112394058,0.446805769768717,0.361085734934587,0.813905744293441,0.00192503135661024,0.000315478668960908,0.00230356562359253,0.019066632613124,0.0107413234653862,0.0121912007369912,0.0117032952935582,0.0176463187955645,0.668435314573308,0.102998264215177
10,"gauss_indep",326,TRUE,596,0.0867256103957955,0.0190063043731898,0.0676507454636827,-0.029537234075466,0.465303341363511,0.39814120652315,0.338169825077635,0.798846879645876,0.00201021266491825,0.000420252604140072,0.0023101269742808,0.0211908073674022,0.0095400362956563,0.0105701216851671,0.012416436334564,0.0197629438184815,0.630984315592036,0.137863353989339
10,"gauss_indep",327,TRUE,502,0.0871881857451559,0.01666353328872,0.0674337478740124,0.0051515932257933,0.504472139429182,0.45750756793805,0.368472027432206,0.849013022552629,0.00201610087553713,0.000383732435340114,0.00238889636938899,0.0217367723282728,0.00885490562767437,0.00913823024896112,0.0112111027149037,0.0198735683122444,0.676393057281083,0.129087308782545
10,"gauss_indep",328,TRUE,573,0.071422039208571,0.00973495556408789,0.0529553315602264,-0.136980015666372,0.463220725432127,0.358741875260938,0.333124918184884,0.795998780178247,0.0014465320874292,0.000240362352789891,0.00193820397631839,0.0200383460720187,0.00758803791038403,0.00742472891365382,0.0103440597462039,0.0178491759607312,0.59895064509602,0.0986658784184679
10,"gauss_indep",329,TRUE,362,0.0789481474891399,0.013432033695028,0.0616186740683907,-0.0563411920397404,0.653661975705833,0.772342254959981,0.474761935148321,0.965949676832301,0.00213590226151153,0.000367992345405932,0.00236096622537015,0.0186963265570818,0.0139666105303519,0.020503888461035,0.0168624977699651,0.0235762329662429,0.878830048962813,0.115896650922397
10,"gauss_indep",33,TRUE,969,0.0365248707778029,0.00498784502248353,0.0349053270926412,-0.292256450404215,0.291680283514248,0.169726053760892,0.221490517425496,0.604703008002984,0.00184964219484059,0.000167053539082641,0.00200791626496171,0.0170050867918089,0.0101440522392599,0.00678617808070565,0.0113626044099864,0.0183869586761482,0.411978220007917,0.070624677149588
10,"gauss_indep",330,TRUE,573,0.0735453926515978,0.0100932180337383,0.0545306995760152,-0.115258437512563,0.656648421577467,0.735383726638222,0.472861773756015,0.967184431255077,0.00152172061109569,0.000258009756364681,0.00196088256916944,0.0195421929902419,0.0103706414591613,0.0140881838022408,0.0136305468835455,0.0161139831982835,0.857545174692402,0.100465009001833
10,"gauss_indep",331,TRUE,144,0.0774084009136185,0.013121177954859,0.058092529592471,-0.0764191482327138,0.721351569230091,0.823236351482675,0.514000661541193,1.01416868452817,0.0012821803079752,0.000231005894059232,0.00172687841233589,0.0230680978701168,0.00927503303192988,0.0130830914802532,0.0119692357561712,0.0144512960393019,0.907323730254354,0.114547710386803
10,"gauss_indep",332,TRUE,375,0.0655601503201629,0.00846787206094297,0.0489154905382972,-0.17125122688499,0.684331749182061,0.754120791020316,0.487440282797098,0.989905012075739,0.00159502893580106,0.000223332696779074,0.00188734474677734,0.0217028209074229,0.00748854267555049,0.0103776081667536,0.00958743818419435,0.0120907781164313,0.868401284557039,0.0920210414032735
10,"gauss_indep",333,TRUE,431,0.0462979956569049,0.0048846627684256,0.0365475371649278,-0.32099794131379,0.633783601164012,0.64191474523976,0.450343826169681,0.94919523335839,0.00120625582372885,0.000122974454232074,0.00135917632260923,0.0168838101494513,0.0056472710712172,0.00757069619956333,0.0083079027008714,0.0114506700829342,0.801195822030894,0.069890362486008
10,"gauss_indep",334,TRUE,392,0.0486045860967273,0.00633404063254292,0.0399819103028237,-0.269610692628789,0.608672940918781,0.587772273505353,0.43239885028815,0.930122878960962,0.0013236834720324,0.000131967364600268,0.00140471401206602,0.0183093966204191,0.00594344234246666,0.00743677148100208,0.00873093080856556,0.0119470463345183,0.766663076915377,0.0795866862769328
10,"gauss_indep",335,TRUE,308,0.0478417943821457,0.0043983929564415,0.0370470658386344,-0.297901269749756,0.548710869101829,0.481833754596835,0.3906300575322,0.878808167794609,0.00140498882332354,0.000147448252569135,0.00152692761075269,0.0174853676902958,0.0069085211453916,0.00736654943452728,0.00952075745615846,0.0131214407799197,0.694142459871772,0.0663203811542236
10,"gauss_indep",336,TRUE,181,0.038466259201433,0.00411513496880018,0.0340413585000256,-0.329859704032652,0.513482399619569,0.456930357158691,0.374008287490982,0.852983825049048,0.00127278131886958,0.000123983971511856,0.00154001214910208,0.0160557843401553,0.00757485208639323,0.00779201326277011,0.0106708496870661,0.0148152378615762,0.675966239658972,0.06414931775787
10,"gauss_indep",337,TRUE,289,0.0328328970979008,0.00249395934371846,0.029275672547653,-0.386788763307731,0.66090433770949,0.780665621428269,0.481710145610821,0.985086438437453,0.0010964480334398,7.95710432491647e-05,0.00125293311491009,0.0151420999053461,0.00766577448132841,0.00954432424350098,0.00990086432508172,0.0125277282498627,0.883552840201574,0.0499395569035055
10,"gauss_indep",338,TRUE,346,0.0278585231998909,0.00175303570168931,0.0240784865862558,-0.494401696832289,0.715224697548058,0.844861108633767,0.514170319405287,1.01652226355871,0.000848823862948136,5.18726454777261e-05,0.000936084458409394,0.0144721377781436,0.00669398961067373,0.00917087878987694,0.00922256711901733,0.0107736175850827,0.919163265494094,0.0418692691802629
10,"gauss_indep",339,TRUE,302,0.0562384515816463,0.00827172703031095,0.0488267599952244,-0.151768320042215,0.677004814771719,0.798907644568613,0.486624726410043,0.986669763933104,0.00166743720267691,0.000183314853426078,0.00183675758761716,0.0168523247771609,0.00734090563127964,0.00942608021749651,0.00982263014206846,0.0116478309073775,0.89381633715692,0.0909490353456866
10,"gauss_indep",34,TRUE,492,0.0318103098067621,0.00257194301811375,0.0264934084686136,-0.465489595683557,0.266727227131907,0.174472090940735,0.206489746647975,0.55771355937233,0.00111321106414889,8.07333713082702e-05,0.00120071193093862,0.0186686930998929,0.0063218198409085,0.00360979453666764,0.00692060801669257,0.0176416859927403,0.417698564685989,0.0507143275427541
10,"gauss_indep",341,TRUE,332,0.370780205601799,0.29549407249043,0.286705628162504,0.747608973629998,1.21867339253193,2.86795950885315,0.900976371619596,1.28366708715556,0.00626047965944662,0.00471045355671535,0.00733052588055361,0.022883353981712,0.0262193849453412,0.071905140989548,0.0279587091048839,0.0253545248898179,1.69350509560885,0.543593664873341
10,"gauss_indep",342,TRUE,416,0.158579593682633,0.0553227930677382,0.124854557399079,0.291609278592763,0.772106690656119,0.989931533957037,0.549009377985975,1.04108383857498,0.00510141616636015,0.00198155612438704,0.0059220212695193,0.0207209227942094,0.0147852708382432,0.023752407167725,0.0192175839160178,0.0181856532252453,0.99495303103063,0.23520797832501
10,"gauss_indep",343,TRUE,474,0.0799655502071868,0.0122322727224218,0.0583987461204611,-0.0957747284738755,0.565537237066351,0.500654702861876,0.396972665743104,0.881461485812501,0.00181888850177447,0.000325711206414864,0.00221226324334473,0.0191087628622618,0.0114950813640954,0.0134766524618584,0.0140803403724352,0.0167436501841059,0.707569574573325,0.110599605435199
10,"gauss_indep",344,TRUE,246,0.0655306162835901,0.00819367004462854,0.0491097635889237,-0.170975632047247,0.598825954674626,0.57620649214303,0.427055595893706,0.919758820034752,0.00188805642319643,0.00027733000800865,0.00200226162762664,0.0182986548232535,0.00949083286304754,0.0115233220174138,0.0111622217002098,0.0155891668020362,0.759082664894299,0.0905188933020535
10,"gauss_indep",345,TRUE,420,0.0775275227696973,0.0120142473758168,0.0581555185619936,-0.0951609701460708,0.541280633520927,0.482878180794777,0.388105742667961,0.870758256732566,0.00208019923001591,0.00039024072615409,0.00236455166346094,0.0195326410264819,0.0114008946411214,0.0131140100702036,0.0130756591756326,0.0191380907406996,0.694894366644871,0.109609522286236
10,"gauss_indep",346,TRUE,596,0.145560263364657,0.0448267861766151,0.111754756856059,0.27128284782345,0.966494708376287,1.85836736753489,0.717847729976159,1.1871812255703,0.00306427897607293,0.000984176190504344,0.00352599793578375,0.0260810574311597,0.0192773648583544,0.0405157491642721,0.0215264063864119,0.0242722370636142,1.36321948619248,0.211723371824216
10,"gauss_indep",347,TRUE,361,0.042702667143543,0.00354431788720318,0.0453319674575375,-0.124024444833156,0.476660309514694,0.37816181944686,0.370549859206255,0.883022615123965,0.00294871781924885,0.000278255663513058,0.00320101708169822,0.0179090643191694,0.0204450568292937,0.0219349439150786,0.0220276207289081,0.0175521639541368,0.614948631551335,0.0595341741120441
10,"gauss_indep",348,TRUE,350,0.0253342936359313,0.0012015187636841,0.037652596190818,-0.199490763848177,0.412731832196912,0.293510803477585,0.313061823544167,0.786264764769998,0.00302365412285788,0.0001854306860506,0.00268578295087071,0.0159329179021063,0.0172672757255257,0.0142685942057024,0.017207443054678,0.0203372477815256,0.541766373520529,0.0346629306851585
10,"gauss_indep",349,TRUE,343,0.0380948884210605,0.00474539277620531,0.0443584558863968,-0.253700920438117,0.365522020444997,0.284117826824734,0.286581828773936,0.703454569942961,0.00388302831649084,0.000445355426632659,0.00347924788999424,0.0176683674800282,0.0160856044256469,0.0139135005935169,0.0163917018252602,0.0203776677948713,0.533027041363507,0.0688868113371878
10,"gauss_indep",350,TRUE,667,0.0349799102577913,0.00721709657057706,0.032722383456834,-0.497659807222472,0.323762938751644,0.290182506895998,0.24849088208841,0.582995632005119,0.00155247538697476,0.000269187856638089,0.0017244889005343,0.01529008701217,0.00858894389574961,0.00874388168622428,0.00943742734899898,0.017024846465751,0.538685907459995,0.0849534965176658
10,"gauss_indep",351,TRUE,345,0.0729113116532425,0.0113579884392615,0.0561722316516052,-0.0931659273923994,0.543115650137086,0.519228472061715,0.392823270124025,0.871159816687863,0.00237555881300591,0.000402976111169264,0.00259208941399135,0.0230849655804907,0.0135852126278744,0.0160695274364247,0.0158461471210271,0.0206155849192065,0.720575098141557,0.106573863771853
10,"gauss_indep",352,TRUE,387,0.0652120298354465,0.0115914197661469,0.0515753724894376,-0.174610941212016,0.45313101692799,0.376170781980567,0.328478379732863,0.778391899971904,0.00218683358340564,0.000368543924535559,0.00246995256658782,0.0238542766543027,0.0114878955156343,0.0121851565752293,0.0139029231103204,0.022681592821522,0.613327630211266,0.107663456038467
10,"gauss_indep",353,TRUE,371,0.0500936560490075,0.00598931967003316,0.038707513250525,-0.327602049045245,0.402502623485971,0.288817827276939,0.290503899891604,0.71369037030728,0.00136932599225777,0.00016876937401923,0.00166879172259857,0.0229414056551251,0.00964702634431993,0.00845544838585035,0.0109517246594743,0.0206632920996164,0.537417740009519,0.077390694983526
10,"gauss_indep",354,TRUE,499,0.0719777672385449,0.0126490817965738,0.0562077382548077,-0.106220910020654,0.455464098535027,0.384766590131155,0.332837850462387,0.789167118545584,0.00186960642055311,0.000285495350725103,0.00217907491869914,0.0221605690088788,0.0122138153793863,0.0117253297735804,0.0148679455330276,0.0216055156101095,0.62029556675117,0.112468136805825
10,"gauss_indep",355,TRUE,717,0.0852965575620292,0.0144888273580522,0.0635870322353668,-0.0461437133777166,0.504927959483027,0.482239967801463,0.36859131928875,0.830189556847017,0.00203019495648578,0.000409681469355683,0.00231359008583971,0.0209867842237774,0.0110869565471961,0.0122761219963729,0.0138848825958735,0.0191998796052902,0.69443499897504,0.120369544977341
10,"gauss_indep",356,TRUE,346,0.0659347105381611,0.00943288041212295,0.049522613182688,-0.18584759864599,0.504385393279224,0.50068861895046,0.371403291340396,0.837773194034947,0.00177487535398779,0.000298867112957641,0.00206326096339694,0.0217117333330764,0.0111024875866932,0.0126527887337959,0.0125755118260849,0.0175647352246523,0.707593540777797,0.0971230169018804
10,"gauss_indep",357,TRUE,500,0.0698718489354848,0.0110279042327444,0.0543933090156618,-0.115745095678757,0.613601032015013,0.66411773549527,0.444912957538013,0.936896261766631,0.00186766927941705,0.000292883210978661,0.0021134972782567,0.0230986367700593,0.00971810693759842,0.0141143179858025,0.0134957041817959,0.0182251458532491,0.814934190898425,0.105013828769093
10,"gauss_indep",358,TRUE,464,0.0508941544447096,0.0051667775406756,0.0378469622789837,-0.308544825401381,0.58243456183229,0.524706856910115,0.40820666916746,0.898401162359231,0.00131404457448284,0.000146827264819659,0.0014616274466284,0.0224375253770159,0.00790518266343112,0.0101208708868897,0.0106600911269541,0.0133873860224036,0.724366521113528,0.0718803000875455
10,"gauss_indep",359,TRUE,349,0.0466912593336797,0.00496520063633706,0.0348579410101111,-0.375049504681648,0.674271059205603,0.692009752081289,0.468685331046632,0.966465123909522,0.0012728979506559,0.000140331395018775,0.00143875100695635,0.0241495098392389,0.00840956368027969,0.012081043144111,0.0109976059304486,0.0130255562169891,0.831871235277004,0.0704641798102913
10,"gauss_indep",360,TRUE,333,0.0325908068503103,0.00241045662283128,0.0249984970858478,-0.519485886061605,0.422662050329837,0.293978974408375,0.309318574945673,0.772659242358415,0.000869401355328677,6.45669819624905e-05,0.00107003793898035,0.0213409698595184,0.00633753621329851,0.00528805226369159,0.00790242941435823,0.0105986678554066,0.542198279606617,0.0490964013226151
10,"gauss_indep",361,TRUE,250,0.0242128277392168,0.00149187347139092,0.0185488945065934,-0.677993275525494,0.427383065794336,0.279576038764908,0.302432488494181,0.751642475459204,0.000693362739295774,4.19839449925754e-05,0.000765517250283299,0.020951015231184,0.0061856999748,0.00549937368952109,0.00791356683665872,0.0123379147609836,0.528749504741998,0.0386247779461697
10,"gauss_indep",362,TRUE,300,0.0138461031134394,0.000359333107573137,0.0107270824329276,-0.91283213012073,0.36982546399861,0.227071190636865,0.273763233776517,0.718284456573715,0.000439259421666962,1.33374560666761e-05,0.000486210281965211,0.0178356712850016,0.00574129596587088,0.00434675074071802,0.00721727089474756,0.010037449196569,0.476519874335651,0.0189560836559965
10,"gauss_indep",363,TRUE,229,0.0642288879277385,0.0200114978428787,0.0570098267182062,-0.0849512194248967,0.418542392194567,0.312775974882681,0.308063955585667,0.761916747708723,0.00136040901450056,0.000207688336435924,0.00165970182469187,0.0218612504808651,0.00498962906314871,0.00434028029631213,0.00676981176060778,0.0101263015750412,0.559263779340913,0.141462001409844
10,"gauss_indep",365,TRUE,446,0.11473691944729,0.0335559338733155,0.0972759106504233,0.188022137287935,0.778158176693535,1.10181055761972,0.563457436164929,1.04111307333853,0.00400108471783586,0.000991196443448265,0.00451154276169443,0.0190634186849825,0.0183224648938854,0.0317488836094196,0.0209523148042221,0.0189766238889131,1.0496716427625,0.183182788147019
10,"gauss_indep",366,TRUE,472,0.0896096545141616,0.0191589309453075,0.0709604391582714,0.0110259025092515,0.631859223103498,0.74468076354238,0.464328037056069,0.947275474245129,0.00261348308267517,0.000509209298281011,0.00269163467018172,0.0217349176138213,0.0151460634619502,0.0218456539310908,0.0191666485289265,0.0240064983802186,0.862948876552012,0.138415790086635
10,"gauss_indep",367,TRUE,401,0.0386732009249038,0.00349557514323133,0.0324174035960229,-0.354326623386606,0.432231451740483,0.316718768566739,0.310481418905672,0.75265226044581,0.00165488666885407,0.000150625926479271,0.00183915481682779,0.0198755326765747,0.0103202267063244,0.00941984932297497,0.0120158584011005,0.0187768317331207,0.562777725720145,0.0591233891385747
10,"gauss_indep",368,TRUE,422,0.0285427880877075,0.00200016062800307,0.0234238867393123,-0.529471704254806,0.366187302368978,0.231918267485273,0.263563558020144,0.671966628849266,0.00124314621083929,8.87502363187461e-05,0.00130469480820985,0.0189363642947049,0.00941738717315941,0.00744462902262136,0.0112385349943176,0.0189229853551173,0.481578931729029,0.0447231553896085
10,"gauss_indep",369,TRUE,412,0.0362915019239875,0.00307419945835888,0.0389454946515493,-0.214998952077276,0.363585930183953,0.236987446824123,0.297770106993619,0.778862882440051,0.00293542944235387,0.000260346468971192,0.00280025662311715,0.0171304849375991,0.0188226012279349,0.0147373579049766,0.0178575822896263,0.0183644333146331,0.486813564749508,0.0554454638212981
10,"gauss_indep",370,TRUE,145,0.0471947273398897,0.00515975512236593,0.0371003316572568,-0.285771857072699,0.285322111210536,0.13751891021452,0.210361409491437,0.569027293350768,0.000830536744263307,7.86414568272794e-05,0.001061090246034,0.022630421446908,0.00787925719934294,0.00453678579914941,0.00896004789608165,0.019388920923644,0.370835422006205,0.0718314354747692
10,"gauss_indep",371,TRUE,125,0.0298143251038929,0.00297195151112639,0.0232067457923172,-0.571950398772604,0.310632075690483,0.144650549608576,0.216848069878151,0.58439923469081,0.000892184357234857,7.71848035165069e-05,0.000935552964907661,0.0210101664441892,0.00670221227355354,0.00463592151890819,0.00920780737744903,0.020382588210427,0.380329527658024,0.0545156079588808
10,"gauss_indep",372,TRUE,201,0.04403402803144,0.00599945819707354,0.0351451234422697,-0.362374189467112,0.388034930846901,0.263749984650032,0.278801791401234,0.700221153162047,0.000911956437295607,0.000113863821195513,0.000976778334717967,0.0244886022573507,0.0103572091298805,0.0092925566949513,0.01199528307742,0.0203520037354414,0.513565949659858,0.0774561695223404
10,"gauss_indep",373,TRUE,293,0.130786245574133,0.0354999259051117,0.295941081767696,0.858064372122635,0.439414945885474,0.324050519389334,0.316286094909314,0.767274883747438,0.009432608378934,0.00269718425226831,0.0121508429425584,0.00874975223547857,0.00963507300088979,0.00912437229146312,0.0127253288528939,0.0177261966228195,0.569254353860674,0.188414240186648
10,"gauss_indep",374,TRUE,491,0.0792516547451748,0.0174494253007982,0.0675577177020648,0.0159759336902972,0.464676401626818,0.353640952389814,0.333980163136686,0.802878963268364,0.00190037604414328,0.000282463492210058,0.00214456589170261,0.0140714063160054,0.00620132423814096,0.00583942938618689,0.0080083290482909,0.0130044022982949,0.594677183343883,0.13209627284976
10,"gauss_indep",375,TRUE,394,0.0294595083696316,0.00292146449734143,0.0282774270758118,-0.401982466376334,0.459169340209783,0.322573431554079,0.322048850131383,0.781934405365105,0.00142738744006048,8.70767684337868e-05,0.00151853824683012,0.0181923065126917,0.0102274309368091,0.0100043313648,0.0124689860967314,0.0189932676194834,0.567955483778508,0.0540505735153794
10,"gauss_indep",376,TRUE,421,0.0546908170581918,0.0074504582986728,0.0442488266726276,-0.217334564869128,0.513693718024399,0.459615723108077,0.367242331417466,0.837198514383656,0.00206430167859142,0.00024554550050481,0.00219644833882279,0.0215548174768249,0.014508696705476,0.0174418561968301,0.0162724514691564,0.0209586609925556,0.677949646439968,0.0863160373202616
10,"gauss_indep",377,TRUE,536,0.048850223042142,0.00568630736854666,0.0382408744840783,-0.302564611114437,0.431622285229637,0.335733625193943,0.311783576788102,0.747005429511279,0.00146885874903131,0.000156846465802645,0.00169691605370391,0.0193208241005641,0.010632393533643,0.0110162062078441,0.0122532956228308,0.0213545807449406,0.579425254190688,0.0754076081608922
10,"gauss_indep",378,TRUE,434,0.032024427418757,0.00250062883536903,0.0261182990024004,-0.470853886486999,0.424791364781774,0.317672868672057,0.307053675188982,0.751748318130617,0.00122963739913644,8.48057730645947e-05,0.00144594042931059,0.0192515452257716,0.0100627075584235,0.0095343222239217,0.011550252751517,0.0164840836219646,0.563624758746506,0.0500062879583061
10,"gauss_indep",379,TRUE,309,0.0488165015695764,0.00535532076360953,0.0377886547856153,-0.302091772238983,0.625782006149595,0.617619928229183,0.441146661076008,0.934809213465078,0.00147876527573945,0.000158344006944263,0.001621485883425,0.0210895234299646,0.0107610442450906,0.0136176446170408,0.0127991288653149,0.0168178792075571,0.785887987075247,0.0731800571440712
10,"gauss_indep",380,TRUE,381,0.0427504951670216,0.00517604749757821,0.0339734886395112,-0.351624344347553,0.528757440270502,0.464392806415836,0.378455471172077,0.863231504244244,0.00127817771432339,0.000124474317543098,0.0014001997643929,0.0230576863965355,0.00709581471134571,0.00750465101321921,0.00954122325863537,0.0168807940502212,0.681463723477513,0.0719447530927601
10,"gauss_indep",381,TRUE,355,0.0283731399353092,0.00156415886628682,0.0208105063223692,-0.598754804986447,0.399281067279486,0.271195195703573,0.288325949785706,0.727059340215627,0.000695292275228822,4.65440840339257e-05,0.000790361020394748,0.0249973834488198,0.00609097979231452,0.00501794177480508,0.00756223898653785,0.01563104469942,0.520764049933915,0.039549448368932
10,"gauss_indep",382,TRUE,377,0.0353251378148574,0.00368882852817989,0.0295588102324284,-0.401777959386925,0.376585395240718,0.255424649249263,0.2710854894959,0.683619332332288,0.00112243951307998,8.45046110188258e-05,0.0012455657555129,0.0190418813148558,0.00835280172452757,0.00672076954774698,0.00971564741902069,0.0181432320936961,0.505395537425157,0.0607357269502876
10,"gauss_indep",383,TRUE,356,0.0802900794740429,0.0136465540095748,0.0613978386185047,-0.0477190490254987,0.54420095432755,0.560495134615749,0.396202633959917,0.879175521964777,0.00193193504418723,0.000332471122845816,0.00217370064256334,0.0216803030712276,0.0122421607909656,0.0135530641262315,0.0141259376711561,0.0213532657917103,0.748662229991435,0.116818466047003
10,"gauss_indep",384,TRUE,276,0.104896880671725,0.0293625970221435,0.0864225877497206,0.155303524009204,0.339550021680223,0.195707477280608,0.243451279627805,0.637719284937216,0.00188978587628599,0.000391119504224351,0.00219994182001515,0.0225891375475177,0.00748858623288512,0.00532402628910103,0.00907109617658694,0.0167223820556475,0.442388378329051,0.171355177984628
10,"gauss_indep",385,TRUE,188,0.0556411826939215,0.00666075751127319,0.0421928975567401,-0.255337880208028,0.385109750009586,0.23156673729846,0.270157141938017,0.690836938439932,0.0013439459275282,0.000193024685989199,0.00153770112856393,0.0206436674213421,0.00545649654227419,0.00438187464896285,0.00838863784357663,0.0172373242581636,0.481213816612179,0.0816134640318201
10,"gauss_indep",386,TRUE,233,0.0384910038437278,0.00325489722739518,0.0292355316703372,-0.434449897805355,0.365779284957454,0.203264687858183,0.254912943590811,0.663994824001557,0.000885925330264347,7.87264729014734e-05,0.00100216651853723,0.0220196889180241,0.00456848104488956,0.00350154431195656,0.00628495655010403,0.0127175183814476,0.450848852563898,0.0570517066124685
10,"gauss_indep",44,TRUE,168,0.0478898252686671,0.00491184302388724,0.047223457750943,-0.133825318069272,0.34170087847021,0.282892936271481,0.332938820974637,0.850454954618935,0.00305870873926289,0.000445286939001832,0.00300171480896208,0.0136456944580423,0.019724008893196,0.02052471688244,0.0209046165126312,0.0151036218551748,0.531876805540043,0.0700845419752975
10,"gauss_indep",45,TRUE,490,0.0411324412660264,0.00318737131117399,0.0350947828143165,-0.283829348299897,0.321040053071748,0.176144763857017,0.24057086981308,0.6587295642613,0.00195273058470211,0.000186669788821257,0.0021461189771718,0.016733966642032,0.0106736062100626,0.00785713085405156,0.0121773739429237,0.0165477534104062,0.419696037456892,0.0564568092542785
10,"gauss_indep",46,TRUE,483,0.0511339315973769,0.00755104689691148,0.0401287184353776,-0.297116521196904,0.290245414552734,0.143700376697241,0.207930654751991,0.564234558962609,0.00150441389596141,0.000196934329935306,0.00169056536562501,0.0190462751453187,0.00687055356139512,0.00424688908336414,0.007540879073326,0.0164130258105339,0.3790783252802,0.0868967599908735
10,"gauss_indep",47,TRUE,654,0.0375406692641012,0.00456670078640951,0.0301094073384536,-0.432113366263284,0.256920316253092,0.103446731436128,0.179669310124872,0.492187135768632,0.00106087535931297,0.000100236279671929,0.00114454412892074,0.0182255809751193,0.00430723313425572,0.00234133196629786,0.00556367967426817,0.013910797241598,0.321631359534682,0.067577368892326
10,"gauss_indep",48,TRUE,707,0.0239869037298063,0.00101673795445536,0.0190267079622479,-0.609779111520831,0.244795807676182,0.102523703599971,0.177471473390034,0.488443204103536,0.000779263581558108,4.1374984165911e-05,0.000829345327198911,0.0151083129803714,0.00415009710396832,0.00211196709062729,0.00525732466143042,0.0133159500069246,0.320193228535475,0.0318863286449751
10,"gauss_indep",49,TRUE,414,0.0465877203360021,0.00765508219401453,0.0383490198355599,-0.290425486910833,0.274337452694017,0.127104898330524,0.197234739775714,0.541591011457428,0.0011586580383996,0.000107712446888192,0.00136726898478976,0.0189609188093201,0.00428926059358881,0.0023123030858752,0.00571161408717055,0.0131997550786997,0.35651773915266,0.0874933265684562
10,"gauss_indep",54,TRUE,359,0.20572324885054,0.0966959728447261,0.168088103411554,0.452660933008771,0.869929614324973,1.77161219030554,0.686614252889378,1.14895116635523,0.0085089971132159,0.0040100560076903,0.00937335442180215,0.0207283519233948,0.0301558229438717,0.0588740277717599,0.0367968463147655,0.0216096358130849,1.33101922987819,0.310959760812756
10,"gauss_indep",55,TRUE,871,0.130211321078532,0.0619330301432051,0.106072722477674,0.190418672365376,0.630082880382938,1.16298350337379,0.486271366738612,0.954383577566906,0.00415618478833879,0.00148048718545297,0.00424395053647836,0.0225242747671197,0.0186266675469167,0.0303320409359341,0.0189655045371376,0.022411092928943,1.07841712865375,0.248863476916974
10,"gauss_indep",56,TRUE,668,0.0489497572052543,0.00538253635560946,0.0376915298599921,-0.31140269994961,0.302956548174884,0.169545321428948,0.219437953145641,0.572272435114909,0.00132750133098382,0.000161466187309907,0.00147143668491866,0.0236110358588612,0.00675708959860854,0.00467650088322678,0.00772383682171833,0.0201884274978903,0.411758814634184,0.0733657710080761
10,"gauss_indep",57,TRUE,257,0.0210667666863735,0.00107823553686314,0.0238299119065084,-0.438236525942685,0.200137574247702,0.0719353376533347,0.150771431127044,0.424043061336184,0.00121762885019803,5.96486898959694e-05,0.0014719214240578,0.0139130354481283,0.00605729288813515,0.00313572246937487,0.00655181717790139,0.0132529995365346,0.268207639065957,0.0328364970248524
10,"gauss_indep",59,TRUE,323,0.0388312189374707,0.00286158181846872,0.0299690128299423,-0.395594491198371,0.39449583726869,0.250200484138579,0.282546498776678,0.723215366043019,0.000830759399416859,6.12821630799236e-05,0.00096338618788385,0.0132040284900155,0.00698547243328528,0.00517773931180783,0.00794166890196236,0.0119068897588445,0.500200443960798,0.0534937549482995
10,"gauss_indep",67,TRUE,688,0.0488483272968143,0.00532443274440129,0.0398913361978698,-0.249064442752111,1.01243003676487,1.84117493122913,0.729546356100572,1.18180153770106,0.0012794285867147,0.00013503128117765,0.00165589632980514,0.0149398872821691,0.0179383030518247,0.0401767654427908,0.0221649168500695,0.0183877750690625,1.35689901290742,0.072968710721797
10,"gauss_indep",68,TRUE,1145,0.118897419061962,0.0348237975802373,0.0935534339113662,0.179430680176161,1.00692537638856,2.31543293370235,0.761448871685388,1.20424702277725,0.00190061443607163,0.000522574816503364,0.00226815908752587,0.019013843157846,0.0170509741748763,0.0396439791761846,0.0202851107556269,0.0178648231984111,1.5216546696614,0.186611354371156
10,"gauss_indep",69,TRUE,631,0.0979364932929469,0.0208803344504986,0.0748104089738453,0.0391588656551304,0.858925947614531,1.2806089503168,0.61796756727858,1.10150360250814,0.00205053830152208,0.000437086458651863,0.00261095926634333,0.0216528511518881,0.0154049684030621,0.0270465765183582,0.020335064284287,0.0217279429975237,1.13163993845958,0.144500292215963
10,"gauss_indep",70,TRUE,395,0.0723903613580645,0.0115745238250281,0.0544310549860642,-0.125132644913598,0.547993629515553,0.521160865626502,0.391026716442212,0.860080855855215,0.00174525179825083,0.000298149295697476,0.00207206820632258,0.0227478619834329,0.0132603249200585,0.0166934701703274,0.0158643083975242,0.022812975051326,0.721914721851897,0.107584960961224
10,"gauss_indep",71,TRUE,389,0.0526091807155037,0.00550735345536531,0.0397450191748657,-0.273596607017542,0.44672623025904,0.33979036594447,0.317193432521823,0.769450371032856,0.00123550131591228,0.00013721744120806,0.00137662707627918,0.0186471141549661,0.00706636114131586,0.00634902346074283,0.0094844833145404,0.0165124331414917,0.582915402047733,0.0742115452969773
10,"gauss_indep",72,TRUE,713,0.0393699841253039,0.00299217048187958,0.0296373517562313,-0.418903625075195,0.273726297551271,0.162149278791643,0.214557106946023,0.579076051653346,0.000721313861849893,6.67577807891754e-05,0.000900219939649064,0.0134539863479235,0.00388678255608819,0.00269370220452261,0.00493658317588378,0.0102864108599416,0.402677636319231,0.0547007356612284
10,"gauss_indep",73,TRUE,410,0.0593059810846205,0.00780601364341544,0.0460058336160409,-0.193464890109494,0.416974872936709,0.300654710158488,0.301955917503636,0.757032293387048,0.00117757579766401,0.000155643036766356,0.00145286131657933,0.0169342484222152,0.0051765855766997,0.00432991264741654,0.00699074267308004,0.01519131720904,0.548319897649618,0.0883516476553518
10,"gauss_indep",74,TRUE,562,0.0647644975894834,0.008240505514474,0.0486009826814252,-0.166057221878211,0.393706052720504,0.253537104862843,0.279259628799737,0.709640620692121,0.00141908224263106,0.000195461959252635,0.00164713378472198,0.0172522803535417,0.00546948512969507,0.00439985693061323,0.00756169826825205,0.0164045653516933,0.503524681483284,0.0907772301542298
10,"gauss_indep",79,TRUE,495,0.280185764816087,0.204527812337284,0.228458635541749,0.610199115157127,1.44612811406375,4.01968901647951,1.08949631690324,1.39650567237583,0.00549970145887783,0.0031729250032408,0.006747183208418,0.0178590697163745,0.0267147597065966,0.078471010105496,0.0337006974325651,0.0200182696175121,2.00491621183518,0.452247512251073
10,"gauss_indep",80,TRUE,509,0.336806478616496,0.247718292352398,0.267098005059315,0.704207855657961,1.32737160328786,3.460131797056,1.01353910405338,1.37210447736183,0.00941742690123207,0.00653481628825678,0.0109579251539627,0.0234540426105512,0.0367867022012122,0.0987042526597425,0.0388373496170617,0.023391531206387,1.8601429507046,0.497713062268209
10,"gauss_indep",81,TRUE,408,0.217917340949222,0.161239052152378,0.184835562258869,0.461121957831697,0.851170532366166,2.19137351486132,0.703261920677439,1.14923248205247,0.00793676459101234,0.00374418104214766,0.0079372533204925,0.0240301904376202,0.0300540248437869,0.05121137844222,0.0328537613535287,0.0237670471951792,1.48032885362048,0.401545828209406
10,"gauss_indep",82,TRUE,441,0.0511003735715984,0.00504646841809325,0.0386982051418437,-0.282177272128201,0.311760518005553,0.177995876780933,0.227504478723909,0.600071295475703,0.00176007021406342,0.00020437587833327,0.00182445341010414,0.0201245041933129,0.00767574761360995,0.00552865942961383,0.0089363274662208,0.0210042670488037,0.421895575683051,0.0710384995484368
10,"gauss_indep",83,TRUE,579,0.0459603607614793,0.00395143880764615,0.0341394461871927,-0.347070501477412,0.336224093761724,0.18613732531205,0.238614602062558,0.63229515418773,0.000966403215144455,9.57414559124739e-05,0.00118560113984538,0.0174092993423406,0.00610940264744333,0.00437552999595321,0.00759145779191834,0.0223646772683683,0.431436351403136,0.0628604709467416
10,"gauss_indep",84,TRUE,816,0.110645724522455,0.0235769664194167,0.0828340422894228,0.107183995167245,0.330670966462005,0.204914459782538,0.243433347786001,0.637129957406245,0.00155689850824179,0.000362341368597345,0.00202839963733163,0.0159753749939465,0.00515747917179108,0.0037708832138936,0.00725687793317606,0.0169150754347197,0.452674783683096,0.15354792873698
10,"gauss_indep",85,TRUE,908,0.0793736992317196,0.0149113662593393,0.0635524580119274,-0.0302476568289142,0.32180520592109,0.178340647983362,0.231873452232168,0.616409411010617,0.00157934125174118,0.000272983601594579,0.00197981451370044,0.0143734756322203,0.00591013561382546,0.00414957814230809,0.00754893527763516,0.0151232574420221,0.42230397580814,0.122112105294026
10,"gauss_indep",86,TRUE,616,0.048294586555852,0.00561917741264123,0.0373059443175892,-0.308170620848597,0.399826734990128,0.263675199993679,0.284817598804289,0.723791662599674,0.000793712064311958,8.34634258233892e-05,0.000990972818123613,0.0156579032065589,0.00657223553761236,0.00560843732487818,0.00828563322928904,0.0140752904538719,0.513493135293627,0.074961172700547
10,"gauss_indep",87,TRUE,101,0.0427845921726935,0.00337066407057016,0.032233083472344,-0.37206837115182,0.314227311855657,0.169043779703385,0.23207208383847,0.622569078600037,0.000512675074960271,3.85166776936076e-05,0.000743583335906817,0.0148983401524506,0.00943922996873114,0.00691496330629681,0.00955775235227414,0.0170065383659026,0.411149339903866,0.0580574204608693
10,"gauss_indep",95,TRUE,617,0.0284618396015766,0.00153711289735437,0.0235027307552558,-0.495190319031528,0.506583223344173,0.460622257526472,0.372179813229552,0.857173471524575,0.000837622510180929,5.70088676019476e-05,0.000950899136624296,0.0127792579146931,0.0123439276138577,0.0131358790673436,0.0141407529341588,0.0161080869911237,0.678691577615688,0.039206031390009
10,"gauss_indep",96,TRUE,1009,0.0312123808657285,0.00196272877769036,0.0281423358892105,-0.389046715865497,0.471554265906641,0.422301560708497,0.360754724800466,0.850387170129693,0.00115275106283356,9.0321081243465e-05,0.00127783884942777,0.0130577287308648,0.0137665176798192,0.0147041804799193,0.0162141106320663,0.0157864844811546,0.64984733646334,0.0443026949258209
10,"gauss_indep",97,TRUE,592,0.056582768878847,0.00665701169693473,0.0454809244558994,-0.185309378987857,0.666455686969459,0.791019076230487,0.479002845157554,0.969990468713133,0.00170840110647815,0.00020978367897279,0.00193339401388654,0.0154756132426347,0.0175649946035421,0.0269961453696369,0.0202559814180329,0.0172675118314003,0.889392532142297,0.0815905122972931
10,"gauss_indep",98,TRUE,450,0.0640326890500713,0.00813325109185267,0.0481158371945665,-0.168240753264854,0.632834329304728,0.669943519587352,0.448768529146764,0.938913635947923,0.00137241522093069,0.000181547170042541,0.00163941041075172,0.0187799258060041,0.0141262268590451,0.0193437187996155,0.016602168602144,0.01860042527259,0.818500775556964,0.0901845390954163
10,"gauss_indep",99,TRUE,319,0.0548796938428275,0.0056187574620912,0.0401008112129616,-0.269187693406052,0.549106836758052,0.525648466006153,0.391337491206491,0.861902375916626,0.00122217194060827,0.000142815832543818,0.00140964244397748,0.0196529777854254,0.011290108407042,0.0141689437834676,0.0138350838968215,0.0196376591713966,0.7250161832719,0.0749583715277433
10,"gauss_cor",100,TRUE,428,0.0669779774537534,0.00858490490481316,0.0501902413897316,-0.14184891012409,0.586925252438104,0.538091952234835,0.415846910831961,0.916493800890182,0.00107494510352245,0.000150591889270498,0.00132891221000613,0.0192376187095175,0.00688304690468888,0.00797393719971041,0.00960384991071175,0.0158771554317087,0.733547511913738,0.0926547619111568
10,"gauss_cor",101,TRUE,423,0.0610786089907298,0.00738164476720341,0.0463976879113178,-0.189837105620844,0.521343804318446,0.434648895498104,0.371316416268808,0.868263169333929,0.00118761709050273,0.0001567179080331,0.00139483911218936,0.017663340333428,0.00610997374956754,0.00651939405774375,0.00832518908836692,0.0174876020753972,0.659279072546751,0.08591649880671
10,"gauss_cor",102,TRUE,457,0.076673606767628,0.0106138461153133,0.0563504339696941,-0.093094792047113,0.412424276454411,0.279744186236442,0.292458606697087,0.737559741899555,0.00135014371055805,0.00020724720510919,0.00179731352078149,0.0166598125493759,0.00565702550985472,0.00470121638426371,0.00717844758113566,0.0156669933444376,0.528908485691468,0.103023522145738
10,"gauss_cor",103,TRUE,426,0.088086306388071,0.0141773551727147,0.0655432248410698,-0.0128591475395002,0.3342826453603,0.183536944202445,0.237880749450259,0.631420614443902,0.00170542282256089,0.000301403503171293,0.00201817545661661,0.0157641035746076,0.00559503228952546,0.00375437752948192,0.00687407191571532,0.0139131279173487,0.428412119579319,0.119068699382813
10,"gauss_cor",104,TRUE,565,0.0741246124968736,0.0114136920225044,0.0563050296524978,-0.103836237427915,0.325958490647373,0.191259412632071,0.237614912328411,0.6246520955621,0.00140158372623321,0.000242520375898669,0.00167931982039183,0.0160476257478179,0.00521464396809651,0.00376650502756089,0.00664182026826938,0.0142252510947155,0.437332153668206,0.106834882049377
10,"gauss_cor",105,TRUE,239,0.0571284150693846,0.00597218289071134,0.0425596649821637,-0.230012845467229,0.254525833030124,0.117295452686781,0.181533447124107,0.482870191257692,0.000992838250853556,0.000121726905310075,0.00132343056364106,0.0157868332926407,0.00470900962140989,0.00295559508400412,0.00553919734879684,0.0132815696565846,0.342484237136224,0.0772798996551583
10,"gauss_cor",107,TRUE,367,0.0843253630930199,0.0282922783859582,0.0721771548065761,0.03241079988731,0.546718554337788,0.492971118502426,0.384063512976541,0.862564782865531,0.0016883245067464,0.000317130941215718,0.0022576131442264,0.0153874020003016,0.00828224963571979,0.00977327551939765,0.0106346629268413,0.0166312168063029,0.702119020182779,0.168203086731362
10,"gauss_cor",108,TRUE,404,0.0477329586755348,0.00485961268260112,0.0511213300165624,-0.0599144767119501,0.54040428015865,0.549541703795079,0.399652217985184,0.889898807257218,0.00213618366108135,0.000209943583580998,0.00250883960155873,0.0123850140070784,0.013032618157622,0.016100149120355,0.0152388673866251,0.0156859293054597,0.741310801078117,0.0697109222618746
10,"gauss_cor",109,TRUE,643,0.0373898846731274,0.00276001334745911,0.028676733720053,-0.434685819751249,0.417546137318526,0.303308259974366,0.305413580883697,0.748152144285017,0.000819567009510614,6.63008853708624e-05,0.00103354509908942,0.0172451432196149,0.00880380102778913,0.0079748386642432,0.0103138655382274,0.0188017419181622,0.550734291627429,0.0525358291783723
10,"gauss_cor",110,TRUE,555,0.0572443677036009,0.00655240217532504,0.051720597231189,-0.0891249541272318,0.365746386810431,0.220223168344096,0.2723215374571,0.717480370177759,0.00273250920606118,0.000341715755186057,0.0030369769819713,0.0162514606067127,0.0120581490037793,0.00930238046240614,0.0135262845232681,0.0171411524757416,0.469279413935979,0.0809469096094782
10,"gauss_cor",111,TRUE,342,0.0660893518308475,0.00816584197379018,0.051767505770773,-0.113383829998296,0.365115242922467,0.211897675689728,0.259390585896996,0.680966036116772,0.00201426310424734,0.000311376497137187,0.00236242482284964,0.0158384981154557,0.00775450512193416,0.00618362496048661,0.00943752190230501,0.0150235311061186,0.460323446817266,0.0903650484080553
10,"gauss_cor",112,TRUE,358,0.0611940397575195,0.00797054264639175,0.0462124679307597,-0.204725204504159,0.3354276951491,0.174600746942176,0.235011219929139,0.621818825662102,0.00126895513884422,0.000180604202446024,0.00160236635201606,0.0202692594718167,0.00491598439429119,0.00348715690455693,0.00694096081758311,0.0154209020673841,0.417852542103283,0.0892778956203144
10,"gauss_cor",113,TRUE,523,0.0483795539881815,0.00391733570971531,0.035015614905925,-0.324953843131236,0.316543655906606,0.156887569334483,0.221871318928089,0.596193074461835,0.00115689991881607,0.000119627315402436,0.0013080391824705,0.0154447798393893,0.00456099048620607,0.00311207024746269,0.00627345123756337,0.0133518092269828,0.3960903550132,0.0625886228456523
10,"gauss_cor",114,TRUE,163,0.0448480724966376,0.00357020398683291,0.0396014869724447,-0.204910329391158,0.32224643599956,0.172028614377352,0.227612641617617,0.600107116509723,0.00162962201444333,0.000148960052479279,0.00180966851076161,0.0134335838371863,0.00742697602262768,0.0049411511223543,0.00791313697434426,0.0155382213422483,0.414763323327114,0.059751183978503
10,"gauss_cor",120,TRUE,878,0.0695730119505801,0.00921729914126175,0.0536586563549866,-0.114374656104561,0.302687866366258,0.15307465541353,0.216365884941906,0.578599933748512,0.00119812910655575,0.000181690070137773,0.00160396770405582,0.013690762479077,0.00397991708164738,0.00249194336465427,0.00500660694750287,0.0134624386238282,0.391247562821201,0.0960067661222986
10,"gauss_cor",121,TRUE,772,0.0874758164945562,0.0164741957332334,0.0665651451642012,-0.00468992829201525,0.294275369603036,0.141575573747431,0.207283481851374,0.556947139922575,0.00152060931354881,0.000279925633677597,0.00203485481950621,0.0142913669682577,0.00395607290742495,0.00249651212133802,0.00533535304012526,0.0147321820992991,0.376265297027817,0.128351843513186
10,"gauss_cor",123,TRUE,360,0.49673770197544,0.463647668399555,0.371764320263252,0.862238309947301,0.432551375096349,0.322247275991694,0.317136378262837,0.790313207977302,0.00712649654188366,0.00668212177345042,0.00895191579301843,0.0166763485906688,0.00578525609351597,0.00516823802764401,0.0075090280361981,0.0175511291114248,0.567668279888611,0.68091678522383
10,"gauss_cor",125,TRUE,442,0.0758851174981949,0.0132791620644842,0.0607188829871472,-0.0529198494826522,0.272862597369811,0.138499468785425,0.201541070262993,0.545182357539702,0.00171071289290948,0.000300193627406463,0.00193524342083717,0.0133466636029263,0.0052208702221546,0.00313985598416635,0.00662454469777889,0.0142228374624211,0.372155167618864,0.115235246623957
10,"gauss_cor",126,TRUE,898,0.0752240824756901,0.0130532795906427,0.0583261043764697,-0.0742719372989476,0.482778975706138,0.396386413798944,0.347208022140909,0.821456710194499,0.00144702396785914,0.000216697283052839,0.00185671406485958,0.0164705203549806,0.00801779967836561,0.00829739265662988,0.0103354106127629,0.0186168019849644,0.629592259957938,0.114250950064508
10,"gauss_cor",127,TRUE,971,0.0577482730440638,0.00670401117677823,0.0439661643517412,-0.220117909287894,0.462407524385176,0.357704172562272,0.331920595302365,0.796196792226541,0.000872228980791144,0.000107654760576096,0.00109917219182492,0.014045739075589,0.00834768190617729,0.00806353337210292,0.00985768193197935,0.0165418759609753,0.598083750458305,0.0818780262144748
10,"gauss_cor",128,TRUE,478,0.0663531684089389,0.00780199120731544,0.0487445429606071,-0.165281794215417,0.445205155783555,0.347800979441518,0.321105646234691,0.776949307604815,0.00111981627827102,0.000149688237498633,0.00141070561078351,0.0161919951633305,0.00867675214996045,0.00793474177874651,0.0101484242677119,0.0174286053350792,0.589746538303972,0.088328880935487
10,"gauss_cor",129,TRUE,321,0.0623151709542213,0.00700130707614132,0.0466910436439687,-0.184885694918702,0.327161508550885,0.215465991484855,0.251811486614796,0.671926821530378,0.00149445827630248,0.000200155331537704,0.0017004349236287,0.014943217663765,0.00943277039831766,0.00669209775822885,0.0107349052020831,0.0166814101028036,0.464183144335137,0.0836738135627947
10,"gauss_cor",130,TRUE,331,0.0569237538931763,0.00660725291390147,0.0440603201347302,-0.211816897780445,0.313428753722634,0.201702254891652,0.238052763243264,0.632196539166396,0.00125633089612015,0.000160450516166945,0.00161641982922718,0.0164039360928278,0.0077224717801768,0.00521879025692952,0.0104777318248771,0.0182028251098829,0.449112741849585,0.081285010388764
10,"gauss_cor",131,TRUE,294,0.05692790095925,0.00659985321122612,0.0450004367075137,-0.195290440610538,0.269407980589203,0.120551528612744,0.196512731555029,0.549740787467361,0.00142416270948957,0.000183704495541849,0.00181403634955166,0.0167590451944084,0.00525398906512725,0.00295570996216111,0.00696822880622721,0.0142649168069786,0.347205311901682,0.0812394806188846
10,"gauss_cor",132,TRUE,374,0.0653962390968309,0.00869156758900055,0.050585122987277,-0.146950510820022,0.258542079711948,0.111548776168174,0.186267019082782,0.516550277600714,0.0014910104394504,0.000210960542059477,0.00171251885383713,0.0156784115112144,0.00498788429029522,0.00260743649679542,0.00611179493699023,0.0138117067768321,0.333989185705427,0.09322857710488
10,"gauss_cor",133,TRUE,715,0.0818518689629831,0.0143934332595234,0.0628576300636196,-0.039288973750324,0.227397893117925,0.0865747990196352,0.164992657038431,0.454614815216272,0.00127174836647495,0.000212322068496768,0.00168608400252028,0.0157225993668638,0.00365935734938057,0.00178105714790534,0.00465806338678233,0.0113997198924387,0.294235958067051,0.119972635461273
10,"gauss_cor",134,TRUE,382,0.108338489766087,0.0229524973855307,0.0820447634841089,0.108698722734929,0.244349160640153,0.0981336994766488,0.174349022525466,0.47805739624734,0.00157078321683897,0.000337704037316456,0.0021765318550473,0.0180770333424156,0.00401357382633783,0.00206186139819102,0.00553145773358351,0.0141748218028024,0.313262987722215,0.151500816451697
10,"gauss_cor",135,TRUE,329,0.11130081709096,0.0210780343354984,0.081103376803914,0.0926576512120251,0.281053755936599,0.122878465176168,0.195944115190695,0.531768489684425,0.00208155938987403,0.000436304247264475,0.00230012687312902,0.016764381431788,0.00487344036401852,0.00283259227640856,0.00585688727119922,0.0160382668746737,0.35054024758388,0.145182761840028
10,"gauss_cor",136,TRUE,301,0.10985783244281,0.0259925317348784,0.085321119647104,0.106822614896644,0.352575872570306,0.198147298566939,0.249064257976106,0.655518984298979,0.00202277200816529,0.000523290820548577,0.00271175894470887,0.0193112008051042,0.00511457755839567,0.00364313478096165,0.00650251719561488,0.0168025095175966,0.445137392910255,0.161221995195688
10,"gauss_cor",137,TRUE,295,0.0925682101808765,0.0222913803559227,0.0740773457369318,0.0368898570131488,0.377874923315331,0.237437730577928,0.268477556331283,0.685096542940872,0.00191382868399513,0.000425937471894898,0.0023251808495088,0.0153642611739375,0.00533864607998524,0.00438031624294116,0.0072028253408145,0.0174645739926599,0.487275825973265,0.149302981738218
10,"gauss_cor",138,TRUE,168,0.0939537863866035,0.0160775064587514,0.0716854538601897,0.0378311466709771,0.446205564761253,0.33562984008261,0.319947504589043,0.777939663884226,0.00243832486836713,0.000492486664149426,0.00264418743329842,0.0145385867140618,0.00692722558488448,0.00632243056617041,0.00790708290597746,0.0154191908919848,0.579335688597388,0.126797107454198
10,"gauss_cor",139,TRUE,235,0.111649251672238,0.0277901656836434,0.0881626517202562,0.135428169087964,0.435092192588075,0.334964206919662,0.31741003954851,0.769913086462004,0.00183313457046083,0.000435606042880793,0.00243056706621637,0.0155833636537731,0.00821475772620217,0.00840239170340492,0.0110356904219297,0.0159524667218682,0.578760923801583,0.166703826241761
10,"gauss_cor",140,TRUE,182,0.0988866199355386,0.0152774438914609,0.0708811058081603,0.0267536165720586,0.3499538923044,0.243338785987493,0.261111737623857,0.674267743624462,0.00195700073162927,0.000419690632459026,0.00218533538314273,0.013935437105579,0.00796031667568162,0.00603786186329698,0.00959408058030947,0.0163715648418153,0.493293813044004,0.123601957474228
10,"gauss_cor",141,TRUE,264,0.116113857577038,0.0315365857926605,0.0904557544617263,0.136712650057699,0.26828987297774,0.135831118761494,0.201403423466396,0.549671597848739,0.00210393926398015,0.000498726571422522,0.00268792287144773,0.0160128611358105,0.00766201569551848,0.00430978481305506,0.00968613134562279,0.0185216862529525,0.368552735387345,0.177585432377379
10,"gauss_cor",142,TRUE,343,0.140094563473276,0.0412655451912009,0.107876213299608,0.22480164237772,0.243920177443737,0.0962859071667806,0.176646203767903,0.494693752855955,0.00283635256652762,0.000839618986458449,0.0036451826353278,0.0181174363244114,0.0041258535724015,0.00222733507795741,0.00553099480935026,0.0124149422986028,0.310299705392674,0.203139226126322
10,"gauss_cor",143,TRUE,415,0.120138798901473,0.0358848272258431,0.0970723578650066,0.16863041769774,0.264128054011763,0.107390350827605,0.184964793764836,0.503682530950291,0.00302129774073057,0.000897683233541619,0.00342197491381256,0.0179925004203923,0.00346210804015891,0.00185703920673598,0.00424474431418686,0.0112993364710913,0.327704670133956,0.189432909563896
10,"gauss_cor",144,TRUE,473,0.0660078921619705,0.00961009516761489,0.0544778837515995,-0.0925039239393278,0.264163150389136,0.106313618030745,0.185051826043431,0.506537819877307,0.00186709414156663,0.000272758622986818,0.00231641830192197,0.015985184713611,0.00313254334690679,0.00161712689357054,0.0044802109732417,0.0109033139714832,0.326057691261447,0.0980310928614738
10,"gauss_cor",145,TRUE,449,0.0823995978350291,0.0121426145901011,0.0610715634733275,-0.0486491523729187,0.341344452693764,0.181664687793845,0.241411944558701,0.640790543226994,0.00198889727044456,0.000353977543038858,0.00237902933210158,0.0168137728633536,0.00454617087957708,0.00314400792731255,0.00547318270477988,0.0105429602270774,0.426221407010306,0.110193532433175
10,"gauss_cor",146,TRUE,303,0.107330159567898,0.0252181718591852,0.0820436505590551,0.0904882754186575,0.467349030134038,0.390450641498041,0.338166508950657,0.803319816259648,0.00206312966058163,0.000458118780422367,0.00245685563609385,0.0183345389021676,0.00589237621815411,0.00577976905604483,0.00778491796977637,0.0134386691705528,0.624860497629704,0.158802304325804
10,"gauss_cor",152,TRUE,171,0.0921983058702417,0.0156323309237102,0.0680196935756436,-0.00721965600190217,0.247183377983297,0.101393020971212,0.177381841074386,0.4893520802571,0.0014105477790872,0.000306302987188568,0.0017822193690978,0.0186139989673734,0.00492016901868435,0.00264371413203881,0.00639236881583565,0.0142450644443772,0.31842270800182,0.125029320256131
10,"gauss_cor",153,TRUE,412,0.0926472383113289,0.0191623309607384,0.0715302015561724,0.00929471444582398,0.293605013060412,0.150015493139,0.211133925325785,0.563855171306062,0.00218058556076781,0.000458266017073206,0.0025878947081355,0.0174473060438563,0.00470838017871257,0.00293780150922581,0.00571441166676392,0.0140121950911296,0.387318335660733,0.138428071433284
10,"gauss_cor",154,TRUE,595,0.184072032998103,0.08099115861542,0.144806999266114,0.375477351615348,0.243854155548402,0.095280866693547,0.173240625712868,0.474794361541226,0.00293304056691616,0.00115877033702321,0.0035915084484436,0.0165604515967689,0.00370393884102894,0.00177734352332458,0.00475374087923426,0.0126401537668175,0.308675989823548,0.284589456261858
10,"gauss_cor",155,TRUE,118,0.4587332551593,0.397283855099055,0.356748158112773,0.87889621937613,0.210876582025577,0.0742520141474529,0.153866311346847,0.419335237933798,0.0070043198905498,0.00797509647661681,0.00849544326868525,0.0246344429480463,0.00498020326716042,0.00242878267025673,0.0058273693646308,0.0150292384178171,0.27249222768265,0.630304573281088
10,"gauss_cor",156,TRUE,863,0.312443562740511,0.218729830476614,0.248142606899719,0.650602843883917,0.234721311307311,0.102263333989899,0.173500993172011,0.480298073934144,0.00648173213063859,0.00425506372952903,0.00795015759442603,0.0145598496679427,0.00406794303707197,0.00192098003309045,0.00511188821245153,0.0121090322610949,0.319786388062249,0.467685610722218
10,"gauss_cor",159,TRUE,199,0.115350784224193,0.0236483047095651,0.0846511640451688,0.121741926795901,0.22641101872543,0.100778833487001,0.170349273125485,0.467496618724105,0.00148663901671311,0.000343633173370654,0.00194898267037109,0.0168501225711355,0.00507091019458591,0.00257997184320938,0.00611819863831703,0.0147747778662276,0.317456821452936,0.15378005302888
10,"gauss_cor",160,TRUE,555,0.0778164077811195,0.0115800758734619,0.0579257578816217,-0.0851233685351133,0.17335826180533,0.0554890743166311,0.148904408798692,0.454922739376344,0.00149616319549047,0.000276817274391911,0.00184925773394158,0.0142577711360457,0.00492364140208331,0.00194772745011721,0.00606591702960112,0.0110500513084507,0.235561190174933,0.107610760955686
10,"gauss_cor",161,TRUE,436,0.0808135318398158,0.0117953443154439,0.0597329390318643,-0.0626179172321057,0.176502802310034,0.0494843864653066,0.135668885303168,0.391048491738902,0.00138915032338017,0.000232570354800679,0.00186399557927927,0.0159493829716571,0.00334347594528689,0.00121081986441874,0.00412721878106563,0.00935653088720674,0.222450863035652,0.108606373272676
10,"gauss_cor",162,TRUE,314,0.111042481625555,0.020843884417983,0.0803850936596733,0.0914925777332154,0.15327921257639,0.036826619199919,0.10924123075847,0.254617357312053,0.00166583427555587,0.000371941765591801,0.00239442405946337,0.020099218017903,0.00296394888636682,0.000962777805057882,0.00393115310401345,0.0132472114215686,0.191902629476302,0.144374112700245
10,"gauss_cor",163,TRUE,295,0.10263310620871,0.0175438042710003,0.0746654552584809,0.0506478316508313,0.162854088748454,0.0418913641428516,0.115664975544199,0.270362292432723,0.0021504315801672,0.000438767458204284,0.00254130726700063,0.0173328806689617,0.00266082563957475,0.000876178856716567,0.00368555745682761,0.0157348009651983,0.204673799356077,0.132453026658511
10,"gauss_cor",164,TRUE,315,0.116828508631686,0.023735798817503,0.0860169604441117,0.118578720845635,0.176369483208732,0.0496919219226171,0.123722220478276,0.300941406637397,0.00227775766131498,0.000536282385323058,0.00277680588931587,0.0177054365175368,0.00297841155862841,0.00106403240102637,0.00405070395553542,0.0151196899042981,0.222916849795203,0.154064268464505
10,"gauss_cor",165,TRUE,437,0.118120681816472,0.0280259527216165,0.0898263927939485,0.142415646155213,0.185095203980238,0.0528111956089467,0.130140493682223,0.332469742046759,0.00202701133548898,0.000489609961550179,0.00254314615757272,0.0168750609069618,0.00321121529479611,0.00121328298411993,0.00421516955064274,0.0141277741909461,0.229806865887307,0.167409535933938
10,"gauss_cor",166,TRUE,391,0.125807242920863,0.0275062436019932,0.0922880226217367,0.153872731328489,0.205472980330671,0.0767606157592622,0.150894089103114,0.401738422599151,0.00196168144996039,0.000510068686757754,0.00262487778276576,0.0183099461618941,0.00342150331128357,0.0013348082022034,0.00448972138485085,0.0139914464251585,0.277057062280069,0.165850063617694
10,"gauss_cor",167,TRUE,331,0.119271911148365,0.0267938040680384,0.0884742187087827,0.130626302712713,0.216556271623442,0.0770965347189477,0.157142370920859,0.432023976925774,0.00197795686766271,0.000506805255332166,0.00249630442212755,0.0167314131500144,0.00414039272552399,0.00187958159815016,0.00507636938135842,0.0136784847085723,0.277662627515746,0.163688130504439
10,"gauss_cor",168,TRUE,370,0.112522417750599,0.0222288806598618,0.0831973860586051,0.0991306829428626,0.266462140086192,0.11881261581565,0.191209697046671,0.520029974046639,0.00196319030551676,0.000480017087467828,0.00250782314709561,0.0163438698283366,0.0046117117134115,0.00263638000793025,0.00566738261922368,0.0139812174683179,0.344692059403245,0.149093529906102
10,"gauss_cor",169,TRUE,262,0.132218663488662,0.0288582373231093,0.0959523559627621,0.178098128493461,0.306248302509139,0.175173542055451,0.229528216634234,0.618138082042342,0.00187434590110183,0.000477811521502289,0.00258851669592295,0.0152019668066395,0.00583141633024213,0.0034014156093482,0.00715187377137446,0.0127109073384181,0.418537384298525,0.169877124190131
10,"gauss_cor",17,TRUE,191,0.0829320302001114,0.0252404118494879,0.0693589481679146,0.00777387008774493,0.359875816275584,0.281246651471993,0.270454751018722,0.687345059739278,0.00134932570777607,0.000272583072596573,0.00148784682932963,0.0197849913997274,0.0076592409102496,0.00645130309573089,0.00870415573344835,0.0185862317308996,0.530326928858033,0.158872313036249
10,"gauss_cor",170,TRUE,287,0.143117230603334,0.0334863834515624,0.102785467623453,0.208951565044886,0.304189281481253,0.163190567589325,0.229323782420178,0.627791451060964,0.00227540225170379,0.000662084039647139,0.00275765897250898,0.0151607007464477,0.00527558698183276,0.00332723179678969,0.00677536673413043,0.0112462243445722,0.403968523017976,0.182992850820906
10,"gauss_cor",171,TRUE,423,0.148284449971295,0.0370196555661852,0.108368994910995,0.23470822462069,0.215505827678359,0.0968658991690145,0.180576122245035,0.535854314894535,0.00247016592186899,0.000755532789475711,0.00327210921531459,0.0154567286781479,0.00542624349720226,0.00254841648902668,0.00690709515716587,0.0115903347042176,0.311232869679625,0.192404926044489
10,"gauss_cor",172,TRUE,414,0.180795741567473,0.0578704701158481,0.133357309916515,0.335287494590438,0.235988927989275,0.0969708269735452,0.190629380348332,0.5686526301461,0.0032300853786829,0.00125960392915995,0.00415046359134545,0.017415294865158,0.0067060694763746,0.00329806453554178,0.00868232553087648,0.0132806408270281,0.311401392054604,0.240562819479337
10,"gauss_cor",173,TRUE,391,0.203871425386984,0.0702402148447832,0.151301296417573,0.408522324239421,0.373345208574772,0.279001867343813,0.297017309885745,0.768004427069301,0.00398663025117143,0.00160932366275212,0.00507414694710076,0.0151238426226131,0.00874490883046752,0.00670410489093824,0.01028332308361,0.0122579394032917,0.528206273480175,0.265028705699558
10,"gauss_cor",174,TRUE,154,0.474126071325721,0.462653726364529,0.363524661155844,0.848979922952268,0.75884939129457,1.64822905367545,0.610024053719549,1.09883680321997,0.00753445609252108,0.00705704330410015,0.00937885249963076,0.0195855855307165,0.0114845429168178,0.0191907906891009,0.0163014159869827,0.018014684012882,1.283833732878,0.680186537917746
10,"gauss_cor",175,TRUE,141,0.355038025608953,0.490037022067933,0.304559152957507,0.685468247804899,0.313935861064087,0.245060448837253,0.247627295779109,0.652000497550985,0.0105678799395565,0.0089572545436923,0.0103178964478046,0.0192528681889139,0.00959137755572442,0.00656201299452152,0.0102763563228971,0.0144780303457557,0.495035805611324,0.700026443834755
10,"gauss_cor",177,TRUE,202,0.291124300507065,0.188888339810572,0.221723409460496,0.5997397103813,0.175854408696389,0.0541369260340767,0.130255973682493,0.33067587928384,0.00566758837945043,0.0035794682289255,0.00621615905305913,0.020289259175978,0.00300024858509331,0.00108031204400739,0.00388895122682769,0.0137602214266347,0.232673432162069,0.43461286199395
10,"gauss_cor",178,TRUE,278,0.196484957185508,0.0719792573495177,0.144635925321544,0.383302125034282,0.204602837527606,0.0719208254671608,0.148056839555294,0.389784962085496,0.00386420410715544,0.00157660547315042,0.00524278783940379,0.0198545811437343,0.00333022551318278,0.00143941834095553,0.00422315807206834,0.01488458897787,0.268180583687859,0.268289502868669
10,"gauss_cor",179,TRUE,284,0.147838602158898,0.0378668246600969,0.107767273442774,0.236321513836308,0.269586225482306,0.124736372445847,0.196508876510114,0.5322333668029,0.00288310221650402,0.000846167266613027,0.00363777751641475,0.0197350250706571,0.00340429535474762,0.0019459430173248,0.00479446625467689,0.0132166119317873,0.353180368148977,0.194593999548025
10,"gauss_cor",18,TRUE,976,0.0297801957357075,0.00411104434826881,0.0276089701622124,-0.434121844574622,0.356301443370561,0.234515478021959,0.260051026634348,0.666681233355892,0.000963520015959255,6.80703551517929e-05,0.00109713927331142,0.0146864417386593,0.00859920234133759,0.00653274059984713,0.00985021074935143,0.0188048169714687,0.484267981619639,0.0641174262448892
10,"gauss_cor",180,TRUE,627,0.13063993701426,0.030684109978577,0.0970722693428372,0.180612715281476,0.372744506544464,0.239187312859029,0.270316187999854,0.693479760211978,0.00241238085220426,0.000623589646225991,0.0030148229706012,0.0149691110523583,0.00445962525071178,0.00329161498413897,0.00581379016435482,0.0108482348791202,0.489067799859108,0.17516880423916
10,"gauss_cor",181,TRUE,204,0.215001971777282,0.0872253151073187,0.162374846918393,0.454493986793951,0.510353149179338,0.502836940285041,0.387812293345282,0.88925439258986,0.00288402266130931,0.00143575404892297,0.00391440570818453,0.0197780909933743,0.00661419622435889,0.00735169989447613,0.00928551051948462,0.0185237780309975,0.709109963464794,0.295339321979513
10,"gauss_cor",187,TRUE,128,0.070439212484708,0.0101628977771118,0.055329075116808,-0.089933706822829,0.483349518741225,0.421977482466238,0.351485815453258,0.823139617293116,0.0016395581215985,0.000276091580623867,0.00200104044174958,0.0144416550174859,0.00796420712727134,0.00836807628233665,0.0101988870227325,0.0181607640317488,0.649597939087123,0.100811198669155
10,"gauss_cor",188,TRUE,260,0.0663367616073128,0.00808821342424734,0.057249272329927,-0.0356028176472104,0.380667963112817,0.255509854229223,0.278648232343985,0.709302758671798,0.00213004970219506,0.000320973562446054,0.00254855026834418,0.0128368935412883,0.005489531061735,0.00415346607823519,0.00721838419229025,0.0158864830562317,0.505479825739092,0.08993449518537
10,"gauss_cor",189,TRUE,346,0.150343841084941,0.0435342591917396,0.118318023625818,0.293054443164803,0.264986283239206,0.121156374003634,0.191664814741638,0.523035717888403,0.00328750866188602,0.00109969916100534,0.00437684681080249,0.0142824569413604,0.00407491867329656,0.00219437067090098,0.00530469515862089,0.0138809161477796,0.348075241871113,0.208648650107638
10,"gauss_cor",190,TRUE,452,0.200672368257723,0.083630273758329,0.153260417636451,0.405749677707756,0.200260849577023,0.0761154437172846,0.149136046677864,0.394413925709288,0.00363111605928288,0.00153500694944332,0.00483468497024786,0.0140717237280246,0.00303115258389381,0.00138846299633324,0.00393321316844892,0.0120614012215893,0.27589027477837,0.289188993148648
10,"gauss_cor",191,TRUE,616,0.220248760183722,0.0833064599184646,0.162827789006268,0.442060837113915,0.175112348901568,0.0496748539115668,0.125449535279828,0.316016571928259,0.00358997491378455,0.00164532049294214,0.00445615588778033,0.0137428914160524,0.00259147434663634,0.000943712516235018,0.00320964531380822,0.0109718425061062,0.222878563149458,0.288628584721723
10,"gauss_cor",192,TRUE,351,0.259131502253439,0.108795208438047,0.18688733347483,0.509921270381327,0.200014883672506,0.0655592587925462,0.142367311427095,0.372475865324661,0.00351074231466996,0.00182725525356931,0.00476416629901721,0.0151191954690065,0.00282318058596646,0.00115591969930999,0.00369532277099573,0.0125898795748894,0.256045423299356,0.329841186691485
10,"gauss_cor",196,TRUE,182,0.10135574787782,0.0200314143293095,0.074982242785532,0.0382924336132669,0.275686745876816,0.125254191975268,0.197248706443361,0.551499203839841,0.00223332480885905,0.000518877171293005,0.00245426144227304,0.0189488140258094,0.00415847190511224,0.00230187338361621,0.00556864155913612,0.021280918792717,0.353912689762981,0.141532379084468
10,"gauss_cor",197,TRUE,273,0.116845211193032,0.0283625262392892,0.0884159444381066,0.126973672990096,0.21220828406263,0.0784702846810543,0.153383050322175,0.40817378452569,0.00230408647857708,0.000552665350043441,0.00296928393218743,0.0188313315756108,0.00330172546164503,0.00145626724546908,0.0042655494188101,0.0162520655605328,0.280125480242434,0.168411775833192
10,"gauss_cor",198,TRUE,400,0.134660302957475,0.0328064245295646,0.0995841919869294,0.190436202243421,0.17369875878282,0.0522326361178702,0.125279645536577,0.308506156219918,0.00228328713219322,0.000666939016875232,0.0029716314346619,0.01588576446913,0.0027536690127727,0.00101007462629585,0.00369869206617903,0.0133252421863675,0.228544604219549,0.181125438659412
10,"gauss_cor",199,TRUE,434,0.159524619859261,0.0418616341445214,0.115585363397896,0.269529241389537,0.176115241296095,0.0565980405754888,0.128694509583344,0.322785389525108,0.00271852413339687,0.000898913540088645,0.00331261170945221,0.0172864493542175,0.00315756892471157,0.00114074736444986,0.00403430160505547,0.0137792120008175,0.237903426993999,0.204601158707671
10,"gauss_cor",200,TRUE,474,0.119404581418318,0.0285440801584018,0.0913888921848153,0.148860275887462,0.217694881750468,0.0884713650863934,0.158078937469051,0.421044697968087,0.00237055995566501,0.000574553448219196,0.0028141560775376,0.0148121230436526,0.00328325811421935,0.00147536356936405,0.00403814100029739,0.0140696102686511,0.297441364114666,0.168949933881022
10,"gauss_cor",201,TRUE,442,0.102091565032267,0.0187396531578839,0.0771827326372538,0.0722093145979077,0.299960829668181,0.151352877619545,0.215855804363516,0.587526844380175,0.00186493620498389,0.000359723437120691,0.00238498921618415,0.0142686298906409,0.00371337847058957,0.00231825239730051,0.004984427625758,0.0158381158030659,0.389040971646361,0.136892852837115
10,"gauss_cor",202,TRUE,407,0.098678091647812,0.0181954239853501,0.073586439444691,0.0422548013372844,0.313169319150989,0.163193557822902,0.224082170522922,0.602776176148795,0.00177747723446845,0.000346105535551322,0.00208232789253558,0.0137423288885396,0.00399628017277522,0.002523677112804,0.00557147847572034,0.0156771297183204,0.403972224073515,0.134890414727475
10,"gauss_cor",203,TRUE,459,0.0903406080307423,0.0134762857222705,0.0661144378003777,-0.00845048296744844,0.356886604823342,0.214119804882175,0.254530668472685,0.664600569252349,0.00145490333991804,0.000266169039244526,0.00181816862718315,0.0127638158437209,0.00434518351759652,0.00324542223550933,0.00568506345316047,0.0152234310389093,0.462730812548911,0.116087405528207
10,"gauss_cor",204,TRUE,422,0.102587594836735,0.0178222442653241,0.0756562801714725,0.0574587029911266,0.374056998770566,0.233958519101374,0.267131975904771,0.685620778822049,0.00141140109124278,0.000282664587653425,0.00186068294967702,0.0131124455998501,0.00508587657912573,0.0039438322766362,0.00662927795482708,0.013667769776799,0.483692587395521,0.133499978521811
10,"gauss_cor",205,TRUE,492,0.124274518687682,0.024414127291485,0.0888079409118496,0.137653090045532,0.486366656540311,0.417609035283633,0.356787196209372,0.84643834152054,0.00144258392499054,0.000343366499710889,0.00191919121247757,0.0120532613712253,0.00449947697459637,0.00438609970088807,0.00611928821497594,0.0129585133224074,0.646226767693534,0.156250207332614
10,"gauss_cor",206,TRUE,415,0.136553650342163,0.0294047195926597,0.0981873383007976,0.188895618977943,0.46377358833629,0.411506024545445,0.341734984620633,0.81199782418661,0.00172119080402156,0.000484138180330539,0.00217982361107658,0.0134012356719076,0.00512755300115085,0.0052347048470466,0.00677296127706688,0.0124807003468039,0.641487353379196,0.171478044054216
10,"gauss_cor",207,TRUE,482,0.149321935417757,0.0391791301043215,0.110584680460909,0.245123862040088,0.546101030464254,0.520670598973483,0.396721562333606,0.895067970526073,0.00205489593402402,0.000621058883184934,0.00285840413352815,0.0148351887179256,0.00636555896791668,0.00693323941909018,0.00887032899616766,0.0158337511743936,0.721575082007051,0.197937187269905
10,"gauss_cor",208,TRUE,551,0.173135687252169,0.055676038333564,0.130910361210193,0.336218505399983,0.576151092638362,0.578837006549273,0.416461265003015,0.913237380131095,0.00253626630566427,0.000862109983461537,0.00357335975588543,0.0153079739537339,0.00684985613435963,0.00851202480836787,0.00915168284342264,0.0140463415178039,0.760813384838406,0.235957704543768
10,"gauss_cor",209,TRUE,462,0.231685506852054,0.107691571031338,0.177384730951954,0.480324669132171,0.679217712269851,0.935263130169,0.509221579756095,1.00936314687953,0.00433553342795771,0.00218118660336844,0.005434664073887,0.015725810002065,0.0104875058634961,0.0152078514694351,0.0141059389840244,0.014767958544634,0.967090032090601,0.328163939261062
10,"gauss_cor",210,TRUE,259,0.432587450006751,0.361272296205612,0.32490438366969,0.790895369703196,0.91222055917967,1.91013614209932,0.686499222154917,1.16132634061277,0.00656295283735169,0.00613251222302586,0.00792880749252546,0.0158771143258769,0.013262190358477,0.0248200274197526,0.0161946635060262,0.0149733400448459,1.38207674971375,0.601059311720243
10,"gauss_cor",214,TRUE,100,0.103735928314986,0.0169373040183528,0.0881367987787576,0.157348333404481,0.152565764645859,0.0362682860477246,0.110989700243958,0.260008831169279,0.00323635181883622,0.000705770957522925,0.00349563356380402,0.0132089119570983,0.00350580835412472,0.0010448157590108,0.00375467971232136,0.0140369923532329,0.190442343106056,0.13014339790536
10,"gauss_cor",215,TRUE,254,0.110139993396769,0.0239898827137103,0.084497231820347,0.10927344505998,0.192036244125204,0.0566095869167928,0.134802149576349,0.353165042811585,0.00238750321149709,0.000502675147521769,0.00300106506024655,0.0171915829695955,0.00325281438667979,0.00123450414503073,0.00388005700580176,0.0126616478547649,0.237927692622765,0.154886677005191
10,"gauss_cor",216,TRUE,431,0.158302072060322,0.0492019649853774,0.119257086456798,0.287316637491082,0.250718394969859,0.109423680569948,0.182158572828848,0.498503228063784,0.00245875164410628,0.000815763387820406,0.00317750249253829,0.0180024549119855,0.00313745746781499,0.00159532285741671,0.00419066439008866,0.0114514602038366,0.330792503799509,0.221815159503081
10,"gauss_cor",217,TRUE,400,0.145211440279885,0.034911306939149,0.105428468534368,0.220664236136417,0.293847956698085,0.136957171702148,0.205883936717944,0.561325131804727,0.00270536639552089,0.000807212984531437,0.0033855260365562,0.0160332887819669,0.00372628206588954,0.00217523978874075,0.00468258727521972,0.0113344526366586,0.370077250992476,0.1868456768008
10,"gauss_cor",218,TRUE,312,0.179218945617307,0.0555286514385718,0.131984282650762,0.334401081915574,0.320055658894263,0.17534677288601,0.230320698609809,0.613600095620128,0.00354251247978218,0.0013205161067285,0.00410155365196013,0.0164526131340515,0.00406834952813142,0.00258397586376788,0.00544006382575424,0.0115687379911702,0.41874428101887,0.235645181233506
10,"gauss_cor",219,TRUE,226,0.384049570676378,0.325052943738248,0.297710975450341,0.750244131949562,0.369477782691324,0.29760177692768,0.280167033509197,0.716181464602648,0.00617716439924045,0.00522662630281594,0.00871869278114841,0.0235544896482425,0.00590133371344129,0.00433945003368122,0.00731162215101483,0.0114101531268949,0.54552889651024,0.570134145388827
10,"gauss_cor",223,TRUE,173,0.128200908070919,0.029207827034491,0.093757915887304,0.165459323927291,0.313423886674126,0.162122179008157,0.228664408953409,0.624254497185052,0.0017187284901582,0.000473283719171323,0.002310037293477,0.0161614127059023,0.00735790681302256,0.00487711118570412,0.00996076445806048,0.0162964155285272,0.402643985436461,0.170902975499232
10,"gauss_cor",224,TRUE,276,0.110378071865629,0.0210047501736045,0.0815085457872631,0.0938876599109979,0.388592497209952,0.301066967781757,0.286574743537034,0.723490677714888,0.00179225010506162,0.000393372909801004,0.00226418694451591,0.0153089719672626,0.00562216847732617,0.00438093705534374,0.00711069424339881,0.0152642853585072,0.548695696886496,0.144930156191196
10,"gauss_cor",225,TRUE,373,0.125588164616004,0.0272717599862558,0.0915117851794839,0.144542106674251,0.30024906728784,0.146126488490662,0.213471641023002,0.576340338619891,0.00256940818762039,0.000669754598641667,0.00324687789642101,0.0176763858669511,0.00479353011879659,0.0029225263275985,0.0061369100266438,0.0136389182066791,0.382264945411768,0.165141636137758
10,"gauss_cor",226,TRUE,385,0.122396887710614,0.0262976375251395,0.089637024540421,0.136289317510681,0.276238703402721,0.139532174660908,0.200527024181718,0.539808453438924,0.00282403685697943,0.000788957582632107,0.00328459286565261,0.0163449251543069,0.00449389213616357,0.00265271173261552,0.00578512812480439,0.014905492383412,0.373540057638947,0.162165463416658
10,"gauss_cor",227,TRUE,409,0.134947728544813,0.0311146914094277,0.0994667665205316,0.19313051150433,0.298559819377513,0.159667080013985,0.213214108358785,0.56866578076306,0.00250728719034752,0.000682490743350359,0.00336410926162103,0.0162108633905266,0.00381486765633779,0.00240892803053854,0.00511497545625656,0.0135363655654062,0.399583633315962,0.17639356963741
10,"gauss_cor",228,TRUE,339,0.182839889194557,0.0602754629620894,0.135178312945745,0.344343199235551,0.284920095223945,0.128612176441411,0.199247339370971,0.541522047553384,0.00276021828173933,0.00100524220257079,0.00372661572567732,0.0166592952842528,0.0048266871796004,0.00271219815656713,0.00591068177182281,0.0140279470805206,0.358625398489024,0.245510616801167
10,"gauss_cor",229,TRUE,293,0.170384883927867,0.0531869200943912,0.128369590622758,0.324541190777067,0.356035532655121,0.217885182517209,0.253820224638819,0.660655397954604,0.00276193336354201,0.000987499009898327,0.00378772423700802,0.0180724074933082,0.00525651777034165,0.0040239170139165,0.00657476050666575,0.013187773267864,0.466781728988195,0.230622895859
10,"gauss_cor",230,TRUE,120,0.121292933787111,0.0235785509248144,0.0874937405784777,0.127598122176907,0.453013239532327,0.339968749820785,0.317659244294613,0.769222734125627,0.00212880712434407,0.000517628058998232,0.00268234899828463,0.0144661236885169,0.00664065489441137,0.0066544384800938,0.00899083994907598,0.0146995176528357,0.583068392061159,0.153553088294617
10,"gauss_cor",233,TRUE,223,0.183538388346805,0.0665468082442359,0.13957478977778,0.370299020406463,0.362479395446314,0.221711162011599,0.259228252831693,0.678101240914281,0.00238786123057874,0.000887571582768135,0.00326918713141862,0.0172815880364657,0.00373484356623714,0.0028377622981467,0.00532170122362288,0.0144844070141492,0.470862147567204,0.257966680492338
10,"gauss_cor",234,TRUE,491,0.118377974138022,0.0242256425697383,0.0884000948863791,0.136164892597122,0.28028776492112,0.129363168303913,0.199316245188612,0.543339145310972,0.00208174222631751,0.00050530494603662,0.00262673763046275,0.0141363382868367,0.00312307726405124,0.00174394218308068,0.00422283620040105,0.0102997217665115,0.359670916677889,0.155645888380446
10,"gauss_cor",235,TRUE,475,0.122549387536704,0.0274180783227828,0.0917855590177314,0.151480928397252,0.215927171652458,0.0753147997631945,0.156092896889699,0.440275771781989,0.00192362647674305,0.000467690023675165,0.0023961883699086,0.0132893616172338,0.00319756744880871,0.00149673697439489,0.00395610404589851,0.00919218344638246,0.274435420022989,0.165584052139035
10,"gauss_cor",236,TRUE,315,0.132618245882491,0.0334653939328486,0.0994012442644694,0.188364408463229,0.257860364091541,0.114263017062586,0.18592658096341,0.513278621736846,0.00221877572238157,0.000610468443810289,0.00285081460561634,0.0176026252991606,0.00410516672561959,0.00211497377282776,0.00542655425521039,0.0116576590456252,0.338028130578782,0.182935491178854
10,"gauss_cor",237,TRUE,413,0.112488050089302,0.0227810093149182,0.0827268024094187,0.0974510213031611,0.199634409361461,0.0672409959792525,0.149417297203221,0.42545345864275,0.00168960857995128,0.000399132239797056,0.00247398820740973,0.0172353544724239,0.00371917137359077,0.00144795758994587,0.00467298307633482,0.0110125540719808,0.259308688591903,0.150933791163272
10,"gauss_cor",238,TRUE,436,0.0871242778623951,0.0149721660639619,0.0655559727964309,-0.0178889186977869,0.181739680381618,0.0533723957699337,0.133315235024951,0.369694671582559,0.00157248910636576,0.000285528853667528,0.00190846932195108,0.0153763961818472,0.00323825990122435,0.00127514860561667,0.00437143046307417,0.0113122132508123,0.231024664851902,0.122360802808587
10,"gauss_cor",239,TRUE,320,0.0715929146528973,0.0104007334779742,0.0552008472011552,-0.101422379931493,0.188545773200605,0.0763285424074176,0.144363121488038,0.393080947125341,0.00132878675817255,0.000190757378987122,0.00180909497457214,0.0151874274201777,0.00337234285118993,0.00136700737951323,0.00414103215533221,0.0113373089285763,0.276276206734162,0.101983986380089
10,"gauss_cor",240,TRUE,434,0.0756717438102817,0.010555198520702,0.0571053173368343,-0.0852085515349161,0.17664406400369,0.0614737814522159,0.137877824417864,0.390082334207862,0.00132361567952618,0.000200752107559541,0.00166887839057845,0.0136780550989098,0.00337789490224255,0.00131607431506058,0.00408338059447622,0.00978230330535144,0.247939068023206,0.102738495807083
10,"gauss_cor",241,TRUE,437,0.0796576911158228,0.0109888514696732,0.0592576086601586,-0.0616621402765034,0.18835504438788,0.0602789729042261,0.144827739596261,0.416665696155601,0.0013608456690676,0.000213759245274591,0.00177323062695678,0.0139157456107484,0.00359335589795147,0.0013939684714515,0.00430005708599678,0.00990236812965609,0.245517764946299,0.104827722810682
10,"gauss_cor",242,TRUE,298,0.0761251001852659,0.0104472302239925,0.0571480757747738,-0.0772355794797447,0.230108310487812,0.0862076747921504,0.170237591546887,0.492116695441323,0.00130428536172776,0.000206801944499652,0.00187904555818991,0.0145173790015221,0.00433105708161415,0.00201406581906332,0.00554459274514804,0.0110085414134284,0.293611435050051,0.102211693186213
10,"gauss_cor",243,TRUE,322,0.0830517415914775,0.0132279506063346,0.0635321416494037,-0.0277991404953402,0.307899169282498,0.148056089578172,0.220470305565107,0.611070068320872,0.00137060880392827,0.000250355541156335,0.00164732093678662,0.0118554015211969,0.00515309316156982,0.00349257612136282,0.00675593236460328,0.0113998435176806,0.38478057328583,0.115012828007725
10,"gauss_cor",244,TRUE,394,0.0817001172302609,0.0126928677687594,0.0651011214776791,-0.00138195162029262,0.432253714813948,0.280211975223872,0.302983168792653,0.762417877391469,0.00181492151726408,0.000297050958837995,0.00230730640781934,0.0133422549988107,0.00734800860287087,0.00668781577193539,0.00909846660210948,0.0120416851769176,0.529350522077642,0.112662628092724
10,"gauss_cor",245,TRUE,395,0.0787848642812269,0.0147971055870704,0.0660433474025935,0.00157649884666814,0.68028406047419,0.679714776807184,0.467832717008002,0.970593976075828,0.00203727787105871,0.000328681858031046,0.00256329791353698,0.0156885645281823,0.00914520669618259,0.012378051590851,0.012607493501859,0.0131443815863928,0.824448165021418,0.121643354060427
10,"gauss_cor",246,TRUE,195,0.0747673795523288,0.0182883112864305,0.0620158227997231,-0.0394532067418002,0.823263565314805,1.33041585350972,0.601395618191848,1.08984130906659,0.00190703435106293,0.000289719293555909,0.00222468695221355,0.0159501563447288,0.00890295992302696,0.0173744280862729,0.0127264244563838,0.0125848726206086,1.15343654073803,0.135234282955287
10,"gauss_cor",250,TRUE,139,0.0852392954230571,0.0117252429870205,0.061137460603801,-0.027245971127604,0.19370980628471,0.0661637800666411,0.139511911024341,0.371069387610261,0.00151693566803294,0.000271080129718271,0.00188105902503652,0.0203568555240881,0.00303657693703618,0.00113177791697455,0.00326997703381418,0.0104554040421549,0.257223210590804,0.108283161142536
10,"gauss_cor",251,TRUE,392,0.0587385472394457,0.00623509502905642,0.0448163190859702,-0.200644749825106,0.210955118205509,0.0659659224612185,0.146221283994228,0.394156741508387,0.00129733121561509,0.000159093873281819,0.0014955346661054,0.014890161430028,0.0028352417618676,0.00118905821543734,0.00374605983566195,0.0107330376616594,0.25683831969007,0.0789626179217509
10,"gauss_cor",252,TRUE,289,0.0575859746678963,0.00580889019539294,0.0447091725533335,-0.190819052816714,0.350730202966945,0.177366794622333,0.239110844425916,0.631206664688338,0.00156873371076885,0.000191744495436244,0.00176539654435271,0.014266218230175,0.00347063290868431,0.00253769317894474,0.00527366497520695,0.0119603262725898,0.421149373289731,0.0762160757018684
10,"gauss_cor",253,TRUE,331,0.0543168105473004,0.00559414457519386,0.0457782127200133,-0.15291292193422,0.441158702555823,0.28499290441653,0.303399446942976,0.750585879623244,0.00241791517528291,0.000281400172334733,0.00272273260013403,0.0183284884666835,0.00405559263640785,0.00365644105344223,0.00552477253938108,0.0102791628428313,0.533847266937398,0.0747940143005699
10,"gauss_cor",254,TRUE,322,0.14760504619685,0.0835085828768346,0.12917860815301,0.32302896899184,0.471912067475821,0.368706815350613,0.333644793156641,0.79823715608602,0.00359249184357608,0.00108091856682567,0.00457801237234093,0.0168950098008478,0.00536984722194935,0.00466479784480155,0.00669349558210248,0.0106704935122795,0.607212331355855,0.28897851628942
10,"gauss_cor",255,TRUE,104,0.235692336530464,0.112218113081714,0.186223350561209,0.50947798957753,0.575178579979516,0.795967918059767,0.43583523741808,0.922756651355341,0.00497339370626173,0.0022922722694811,0.00692666430222853,0.0175022718055599,0.00745742131274356,0.00790191175968536,0.00907499513893008,0.0152691925369397,0.89217034139214,0.334989720859781
10,"gauss_cor",257,TRUE,125,0.0775304605949106,0.0111180427544167,0.0565222911902573,-0.114511000507839,0.485648488719284,0.418427899522617,0.346719383700873,0.80451227506436,0.00157090207337219,0.000277097411645848,0.00175210031867658,0.0162700357787307,0.00862700193572112,0.00964656435321809,0.0114690216869255,0.018759724153227,0.646860030858776,0.105442129883727
10,"gauss_cor",258,TRUE,174,0.0910982313553472,0.0172667061065619,0.0700371965465279,0.0118078335014603,0.394867623304406,0.276024223489613,0.287088607068706,0.729875065589694,0.00208774489957771,0.000413118116172055,0.00251473478018502,0.0185116826538305,0.00761371828092127,0.00631586057639488,0.00935285612065205,0.0141542108414809,0.525380075268955,0.131402839035395
10,"gauss_cor",259,TRUE,317,0.0804359041256053,0.0110177853762301,0.0603370885640091,-0.0482584911993694,0.397062140452694,0.257083902506304,0.280194400488805,0.71436178419067,0.00178330496412745,0.000292804607569844,0.00213344895005822,0.0145370867946817,0.00616465582925308,0.00525404101920532,0.00736526399048732,0.0131453142794725,0.507034419449315,0.104965639026446
10,"gauss_cor",26,TRUE,263,0.0369386285522806,0.00294931729286444,0.0311459160768936,-0.35540683240846,0.255222868362613,0.105650257372642,0.180111731948447,0.491646923336411,0.00159082937072645,0.000147697982055565,0.00171313208437502,0.0171466190112874,0.00458037670553843,0.00218629865227977,0.00607886513323688,0.0164323679583475,0.325038855173719,0.054307617263736
10,"gauss_cor",260,TRUE,320,0.0884665093652665,0.014339375993861,0.0667244463971085,-0.00725157020374419,0.437850035667987,0.350494075848895,0.317100169320518,0.772529334818515,0.00174491663423385,0.000320941672254125,0.00245742809380918,0.0175465798898129,0.00566567611387962,0.00482078767400465,0.00869340846404654,0.0158966659652995,0.592025401354448,0.119747133551751
10,"gauss_cor",261,TRUE,327,0.11112900389894,0.0226477682845618,0.0824366343373273,0.0965909877685111,0.423577437428481,0.318938464367997,0.304081097642313,0.751105546230826,0.00202550143432361,0.000462137407483926,0.00245619538156399,0.0176122616348273,0.00595020257006504,0.00488069281521427,0.00791524092535632,0.015633293960826,0.564746371717426,0.150491754872358
10,"gauss_cor",262,TRUE,319,0.112909553538848,0.0212152738022863,0.0818193856969119,0.0914987020211016,0.337669095357286,0.195007071546053,0.24225853776802,0.636497633783189,0.00217924315730486,0.000518347155381174,0.00247676583372716,0.0163045421924651,0.00636000560016731,0.00465626638010264,0.00732386424405502,0.0157316134190129,0.441596050192994,0.14565463879426
10,"gauss_cor",263,TRUE,393,0.108153817420095,0.0198814875216658,0.0796616080811608,0.0821510318103201,0.41918098742001,0.274084159469529,0.295294214768422,0.737805806008163,0.00210973546006377,0.000462626478009475,0.00263815666563251,0.016491901929223,0.00649400392905268,0.00578486023324331,0.00853998731017513,0.0152605190325211,0.523530476161158,0.141001728789635
10,"gauss_cor",264,TRUE,339,0.0885206655614789,0.0142210857816594,0.0683912472902517,0.012925375047597,0.501161704241419,0.418689378543332,0.35797194201704,0.834111108166656,0.00174517812774168,0.000312651185876379,0.00230037837969361,0.0141534561358973,0.00635575111736655,0.00627559490697061,0.00877669460585362,0.01508312625567,0.647062113358008,0.119252194032896
10,"gauss_cor",268,TRUE,358,0.130755621618599,0.0316043413716979,0.0975304486372787,0.183262137919351,0.413193351051596,0.280223707442231,0.294253683790476,0.735346783468525,0.00178621631799482,0.000438877055939395,0.00226211653442229,0.0135960375851503,0.00484524416157793,0.00422144955148089,0.00629767293107669,0.0123611304807984,0.529361603672037,0.177776098988863
10,"gauss_cor",269,TRUE,366,0.101906042124568,0.0188163446298559,0.0756533112648605,0.0546282505965365,0.430278109333712,0.295551910852306,0.303011112329086,0.751149522330111,0.00156159103166555,0.000341930343446803,0.00215669664076436,0.0149781630867487,0.00514270727797661,0.00469006162623864,0.00683541777803039,0.0127684038170786,0.543646862266588,0.137172681791441
10,"gauss_cor",270,TRUE,422,0.109423015649232,0.0222853167526332,0.0817937553055392,0.0974850427226692,0.482060769556009,0.405519690319659,0.34789182599667,0.823161580315473,0.0016005596084313,0.000357574950582254,0.00227455756151076,0.0174388808391377,0.00477647631467291,0.00446982874658864,0.00671707940259902,0.0118513130010012,0.636804279445152,0.149282673986746
10,"gauss_cor",271,TRUE,398,0.102506819413217,0.0186011921945251,0.0760160096506757,0.058409938897624,0.463853901437604,0.367779061309631,0.335869581802807,0.805077743594665,0.00145491847025623,0.0003109186703735,0.00211108217768352,0.0168214799207395,0.00453134538992227,0.00397498939980852,0.00676937528151194,0.0125351460693888,0.606447904860451,0.136386187697014
10,"gauss_cor",272,TRUE,395,0.109631029929369,0.0215301067362383,0.0811635544107654,0.0941807342856876,0.347391282976911,0.210574404327389,0.248997930497107,0.648420550906039,0.00163760260077369,0.000347114041737696,0.00214964903129549,0.0171202039126248,0.00437111805995109,0.00309923740697016,0.00638014090296666,0.0131144189259023,0.458883868018248,0.146731410189633
10,"gauss_cor",273,TRUE,301,0.0954922809282783,0.0153157347803933,0.0691998952216636,0.0115506674094082,0.330397824834217,0.198689732148086,0.24038049982544,0.630946078937447,0.00157745378235392,0.000299188682290893,0.00210290630103674,0.0175648601918058,0.00416305633308271,0.00276505826396709,0.00521254850464432,0.012807852801286,0.44574626431198,0.123756756504012
10,"gauss_cor",274,TRUE,264,0.0896654788896202,0.0153632679251604,0.0674614037682728,-0.00503028383536608,0.320013805443358,0.176651499851287,0.22851850573886,0.610226361722365,0.00159126590822379,0.000296907942179971,0.00197841213460005,0.0175148419965735,0.00409707128727465,0.00262893469836948,0.00559353354915929,0.013551280979517,0.420299297942891,0.123948650356349
10,"gauss_cor",275,TRUE,230,0.0682368784024207,0.0093098383079499,0.0520119343103645,-0.133017921048621,0.299913030672594,0.151509890009307,0.214607766837528,0.582817993254174,0.00145774985636382,0.000227767978964399,0.00185997512308169,0.0155405086832105,0.00478241686197227,0.0029478779608031,0.00579351858330112,0.0120404543075192,0.389242713495458,0.0964875033771208
10,"gauss_cor",276,TRUE,254,0.0646317801771956,0.007113050588406,0.0478845830843681,-0.170428819866659,0.29531369775854,0.142082201060086,0.211392304273579,0.573755137608342,0.0013805678354833,0.000203597204602255,0.00172920435878694,0.0169495121685264,0.00435375704999793,0.00269003329406445,0.00587578201799652,0.0133206494723031,0.376937927330331,0.0843389031728893
10,"gauss_cor",277,TRUE,372,0.0524731610390509,0.00467295122776387,0.0392376271306651,-0.265742894685102,0.347054586489622,0.185030991502182,0.243231635212029,0.644212618016061,0.00119370318489421,0.000141021612911411,0.00143105793521056,0.0149897387997458,0.0039425145362013,0.00282246903544703,0.00578220429056167,0.0115979538900393,0.430152288732935,0.0683589879076912
10,"gauss_cor",278,TRUE,354,0.0449611092732316,0.00355730917137873,0.0334269110116938,-0.350871117058061,0.424706270062344,0.277712512673935,0.297869985592355,0.745236663990702,0.000965926854060698,9.47530546126829e-05,0.00137250447408027,0.0181734098022452,0.00494558921279319,0.00445151971337522,0.00657266763561623,0.011001407143754,0.526984357143488,0.0596431821030596
10,"gauss_cor",279,TRUE,399,0.0526026876716818,0.00520209461095743,0.0392336418813493,-0.277342363641169,0.567000615342546,0.50815365615041,0.398575802661829,0.886500504237035,0.00109851096054142,0.000113418242880361,0.00129539871823057,0.0171004357240792,0.00613130689651637,0.00704294879469472,0.00841230637795754,0.0115307715535514,0.712848971487236,0.0721255475608846
10,"gauss_cor",28,TRUE,161,0.075513438270938,0.0117049062198005,0.0571364502804536,-0.0834858899205337,0.301714368555285,0.156104249279821,0.216194152877494,0.577620570203258,0.00137557989641285,0.000276315010327144,0.00182048623947077,0.024831893869747,0.00520188322887389,0.00372762950464162,0.00687651075325954,0.0216031254079901,0.395100302809073,0.108189214895943
10,"gauss_cor",280,TRUE,153,0.0826474597344654,0.0112539350976962,0.0593463366229328,-0.0583437997609993,0.831481329988098,1.37248254608133,0.609387467465756,1.10715787229949,0.00125194696058294,0.000216688926466273,0.00180668325915787,0.0188200652647672,0.0116346880853522,0.0179866805307402,0.0139725644029299,0.017078862551067,1.17153000221135,0.106084565784549
10,"gauss_cor",283,TRUE,151,0.111424864698877,0.0231787434162274,0.0842064382404097,0.103563767842222,0.360446295788645,0.204680477094865,0.252999884473368,0.666217258725546,0.00314030091560362,0.000741996611613927,0.00332388872974504,0.0199941278438905,0.00630297214362041,0.00451742772879942,0.00700630276744177,0.0117295149565593,0.452416265285484,0.152245667971957
10,"gauss_cor",284,TRUE,411,0.0651768732649831,0.00879429068812588,0.0500229234456255,-0.150040506602542,0.36921695437013,0.221136333905008,0.266284806249348,0.693230631480726,0.00164817519569358,0.00022421505140854,0.0020902230729817,0.0174061942904502,0.00470001398981964,0.00334675448251278,0.00632371355366741,0.0101571150602568,0.470251351837513,0.093777879524576
10,"gauss_cor",285,TRUE,282,0.0466545889783422,0.00405909067190805,0.0358501293879651,-0.30854946383972,0.386973240727663,0.259323640047098,0.28526237319561,0.725075761011031,0.00133301010035591,0.000136779179353969,0.00142715466757781,0.0146532155005869,0.00488622645866586,0.00403392308929611,0.0074357824913433,0.0117723207132696,0.509238293971592,0.0637109933363784
10,"gauss_cor",286,TRUE,302,0.0530543551791252,0.00500842281605804,0.0394142980917313,-0.267719324079866,0.452629083271446,0.302423926653057,0.313926208490797,0.768494681915937,0.00111892930182824,0.000120803550345311,0.00145499134243103,0.017457748148618,0.00460439681219999,0.00412902891665873,0.00602370355954992,0.0104938638374756,0.549930838063349,0.0707702113608405
10,"gauss_cor",287,TRUE,437,0.0612529403155122,0.00668941772190046,0.0459982661759714,-0.189827073517584,0.464500904134444,0.334972029091966,0.327004890305645,0.789332089579645,0.00137030202522807,0.000174816641971985,0.00175089371932396,0.0172834789276557,0.00514426172348754,0.00483838302780364,0.00716809625702911,0.0106578021501216,0.578767681450827,0.0817888606223394
10,"gauss_cor",290,TRUE,320,0.0673826869181056,0.00849707951094378,0.050459563809585,-0.151793050845757,0.638171725620411,0.682433223216917,0.454001818356672,0.943691955736821,0.00175476731135558,0.000244095138593663,0.00221207368666438,0.0211895586047712,0.0159724035901083,0.0218774861611925,0.0176622860396769,0.0192161026628051,0.826095165956633,0.0921796046365126
10,"gauss_cor",291,TRUE,272,0.0892035152738827,0.0173041549483877,0.0685840389386725,0.00479794905706023,0.64763373286891,0.695363097311748,0.461394143259541,0.962339435611191,0.00206635529430658,0.000400666040811859,0.00251545172741901,0.0195638451106919,0.0114604657705219,0.0152103093637655,0.0134397409709366,0.0157068202708281,0.833884342886799,0.131545258175229
10,"gauss_cor",292,TRUE,309,0.0707269137314259,0.00874291212905117,0.0533512280451913,-0.112742511080589,0.611098501887703,0.632910034945438,0.441578945467169,0.94006965265985,0.00152391040626498,0.000225766319402089,0.0020516560355535,0.0162996521932849,0.00862637638010162,0.0100347776658838,0.0111483825781515,0.0158969963788401,0.795556431025127,0.0935035407300235
10,"gauss_cor",293,TRUE,281,0.0738375363791817,0.00985380242669234,0.0549879963125903,-0.105105512976479,0.54432556203229,0.479482531791848,0.387143040977613,0.872900615117487,0.00156050425430035,0.000232249161776945,0.00202805778229319,0.0179392601803129,0.00758043547645058,0.0087626048757784,0.0106821408827677,0.0139420829555371,0.692446771811269,0.0992663207069363
10,"gauss_cor",294,TRUE,332,0.09431157449494,0.018091289056838,0.0711728894394218,0.0254184256184516,0.480617351784171,0.390280586143104,0.344984938720224,0.813274631443724,0.00196560847302232,0.000372919186912747,0.00243832373294188,0.0196993258206479,0.00773240939455806,0.0071311957787897,0.0099173277600023,0.0146610041526479,0.624724408153791,0.134503862609362
10,"gauss_cor",295,TRUE,380,0.0921409927453859,0.015452932281177,0.0690474650106911,0.00912964624262447,0.457433283955151,0.356005616438355,0.329108568157051,0.790822388462374,0.00211519307904381,0.0003642317148753,0.00259295524614464,0.0202496585570291,0.00794383115251258,0.00774999821687935,0.0100586655845466,0.0172774835929592,0.596662062174524,0.124309823751693
10,"gauss_cor",296,TRUE,390,0.0773798993147777,0.0124589100415543,0.0611468553712109,-0.0501372764291601,0.440224390055938,0.334819237547634,0.320413605613648,0.779294614067983,0.00262702223475106,0.000455641093815296,0.00290221222011299,0.019392120012728,0.00913847403539639,0.00851397488825651,0.0109369291075377,0.0166297398481165,0.578635669093804,0.111619487732001
10,"gauss_cor",300,TRUE,249,0.0852719649117587,0.013448706485937,0.0635522369867129,-0.0309199931028417,0.680322721357695,0.856085246851336,0.503210200932155,1.00102424536348,0.00115528782602697,0.000209023875880164,0.00146028750404829,0.0136685863412845,0.0135682692236033,0.0201020026287287,0.0165337593058534,0.018143395889647,0.92524874863538,0.115968558178228
10,"gauss_cor",301,TRUE,296,0.0571600972642183,0.00637313513379212,0.0453597287455242,-0.18801656836912,0.489343079986379,0.439268139019666,0.364306875824049,0.842711449111087,0.00139543967641302,0.000163490702796058,0.00154148420772819,0.0137874687766492,0.00892332271760179,0.00899967507038598,0.0115058117994818,0.0149933351955786,0.662773067512302,0.0798319180139881
10,"gauss_cor",302,TRUE,301,0.0617651016943738,0.00678047053955983,0.047018737183345,-0.175822142660107,0.528222958920949,0.451609881037411,0.377293656845979,0.860334896063729,0.0017485334446303,0.000243495316002051,0.00189129495667423,0.0161223138083594,0.00696118029516051,0.00762698560713023,0.00887115113288874,0.0116782758476146,0.672019256448363,0.0823436126215011
10,"gauss_cor",303,TRUE,260,0.0756479515573267,0.0123206415526513,0.0572625098120085,-0.0932226358523726,0.575175272486696,0.524116048558984,0.41044503749215,0.904694130708941,0.00153510594320427,0.000258510517792013,0.00190940644271047,0.0164871278219776,0.00638529293006703,0.00741558277476884,0.00781963339662189,0.010188216753101,0.723958595887212,0.11099838536056
10,"gauss_cor",304,TRUE,329,0.0658487088364503,0.00805069511460429,0.049887319122033,-0.149135116505543,0.530445157811154,0.490674442767337,0.386879712447528,0.868898354099208,0.0015893434007699,0.000225418995125294,0.00182171038606304,0.0161592663504981,0.00603061281408329,0.00650554442707435,0.00819216605762601,0.0120402032386509,0.700481579177738,0.0897256658632539
10,"gauss_cor",305,TRUE,174,0.0731590746292249,0.00872728656694164,0.0536684192936983,-0.111293920862069,0.549887675676039,0.468268528870898,0.387747133214404,0.874871773506265,0.00131182620621989,0.000200586165791497,0.00170838806808045,0.0139050126287264,0.00692189954615151,0.00767526796004439,0.00924903370004962,0.0125748467154648,0.684301489747683,0.0934199473717559
10,"gauss_cor",306,TRUE,189,0.0967527256422658,0.0159088805793716,0.0708137011150517,0.0238240908925136,0.525250470152399,0.488563791241412,0.38184312558946,0.868037830564846,0.00203588173004283,0.000359296132134832,0.0023266843827926,0.0184238937804889,0.00784153545363481,0.00827206156977647,0.00907821454234378,0.0146523822628789,0.698973383786115,0.126130411001358
10,"gauss_cor",307,TRUE,240,0.109294422626328,0.0207970352889331,0.080542544541838,0.0895517748092229,0.527312571562284,0.470234980345754,0.380622967518779,0.861354782744547,0.00175031638127308,0.000411070603968934,0.00222540017052027,0.0192927614295689,0.00775834227674164,0.00847742894308042,0.00969337432439681,0.0152685900601481,0.685736815655798,0.144211772365966
10,"gauss_cor",308,TRUE,240,0.114473680503629,0.022587224631833,0.0843627911664185,0.121185075496545,0.520055357310517,0.405628154242572,0.360280345799884,0.83733864791028,0.00172590798582404,0.000421307584645832,0.00228561555698878,0.0207833490309689,0.00642126629159881,0.00647820720449042,0.0083387227832489,0.0114588688682296,0.636889436435063,0.150290467534814
10,"gauss_cor",309,TRUE,253,0.0879832072706629,0.0138778879368921,0.0655944959877786,-0.00190292158824156,0.569116386459485,0.516985063228181,0.406625601037781,0.899066731724887,0.00161225104429671,0.000309609571786696,0.00188138608180915,0.0213433714279531,0.0072041862284432,0.00815099606975934,0.00937910016046411,0.0123006298121313,0.719016733621813,0.117804447865486
10,"gauss_cor",310,TRUE,246,0.0642533844330243,0.00687148514345016,0.0467561921910581,-0.184493929409373,0.505016291322152,0.411235773069284,0.361173050418162,0.842044705019826,0.001194720905098,0.000165039802779114,0.00155373946728704,0.0209533712935567,0.00614051882128431,0.0061531654051915,0.00821223867249712,0.0105011059112215,0.641276674353031,0.0828944216666608
10,"gauss_cor",311,TRUE,282,0.077697332457746,0.0107694821954951,0.0575412196027704,-0.0765911243481863,0.561203924687764,0.488396045604955,0.396380086119446,0.891449869180203,0.00158803848778205,0.000247363088130779,0.00198257392059679,0.0204635242217414,0.00817003568813698,0.00890616858495894,0.0114264401715836,0.0125758270389088,0.698853379189766,0.103776115727537
10,"gauss_cor",314,TRUE,376,0.167857340383911,0.0681879158178907,0.132370402171736,0.327917468771545,0.598510395889956,0.576989455458461,0.429757169544159,0.930304888082542,0.00555421971036496,0.00197839511125111,0.00627069671884364,0.019078017502906,0.0104768127325262,0.0126398840706892,0.0134773660940495,0.013920527139468,0.759598219757301,0.261128159756643
10,"gauss_cor",315,TRUE,378,0.109283873650067,0.0227569588831248,0.0811613663923919,0.0848348944697054,0.643084336305041,0.694984527463361,0.465659979507191,0.967613854899323,0.00233248435666633,0.000595081913209563,0.00288839572032868,0.0210002738173576,0.00738863270807011,0.0100032733921098,0.00981728134809003,0.0126804382511727,0.833657320164203,0.150854097999109
10,"gauss_cor",316,TRUE,391,0.0842403040926717,0.0122693101695815,0.0617950216447185,-0.0494767947396515,0.700831077608302,0.762443713409823,0.498308676255621,1.00502813015165,0.00181181335077409,0.000333327699615251,0.00227245427636175,0.0199156810463746,0.00656203249569547,0.00868327268875273,0.00917427425419141,0.011962016766904,0.873180229626062,0.110766918209281
10,"gauss_cor",317,TRUE,456,0.0767933203136148,0.0114350760546989,0.0587458124503422,-0.0628509674509366,0.564412381083508,0.491155107397326,0.3962945274507,0.885020345025735,0.00162673725252588,0.000266933362999656,0.00195122832331801,0.0198416679491598,0.00640910256722658,0.00749631841832567,0.00861826184732911,0.0119000111397561,0.700824591033538,0.106934915040406
10,"gauss_cor",318,TRUE,416,0.0750745630883779,0.0115603154888051,0.0583670271607777,-0.0729531503220406,0.521351864853904,0.441600734434162,0.372937494880838,0.851831719908279,0.00210721305050728,0.000340888425154473,0.00232800899890485,0.0187365731119603,0.00862295765824939,0.00896353746409108,0.0107773251266384,0.0140513358996886,0.664530461629986,0.10751890758748
10,"gauss_cor",319,TRUE,321,0.0620801772262618,0.00776429779184887,0.0511495076655537,-0.11286455046579,0.483486930239049,0.49198552399715,0.366178640522789,0.851862656424316,0.00232959930825774,0.000329478254844446,0.00259741097807434,0.0173481695621649,0.0120200030399913,0.0113982539048855,0.0147840876728228,0.0159232599610001,0.701416797629733,0.0881152528898877
10,"gauss_cor",32,TRUE,761,0.119271808784603,0.0464937807304383,0.099196739313288,0.171389911151067,0.409628935341103,0.390834680886735,0.318930540220485,0.768517065526125,0.00305963432955286,0.000835174938910734,0.00354740794385262,0.0204921932741093,0.0115952259942818,0.0107802107883871,0.0131188165491008,0.019574449720149,0.625167722204798,0.215624165460271
10,"gauss_cor",320,TRUE,498,0.118469745327251,0.034641077417714,0.0934881482352838,0.163154938457587,1.01224421177366,2.15630616923082,0.755376693561265,1.19716079848058,0.00253224676874211,0.00062838766191926,0.00275796325058122,0.0185783227895019,0.0179244558273594,0.0393156081842111,0.0223182811992092,0.0194778342254022,1.46843664120411,0.186121136407755
10,"gauss_cor",321,TRUE,416,0.0979545209675009,0.0224097291291966,0.077909101651824,0.0615414202999876,0.749151372654152,0.943905088882808,0.532598553812934,1.02244499597089,0.00258332997927424,0.000521003508858989,0.00295733558680341,0.0207168450939643,0.0168584960616504,0.0271625833549174,0.0204884950509002,0.0221421986875686,0.971547780030817,0.149698794681843
10,"gauss_cor",322,TRUE,379,0.173485563539389,0.0839609838002856,0.140670571954726,0.362783960192712,0.883149787165413,1.4638787954882,0.64201401281338,1.11407350112446,0.00388475121779913,0.00144083337406796,0.00439429627008422,0.0262903302662476,0.0187675653477973,0.0372931311590686,0.0218513060645079,0.0229183579033536,1.20990858972412,0.289760217766838
10,"gauss_cor",323,TRUE,292,0.169969579457798,0.0722392129415102,0.133910362803262,0.332023683966175,0.852855490842646,1.28289954706584,0.623343424345796,1.1254892069561,0.0046907887745056,0.00178609502262595,0.00476141855446364,0.0274836787503416,0.020803812420648,0.0386685388578336,0.0208682826050951,0.0232460633794977,1.13265155589256,0.268773534674659
10,"gauss_cor",324,TRUE,375,0.103697639930177,0.0247273122874929,0.0803605482042913,0.0740900857035637,0.67571407293423,0.748958624900142,0.484989973038129,0.991857768708985,0.00276666393262397,0.000630981766124977,0.00295284130036467,0.0199467341759772,0.0123108480988299,0.0175886379209408,0.0182325562856296,0.0230388250510691,0.865423956740361,0.15724920440973
10,"gauss_cor",325,TRUE,469,0.0625018308079854,0.0106888530185955,0.0504239638391137,-0.183213786467743,0.509878193951025,0.442060580133302,0.360991727664781,0.824412862632906,0.00213780326134532,0.0003466521853617,0.00226157845590391,0.017449816758124,0.0094668762480466,0.0109434655581488,0.0111340259752964,0.0162858822682798,0.66487636454705,0.103386909319292
10,"gauss_cor",326,TRUE,596,0.0849949109220865,0.0178344422194423,0.0664773303079115,-0.0340489814780007,0.460858046628661,0.376741797035032,0.333029770955685,0.791744001370336,0.00197693706385703,0.000387632641019336,0.00222121562259364,0.0190933883575773,0.00847800731664681,0.00815730033587081,0.0101540206078622,0.0160858856118487,0.613792959421198,0.133545655936246
10,"gauss_cor",327,TRUE,502,0.0886869884921979,0.0172836837187181,0.0693147319464197,0.0155966625450031,0.500831915692142,0.452038833157013,0.366294473140429,0.844976989868431,0.0017720516375797,0.000324047635899885,0.00233792494793776,0.0200461581767388,0.00753170742669685,0.00734375061287717,0.00974006756663085,0.0154635410039786,0.672338332357313,0.131467424553454
10,"gauss_cor",328,TRUE,573,0.0719259830749271,0.0095162753778378,0.0531357315017456,-0.130062788539717,0.462322613627807,0.349693688035828,0.330477435235636,0.790740504329692,0.00162546577224947,0.000263288317390169,0.00178543504225968,0.0173458378663884,0.00645574385483362,0.00626050419652973,0.00913111527346046,0.0149487478928116,0.591349040783722,0.0975513986462408
10,"gauss_cor",329,TRUE,362,0.0775520588170997,0.0130222017140296,0.0609409569258908,-0.059414812937634,0.648540666271112,0.762667113534484,0.472666747264515,0.963715275515196,0.0021564115398928,0.000394706810062576,0.00230482588147551,0.0190134780732743,0.0137437872719317,0.0194863367156372,0.0158152642103796,0.0211630005176052,0.873308143517787,0.114114861933184
10,"gauss_cor",33,TRUE,969,0.0345522957205065,0.00459578140814283,0.0348994986913253,-0.273298676277014,0.287564446143263,0.159932882645183,0.219609125289231,0.610630379669659,0.00180608140638965,0.000153746717614806,0.00192594112219003,0.015525186835546,0.0103730249039943,0.00668211839105361,0.0117027834930362,0.017605406370219,0.399916094506314,0.0677921928258913
10,"gauss_cor",330,TRUE,573,0.074037842251683,0.01012571390753,0.0548381906446218,-0.111373306962549,0.65498319923857,0.728601146725623,0.469969334476341,0.965195624492477,0.00145254546269152,0.000219189419105351,0.00182910726597692,0.0187587916434095,0.00954283875923192,0.0134782828406984,0.012721076271507,0.0142867685781996,0.853581365029499,0.100626606359998
10,"gauss_cor",331,TRUE,144,0.0777357938486123,0.0130629526759027,0.0585752014494364,-0.0706163627047438,0.717294494733947,0.798698284988355,0.508079898099939,1.01148145439383,0.00137790186997645,0.000248118312872709,0.00174874795035305,0.0195294340317405,0.0089993700356602,0.0141353833442549,0.0128089626370391,0.0141818221193027,0.893699213935178,0.114293274849847
10,"gauss_cor",332,TRUE,375,0.0650826041194783,0.00835600706572217,0.0488131113968106,-0.170615005242424,0.682305872715624,0.750860457437073,0.4863110414994,0.98991517448205,0.00158809803266838,0.000221282218800457,0.00204192393156227,0.022048233195673,0.00645163197053409,0.00817500519289312,0.0082202321300869,0.00981272172506686,0.866522046711492,0.0914111977042319
10,"gauss_cor",333,TRUE,431,0.0461719268783762,0.00483160757764468,0.0364951032914531,-0.319693613976819,0.634982500921559,0.643141292587323,0.450480433751192,0.94796424522146,0.0010789717471166,0.000104268803992165,0.00139866430339011,0.0188131726531159,0.00623716158308601,0.00819332344974843,0.00834112362321194,0.0109360984271447,0.801960904650172,0.0695097660594875
10,"gauss_cor",334,TRUE,392,0.049108609311887,0.00634643453943099,0.0402015551394383,-0.265092734441451,0.612079594554745,0.589271743528059,0.432791458488364,0.929920935712968,0.00116858962427736,0.000115053264393532,0.00144121102959571,0.0201576469252608,0.00642534996076389,0.0078920563635922,0.00800228369365834,0.0111231383548314,0.76764037382622,0.0796645124219749
10,"gauss_cor",335,TRUE,308,0.0483812413375808,0.00447695262596987,0.0375878856400147,-0.289771048357469,0.550108908796222,0.481494607542652,0.389445874510612,0.876218652332497,0.00137863791052492,0.000130739207745708,0.00154103770310824,0.0172526534586904,0.00635907516391192,0.00709820500313112,0.00883258030459763,0.0120292466675032,0.693898124757988,0.0669100338213176
10,"gauss_cor",336,TRUE,181,0.0389879970745124,0.00408794085751565,0.0342452531070541,-0.325910882098201,0.516270481322843,0.463504621390142,0.376664000900541,0.856668476283514,0.00119721174391993,0.000109127580076965,0.00143801693908498,0.014851152325716,0.00807912076538647,0.00930317739155987,0.010077966061529,0.0135539688413368,0.680811737112502,0.0639370069483679
10,"gauss_cor",337,TRUE,289,0.0334088046654378,0.00254971465441555,0.0295490396850019,-0.383482705632232,0.661921016206014,0.782640498490765,0.480181092953427,0.981561797512147,0.00109703913565724,7.8797750196696e-05,0.00119433990782084,0.0135531198857285,0.00788675920343746,0.0103589309750498,0.00988506787119053,0.0125332706663638,0.884669711525587,0.0504946992704734
10,"gauss_cor",338,TRUE,346,0.0278110263295768,0.00175785015622166,0.0241692153041262,-0.491601896169608,0.716473104005396,0.84743278026711,0.515749428983365,1.01799797321148,0.000835700077689518,5.19897668164484e-05,0.00100738362649472,0.0150929642960082,0.00647518276284524,0.00889836301511993,0.00969109436050871,0.0113049635039832,0.920561122504698,0.0419267236523635
10,"gauss_cor",339,TRUE,302,0.055289838715756,0.00811192251278594,0.0485848488257574,-0.153243403496915,0.676426604261983,0.796827964349298,0.487041948629206,0.988921593146197,0.00148344777377136,0.00015873075789823,0.0018884886905399,0.016337218561939,0.00733171055421253,0.00989822496125092,0.00923216948672318,0.0111351645539518,0.89265220794512,0.0900662118265554
10,"gauss_cor",34,TRUE,492,0.0301078461784551,0.00219086721459272,0.0250628796371504,-0.481879364650809,0.264831327354113,0.169271108354061,0.20476412118095,0.556280180264814,0.00101081021900482,6.34730793550568e-05,0.00121603230943067,0.0185111499682367,0.00643447969388473,0.00338217404130133,0.00813621155130401,0.0187280271958654,0.411425702106785,0.046806700530936
10,"gauss_cor",341,TRUE,332,0.371202813900407,0.293635466711678,0.285881342184871,0.740036696833342,1.21311744534376,2.8690645546541,0.899715059290261,1.285609708417,0.00604555830856193,0.0044581003152539,0.00800393954505229,0.0245618245620874,0.0250723329539606,0.0645400241546473,0.0281754190209559,0.0247486559143721,1.69383132414479,0.541881413882851
10,"gauss_cor",342,TRUE,416,0.154961216440579,0.0533148859483581,0.123556022898869,0.292971860213198,0.771759358564232,0.98281580711293,0.54875520213254,1.04016692213583,0.00530110684978499,0.00193027597327539,0.00613739879941183,0.0211326586916105,0.0159895419219001,0.0272059906347975,0.0201012171410194,0.0208023878906615,0.991370670896073,0.230900164461522
10,"gauss_cor",343,TRUE,474,0.0803816479443455,0.0123689624568597,0.0589060059909126,-0.0882291704758332,0.576611740958864,0.514197313336706,0.404344507666045,0.894935868324817,0.00183287937790583,0.000332296694377772,0.00234698210711239,0.0194372585089855,0.00943103772846845,0.0114764419136333,0.0128600770511252,0.0151813962830791,0.717075528334851,0.111215837257379
10,"gauss_cor",344,TRUE,246,0.0662626475565683,0.00843772624848821,0.0496477322766053,-0.167064215985969,0.601967403995748,0.586235305973579,0.430710476213488,0.923081137737568,0.00165570618076583,0.000252364876497372,0.00206472445859384,0.0200065793319934,0.00868841018125775,0.0108199731777097,0.0118630638477153,0.0156341724786213,0.765660045956153,0.0918570968868939
10,"gauss_cor",345,TRUE,420,0.0749680718841809,0.0114907708598504,0.0573058192927945,-0.0977689875672849,0.550686303988796,0.495450230115433,0.392841948623646,0.875265315037197,0.00209855110037251,0.000357249332168734,0.00244499853155603,0.0192765907478982,0.0109392110271242,0.0126605651123642,0.0139301356392391,0.0189639990415004,0.703882255860618,0.107195013222866
10,"gauss_cor",346,TRUE,596,0.145436222067816,0.0443384185400586,0.111654330668219,0.264069709053032,0.970084957793959,1.88273516664557,0.721030661329557,1.18586701725369,0.00288094494576671,0.000871345279037388,0.00356666698220214,0.0245168799596304,0.0177495515306059,0.0374493910812556,0.0220913707977931,0.0248641769549613,1.37212797021472,0.210566898015948
10,"gauss_cor",347,TRUE,361,0.0407757934555138,0.00326302728898195,0.0456233551927781,-0.107506891056391,0.475702187049274,0.371147446038218,0.370577465543093,0.890354187183525,0.00293626585204909,0.000267236550118892,0.00311427839058142,0.0166306594580005,0.0167910309815362,0.0174593067240116,0.0180932679994476,0.0149544736362661,0.609218717734623,0.0571229138698469
10,"gauss_cor",348,TRUE,350,0.0243073905356842,0.00113109026700548,0.0377787094238633,-0.192955222738913,0.410514304850102,0.290407852130655,0.311702816537081,0.788070787482096,0.0030902420222782,0.000168469831899342,0.00261064598113804,0.015663444238922,0.0147141134944113,0.0118603559835701,0.0151575940405815,0.0176129687225998,0.538895028860589,0.0336316854618599
10,"gauss_cor",349,TRUE,343,0.0376616637180094,0.00469686740420536,0.0443433231557646,-0.251708626584932,0.366980979924454,0.28484542658574,0.286772312304077,0.701975819277415,0.00383366347150622,0.000451451816627459,0.00339940032716135,0.0182218010473495,0.0159392173053264,0.0134837396264121,0.0149775029206817,0.0205474790422626,0.533709121699957,0.0685336953928895
10,"gauss_cor",350,TRUE,667,0.0348607958551826,0.00722579798551248,0.0326633460480489,-0.486785596588647,0.323105808521181,0.290715122857394,0.248180140869795,0.583354837242031,0.00157872384312441,0.000271725731022322,0.00175465586164274,0.0160363578467246,0.00794571688791879,0.00818149043431946,0.0103853882670915,0.0172066961718309,0.53918004679086,0.0850046939028221
10,"gauss_cor",351,TRUE,345,0.0724073898031433,0.0113040352119905,0.0562845492892959,-0.0924455684153689,0.547068582299958,0.526555742125675,0.396934565520156,0.879226044938102,0.00252441509221899,0.000397582855287409,0.00236322849212793,0.0211303744592001,0.0138823260292105,0.0162887019886157,0.0158098266602142,0.020765488867906,0.72564160721783,0.106320436473852
10,"gauss_cor",352,TRUE,387,0.0651051586298277,0.0115087331655521,0.0518327799051748,-0.169566906083332,0.451548813624756,0.370590276137974,0.331793576970429,0.784299756161901,0.00189523406548996,0.00029918233235328,0.00204755700844442,0.020908907638509,0.0106930803045467,0.010069870092166,0.0120601377085127,0.0213625524840108,0.608761263664151,0.107278763814429
10,"gauss_cor",353,TRUE,371,0.0500503345686618,0.00594824091653653,0.0385334965999551,-0.327798232738311,0.408911239153479,0.295560829714106,0.295329682159705,0.725547860753538,0.00145422210784321,0.000175528914312694,0.00167744480744778,0.0223248734025311,0.00787050364599256,0.00656182921839844,0.00982502490982993,0.0183562355405815,0.543655065012831,0.0771248398153055
10,"gauss_cor",354,TRUE,499,0.0708214872702846,0.01242385564758,0.0556765367949666,-0.11066915309368,0.451206817174508,0.374120170747632,0.330150126699432,0.787831630288556,0.00194251343245346,0.000283636990914286,0.00220345283923306,0.0201896287985678,0.0110960281927546,0.0102593153266953,0.0136985211873036,0.0198094222116393,0.611653636257999,0.111462350807705
10,"gauss_cor",355,TRUE,717,0.0853825240799171,0.0142216144634896,0.0633560379532642,-0.0485762473314504,0.502797719354234,0.469391083279015,0.368275816248002,0.835150932731763,0.00188529956252125,0.00035088252907611,0.00229040356606643,0.0196998882293107,0.0110368225352709,0.0123981681002438,0.0133643689631289,0.0179992577359472,0.68512121794542,0.119254410666816
10,"gauss_cor",356,TRUE,346,0.064655831560107,0.00894828129949691,0.0493034019158786,-0.176337049416531,0.49590274233345,0.495739912119764,0.373112959905092,0.848341356693632,0.00157912652960299,0.000234966899711971,0.00189783740307366,0.0213173316402271,0.0106811548733407,0.0109583186667938,0.0126723524400386,0.017064668794823,0.704088000266844,0.0945953555915771
10,"gauss_cor",357,TRUE,500,0.0698031914600241,0.0106958170140322,0.0540302536418811,-0.115142316160659,0.623278369537831,0.65217146023475,0.446303478236725,0.941435590489896,0.00155224081545508,0.000239816972199605,0.00181764418228395,0.0213146065134178,0.00779146838708881,0.0103276424205648,0.0105217157414752,0.0135969707294117,0.807571334455818,0.103420583125566
10,"gauss_cor",358,TRUE,464,0.050800348909638,0.00514343069081413,0.0379024994657161,-0.3052253875233,0.582012586174075,0.525316183759573,0.409317452150334,0.90009093460169,0.00120851450890095,0.000139529533901716,0.00140041020361222,0.0213487864930179,0.00749744572730924,0.00927541627376948,0.0103223627312904,0.0131159864402931,0.724786991991146,0.0717177153206523
10,"gauss_cor",359,TRUE,349,0.0467794089819456,0.0049783196988051,0.0349955622218561,-0.373209558060642,0.678557449723764,0.697288684198356,0.469354457290618,0.966756055878186,0.00134200368746631,0.000157387492860688,0.00156281461420837,0.0247388837781422,0.00874669439406389,0.0121578062596525,0.0113095608235058,0.0127947139451115,0.835038133379761,0.0705572086948251
10,"gauss_cor",360,TRUE,333,0.0325675169287876,0.00241373638538353,0.0251613460455814,-0.513925448730363,0.423196600254638,0.294003333968495,0.308654555022459,0.77182416746347,0.00083592600986338,6.3523071993936e-05,0.00097869288950003,0.0204155819507896,0.00666290210923062,0.00580942316721826,0.008703662022425,0.011286486989883,0.542220742842336,0.0491297912206385
10,"gauss_cor",361,TRUE,250,0.0243872908992063,0.00149965455901498,0.0186789722201779,-0.674575136150854,0.427130958197062,0.278498743937013,0.300166488638559,0.748006980400067,0.000705077410352476,4.05756546379685e-05,0.000696620817248461,0.0187735313936635,0.00592918939228889,0.00513897729966041,0.00801831397915998,0.0123434969759204,0.527729802017105,0.0387253735813482
10,"gauss_cor",362,TRUE,300,0.0138093037347784,0.000357185712370409,0.0107014393692236,-0.91152216109418,0.370462504477136,0.226742810195837,0.273440048982506,0.714209675302466,0.000448930836777144,1.37511744829303e-05,0.000485648620661579,0.017053640979325,0.00523232788798201,0.00380674588969662,0.0067438695996069,0.00941239070429783,0.47617518855547,0.0188993574591945
10,"gauss_cor",363,TRUE,229,0.0644207178275582,0.0199933692895916,0.057120123255671,-0.0820219123096555,0.419852111369846,0.312801143532016,0.307128438830595,0.760271014808424,0.00132352023678686,0.000160308877390133,0.00148866990280746,0.015677018860846,0.00482346849124139,0.00478705120541182,0.00770473159758334,0.0112307085950053,0.559286280478983,0.141397911192463
10,"gauss_cor",365,TRUE,446,0.110682562441983,0.0315028837443814,0.0950168795075259,0.18083803656211,0.776876726466939,1.10212199417836,0.56270385530479,1.03709389903561,0.00376200765450325,0.00086833674127547,0.00377098392499265,0.0158757252310369,0.0199772722633407,0.0350300484199856,0.0223347431880672,0.0204340239118902,1.0498199817961,0.177490517336508
10,"gauss_cor",366,TRUE,472,0.0893329619366744,0.018941312839553,0.0708334392288078,0.0096175913531801,0.625284226782079,0.72695220819662,0.460601965943079,0.947614068814537,0.00263763491461782,0.000508161809221332,0.00267899509349793,0.0215973638520778,0.0142533391087444,0.0184399983880561,0.0156767194394361,0.0203627016909063,0.852614923747303,0.137627442174709
10,"gauss_cor",367,TRUE,401,0.0385529989487444,0.00346712686816296,0.0325195543693563,-0.351271679534895,0.433422749144038,0.317853217078393,0.309718826192764,0.751648879201166,0.00167969667075127,0.000138238786122675,0.00172119219197724,0.0193065053744632,0.0102364504661264,0.00995120243378729,0.0117985470041129,0.0185306270653222,0.563784725829277,0.0588823137127182
10,"gauss_cor",368,TRUE,422,0.028332106301727,0.00199259320493208,0.0232958562972506,-0.533183254994063,0.365754490966725,0.23165587466331,0.263760256562056,0.673238866839278,0.00116590012873978,8.34065463139288e-05,0.00130661014391834,0.0194658025152977,0.0100475057766993,0.00803383388864285,0.0111394539389467,0.01850098666491,0.481306424913807,0.0446384722513224
10,"gauss_cor",369,TRUE,412,0.0366573235050587,0.00315555586084245,0.0393709987622348,-0.207656546256175,0.358065625056337,0.234118946600028,0.296895287417386,0.781761089823095,0.00266028608522621,0.000232704613208201,0.00271190698611865,0.017369493690739,0.0165665565958094,0.0125774714877415,0.0179423945122037,0.017807645581044,0.483858395194325,0.0561743345384923
10,"gauss_cor",370,TRUE,145,0.0462156125879931,0.00501025411003082,0.0363020783908868,-0.302491110029662,0.279096504969287,0.132284353695758,0.206953698701781,0.560155613023806,0.000891121304127599,8.94970003260386e-05,0.000990425022620657,0.0198548511094128,0.00825564650973638,0.00479172739696685,0.0093667080074202,0.02007068664386,0.363709160863124,0.0707831484891059
10,"gauss_cor",371,TRUE,125,0.0300237958026448,0.00305903975031755,0.0234630767156603,-0.566227996806166,0.311581521676096,0.146381428405675,0.218142252077406,0.587157217932598,0.000777365878133417,6.20164144350601e-05,0.000923581710933488,0.0222216840080369,0.006652581902134,0.00422741914174733,0.008622144186216,0.0197224946920865,0.382598259804818,0.0553085865875955
10,"gauss_cor",372,TRUE,201,0.0446723287578359,0.00606038677656665,0.0354185091799205,-0.362390857738175,0.392202355305058,0.269405967125468,0.283626717359104,0.706584022011895,0.000992819964642605,0.000140868662300983,0.00105350260225545,0.0248801164656234,0.00985088762406458,0.00899771569125276,0.0109476576354523,0.0189190927163668,0.519043319122275,0.0778484860261691
10,"gauss_cor",373,TRUE,293,0.0909210250650173,0.0239813914463922,0.0789516308243436,0.0827625754589687,0.428153892683882,0.314666875068848,0.304405506705549,0.743396446607584,0.00256855336647015,0.000479545683642707,0.00291250124006137,0.0194755247396215,0.00852142557457985,0.00812926070149276,0.011023854187293,0.0197550836022889,0.560951758236703,0.154859263353511
10,"gauss_cor",374,TRUE,491,0.0805354961658959,0.0180470194738349,0.0695388096298545,0.0277629616388471,0.464455060551784,0.357778380369492,0.333371272826164,0.799816219907407,0.00193313737910203,0.00030314105020255,0.00227622707656214,0.0149660794545707,0.00644438096111855,0.00546292134743636,0.00796697033433882,0.0126833629783862,0.598145785214183,0.134339195597692
10,"gauss_cor",375,TRUE,394,0.0289733289009297,0.00287879355366412,0.0280529236778921,-0.405471468828534,0.457205035663817,0.319097071028031,0.32112997632128,0.780790645224775,0.00149675309047162,8.54916388481368e-05,0.00134032603248865,0.017642548032493,0.0104956175850035,0.0104002312082154,0.0129747385642368,0.0192427647457032,0.564886777175773,0.0536543898825075
10,"gauss_cor",376,TRUE,421,0.0539977218499976,0.00725207682567974,0.0439987213878318,-0.214367310085405,0.511148061533046,0.450768407157847,0.365445257889389,0.834737941136034,0.0019961761727256,0.000225218359825458,0.00216712772929398,0.0211340374004456,0.013426330821131,0.0148859844383064,0.0147584423298327,0.0198499441006717,0.671392885840956,0.0851591264966929
10,"gauss_cor",377,TRUE,536,0.0487550107826018,0.00566183526131211,0.0387045611804482,-0.289987154131711,0.437313888629425,0.333232132022792,0.31633807083204,0.764999574342854,0.00142089267694687,0.000155894111358726,0.00151936628800001,0.0188466990340363,0.00887888177339015,0.00797213279175096,0.0101140276673802,0.0163634187773241,0.577262619630608,0.0752451676940925
10,"gauss_cor",378,TRUE,434,0.0316429584237285,0.00244235228700071,0.0259723030810958,-0.470064305555845,0.42935893232061,0.318902635251694,0.310466573053274,0.761555654994449,0.00129996714190179,9.34260265554874e-05,0.00130608825178861,0.0173555592646159,0.00903492561806753,0.008048228303586,0.0117934095760757,0.0169403066211891,0.564714649404187,0.0494201607342662
10,"gauss_cor",379,TRUE,309,0.0487222040601364,0.0053122751584374,0.0376444698103228,-0.30369787088393,0.625071056691749,0.613852432455912,0.438669991150737,0.933051798505722,0.0012971131695868,0.000129023939720755,0.00155822463588529,0.0212053534996064,0.0106974581264012,0.0127451231461466,0.0129676664135619,0.0160417385020131,0.783487353092513,0.0728853562688514
10,"gauss_cor",380,TRUE,381,0.0423224979529858,0.00511736281071348,0.0339227076254845,-0.352517727035157,0.529989612572078,0.462491917165331,0.377821412348696,0.863026160733592,0.00122358190867084,0.000103735233518316,0.00139555345578997,0.0224900575177807,0.00704260912344009,0.00722611060685097,0.00934422537796361,0.0154929537968365,0.680067582792571,0.0715357449860801
10,"gauss_cor",381,TRUE,355,0.0283408824090295,0.00157300813739629,0.0209459576181738,-0.598430709570325,0.41211406129597,0.290879482909517,0.29797363985807,0.742229754174542,0.000689436542006328,4.73762208653261e-05,0.00079472162257514,0.0245732401491255,0.0051665622867652,0.00444064305874853,0.0070077346912452,0.0141401040312926,0.539332441921972,0.039661166616683
10,"gauss_cor",382,TRUE,377,0.0353734491004191,0.00370365194223283,0.0296573231961701,-0.402113501665257,0.378300934082487,0.255649218229937,0.27116617094501,0.684897456194404,0.00117472455419988,9.08428262138718e-05,0.00137453923474844,0.0197340057450548,0.0074878131410875,0.00599553691022201,0.00945140335376108,0.017571520992272,0.505617660124661,0.0608576366796545
10,"gauss_cor",383,TRUE,356,0.0798600645914272,0.0134467127333197,0.0606666810393141,-0.0536643271788475,0.544921782337411,0.545794089079513,0.396306415758365,0.879146063730751,0.00183073979322384,0.000297666273045516,0.00207567764097478,0.0212981772141586,0.0103832359002289,0.01214635911963,0.0126176724323002,0.0204100117315996,0.738778782234244,0.115959961768361
10,"gauss_cor",384,TRUE,276,0.104592815126393,0.0292724840502159,0.0864851503956741,0.152874046826481,0.339779805303703,0.197403301389794,0.245053108079855,0.639450564772075,0.00181102516061639,0.000376100940883938,0.0021963066062548,0.0208455445719312,0.00808698302067348,0.00592674687119454,0.00892780042636028,0.0168505048759615,0.444300913109341,0.171092033859604
10,"gauss_cor",385,TRUE,188,0.0557274932067316,0.00668172150608076,0.0422503265303066,-0.254242545034029,0.384848401367088,0.231065353778543,0.268604426708283,0.689280885381505,0.00120768736178379,0.000153953241917625,0.00144257299582602,0.0203239646250481,0.00566704619042155,0.00408712023007844,0.00702725400408618,0.0149483784434225,0.4806925772035,0.0817417977908534
10,"gauss_cor",386,TRUE,233,0.0383946299206262,0.00322755167675212,0.0292253642849093,-0.433572526289075,0.367403094846557,0.204324717635185,0.257094176950211,0.668484831807695,0.000943692992054888,8.64534874683007e-05,0.00100045945722842,0.0213503701068027,0.00455822530082932,0.00334474638241935,0.00595071173237131,0.0132591444064946,0.452022917157067,0.0568115452769252
10,"gauss_cor",44,TRUE,168,0.0452812725251168,0.00471183530786872,0.0469892476488154,-0.115239451408259,0.323247574893125,0.239960216594073,0.330490569481663,0.867785126739655,0.00274759227384266,0.000374132572367239,0.00285506314115335,0.0130922837425233,0.0207803913797046,0.0170199321226944,0.0191519285192077,0.0134095551339449,0.489857343105187,0.0686428095860646
10,"gauss_cor",45,TRUE,490,0.0394009247711682,0.00306825182928188,0.0351098629581972,-0.27639533167742,0.318032132397383,0.174377743231784,0.243622550153602,0.674940525878613,0.00200195795366069,0.000183894718408737,0.00211502141127936,0.0167140833008219,0.00978550523965407,0.00675076561863368,0.011662852917404,0.0152853952516471,0.417585611859154,0.0553918029069454
10,"gauss_cor",46,TRUE,483,0.0509948090894378,0.00752152867897092,0.040301841399584,-0.294035796415954,0.292263762260563,0.144235606615322,0.209398256412421,0.569739183193003,0.00155892246236925,0.000207396738481655,0.00162260585602226,0.0196243374347257,0.00654969084719584,0.00414776990599046,0.0074394793725848,0.016001968766105,0.379783631315677,0.0867267471946857
10,"gauss_cor",47,TRUE,654,0.0373489552834341,0.0045495682222148,0.0300044691222931,-0.434405131457159,0.257526012060032,0.10409391863421,0.179688550429225,0.492223672765271,0.00102701853081407,0.000115308540697326,0.00119955854057206,0.0185608195188568,0.00432466320502046,0.00221244018773955,0.00525691839940727,0.0131430038621815,0.322635891732786,0.0674504871903443
10,"gauss_cor",48,TRUE,707,0.0238696869459765,0.00100524267725412,0.0188913430776888,-0.612535136067745,0.245883818839314,0.102883801239269,0.177839498677961,0.489568298411236,0.000783935354491936,4.09536190232315e-05,0.000847758114892595,0.0149079394090751,0.0040650163493673,0.00203454644084275,0.00536045517149038,0.0132507288576126,0.32075504865749,0.0317055622447248
10,"gauss_cor",49,TRUE,414,0.0465121801484918,0.00760303337713135,0.0382459866137155,-0.292764064280698,0.274740776932313,0.127255137384812,0.197752370813712,0.542102837647727,0.00110781240318451,0.000114721849494748,0.00134071200924279,0.0184990569242152,0.00409714172470885,0.00224151426359574,0.00537253272416451,0.0124018724711363,0.35672838040281,0.0871953747462063
10,"gauss_cor",54,TRUE,359,0.172380017504175,0.0797517822097335,0.158055245817403,0.453756773359148,0.841004689610251,1.64019651699763,0.681877406781996,1.16537986994019,0.00736773019069361,0.00314994569258552,0.00868258101215329,0.0170197482504731,0.028682337057406,0.0592926835820205,0.0323426179360184,0.017322123546284,1.28070157218519,0.282403580376973
10,"gauss_cor",55,TRUE,871,0.123103699685366,0.0552806820937645,0.103112009678507,0.193562403897848,0.621057656680065,1.04961530923246,0.47797147356985,0.95645974052919,0.00399478963626865,0.00115422957828906,0.00455936974105506,0.020830543625375,0.0168715815053258,0.0244431733198962,0.0193763906915898,0.0205207094680558,1.02450734952584,0.235118442691688
10,"gauss_cor",56,TRUE,668,0.0479438068492387,0.00512859871900872,0.0369149102334934,-0.318137353802041,0.305962052354977,0.168721459716385,0.219657464403397,0.577029464668519,0.00127238349980633,0.000136488874027344,0.00144218553403441,0.0211891172698713,0.00680209529328777,0.00457342706321926,0.00835011253635574,0.0200275240541658,0.410757178532993,0.0716142354494462
10,"gauss_cor",57,TRUE,257,0.0206420238847714,0.00107247079896458,0.0238081186220728,-0.433407332759548,0.201118441234347,0.0730530551042445,0.151925581295685,0.42649237102915,0.0010866839801344,4.87979466899744e-05,0.00119101892324395,0.0119565433903814,0.00631209404835228,0.0030537981066179,0.00587305374084231,0.0122072813083068,0.270283286764544,0.0327485999542664
10,"gauss_cor",59,TRUE,323,0.0388926560303752,0.00288778366301801,0.0300533794261256,-0.393165681396652,0.397411913641303,0.251757663789887,0.283880255260986,0.725300632400889,0.000871538304364339,6.06497094693088e-05,0.00103564646132595,0.0135921516163599,0.00663870119835793,0.00517624530814965,0.00856762992343668,0.0129980018075346,0.501754585220591,0.0537381025252847
10,"gauss_cor",67,TRUE,688,0.0473993318284096,0.00516032964111621,0.0394545974539333,-0.248916646955531,1.00470423587015,1.87064084061778,0.727960694269114,1.17815135815658,0.00123681724595754,0.000118019617783134,0.00151033407601288,0.0137673125355227,0.0180748792843379,0.0403388185067155,0.0231772318489365,0.0199922272429339,1.36771372758256,0.0718354344395314
10,"gauss_cor",68,TRUE,1145,0.118631492258025,0.0333568994242189,0.0917907256339549,0.155953022699326,0.988372812159831,2.17928748551664,0.743851095913343,1.1863091866282,0.00177362458032721,0.000459881689596572,0.00238911591579301,0.0180977484207839,0.0175031541642374,0.0417041280238354,0.0219030542712697,0.0182883641583254,1.47624099845406,0.182638712830054
10,"gauss_cor",69,TRUE,631,0.09533113814454,0.019763843884183,0.0725386603735241,0.0227803154969541,0.850608300258665,1.24149316985284,0.608242336919048,1.08878937757482,0.00209564272473541,0.00044506621147779,0.0025507207144347,0.0204053385726077,0.0167467583943794,0.0310023877879952,0.0207155240809364,0.02027488152155,1.11422312390869,0.140583938926831
10,"gauss_cor",70,TRUE,395,0.0715477050236424,0.0114667396381976,0.0542384138311195,-0.129421892250848,0.553282798614948,0.526237975988041,0.393293943796732,0.862118801087565,0.00171775322147577,0.000272213546274552,0.0020634125912503,0.0223479934998118,0.0138040741612092,0.0168416055421264,0.0158678649868374,0.0212339727571238,0.725422618883669,0.107082863419866
10,"gauss_cor",71,TRUE,389,0.0546500999075534,0.00555900663947079,0.040444441547007,-0.261412255706305,0.466399251664497,0.358129617933662,0.33017529437103,0.79267477633128,0.00117311288448382,0.00013943212245527,0.00130901992849545,0.0167469760866129,0.007602651342252,0.00697966799954245,0.00913801619405408,0.0151597213735257,0.59843931850578,0.0745587462305449
10,"gauss_cor",72,TRUE,713,0.0404194439413887,0.00316422343436285,0.0305510809319715,-0.399860756765306,0.27924527624517,0.16787690826845,0.218915310855092,0.592199430702478,0.00067159531730295,6.4204272557559e-05,0.000896757657943859,0.0121439266891712,0.00368474995573095,0.00261542328661114,0.00509873770437068,0.00998670353623768,0.409727846586548,0.0562514305094799
10,"gauss_cor",73,TRUE,410,0.0600214730287787,0.00763978607381849,0.0459542124354519,-0.192282577518505,0.415880496274494,0.2990245595111,0.301806418053547,0.752885440369427,0.00128828112801959,0.000163868040363748,0.00148496281143481,0.0163549590864745,0.00561453501099073,0.00454635143998608,0.00690312444834981,0.0147752366761042,0.546831381242061,0.0874058697904122
10,"gauss_cor",74,TRUE,562,0.0661791765760787,0.00836851122566981,0.0491600934952851,-0.159953315820151,0.399081993712934,0.259871064395508,0.284039034878613,0.718052449851159,0.00138010769947944,0.000191686233252714,0.00168265475978567,0.0169124203406658,0.00536484585529026,0.00431645879852017,0.00701089055077014,0.0143606141241253,0.509775503918645,0.0914795672577752
10,"gauss_cor",79,TRUE,495,0.274303487307958,0.190756445105175,0.223902581800622,0.598227461448867,1.42205449966794,3.77117566168342,1.072164406222,1.3800705448084,0.00467450232823363,0.0025350021871036,0.0061299842027034,0.0157649618401438,0.0292111639863161,0.089945277191517,0.0338623668546296,0.0190108805486032,1.94195150858188,0.436756734470317
10,"gauss_cor",80,TRUE,509,0.311466015317878,0.23583607767563,0.253735193816182,0.660086330852256,1.23464370696683,3.29288577199811,0.947850985630479,1.31690542182817,0.00748067581563711,0.00502509734397493,0.00911227970240778,0.0187583980989143,0.0274568363346518,0.0718143575953295,0.0308428638344076,0.0179370509793684,1.81463102916216,0.485629568370409
10,"gauss_cor",81,TRUE,408,0.20727768009637,0.151676835767612,0.17964644769632,0.465987439790114,0.825802771226029,2.03656133833184,0.684869614553334,1.14681715538062,0.00714989759728608,0.0034052062445284,0.00796142389687921,0.0237765233314691,0.0272808053186107,0.0463363812710503,0.0292837324022244,0.0210676202471876,1.42708140564294,0.389457103886438
10,"gauss_cor",82,TRUE,441,0.0486142629919884,0.00433177836587923,0.0371693441228653,-0.28476628440228,0.324553926079676,0.181358040921918,0.234516882958679,0.620514773100054,0.00143185927730515,0.000155180554652154,0.00167901753168572,0.0164839570797833,0.00711892206004023,0.00493759897837277,0.00859465327441942,0.0168300664921961,0.425861527872521,0.0658162469750382
10,"gauss_cor",83,TRUE,579,0.046566880300321,0.00404611827686573,0.0347740543118494,-0.335366058517857,0.350286965893792,0.18895904543177,0.243988720595014,0.642118859087493,0.00091939344758711,8.80780697565793e-05,0.00119085015192697,0.0167060276648996,0.00490029736887315,0.00368876926524918,0.00675657127124061,0.0175489769173293,0.434694197605363,0.0636091052984219
10,"gauss_cor",84,TRUE,816,0.111769121622669,0.0238867040878388,0.083487596667219,0.111487917735428,0.330478953491292,0.202881442897821,0.243739026046929,0.63787717605092,0.00152418328602923,0.000365291024847408,0.00208279281934864,0.0174035598373291,0.0055008808969513,0.00413189015448422,0.00719059077326617,0.0170885298072207,0.450423626043107,0.154553240301971
10,"gauss_cor",85,TRUE,908,0.0794480547378087,0.0148561695390558,0.0634976968998532,-0.0302153109680086,0.322130529012203,0.178654140303752,0.23266600205131,0.618664089135129,0.00164482792003537,0.000285011884274183,0.00196256719990584,0.014543388743431,0.00590012350173091,0.00404970323947064,0.00761860552236991,0.0149895278600465,0.422674981875852,0.12188588736624
10,"gauss_cor",86,TRUE,616,0.0484358313632408,0.00566206208967565,0.0373203832993987,-0.308711924463127,0.399924477541608,0.264750787804116,0.285074800784807,0.724289334700918,0.000833043846531554,0.000102094348318721,0.00105710738531203,0.0159304671214667,0.00678044044558507,0.00563970587666767,0.00829813635241544,0.0135730760961592,0.514539393831139,0.0752466749409942
10,"gauss_cor",87,TRUE,101,0.0387242837382904,0.00326951562182246,0.0299166453859762,-0.41040889181147,0.38506921929395,0.236201996488459,0.274385841922564,0.699003398055072,0.000629540066845265,4.57306231806694e-05,0.000778743874273365,0.0185564300052032,0.00529101523886487,0.00416823308490325,0.00715751078096501,0.0146274692367219,0.486006169187654,0.0571796783990821
10,"gauss_cor",95,TRUE,617,0.0285852289241725,0.00154697909278837,0.0236023964306102,-0.495628914564502,0.506912905114532,0.461363085616125,0.372367678229255,0.858703723791442,0.000847397628509028,5.50440386354709e-05,0.000987076157214667,0.013463530245184,0.0117421887747325,0.012614405435864,0.0137663336393254,0.0157452044546732,0.6792371350391,0.0393316550985128
10,"gauss_cor",96,TRUE,1009,0.0305926821715917,0.00193184713504085,0.0281796502104909,-0.383350889263994,0.46747371822378,0.419503223706486,0.360500242868444,0.854421530396338,0.00112606485161073,8.04994857883846e-05,0.00129296848546281,0.0127313266942783,0.0134852082442174,0.0141287686008374,0.0159785534347123,0.0154562247502233,0.647690685208986,0.0439527830181531
10,"gauss_cor",97,TRUE,592,0.0554470686342654,0.00639320193471722,0.045145019989035,-0.179916976000223,0.641203527084979,0.74772313144268,0.47210608924183,0.970764145322991,0.00153796683339349,0.000174123963211281,0.00189583076477184,0.0148961232413998,0.0172848281594296,0.0237834729529941,0.0194884482793039,0.0169643447214335,0.864709853906315,0.0799575008033469
10,"gauss_cor",98,TRUE,450,0.0638205615003366,0.00796487946885629,0.0476918339971796,-0.173227494701141,0.628002934636298,0.65676702196319,0.445099083108258,0.935462558407541,0.00134629137214547,0.000181369517068417,0.00148802286053515,0.017366630287726,0.0136489882909253,0.0172083027228429,0.0168704167750068,0.0189931582584159,0.810411637356714,0.0892461734129609
10,"gauss_cor",99,TRUE,319,0.0568717798256701,0.00579142567973299,0.04123479202027,-0.254508844018515,0.539431258668004,0.517745243725702,0.387562816666303,0.854450937876209,0.00104608124835958,0.000137297721278099,0.00143312363010786,0.0178131678437388,0.0121763806043443,0.0141979179121313,0.0139904556109329,0.021256961378853,0.71954516447941,0.0761014170678378
10,"nig_cor",100,TRUE,428,0.0651044564515916,0.00824653931726973,0.0484712715106492,-0.161668321441041,0.568200032377362,0.507746535886134,0.406759472784305,0.914367725018512,0.000958796204907809,0.000136307586603792,0.00103599641104749,0.0149390035447255,0.00847787593986915,0.00953053352061233,0.00943295399486194,0.0159463034695687,0.712563355699782,0.0908104581932595
10,"nig_cor",101,TRUE,423,0.0611759933733376,0.00737926570280956,0.0457482541218285,-0.198799896809651,0.523702811802666,0.440318712076078,0.373769501221669,0.870765681456812,0.000897078877650166,0.000119926170833576,0.00104395069450064,0.0135600727380246,0.0054480042043937,0.00554538925468141,0.00705451283564288,0.0136654573828871,0.663565152849423,0.0859026524783115
10,"nig_cor",102,TRUE,457,0.0757870384155174,0.0106030641182464,0.0554356511906538,-0.101228390833662,0.411717250637133,0.281785947708689,0.291738025151763,0.735349109637836,0.00111500182020443,0.000191881607957438,0.00138206365412444,0.0128650362174192,0.00451258422921834,0.00396655427677688,0.00542850988075715,0.0121165919234178,0.530835141742414,0.102971181008311
10,"nig_cor",103,TRUE,426,0.0870788226874784,0.0138430585511506,0.0636981856171686,-0.0272494776947473,0.331624176039886,0.180383786089823,0.236263536428947,0.630264285530417,0.00127576711991595,0.000220783247577502,0.0016068653544325,0.0123548305180707,0.00391717630492004,0.00271199386291931,0.00506582193410562,0.0096100674573435,0.424716124122717,0.117656527873087
10,"nig_cor",104,TRUE,565,0.0738117303578232,0.0119719272158094,0.0558625932057948,-0.1176697383465,0.316382189588447,0.187434065932335,0.230863548821246,0.602969146650557,0.00133746179279128,0.000253624963741157,0.00150027020796653,0.0134195705052992,0.00579028189722648,0.00434949899494435,0.00665634478045508,0.0154454276413137,0.432936561094504,0.109416302331094
10,"nig_cor",105,TRUE,239,0.0570176028607432,0.00591533097664092,0.0417986056547692,-0.239215538617413,0.253549943368085,0.114644319992796,0.179608376091843,0.472007050561855,0.000686270504802839,7.94047590716562e-05,0.000823114346992053,0.0105435966886349,0.00412061681019789,0.00262306298569265,0.00460252940992778,0.0106718810427989,0.338591671475829,0.07691118889109
10,"nig_cor",107,TRUE,367,0.0918455989340152,0.0462557007435146,0.0735185761513937,-0.0231203609014372,0.540121265087679,0.490735344480208,0.381370922002753,0.857845994924467,0.00167237715221479,0.000699898753224657,0.00174927165584257,0.0158981371315358,0.00788090070459111,0.00942436168663537,0.00879486895543726,0.0127183115553272,0.700525049145431,0.215071385227125
10,"nig_cor",108,TRUE,404,0.0469539042135619,0.00476387188664336,0.0387557640428113,-0.251609699007431,0.550157294904248,0.569808152417679,0.395914422019744,0.866820311154647,0.00112322750062135,0.000137968689842739,0.00114490513088327,0.0100458585841313,0.00960624555089431,0.0126326370210765,0.0103078704800507,0.0132751786494535,0.754856378669266,0.0690208076354034
10,"nig_cor",109,TRUE,643,0.0371241730249022,0.00277553609269243,0.0276219448768362,-0.457356474026815,0.420205866856426,0.309376713729326,0.300720620772616,0.739914467284509,0.000740909358707936,6.68655126219451e-05,0.000765982494056476,0.013112457568204,0.0108074297644625,0.0101738854799604,0.0102335196838719,0.016882090859644,0.556216427058143,0.0526833568851913
10,"nig_cor",110,TRUE,555,0.0569971418898012,0.00629532042931772,0.0429893377828648,-0.224327520379816,0.367297358666065,0.216386571249316,0.260051464381422,0.672153605608435,0.00160158820818791,0.000282823931758522,0.0014892799411615,0.0138312743154433,0.00847476355004412,0.00683294085787808,0.00827545431618126,0.0160293016906686,0.465173700083438,0.0793430553313755
10,"nig_cor",111,TRUE,342,0.0669671644307481,0.00835160248002124,0.0479693511029068,-0.181330504116409,0.367015392533457,0.212899678772258,0.257503498503363,0.667002759011306,0.00214757455170067,0.00044077700162625,0.00213846512753155,0.0196706303802369,0.00686620179729869,0.00588384506363961,0.00713485203473073,0.0139505371082555,0.461410531709299,0.0913871023723875
10,"nig_cor",112,TRUE,358,0.061420822922901,0.00818351700673117,0.0458880213258018,-0.21778424493477,0.337700813484406,0.176764328943671,0.236798280226084,0.624795949752887,0.00101675060679762,0.000184636032512692,0.00118549365077982,0.0147120710351785,0.00357753986368399,0.00246492293413989,0.00472411774783647,0.0116471026078132,0.420433501214724,0.0904627934939618
10,"nig_cor",113,TRUE,523,0.0488513304214754,0.00397819139688687,0.0349472873378969,-0.327240080801097,0.320262502893108,0.159680991350464,0.223506080421332,0.597531198141136,0.000806768711681984,8.39303677213568e-05,0.000931160156177799,0.0113486454003452,0.00304143628137711,0.00197704548393709,0.0038837138214739,0.00904868593393652,0.399601040226954,0.0630729054102225
10,"nig_cor",114,TRUE,163,0.0454423543575523,0.00367487226731848,0.0386374138733141,-0.217709843407653,0.321717050273867,0.170116611244794,0.227528531196,0.596104849396186,0.0011296852851788,0.000113623654863387,0.00120765378576327,0.00851621061797871,0.00586466374055795,0.00436765899394515,0.0064270824282474,0.0129973826078387,0.41245195022547,0.0606207247343553
10,"nig_cor",120,TRUE,878,0.0698147946391273,0.00929698012013144,0.0526421632959488,-0.122872493730517,0.298925949056895,0.151457618621683,0.212625469512864,0.56813443976315,0.00103987947569434,0.000158790726531846,0.00118333902365989,0.00996282551287122,0.00401145124453126,0.00259150350694318,0.00474865207095212,0.0113133601828631,0.389175562724181,0.0964208489909285
10,"nig_cor",121,TRUE,772,0.0861326073781867,0.0161011936886157,0.0628183165526335,-0.0455782789323172,0.293586483954445,0.142651524466862,0.205343192760657,0.548173353356541,0.00192644966219259,0.000673725021854196,0.0018673911043188,0.013015942007624,0.0033630575288488,0.00225793763810473,0.00404936340043972,0.0109307283407742,0.377692367498818,0.12689047910941
10,"nig_cor",123,TRUE,360,0.497375023989756,0.46992386782809,0.366975616157892,0.846037438072904,0.425491702207328,0.328321510317364,0.314206324934994,0.794024731426187,0.008883340809779,0.00936970048334459,0.0090925020511996,0.0164156075642413,0.00681950669604489,0.00608092253537084,0.00706314957570789,0.0172311325369052,0.572993464463046,0.685509932698345
10,"nig_cor",125,TRUE,442,0.075826249554017,0.0132918559470174,0.0589664499839876,-0.0745123752988779,0.271602106087459,0.136361401766383,0.19959154927089,0.536738166712921,0.00147501956383272,0.000289353384318134,0.00160283754738019,0.0109674142702139,0.00446725080157445,0.00271880236083507,0.00489267084303077,0.0106348310471664,0.369271447266618,0.11529031159216
10,"nig_cor",126,TRUE,898,0.0759053844989802,0.0128790912206942,0.0563397787649828,-0.103998228653262,0.487106951384012,0.413121052886633,0.349706513866016,0.824429100929932,0.00173143358982673,0.000425876622644454,0.00164756553141119,0.0144758812626493,0.0090782754428551,0.0102566126373803,0.00977378961126558,0.0165599491810734,0.642744936103454,0.113486083819534
10,"nig_cor",127,TRUE,971,0.0581685074567633,0.00703396373555483,0.0432736197127713,-0.234811218933286,0.463205772461781,0.356888535816309,0.330158083072524,0.791538373012245,0.000830297228527573,0.000138211954504555,0.000926563403745505,0.0115680262404843,0.00796508274240656,0.0075422992366092,0.00806701591728933,0.0126625201327422,0.597401486285654,0.0838687291876706
10,"nig_cor",128,TRUE,478,0.0657773576582215,0.00765321127121009,0.0473814603020575,-0.182445764040826,0.441381202410237,0.344995838690149,0.317944395183932,0.768881333273227,0.0010027668111591,0.000143821760493384,0.00112585639573172,0.0127062938271774,0.0072658652401983,0.0068981868533708,0.00777130928272538,0.0135781661598057,0.587363463870668,0.0874826341122059
10,"nig_cor",129,TRUE,321,0.0642591775376459,0.00725255427526492,0.0470593513887116,-0.179852739743674,0.327936842159513,0.228301985395543,0.245063157746771,0.643734771377459,0.00106503954250868,0.000148623229181883,0.0012150689491809,0.010964478885359,0.00881632208376653,0.00660531754790867,0.0112926047586297,0.0180146509838783,0.477809570221802,0.0851619297295741
10,"nig_cor",130,TRUE,331,0.0565571249944541,0.0066743745923257,0.0428839253226017,-0.230409305487945,0.307678867942568,0.194371267260647,0.224882034548431,0.579104760781149,0.000875898956106829,0.00011098791220633,0.00107070295831319,0.0112250486444337,0.0108007926568704,0.00942382420356412,0.00943310483725542,0.0182324910914127,0.440875568908787,0.0816968456693751
10,"nig_cor",131,TRUE,294,0.0572674481902562,0.00665531158536802,0.0438811848906487,-0.209994768332906,0.267643948278775,0.119981904704903,0.192946055930583,0.534512283057503,0.00105955770940329,0.000139828417253801,0.00115462337035943,0.0117112850323983,0.00454280996812403,0.0023394738414026,0.0051123585893972,0.0115949990110991,0.346384042220341,0.0815800930703564
10,"nig_cor",132,TRUE,374,0.0645112755278986,0.00861840259354827,0.0487404407438707,-0.169876083934858,0.257035553044604,0.111425151872917,0.183420888352527,0.505665540223838,0.00121301344366393,0.000178668810054689,0.00143456961137043,0.0135291417143617,0.00379653023368615,0.00209315955518099,0.00457917277097006,0.0111012348004662,0.333804062097688,0.0928353520677779
10,"nig_cor",133,TRUE,715,0.0801386753453389,0.0137503659854608,0.0598083813046905,-0.0729381818563064,0.222283270068354,0.0840791761459921,0.15943497988462,0.428691639281182,0.00133607355150092,0.000253489464722757,0.00131680301383868,0.0123704836285686,0.00335294885352482,0.00158474973529211,0.00378136415152255,0.0107103018859221,0.289964094580678,0.11726195455245
10,"nig_cor",134,TRUE,382,0.109916291853098,0.0247175754679223,0.0830636239944058,0.109921253420442,0.244644007069305,0.0987297268724864,0.173153472723041,0.470551794608627,0.00167042546358674,0.000414263023711228,0.0018785766172326,0.0164667574336896,0.00346511869689286,0.00186601789855322,0.00398828901931912,0.0108154681354179,0.314212868725147,0.157218241524075
10,"nig_cor",135,TRUE,329,0.111177063423056,0.0211546978115942,0.0801379912262209,0.086594514132367,0.276149566441463,0.119440151760293,0.192703326846117,0.521374549446256,0.00155480399052112,0.000360521014331888,0.00190853369518073,0.013877059693502,0.00357761776361157,0.00211769832432589,0.004133649065185,0.011658066245322,0.345601145484637,0.145446546234671
10,"nig_cor",136,TRUE,301,0.110983951081205,0.0272502036022861,0.0847110133260879,0.0925533591802574,0.35213735688767,0.199008765929885,0.249517130921082,0.659607959553751,0.00187170476719477,0.00050991211281097,0.00209759610953376,0.0138062680689223,0.00414843870443345,0.00304678493060101,0.00517770227151555,0.0139393548857311,0.44610398555705,0.165076356884583
10,"nig_cor",137,TRUE,295,0.103616953364765,0.0652173167328983,0.0799375999243116,0.0125364280476427,0.367735238080332,0.237430849239437,0.264940252059574,0.681890184875937,0.00257891478445973,0.00390712605432553,0.00383741542259983,0.0172313033432884,0.00519144455508946,0.00460448674169161,0.00608100891404961,0.0148919692212405,0.487268764892063,0.255376813224886
10,"nig_cor",138,TRUE,168,0.0938269521669578,0.0156682426275289,0.0698119156725399,0.0322556671931029,0.406958787143898,0.288341324584659,0.290244407501516,0.720994398550161,0.00196408304996717,0.000421743740341271,0.00211507393515467,0.0109707799609571,0.00795146401091249,0.00797337727333338,0.00922222417207729,0.015937041395695,0.536974230838556,0.125172851000242
10,"nig_cor",139,TRUE,235,0.119087893269253,0.0337916213229387,0.0914040744069092,0.142164372499649,0.439140582748351,0.337445159589077,0.316103678252221,0.768750140418669,0.00211279056385277,0.000684321330788043,0.00245241088001927,0.0177972999647214,0.00671433079939097,0.0060594543908213,0.00862846295702555,0.0123570264889553,0.580900300902898,0.183824974698594
10,"nig_cor",140,TRUE,182,0.0986706514134918,0.0151499321224023,0.0690312147942855,0.0144540492798714,0.358170546876236,0.251565836170953,0.263764940971775,0.675558831479932,0.00138518277447264,0.000280478908916495,0.00164884551611346,0.0139783997571217,0.00694048061031302,0.00711122036773506,0.0081100532055758,0.0123041804094413,0.501563391976481,0.123085060516711
10,"nig_cor",141,TRUE,264,0.117157645210329,0.035760543307975,0.089522527476555,0.120845300977478,0.270465403619656,0.139859232998546,0.202388887950414,0.54814932902266,0.00409293193881782,0.00399826222817252,0.0032251093592402,0.0168933030766654,0.0095743408752298,0.00784302962494169,0.00831190250723867,0.0152302686555063,0.373977583550867,0.189104582990405
10,"nig_cor",142,TRUE,343,0.14241915512804,0.0441447892546496,0.108435907053965,0.225408164591293,0.244235300393839,0.100742074310282,0.175503666825875,0.471042285844182,0.00436749006611743,0.00151454972349785,0.00443159841401823,0.0254488052405274,0.0038978010794253,0.00210020845521102,0.00466713919386998,0.0123473003797313,0.317398919831624,0.210106614019287
10,"nig_cor",143,TRUE,415,0.126708973068827,0.0416965766006675,0.0962986978671155,0.121097971460649,0.2628753977538,0.107166471710226,0.183150737190764,0.500318155417484,0.00702867016159308,0.0044964128600897,0.0069553101650473,0.0278835489517883,0.00230440206868754,0.00123554483262462,0.00315112241968885,0.00814168234942007,0.327362905214116,0.204197396165249
10,"nig_cor",144,TRUE,473,0.0664585357911908,0.00956775634582352,0.0508738303115748,-0.149394469164001,0.263525618161067,0.106373477526086,0.183758138814849,0.5005357575266,0.00183920440060124,0.000292968160517777,0.00187590631688772,0.0154017179957074,0.00207092705248031,0.00112155893619793,0.00280810904880321,0.00750450507080977,0.326149471141816,0.0978149086071419
10,"nig_cor",145,TRUE,449,0.081809439013499,0.012298165319075,0.0595162720841214,-0.0667916931105571,0.345590449498641,0.186522391350727,0.242505060252364,0.638488991550692,0.00214597446783435,0.000381643272456056,0.00238334945844224,0.0169270154377084,0.00391802379794096,0.00279008061225037,0.00486078700031688,0.00975949748944128,0.43188238138494,0.110897093375232
10,"nig_cor",146,TRUE,303,0.11022841953096,0.0313044919227481,0.082478856851172,0.0799882536690878,0.457043263389545,0.371948475155973,0.327970031083862,0.788627017724196,0.00248208333938421,0.00140351059035967,0.00261601687158086,0.0199882878605139,0.0060901648141513,0.00569198907966356,0.00638455504236212,0.01154867655352,0.609875786661491,0.176930754598368
10,"nig_cor",152,TRUE,171,0.0908255661582252,0.0155385032140416,0.0665432194923693,-0.0117143889128311,0.241641195664234,0.0984037944941783,0.174797792954424,0.48244146454684,0.0012150550366264,0.000283070774726848,0.00136794829162399,0.0142849216929287,0.00381188339420844,0.00212386275013552,0.00466448542536263,0.0103650746030455,0.313693790971671,0.1246535326978
10,"nig_cor",153,TRUE,412,0.0943085903332853,0.0205364636970239,0.0711564852433094,-0.00993078672967822,0.283942618933096,0.14726984423235,0.203707584863901,0.540133111367812,0.00258466806015472,0.000692974212891089,0.00254746239055132,0.017785865529459,0.00474591767018287,0.00303812307433076,0.00522199778682556,0.0127337510948558,0.38375753312782,0.143305490812543
10,"nig_cor",154,TRUE,595,0.207358266964677,0.182944626531836,0.157750257162728,0.378889204901348,0.243567307437833,0.0958353759792443,0.172454426292676,0.473796838604629,0.00786174060397041,0.0101192581813523,0.00718587892728734,0.0287355470408637,0.00349982678583252,0.00174491000163309,0.00388447946679456,0.00963396709726039,0.309572892836638,0.427720266683537
10,"nig_cor",155,TRUE,118,0.493531677347898,0.473247952344265,0.379952154715221,0.894002776174385,0.210318890826433,0.0734857709446167,0.15079844537748,0.409321450175773,0.0199616166002441,0.0255011696926934,0.0242342020042833,0.0444803179077328,0.00480881022038778,0.00183723162093639,0.00519971203158442,0.0131745296683001,0.271082590633587,0.687930194383315
10,"nig_cor",156,TRUE,863,0.315630344633099,0.224903874964579,0.238626958802538,0.618156668335689,0.232384438672217,0.101304686669752,0.171394011055624,0.475062280338983,0.00554075975544579,0.00450664070096325,0.00584885345148607,0.012598216079001,0.00358022110393622,0.00188060139973052,0.00388370087059094,0.00904087942113562,0.318283971744969,0.47424031351687
10,"nig_cor",159,TRUE,199,0.114424348443511,0.023415036792889,0.0831283735907713,0.103639792286085,0.233746718246388,0.105244323380134,0.170631518304336,0.458859327088243,0.00132782765835434,0.000324998953214347,0.00158155865289921,0.0128849488781987,0.00372016393289613,0.00194031373928051,0.0045582841871311,0.0127779941499063,0.324413815026632,0.153019726809614
10,"nig_cor",160,TRUE,555,0.078027242792524,0.0115117857458415,0.0567244980711874,-0.0952110530852706,0.171114564673742,0.0551764948472351,0.134802610120255,0.38324460827452,0.00124192165969112,0.000223020048589586,0.00132698349495635,0.0102414634989629,0.00436282247087472,0.00202798575581175,0.00425202363161785,0.00897397760714902,0.234896774876189,0.107292990198994
10,"nig_cor",161,TRUE,436,0.0815200413665392,0.01181588166457,0.0587874732572748,-0.0708417175464426,0.173518316850554,0.0484861346227062,0.131130668999939,0.372166354389362,0.00116621743232145,0.000186407711314743,0.00130279400135474,0.0121592160739794,0.0028720401429198,0.00108080939354652,0.00346592918779178,0.00792147304270443,0.22019567348771,0.108700881618182
10,"nig_cor",162,TRUE,314,0.111716667886312,0.0211640332675883,0.0801709295055221,0.0917893138556612,0.155503860762377,0.0380347042908395,0.109581527712978,0.249774518411239,0.00136147289920854,0.000309310351170578,0.00170194650333701,0.0129176043678823,0.00227142345344782,0.000721926426056103,0.00286554070321452,0.00996435288140613,0.195024881209654,0.14547863508979
10,"nig_cor",163,TRUE,295,0.103136040786755,0.0176164612359333,0.0737523144593064,0.0464005109215958,0.165886025796718,0.0432151970736471,0.116771746818241,0.276396167534091,0.00160031126235631,0.00034067428770995,0.00186549330818238,0.0115942253383439,0.00205640770371967,0.000686208135843803,0.00239306188016985,0.0126037260811496,0.207882652170995,0.132727017731633
10,"nig_cor",164,TRUE,315,0.117497582779292,0.0244005975003924,0.0854763272099909,0.115080133598133,0.176258214318826,0.049999522822996,0.123290056769874,0.295525133727911,0.0018978873316494,0.000484245866581178,0.00224196367192885,0.0160277048898194,0.00246510480673476,0.000951089358268869,0.00311091862862294,0.0130599900672086,0.223605730747215,0.156206906058575
10,"nig_cor",165,TRUE,437,0.118218623025634,0.0285483617573957,0.0883502142654271,0.134123290513835,0.185683782006827,0.052995703633913,0.129441589662706,0.330882552152162,0.00190161243348151,0.000497679533205255,0.00206786728648255,0.0143362886899182,0.00258720101988428,0.000994797890061805,0.0031259017305752,0.0102103097197556,0.230207957364451,0.168962604612369
10,"nig_cor",166,TRUE,391,0.124677219983726,0.0274621232251739,0.0902888732590721,0.141660529854927,0.204602183812399,0.0766763785243597,0.148827114112064,0.395689383698835,0.00170721998002119,0.000469909435607981,0.00206131994689356,0.013784641455807,0.00319550832849916,0.0013524599241148,0.00342461763179143,0.011272098142294,0.276904999096007,0.165716997393671
10,"nig_cor",167,TRUE,331,0.119524770201568,0.0269419540963269,0.0871583388056939,0.120332180046015,0.21452384522799,0.0759299896613511,0.153028329686268,0.413563996468377,0.00176736428184582,0.000449951654191654,0.00214806679970347,0.012630045172481,0.00303415766666404,0.00137212771070539,0.0037146166360526,0.0113553690994048,0.275553968690983,0.164140044158416
10,"nig_cor",168,TRUE,370,0.112617795584834,0.0224710737879522,0.0821693425404744,0.0956124878147461,0.262006986851768,0.11610045801621,0.186414717348352,0.504510034928946,0.00144343918065429,0.000341366462600976,0.00168496064801213,0.0126465343285318,0.00368254544947454,0.0020191030035258,0.00472702526671922,0.0122109175334811,0.340735172848666,0.149903548283395
10,"nig_cor",169,TRUE,262,0.132495921396935,0.0295439191307053,0.0952486193371472,0.174233777630301,0.301402552654239,0.176104624114919,0.222669953932492,0.594178836869421,0.00164200475625273,0.000408875515361601,0.00215040785106681,0.0125507687571111,0.00396499885461181,0.00264384941614219,0.00483291141949937,0.0108506546445792,0.419648214716706,0.171883446354515
10,"nig_cor",17,TRUE,191,0.0873900780187656,0.0306919771161691,0.0724608052003364,-7.78546745624116e-05,0.369752158019216,0.30433837206656,0.276339257976223,0.698782489279675,0.00229834900921671,0.00101160739089065,0.00285646585117521,0.0443934671567606,0.00902489951796218,0.00996910951881348,0.00891220920054425,0.0201565176505536,0.551668715867195,0.175191258675109
10,"nig_cor",170,TRUE,287,0.143707255386963,0.0340020556918138,0.101770252579637,0.205727991300716,0.295286521921413,0.154636390065001,0.21976683161203,0.60949997872972,0.00165721703600633,0.00046427881973598,0.00219158794891977,0.0119352132897919,0.0048833736176236,0.00288596411290352,0.00549812821634542,0.00907959713875049,0.393238337481229,0.184396463338682
10,"nig_cor",171,TRUE,423,0.147664676380807,0.0371607665841552,0.105956074341321,0.21998751943046,0.213561652173492,0.096471575399799,0.174838277554197,0.518860821509885,0.00213538314321265,0.000678693172970928,0.00244655707996787,0.0124366459702925,0.00490407159081325,0.00237219685649132,0.00455877319510013,0.00817479151309902,0.31059873695783,0.192771280496227
10,"nig_cor",172,TRUE,414,0.181944122657853,0.0598129222703263,0.132933787385146,0.330193325926703,0.236013965693175,0.0975660019856859,0.184872711418107,0.545683920504254,0.0025199246929942,0.000985067166543444,0.00297842013156893,0.0124257999464517,0.00467338557554063,0.00245856203535968,0.00546627171649146,0.00904776656488451,0.312355569800966,0.244566805332053
10,"nig_cor",173,TRUE,391,0.204864173324763,0.0714729903545156,0.148566981735349,0.395593765363701,0.373092697197861,0.275032612825249,0.287643884222261,0.744289425479417,0.00298804344283687,0.00126452610286247,0.00373785199919011,0.0125583765490579,0.00814709163567121,0.00716331082302855,0.00842885906406178,0.0104282078577797,0.524435518272027,0.26734432919835
10,"nig_cor",175,TRUE,141,0.350337642005843,0.55752669033244,0.291845709290903,0.61767666558016,0.301663825540865,0.257028618677397,0.245239189014358,0.61946577466639,0.00678723792136874,0.0141024887682505,0.00844031640665943,0.0162089360528878,0.00973752439689502,0.00741682016361844,0.0100304980945599,0.0147016769219787,0.506979899677884,0.746677099108068
10,"nig_cor",177,TRUE,202,0.296053447673926,0.206384260662075,0.227089544465912,0.626574917624518,0.174816261303641,0.0526147666083693,0.127111383574967,0.318352602987543,0.00513549714327652,0.00373088821517854,0.00559662565959412,0.0211164555568976,0.00267566669746749,0.00101406889834348,0.00302370510627994,0.0103739805270633,0.229379089300593,0.454295345190852
10,"nig_cor",178,TRUE,278,0.207134536962335,0.085861205029815,0.149627028112324,0.393320870294527,0.194394880439872,0.0687800326810563,0.141408399799805,0.368143486792279,0.00524673490680567,0.00327102306930416,0.00648953429986838,0.0239877246975165,0.00318393815865823,0.00126960812925001,0.00362696433428677,0.0145187644053174,0.262259475865137,0.293020826955722
10,"nig_cor",179,TRUE,284,0.146899157854326,0.0395598419587199,0.106803692311003,0.230603642791878,0.267785665061611,0.123261011426831,0.193875996351193,0.523880127016114,0.00280725534351413,0.000864967097669542,0.00291394766087684,0.0171616815066662,0.00289021648130516,0.00164106355208937,0.00371767764967869,0.0108177508315252,0.351085475955402,0.198896560952471
10,"nig_cor",18,TRUE,976,0.0344622184455521,0.0147989309574589,0.0292037135373853,-0.499675856237488,0.379044123736529,0.335329416723155,0.275259115934834,0.683171173317475,0.00131538958410748,0.000823632824533829,0.00154569110498048,0.0211728339169547,0.00856733377492137,0.0125954869751695,0.0104280571832995,0.0195180184954939,0.579076347922409,0.12165085678884
10,"nig_cor",180,TRUE,627,0.131047627016784,0.0309576946414212,0.0947962537458838,0.164534305641232,0.37581159144491,0.243033278446114,0.270458113400129,0.691235268646899,0.00199607465562557,0.000574154901771467,0.00220947590877717,0.0127861396161276,0.00373271968957306,0.0029332146993875,0.00474868006345278,0.00957671935218091,0.492984054961328,0.175947988455172
10,"nig_cor",181,TRUE,204,0.215968277620647,0.0872054528101281,0.160140109751827,0.438584137184222,0.515226391763885,0.497076981312361,0.38515532558695,0.888989420009017,0.00309239513947832,0.00151800356508811,0.00344036547673544,0.015731224280475,0.00733978626858244,0.00901552191687265,0.0097028164335525,0.0191781681002885,0.705036865215118,0.295305693832896
10,"nig_cor",187,TRUE,128,0.0696150442927867,0.0101861785925851,0.0522959425752188,-0.117294837155689,0.482337773094974,0.432204318792536,0.354918383861253,0.84499161407109,0.00143063575439599,0.000186249454752781,0.00194912911720511,0.0135939283054694,0.0117255416411612,0.0119994809586851,0.0117724151258463,0.0253018645397416,0.657422481204085,0.100926600024895
10,"nig_cor",188,TRUE,260,0.0647688650411577,0.00821257589107845,0.0509708636388434,-0.117035489285295,0.388188282789395,0.272955982521926,0.285262035844848,0.726394011953997,0.00216472094943422,0.000357171709441743,0.00202098909505738,0.0130239272862985,0.00586311510645905,0.0047793652921898,0.00583395463446594,0.0130390155442595,0.522451894935721,0.0906232635203481
10,"nig_cor",189,TRUE,346,0.148473363511009,0.0446382347697286,0.112821803429949,0.253526851625901,0.264275596268416,0.125797799238995,0.190839250662727,0.513245353114668,0.00335216925116748,0.00123939298757628,0.00348363583948293,0.0132540405813921,0.00571114688434894,0.00362392666277608,0.00609609014205665,0.014978446936643,0.35467985457169,0.211277624867681
10,"nig_cor",190,TRUE,452,0.193147301942251,0.0802905050533927,0.146244843899128,0.380523447835468,0.20212369102525,0.0774330285304767,0.147200475291467,0.37604400244676,0.00360575882178137,0.00154549346369767,0.00380963814299336,0.0109300448420742,0.00328659867530845,0.00158032122954447,0.00352144665578859,0.0121844938721372,0.278267907834297,0.283355792341347
10,"nig_cor",191,TRUE,616,0.219734497672802,0.0833608776459305,0.158041722359815,0.42599001695778,0.180793221897605,0.0536058008249051,0.12827366880268,0.323362730805227,0.00294044534553395,0.00131718918301568,0.0033057509094671,0.0109057610189209,0.00338226952206142,0.00127235795113199,0.00362934855886378,0.0115879522207561,0.231529265590562,0.288722838802078
10,"nig_cor",192,TRUE,351,0.259908271638134,0.111596138422142,0.184100293906753,0.501243799767993,0.200682089880324,0.065983344432788,0.141365183369154,0.367290616627281,0.00322067015565172,0.00172334588217984,0.00378125858825824,0.0113830896010591,0.0022089906272907,0.000939835795600267,0.00255388352055895,0.00936868622426305,0.25687223367423,0.334060082054324
10,"nig_cor",196,TRUE,182,0.102465772270313,0.0205027739655805,0.0749344901722186,0.0332287530259177,0.270139362180404,0.122374944951421,0.193385103202939,0.542292321116783,0.00219671838781339,0.000563840720871999,0.00220961404947738,0.0175675708093931,0.00347624074087146,0.00234635427558083,0.00434070672933362,0.0168142946160572,0.349821304313246,0.143187897413086
10,"nig_cor",197,TRUE,273,0.113731086485971,0.0276228700832232,0.084569407555844,0.103495999735318,0.21361838519961,0.0792815553387832,0.153538478996418,0.408607104201116,0.00205857831374367,0.000527268247537904,0.00224360870186303,0.0150548387804579,0.00325061096526996,0.00157577977189429,0.00359368434376709,0.0136136201240052,0.281569805445796,0.166201293867476
10,"nig_cor",198,TRUE,400,0.134751648825774,0.0330115524745196,0.0986908701164379,0.186682095099094,0.173592240899755,0.0534708277993314,0.124370711595643,0.302771164245699,0.00180117383562103,0.00051024530303866,0.00205771482969683,0.0108380262234696,0.00217837521572362,0.000791616517967753,0.00270678661120681,0.00995812639280583,0.231237600314766,0.1816908156031
10,"nig_cor",199,TRUE,434,0.15895824214223,0.041879432585518,0.113647174020831,0.259593206571874,0.173890816224049,0.0548267684328736,0.125653554429993,0.309178990959152,0.002249640380138,0.000734494700974037,0.00262728543345077,0.012962541572403,0.00260496214902864,0.000971356591048505,0.00285255023877599,0.0102664375742464,0.23415116577304,0.204644649540412
10,"nig_cor",200,TRUE,474,0.119174758607522,0.0296281085466822,0.0897972749352549,0.134457400976288,0.227067281128139,0.108041687852451,0.164063053506007,0.42910433229933,0.00245609137634109,0.000725056157303651,0.0025986732574324,0.0135811218186136,0.00515908793768347,0.00360501263596839,0.0051371169259927,0.0167498186531327,0.328696954431359,0.172128174761374
10,"nig_cor",201,TRUE,442,0.103060074501998,0.0195398703276701,0.075687887986298,0.0580749977664512,0.302732715966374,0.163901409914062,0.220088269493511,0.595910227797488,0.00210932504700537,0.000515546923711975,0.00223966976673609,0.0127680304730482,0.00596052655921628,0.00443832101249839,0.00603065131637942,0.0179478150236105,0.404847390894473,0.139785086213337
10,"nig_cor",202,TRUE,407,0.0981336110397902,0.0180590789157182,0.0723063866416944,0.0371292814575294,0.316133240383329,0.165752219098425,0.224265577507745,0.599109818594103,0.00234377918461459,0.000533381646987726,0.00241283432442855,0.013837297690154,0.00364653445122729,0.00257413665392277,0.00449986853032187,0.0113789013158861,0.407126785041742,0.134384072403385
10,"nig_cor",203,TRUE,459,0.0961956557227734,0.0160713462815358,0.0690403059097537,0.00559378397315686,0.366381433332013,0.227472868410646,0.261928484677106,0.679315010760312,0.00300872484304135,0.000660184200179246,0.00279539373612765,0.0177822684394562,0.00420786381589392,0.0033055843887673,0.00491059947413994,0.012220789777862,0.476941158226721,0.126772813653148
10,"nig_cor",204,TRUE,422,0.101928283460369,0.018051313290804,0.0741322109258492,0.0476019759907525,0.370686762903995,0.23474811922068,0.264272637992473,0.678288229389416,0.00117436109377743,0.000244894333798052,0.00138444322902493,0.0109668351821775,0.00475330579844474,0.00384652627229171,0.00576424029109918,0.0114511937358858,0.484508120902715,0.134355175898824
10,"nig_cor",205,TRUE,492,0.12448350571054,0.0243424031960132,0.0872644219914344,0.126580680504654,0.48601527085698,0.421518233293327,0.355169214970034,0.841823982578298,0.00141483343037411,0.000361088474147322,0.00181259756464388,0.0108732308949601,0.00370860908121108,0.00377928251877518,0.00486866027717623,0.0105959620192424,0.64924435561145,0.156020521714335
10,"nig_cor",206,TRUE,415,0.137312819656886,0.0298679037293219,0.0970612717446085,0.181057614446145,0.465948524382525,0.422911530865993,0.342331852399551,0.810023917166533,0.00144244391141851,0.000394366869284561,0.00181466136630156,0.00966213148832118,0.00611671161749132,0.00662185467829448,0.00647567878307505,0.0122040079605404,0.650316485156261,0.17282333097508
10,"nig_cor",207,TRUE,482,0.151815147181426,0.0406264661898734,0.109776123382822,0.232391049269569,0.540521572966053,0.512615304108217,0.391357865195643,0.888542735133193,0.00256781497961465,0.000868738567063273,0.00294907874697206,0.0135175488463089,0.00800272485407349,0.0102826726442635,0.00877890333386395,0.0160915809481739,0.715971580517144,0.201560080844083
10,"nig_cor",208,TRUE,551,0.169386761334092,0.0554777833805923,0.127267606399889,0.315747612984421,0.562717357478884,0.613500496628816,0.411917439694853,0.911431517513084,0.00310211105855826,0.00121992206626762,0.00337441286213515,0.0124906954409269,0.011226119840309,0.0171925002179496,0.0116285315251766,0.018739206877321,0.783262725162391,0.235537222919419
10,"nig_cor",209,TRUE,462,0.236753891842337,0.119390364650881,0.178324268497955,0.469948704294246,0.66593352457415,0.872239203277882,0.489003746936198,0.981781707552985,0.00578896542470641,0.00347377902184239,0.00552441140575994,0.0168441682308984,0.0123180618575024,0.0191054496787888,0.0121711073749586,0.0134138321421426,0.933937472895205,0.345529108254111
10,"nig_cor",210,TRUE,259,0.400497059040427,0.321080787503764,0.296747395606387,0.744727046894088,0.921159842803653,1.89759928858652,0.675222488928928,1.16324835881932,0.0116260473588909,0.0116398060464081,0.0112916047415583,0.0215931836551901,0.0173122251680698,0.0340476857805539,0.0184333052435815,0.0193652292461064,1.37753377039785,0.566639909910839
10,"nig_cor",214,TRUE,100,0.0989386410997895,0.0159876347594233,0.0747043244372168,0.0829070974240494,0.15084825140975,0.035535703161267,0.108090302916615,0.2458588560313,0.00218440867198899,0.000441934081149094,0.00259109893515927,0.0116185438294429,0.00295332050720178,0.000935390929248758,0.00324757627037255,0.0129454939580954,0.188509159356428,0.126442219054489
10,"nig_cor",215,TRUE,254,0.110797025674811,0.0248621512086269,0.0833983773767847,0.0985102033746194,0.192650019711693,0.0567796383158475,0.133282012007017,0.343786928073496,0.00229075924810037,0.000580840679992716,0.00247469865347668,0.014963974988177,0.00309583743042626,0.00122357417641072,0.00338563742958898,0.0111902511806155,0.238284784062784,0.157677364287417
10,"nig_cor",216,TRUE,431,0.160474544305422,0.0510978068533414,0.119376072700718,0.289918010174364,0.250420636263857,0.110871584919453,0.180289036253263,0.491867376853674,0.00206542797207191,0.000742543843736011,0.00233577447752239,0.0133470957446559,0.00280624971749924,0.00138756289410125,0.00310284822295335,0.00936999692810639,0.332973850203665,0.226048240102287
10,"nig_cor",217,TRUE,400,0.143902049738377,0.0356240653399028,0.103509173281485,0.209596763641639,0.290722273337458,0.1357260206802,0.204101077277777,0.553965941325925,0.00304459601720701,0.000998062452946876,0.00309799985797129,0.0149389059849211,0.00309458400508063,0.00182449234005093,0.0036321960768331,0.00957040248237086,0.368410125648305,0.188743384890445
10,"nig_cor",218,TRUE,312,0.179474865759643,0.0564103487576326,0.130326895723302,0.32357614179896,0.322829667572995,0.177641068494571,0.231601317611904,0.614439355083663,0.00267552213137844,0.00110099000241891,0.00337053652801127,0.0137387866335523,0.00282506756331267,0.00196027615921901,0.00403953702939735,0.00923680568897088,0.421474872910083,0.237508628806687
10,"nig_cor",219,TRUE,226,0.388693424016575,0.333992169734187,0.298003156661451,0.738426999811849,0.38371736308671,0.339551199911381,0.288445048209458,0.720248884064527,0.00917285594364402,0.00952201618199492,0.0100553684758356,0.0227175575571275,0.00600175283659787,0.0056345628417556,0.00645329712144815,0.0120871900140875,0.58271021950141,0.577920556594232
10,"nig_cor",223,TRUE,173,0.134378058472277,0.0318935078393129,0.0967594137694839,0.183993104377515,0.320323786472107,0.169227294519782,0.229611348294183,0.616208237855834,0.00188884154246539,0.000541288183129774,0.00210106867208234,0.0155387100137259,0.0107372209192358,0.00798366359546944,0.0091737320414413,0.0161204836400499,0.41137245231029,0.178587535509377
10,"nig_cor",224,TRUE,276,0.110305692482908,0.021659328658364,0.0805803140932871,0.0924666488455199,0.401079559390125,0.299185677068446,0.289092952923302,0.714917139303459,0.001795177967181,0.000437880159616873,0.00193077181960254,0.0145548754576121,0.0092572851985749,0.0124735821630898,0.0113606142754355,0.0183368429341754,0.546978680634306,0.147171086353142
10,"nig_cor",225,TRUE,373,0.126323832217905,0.0276680058410534,0.0907197207776456,0.140152190425797,0.305030886663636,0.149689102852612,0.214121147430351,0.576367832982539,0.00254870387689145,0.000692602433814415,0.0027423008335835,0.0165586014930501,0.00516566451450471,0.00334907006376344,0.00540032010740117,0.0137958304435711,0.3868967599407,0.166337024865342
10,"nig_cor",226,TRUE,385,0.121265728998829,0.0268075156931149,0.0872479615403487,0.114768380433954,0.284518650343653,0.150720639184627,0.204107815342015,0.540713774828769,0.00272537855460079,0.000775873457495558,0.00267779112335796,0.0139410603671286,0.00456001201872734,0.00306708718363957,0.00533582679842185,0.0129498133928386,0.388227561083222,0.163730008529637
10,"nig_cor",227,TRUE,409,0.13446206943816,0.031297114421474,0.0970075338003303,0.177881385582122,0.314729741230938,0.179991786005561,0.225939018019194,0.596815605539578,0.00224097850665274,0.000643629052056058,0.00243582027916985,0.0121908060036814,0.00498804360013609,0.00369980202816599,0.00546852024009279,0.0154616352683129,0.424254388316209,0.176909904814496
10,"nig_cor",228,TRUE,339,0.18066017494039,0.0617006519076803,0.132866112394007,0.331125186718559,0.283058003846885,0.127375719807845,0.199377501235822,0.540896790014153,0.00298881446215426,0.00113824691388355,0.00334765073329052,0.0146543943727577,0.00430638262505411,0.00252804553887713,0.00446648065326432,0.0101866152938219,0.356897351920472,0.248396159204768
10,"nig_cor",229,TRUE,293,0.168131102696352,0.051691940153968,0.124196410399279,0.3073408597661,0.359766896747963,0.223876037151911,0.255772518411073,0.658905458741563,0.0023850718989942,0.000886878552057719,0.00294271221341091,0.0141994152525904,0.00444503249674737,0.00332939074764484,0.0054729195394343,0.0120513535395043,0.473155404863889,0.227358615746068
10,"nig_cor",230,TRUE,120,0.118786649619843,0.0233297823444269,0.0847732506698523,0.109112617873744,0.459879432770054,0.359952698433914,0.325460931309997,0.779790383141798,0.00215180228462947,0.000529000940388738,0.00243035338006007,0.0131360070018116,0.00896345222666581,0.00978491994565704,0.00872829557716808,0.012644453372757,0.599960580733363,0.152740899383325
10,"nig_cor",233,TRUE,223,0.182941152527449,0.0667459818393485,0.136924707941062,0.364723785971654,0.36991294377675,0.229174542833023,0.265564944944865,0.688790118222906,0.00211445753751745,0.000803652362895507,0.00257826188717978,0.0147846522884856,0.00372353570002763,0.00274439174379484,0.00423015368514151,0.0103759728773537,0.478721780194951,0.258352437262257
10,"nig_cor",234,TRUE,491,0.11855440670095,0.0244104925735604,0.0864928051797746,0.125086271693418,0.285490737737604,0.132210652377368,0.201134120645663,0.546385526871534,0.00160512029226631,0.000391250256470704,0.00202556068286822,0.010811492744996,0.00267604776670358,0.00155277676131071,0.00349610007434172,0.00859390160814044,0.363607827717402,0.156238575817755
10,"nig_cor",235,TRUE,475,0.122709284887318,0.0277858867310451,0.0908889716695167,0.146894738610031,0.217280958481427,0.077247074241612,0.157088699107461,0.442315921748376,0.0017927928494929,0.000447049674316403,0.00197051346582056,0.0100243582111736,0.00297547546102051,0.00133530284922202,0.00338135002019902,0.00783766895017602,0.277933578830648,0.166690991751339
10,"nig_cor",236,TRUE,315,0.132418140746564,0.0335004230640734,0.0979932198225615,0.184600895843743,0.258900925468896,0.115975984057295,0.187383223467517,0.515388062672044,0.00184482238226044,0.000616997013699827,0.00227397238911243,0.014499561313942,0.00292467064491583,0.00159098430327436,0.00375084025560991,0.00853865755589132,0.340552468875642,0.183031207896559
10,"nig_cor",237,TRUE,413,0.112925899317948,0.0231976687362869,0.0817914403108661,0.0918160373478656,0.198749985894068,0.0668890696457687,0.148764585527812,0.419260946960827,0.00156854603964566,0.000411615705345414,0.00176819788794227,0.0138360221037681,0.00281424444555073,0.00117073005671979,0.00337685182157199,0.00792595628365047,0.258629212668965,0.152307809176965
10,"nig_cor",238,TRUE,436,0.0879991072849369,0.0154679819334153,0.0648589905666846,-0.025238048192882,0.180589467497816,0.0531031126525115,0.132012294173002,0.360736821106409,0.00123035433570655,0.000239471759513255,0.00142044567067066,0.0126469092140204,0.00279004314102315,0.00110532807026051,0.00327936577608474,0.00870931143495695,0.230441126217764,0.124370341856149
10,"nig_cor",239,TRUE,320,0.0719534969966374,0.0107225429650242,0.0544182994872755,-0.116548569965399,0.188208146788622,0.0779962511885445,0.146351332414439,0.403145254797093,0.00108066692334812,0.000179562764185646,0.00122114006821657,0.0114094710116705,0.00287931835945734,0.00124374304438835,0.00346053245911278,0.00826656210460926,0.279278089345628,0.103549712529896
10,"nig_cor",240,TRUE,434,0.0754179204369811,0.0105494620548053,0.0560671175055132,-0.0963957601126543,0.174875522074674,0.0617743697758072,0.136443825568319,0.384168935965743,0.00100494363914435,0.000166890637019199,0.00110240303488905,0.00968563264365373,0.00253251855332715,0.000987159587400752,0.00298579354094566,0.00734876745495431,0.248544502606288,0.102710574211253
10,"nig_cor",241,TRUE,437,0.0795914464538324,0.0109722194775785,0.0588973936589772,-0.0585250793228812,0.186940688953719,0.059991665199494,0.1401397051437,0.391747319116898,0.00105153377512179,0.000169055134108159,0.00132622302214448,0.00910913171710826,0.00262063830780146,0.00097355225524421,0.00324491519992337,0.00798901267390199,0.244931960347142,0.104748362648676
10,"nig_cor",242,TRUE,298,0.0758231348641789,0.0103465857975861,0.0561441834800116,-0.0859505563034405,0.23057139638935,0.0859592008628595,0.165343714265314,0.468222817354028,0.0012265551798825,0.000188199401784362,0.00135445957970244,0.0112076475527991,0.00342325947768148,0.00164460756258674,0.00398064783123552,0.00858752948028609,0.293187995768687,0.101718168473415
10,"nig_cor",243,TRUE,322,0.0835696380643872,0.0137183827263356,0.0622646499439546,-0.0403129288052025,0.309112655491277,0.149554898490046,0.22223726042499,0.620050582224866,0.0011268486096531,0.000198559993787973,0.00131435727787441,0.0094417531970292,0.00401692086098583,0.00253670340932211,0.00510015088955218,0.00817870927789192,0.386723284132267,0.117125499897911
10,"nig_cor",244,TRUE,394,0.0803865687699801,0.0125432960116531,0.0610897269529559,-0.0425304288754697,0.435031194774429,0.283892673072709,0.303131132525195,0.760421220475031,0.00138555090119713,0.000240011163927337,0.00156205802179036,0.0107262864096077,0.00590289465432531,0.00507565770483703,0.00702491827301455,0.00942839601822556,0.532815796568297,0.111996857150784
10,"nig_cor",245,TRUE,395,0.0808949219153998,0.0176099298493541,0.0630624754875243,-0.056380151656489,0.684507735746261,0.690430497911265,0.475306395231574,0.978295020595735,0.00192154467453487,0.000583813565685752,0.00188335743303666,0.0148229377664836,0.00651705942990893,0.00892341371097169,0.00817051065694409,0.0102120398116585,0.830921475177568,0.13270241086489
10,"nig_cor",246,TRUE,195,0.0770490278337808,0.023035026577999,0.0607857685026351,-0.07749045802589,0.783736784354994,1.24617215153034,0.574664606761212,1.06378521524818,0.00368859750724159,0.00172235522050008,0.0033856810158888,0.0260421313394686,0.0127171792499968,0.0233935010304897,0.0117556338581664,0.0111346373079097,1.11632081030963,0.15177294415672
10,"nig_cor",250,TRUE,139,0.0853975839127807,0.0117868315498908,0.0608921107757429,-0.0238454101271787,0.191052533991983,0.0649062644831978,0.137767468614595,0.365122701020026,0.0016539117237928,0.000303051097070871,0.00158348853342755,0.0166881376061025,0.00272065420780873,0.000995287341250182,0.0026883684309978,0.00826747095024277,0.254767078884219,0.108567175287427
10,"nig_cor",251,TRUE,392,0.0568903582686921,0.00631805534525848,0.0427665823360281,-0.232881013806127,0.210218516007451,0.0658888666413566,0.146199140901181,0.397268144283809,0.00167250310642647,0.00021335101068644,0.00160232613262863,0.0173051751167051,0.00203463254730136,0.000890865218022002,0.00269298146520933,0.00729244591320531,0.256688267440015,0.07948619594155
10,"nig_cor",252,TRUE,289,0.0570564427959852,0.00601964167868143,0.0426150344697244,-0.22878662473878,0.357971426319018,0.183151118650679,0.245928368255046,0.653866450961162,0.0018052777231335,0.000251378037680325,0.00195978080210294,0.0185485945415699,0.00277230141651275,0.0020183235303353,0.0035980291533371,0.00990944400144214,0.427961585484818,0.077586349821869
10,"nig_cor",253,TRUE,331,0.0553507086425331,0.00631390737093407,0.0406281929486037,-0.26318445924443,0.440316001049778,0.28400090928422,0.300596436115803,0.745611054812761,0.00192778599021833,0.000289084717826731,0.0019562546315748,0.0188391451460634,0.00304138706085958,0.00262081432424354,0.00375629328041259,0.00639175509137562,0.532917356899004,0.0794600992381338
10,"nig_cor",254,TRUE,322,0.143992459495363,0.0843460093213573,0.116143852076829,0.218339407227924,0.466849645045494,0.366001182545264,0.332276571633911,0.795366112440714,0.00537915166245018,0.00439275948739488,0.00526234178194638,0.0248948254956506,0.00452029030639473,0.00446316480394532,0.00562172600386444,0.00985769897244083,0.604980315832891,0.290423844271364
10,"nig_cor",255,TRUE,104,0.252813600304169,0.135885191110081,0.194985143311138,0.552091301365358,0.589269584200049,0.868801880285956,0.446739869496397,0.942902454497912,0.0055515317650659,0.00352007650486026,0.0052186754723013,0.0192560023244437,0.0101566431341399,0.0150805376419292,0.00964404115779853,0.0142248441243868,0.932095424452859,0.368626085769959
10,"nig_cor",257,TRUE,125,0.0799301878671811,0.0122005287781879,0.0585476485228299,-0.0976626274144803,0.487087373871972,0.437705392502772,0.350454175356282,0.803939228102318,0.0023225529479432,0.000475033719828542,0.0025576201006753,0.021202267746932,0.00906783392373495,0.0097652968215193,0.0122116228593533,0.0188923810981719,0.661593071685891,0.110456003812323
10,"nig_cor",258,TRUE,174,0.0904652797043436,0.0175050339007431,0.0675538282335954,-0.0175150743750464,0.399756060391988,0.287718297653907,0.290116371939481,0.731825095442479,0.00195824888216052,0.000446026798824321,0.0023000211750221,0.0179345572680193,0.00582539407417089,0.00468440934409979,0.00696035998124863,0.0105538542446714,0.536393789723471,0.132306590541602
10,"nig_cor",259,TRUE,317,0.0806169330802545,0.0111757822686064,0.0583871052359625,-0.0710674710786992,0.40274458918641,0.263545998225033,0.283624224256254,0.717455555837221,0.00128939852014454,0.000201476659617931,0.00140548215491351,0.0113795601609684,0.00548748551917953,0.00451383121822328,0.00664002510461178,0.0111403650325508,0.513367313163814,0.105715572498125
10,"nig_cor",26,TRUE,263,0.0366840682221477,0.00283423076248334,0.0277981978472788,-0.444417264929042,0.25641535258875,0.106208658513887,0.180720381025597,0.494817948928348,0.00107825610481946,9.67636107454094e-05,0.00105427233772517,0.0137342396690177,0.00426620887072127,0.00226388671067426,0.00521649299648901,0.0143330383798112,0.32589669914543,0.053237493953823
10,"nig_cor",260,TRUE,320,0.0872640115299763,0.0145665214395679,0.0653983429709534,-0.0191401649955498,0.445630445945458,0.365965054755163,0.324557208808065,0.793745486285764,0.00164517561137209,0.000307182807715934,0.00165775954762529,0.0120795601234489,0.00446890973596898,0.0039226033306877,0.00571170239619368,0.0136815922663039,0.604950456446776,0.120691844958837
10,"nig_cor",261,TRUE,327,0.107388619974306,0.0216234006265701,0.0789002218727067,0.0726037541855266,0.425525376876036,0.337899712629681,0.309143053157056,0.765985798131598,0.00159698113466857,0.000379186377556905,0.00192227578156824,0.0153316861956695,0.00627314933882486,0.00553261513217626,0.00670869329622811,0.0146007444055137,0.581291417990736,0.14704897356517
10,"nig_cor",262,TRUE,319,0.10721817989005,0.0200522725339015,0.0771677311985116,0.0570944512218332,0.326610855112608,0.190034553929181,0.235055942033045,0.615038336017378,0.00231488332933247,0.000536061729504066,0.00227085425184046,0.0150101750349543,0.005593932793316,0.00374689455186045,0.00613737331073391,0.0133328640935817,0.435929528627255,0.14160604695387
10,"nig_cor",263,TRUE,393,0.107921447655663,0.0197831402160659,0.077709978782218,0.0678023820697627,0.417096448455347,0.273309997022666,0.292183055086475,0.731208781948572,0.00178536838716177,0.000405712344572091,0.00204567838399049,0.0131915731070015,0.00637017769811068,0.00530200075235461,0.00683790161152005,0.0129406293767024,0.522790586203181,0.140652551402617
10,"nig_cor",264,TRUE,339,0.0932139459551603,0.0164675762124022,0.069123332281923,0.0051550256979617,0.523605575916052,0.431646566614931,0.36515092601151,0.842538342569333,0.00245407411557952,0.000512981791095055,0.00245233046994794,0.0173962260847881,0.0138429046238503,0.0152163727936626,0.0110317488523898,0.0150419754726431,0.656998148106166,0.128326054300762
10,"nig_cor",268,TRUE,358,0.131042160657593,0.0324170855402211,0.0966715625424892,0.181883436947595,0.414685525994004,0.281247198506141,0.293313328287077,0.733060161435998,0.00140502632445944,0.000383577127878976,0.00166439508054695,0.0110032972906486,0.00320896578046559,0.00276103323490741,0.00405110446062268,0.00676661937893831,0.530327444609593,0.18004745357883
10,"nig_cor",269,TRUE,366,0.102272865754048,0.0189322790852678,0.0746583529303718,0.0511996359853666,0.430729074608082,0.301340098571131,0.305368895224396,0.759336360978497,0.00130896094598434,0.000276559220215935,0.00169662843550749,0.0109770131819865,0.0041630369835656,0.003515724431295,0.00500365107924736,0.0106398376020842,0.548944531415635,0.137594618663914
10,"nig_cor",270,TRUE,422,0.109227230341126,0.0222556953613093,0.0802729899285146,0.0863070565315234,0.489288805048815,0.41481130578098,0.348340274610101,0.819528728858439,0.00133486616979633,0.000325927840308486,0.00154781249635578,0.0116691687590203,0.00271073383515175,0.00261455683731237,0.00378030922807604,0.00602583462270554,0.644058464567449,0.149183428574722
10,"nig_cor",271,TRUE,398,0.103549734075011,0.0190293298475516,0.0753487854633528,0.0496289282530704,0.461100160012404,0.365738202007097,0.333589258421238,0.808147511916244,0.0015516062734575,0.000331353341005411,0.00163537303033347,0.0125039415309468,0.00531942874849036,0.00554819842708585,0.00644891638422547,0.0134114568078165,0.604762930417446,0.137946837033517
10,"nig_cor",272,TRUE,395,0.108223148282147,0.0213250346496526,0.0790604248560752,0.088285852306701,0.353199064768312,0.219331275880082,0.250854882361711,0.649747585848126,0.00134757431855773,0.000312745263348126,0.00168473532981325,0.0153999630090961,0.00459001861995478,0.00392956191431228,0.00568135505563868,0.0124426172446382,0.468328171136525,0.146030937303205
10,"nig_cor",273,TRUE,301,0.0934592556006381,0.0150350399330586,0.0669238846048641,-0.00542426141697374,0.321568645797244,0.180648297259116,0.231032124922638,0.610610182360737,0.00170799969394814,0.000352748432659545,0.00173190870345074,0.0151206677102714,0.0048640196974605,0.00363673816965468,0.00550970031222526,0.0146416193400101,0.425027407656396,0.122617453623286
10,"nig_cor",274,TRUE,264,0.0871282811470465,0.0150730758557397,0.0651194446841063,-0.0246556159996575,0.316300633514092,0.163005887210675,0.223238447771772,0.599647382893468,0.00149104196969918,0.000274096210552118,0.00164537225664935,0.0155896948462286,0.00493133284794271,0.00338104034474266,0.00553037794527944,0.0137330923477985,0.403739875675756,0.122772455606865
10,"nig_cor",275,TRUE,230,0.0666034972351586,0.00884756307955533,0.0502419484167967,-0.151117402416361,0.298657364708346,0.151752427859554,0.214219272335401,0.581209263179699,0.00154776187132195,0.000242141148390287,0.00153897692285799,0.0141354995744687,0.004087330518637,0.00243116883646751,0.00470706221503693,0.00981536071394181,0.389554139831107,0.0940614856333629
10,"nig_cor",276,TRUE,254,0.0638496858247114,0.00698668345227557,0.0460270678111724,-0.196215892648104,0.295326235088557,0.143917859433734,0.210650448760886,0.566678769343611,0.00104371834837706,0.000141851681285157,0.00120174184137182,0.0122323118479423,0.00310944637954319,0.00200883115285429,0.00389182150707783,0.00982603215208688,0.379365074082649,0.0835863831749859
10,"nig_cor",277,TRUE,372,0.0520569884975596,0.00469425229635327,0.038114977650429,-0.280031853134492,0.351943575895324,0.192707889352633,0.245949583968189,0.646008665158679,0.000908901503286702,0.000102179917551268,0.000989946485761795,0.0105695888416275,0.00312353032752121,0.0022100109778467,0.00447864944621961,0.00900882808053619,0.438985067345842,0.0685146137430057
10,"nig_cor",278,TRUE,354,0.0444536270573549,0.00353593808546216,0.0323237965584528,-0.371683303820255,0.426822784982175,0.281936511834346,0.299332509253477,0.753719505406682,0.000704059215877534,6.44881067830016e-05,0.000890424819217461,0.0124745615906447,0.00354951358914432,0.00327743604728295,0.0045891855294512,0.00630964146931731,0.530976940962925,0.0594637543841806
10,"nig_cor",279,TRUE,399,0.0524821335294265,0.00528196475757672,0.0383595305244544,-0.29243660929595,0.576483809021636,0.53030556890413,0.404117540975569,0.892863286132116,0.00097179728118116,0.000111097871718604,0.000998529993951615,0.0128263789429474,0.00522700037838891,0.00629599916706599,0.00695363790195407,0.0100578067644845,0.728220824272507,0.0726771267839939
10,"nig_cor",28,TRUE,161,0.0726964331459485,0.0114846724997182,0.055469139731816,-0.0909444635131167,0.294198251282625,0.15224611917071,0.214527909959462,0.58384912479007,0.00140866989697729,0.000232270922923382,0.00133998149234759,0.0193215574622511,0.00686244299293778,0.0045557055392379,0.00710343148977355,0.0176070891058191,0.390187287300227,0.107166564280648
10,"nig_cor",280,TRUE,153,0.0827204876996117,0.0113433393409139,0.0590647347880581,-0.0640814351303405,0.817573548032018,1.53431110033849,0.612926814763447,1.10991823988054,0.00117981471913251,0.000207425932688393,0.00146663171561986,0.0159808688260293,0.0129681750482189,0.0327403915906168,0.0152565009308302,0.0206053553075978,1.23867312085897,0.1065051141538
10,"nig_cor",283,TRUE,151,0.112827948243989,0.0239596415547592,0.0830704297732074,0.0925151426883251,0.364921112041245,0.209329280721627,0.254850300543114,0.665472984488327,0.00267448095872323,0.000686733653167128,0.00290952702560608,0.0181866126692624,0.00476241595468831,0.00369196713777436,0.00595839906227061,0.0104308313954648,0.457525169495217,0.154789022720473
10,"nig_cor",284,TRUE,411,0.0646222955804496,0.00846884795846142,0.0478329790654277,-0.179615447107164,0.372533009812107,0.225330044185996,0.266387143207626,0.69650011297397,0.00134930632964253,0.000208700624618009,0.00135220608569957,0.0129759443727353,0.00428823652384042,0.00310349383021792,0.00486300151976973,0.00722060044653252,0.474689418658133,0.0920263438286093
10,"nig_cor",285,TRUE,282,0.0459704291750707,0.00402018869337155,0.0341122524761436,-0.346351749911118,0.382563587794583,0.251363295852339,0.272174648800923,0.674653772656762,0.000815185446438598,8.59222510456198e-05,0.00102953525289262,0.0125855097742814,0.0077388361872402,0.00731394193895671,0.00876682550625432,0.0156069623371418,0.501361442327129,0.0634049579557589
10,"nig_cor",286,TRUE,302,0.0530556417704656,0.00506862030774853,0.0387726104833733,-0.276543403858518,0.465344074393064,0.347668836407127,0.336650002363189,0.813950034708261,0.000903887368540917,0.000105066307960762,0.00107960432753689,0.0142281303987961,0.0103567170303424,0.0102342424826814,0.0110351167715792,0.0167811739781594,0.589634493908834,0.0711942435014835
10,"nig_cor",287,TRUE,437,0.0605346783599164,0.00655468294879999,0.044587777915938,-0.207669585451088,0.467495123191502,0.338944582925093,0.326385520394277,0.787233744649098,0.00114829696482901,0.000146820965759507,0.00127849123596124,0.01304662095277,0.00331944137475305,0.00307714708243264,0.00437443029392392,0.00821650677827137,0.582189473389113,0.0809609964661996
10,"nig_cor",290,TRUE,320,0.0655775595684082,0.00821961451147651,0.0472026258986601,-0.201580630493233,0.669849785083577,0.764906197089774,0.477027396616442,0.982034370888024,0.00169078769047541,0.000313030253304912,0.00195228424768904,0.0205388696287693,0.0184448669329126,0.0281770634849518,0.0194705177571658,0.020040521372711,0.874589159028269,0.0906620897149217
10,"nig_cor",291,TRUE,272,0.0909067251630543,0.0187112749472521,0.0680810901315888,-0.00788837132444293,0.683065572441316,0.779036819115035,0.494511987635739,1.02659008528675,0.00328828132932363,0.000801836548502872,0.00352632526630561,0.0272954746774039,0.0149948964119734,0.0205199568997538,0.01686627456239,0.0199014694090324,0.88263062439224,0.136789162389614
10,"nig_cor",292,TRUE,309,0.0709828091535103,0.00939504681962463,0.0518612765091802,-0.139622351066885,0.597284723976842,0.620159303615327,0.43169026120067,0.925543753633155,0.00177406631763486,0.000310796837840855,0.00185261045958462,0.0174282591077915,0.00674846946835999,0.00801977631747006,0.00890190253020219,0.0125040051486796,0.787501938800996,0.0969280497050499
10,"nig_cor",293,TRUE,281,0.0736822198752378,0.0101503165090756,0.0540560851046133,-0.118129478610743,0.508038723625601,0.433681075465084,0.363608504394046,0.837368184059537,0.00144412654757598,0.000237137025632396,0.00176832081263864,0.0171861710941551,0.00682476079534563,0.00705757570620562,0.00840884655379777,0.0120804955219101,0.658544664745744,0.100748779193971
10,"nig_cor",294,TRUE,332,0.0923362745470239,0.0185306443516714,0.0695323043938355,0.00846447802273819,0.482283076004768,0.391612447489324,0.343413751022164,0.812936077863782,0.00191849291018562,0.000440976742148517,0.00220006440241871,0.0173125883585142,0.0056162757546073,0.00592576224243477,0.00792941192911123,0.0106527216168254,0.625789459394551,0.136127309352941
10,"nig_cor",295,TRUE,380,0.0934386524317755,0.0163849259293978,0.0696741968939236,0.0146104902684771,0.486529040094617,0.395895103683321,0.348412118488785,0.831888679522477,0.00294438349620927,0.000640814134847447,0.00317675645462508,0.0248224868825554,0.00823980923726171,0.00866155668861932,0.00882653593930851,0.0176975181541338,0.62920195778726,0.12800361686061
10,"nig_cor",296,TRUE,390,0.0805442995029469,0.0135130128715133,0.0600124746263485,-0.0716844532113675,0.44146303115126,0.336702049621379,0.31997396721469,0.781843246065483,0.00263396271470344,0.000568050847716653,0.00256760974702997,0.0185799800958135,0.0123294919931466,0.0132277732149952,0.0120219194956064,0.0159806904443242,0.580260329181118,0.116245485381211
10,"nig_cor",300,TRUE,249,0.0867883265255626,0.0139270097552448,0.063419588937238,-0.032421111617895,0.714990168945244,1.01507833489586,0.529272159988784,1.02382071273917,0.000900730409172152,0.000158419170462376,0.00103057068654284,0.00862597580779595,0.0157658518882326,0.0239378300419461,0.0187544305391544,0.0213437015631179,1.00751096018647,0.118012752511094
10,"nig_cor",301,TRUE,296,0.0552651187098356,0.00643585009092965,0.0426035122230508,-0.225836051925854,0.501694370686875,0.46648859805586,0.36570968993044,0.840584557151243,0.00171023923556976,0.000214743824298613,0.00166789817768176,0.0160420719744776,0.011309197337623,0.0126822777897147,0.0117638015156897,0.0162960440862733,0.682999705750932,0.0802237501674513
10,"nig_cor",302,TRUE,301,0.0622238538784805,0.00700517810401956,0.0453756815202734,-0.208361349695389,0.518685795124718,0.443850113381366,0.370958650131,0.84966529954205,0.00138358993456052,0.000191667402073619,0.00157863923074375,0.0148493273512877,0.0076394617320684,0.00844396760286536,0.00930734959630219,0.0123819750828027,0.666220769250979,0.0836969420231083
10,"nig_cor",303,TRUE,260,0.0760255247738796,0.0127760661480423,0.05632164206525,-0.11024458493557,0.596433672518704,0.552780676855105,0.420257988236217,0.916885726222806,0.00118738379558138,0.000250958536041931,0.00155725065170422,0.0142966802789415,0.0102878859354509,0.0122263646220948,0.0105750300738605,0.0141650608986578,0.743492217077694,0.113031261817438
10,"nig_cor",304,TRUE,329,0.0632574794567989,0.00746158338123395,0.0465109308018029,-0.188350029020619,0.542779953617175,0.511924521263138,0.390745931501214,0.87254550708001,0.00130845471819716,0.000177779011012739,0.00144826174169754,0.0137727287439253,0.00659157215038398,0.00742028113209337,0.00807956581640063,0.0124987601386227,0.715489008485202,0.0863804571719434
10,"nig_cor",305,TRUE,174,0.0715662260663804,0.0086192096037903,0.0515360274858321,-0.134082591752405,0.549594992804169,0.469619362127804,0.385522969961331,0.871068123040157,0.00143235931415434,0.000242496102989331,0.0015938283747355,0.0138964479426256,0.00653317305047365,0.0076702169471446,0.007023138507319,0.00936354234417396,0.685287795110787,0.0928396984257828
10,"nig_cor",306,TRUE,189,0.0946736762510397,0.015591059663684,0.0687332230528376,0.00972809638566712,0.535161582138727,0.506916415702948,0.387399625238419,0.875662331138227,0.00155595969958451,0.000305995694137732,0.00171170840438775,0.0147652446709766,0.00623181597915647,0.00647825460744122,0.00843790654462011,0.0137571623370688,0.711980628741364,0.124864164849984
10,"nig_cor",307,TRUE,240,0.109538972597346,0.0209230991320968,0.0798364486297583,0.0919476508715908,0.531644752527273,0.458997834778434,0.377545144333062,0.859393765601667,0.00144568343417394,0.000318515621814792,0.00174725213425109,0.0153012786596654,0.00665884067090082,0.00783198305875959,0.00808592093607647,0.0137917728949838,0.677493789475914,0.144648190905026
10,"nig_cor",308,TRUE,240,0.115767420203784,0.0233241802787326,0.0844208299709735,0.117017293966734,0.519530716907491,0.403218474340204,0.357779639908253,0.831605084808535,0.00149414151208478,0.000408133654628931,0.00182635573693476,0.0165480405388259,0.00428794129507623,0.00461478726240962,0.00641479791772456,0.00902671893731142,0.634994861664411,0.152722559822485
10,"nig_cor",309,TRUE,253,0.0886729787055319,0.0140765087279865,0.0654871947626792,0.000136472068590711,0.571054207744719,0.518567595133474,0.405063908264157,0.898037622798984,0.00115500463064514,0.000216913640735531,0.00141992410153533,0.0163076065166073,0.00496599748480913,0.00560299306546247,0.00683271550171247,0.00880595100620361,0.72011637610422,0.118644463537017
10,"nig_cor",310,TRUE,246,0.0649246765775825,0.0069422539795486,0.0465984316725936,-0.182374387920364,0.532991877214633,0.457311035658038,0.37490116084703,0.852574570872527,0.000882890337192464,0.000121168543337299,0.00109216928273856,0.014337871186211,0.00851595467114947,0.0110006454545703,0.00980142364668772,0.013108372354477,0.676247762035512,0.0833201895073973
10,"nig_cor",311,TRUE,282,0.0776949324551067,0.0108207117734445,0.0570257650967148,-0.082313221350614,0.578618843038056,0.521768057082664,0.402659779894239,0.892247525520131,0.00108896626825859,0.000167490550867033,0.00133326580186568,0.0147043824944684,0.00654501873393135,0.00715323925289088,0.00759841690778409,0.00924750617834087,0.72233514180238,0.104022650290427
10,"nig_cor",314,TRUE,376,0.166752035392565,0.0752557632463357,0.124790009106711,0.265422724458591,0.596282837220179,0.579676305502918,0.426606704781963,0.926506777369747,0.00531089790000069,0.00294867597990833,0.00531861675894688,0.0235632893364916,0.0154738246268238,0.0204610055758559,0.0163321580217403,0.01890701102272,0.76136476507842,0.274327838992574
10,"nig_cor",315,TRUE,378,0.112819294263499,0.0268022353429193,0.0837360234639045,0.0992854424116018,0.660513533885639,0.759561166114088,0.480509064678188,0.988298582112061,0.00217306318538116,0.000574517636462766,0.00224087800315574,0.0173136605594458,0.00805809576823188,0.0111182139063168,0.00949396726998186,0.0146068784606831,0.871528063870629,0.163713882560152
10,"nig_cor",316,TRUE,391,0.0828579505647844,0.0120606136880038,0.0599680810946211,-0.0665837522010047,0.637003979507014,0.637718474822942,0.451380821881408,0.957381875801228,0.00161334772808749,0.000274439562508971,0.00160628678621763,0.0150029101656068,0.0123397302299735,0.0163724754417914,0.0137753586617741,0.018145251034501,0.798572773654939,0.109820825383912
10,"nig_cor",317,TRUE,456,0.0771581784835478,0.0114712031183089,0.0580499651580248,-0.0743500587502663,0.570388088572731,0.507103790461071,0.401795471884566,0.900298760577472,0.00126675559439124,0.000195004976198055,0.001382297170655,0.0129940311906979,0.00660536721578657,0.00780743203377396,0.0086858464166913,0.0146985133909517,0.712112203561399,0.107103702635851
10,"nig_cor",318,TRUE,416,0.0763641113307101,0.0119814333873017,0.0569101505025922,-0.0938331515162886,0.554397545695817,0.524956018257394,0.401108854543761,0.900647974092581,0.00206937153602449,0.000403223302965057,0.00204102064212459,0.0184254704745385,0.0132941888518739,0.0159329181693423,0.0129729423002206,0.0203677222231923,0.724538486387986,0.109459734091134
10,"nig_cor",319,TRUE,321,0.0611339611678203,0.00763756915622218,0.0479942573067396,-0.15402243376256,0.477104745351425,0.438559934653186,0.348380805094732,0.823068345706436,0.00304876767469948,0.000425330343269203,0.00292926453624193,0.0206232104005539,0.0174957388889586,0.0213325349087515,0.0174474308577052,0.0210082378998183,0.662238578348608,0.087393187127042
10,"nig_cor",32,TRUE,761,0.133051818409358,0.0648610790493628,0.103280063653311,0.141051883569148,0.471181391143487,0.613834218364848,0.349179423603842,0.762764640968011,0.00785055936906749,0.00491212827043278,0.00763993064205618,0.0452054284517706,0.0281435311884398,0.0482924892362587,0.0245389300733495,0.0294385727837042,0.783475729276184,0.254678383553381
10,"nig_cor",320,TRUE,498,0.12080256632021,0.0498837277058446,0.0949730685606544,0.133628966355325,1.05043592210251,3.15806728019988,0.796684974203364,1.21317549079357,0.0045887120257989,0.00220397725420138,0.00414619338858221,0.0306415739185535,0.0208809426449429,0.0678905013647505,0.0224298031043165,0.0229921177134628,1.77709518039971,0.223346653670577
10,"nig_cor",321,TRUE,416,0.102387835598193,0.0251923758083174,0.0768412064733493,0.0137588254707166,0.812580422714978,1.15078519166975,0.588857916347523,1.11003298567787,0.00751104067788904,0.00302103567634702,0.0077794485644049,0.0438556145708019,0.0246900094240457,0.0433503372291491,0.0272714420443238,0.029910743328673,1.07274656451081,0.158721062900667
10,"nig_cor",322,TRUE,379,0.194804617034466,0.13401170482316,0.151204626471307,0.292087456733895,0.920719889175959,1.72989896989653,0.667614412496433,1.11361870712264,0.0176157853134937,0.019722564704236,0.0207776105264758,0.106940764282069,0.0477996355675748,0.160123042555043,0.0577676886585413,0.0457939135492438,1.31525623735321,0.366076091575454
10,"nig_cor",323,TRUE,292,0.195569028450909,0.115549693980373,0.146120960157385,0.301244351788334,0.959629818008987,1.98039982697795,0.690891720905426,1.19127354244084,0.0216929308901916,0.0409572595040008,0.0155884156056163,0.0739214927155788,0.0986987315952902,0.754932981492418,0.0696729638779446,0.0433370532601567,1.40726679310568,0.339926012509153
10,"nig_cor",324,TRUE,375,0.124397029952178,0.040647661078322,0.0952942849248418,0.139044928934283,0.704874101425469,0.866582500086025,0.517428533245959,1.06691270551181,0.0039741545652235,0.00136982981457224,0.00464197950180085,0.0303513663675642,0.0144628146377142,0.0205264775494841,0.0153217934247027,0.0206257204708643,0.930904130448472,0.201612651086984
10,"nig_cor",325,TRUE,469,0.0636410566218031,0.0135815886602395,0.049376833230422,-0.248962913411998,0.524655354917298,0.502114549115249,0.374915414210434,0.833372609552822,0.00276165059844508,0.00150899078369616,0.0026808913030476,0.0217892793344326,0.0126553749142032,0.0262423863017028,0.0142150270269082,0.0227388594308283,0.708600415689441,0.116540073194758
10,"nig_cor",326,TRUE,596,0.0995589183627029,0.0351974251302036,0.0750797406157116,-0.0196345649595999,0.503080695585564,0.543191502575399,0.367864714015691,0.83987677561288,0.00391666829364165,0.00243121486359961,0.00465442519598194,0.0355917180674367,0.0153363221653977,0.0277982736189256,0.0163854838512221,0.0248736779335494,0.737015266175267,0.187609768216379
10,"nig_cor",327,TRUE,502,0.0846190000175795,0.0169286005407442,0.0645071506032249,-0.0392551667405943,0.507156116240259,0.461416739169208,0.368838647158721,0.853430291725039,0.00225340347567308,0.000520211008859848,0.00222023792014097,0.0199462647589947,0.00826513131854435,0.00916450192194102,0.00932831551311342,0.0166706705040408,0.679276629341249,0.130109955578903
10,"nig_cor",328,TRUE,573,0.071571677075823,0.0096381851460136,0.0522899891915663,-0.143444821077866,0.463616166935696,0.358255436124454,0.331119673041138,0.793400014571874,0.00144688149435704,0.000253116487922394,0.00149283911923197,0.0143056594859098,0.00573600237532427,0.00564116877217304,0.00730877655473816,0.0145167770882723,0.598544431203277,0.0981742590805431
10,"nig_cor",329,TRUE,362,0.0824705281739963,0.0150006165830521,0.0624775570943646,-0.0577826008409918,0.6697670658192,0.822059118277452,0.485270372453275,0.995457293881131,0.00248754392849511,0.000444207188459103,0.00243531424720246,0.0183378387258949,0.0153116740900163,0.0229075698283294,0.0175270411982462,0.0251856932508823,0.906674758817875,0.122477004303061
10,"nig_cor",33,TRUE,969,0.0359736454415254,0.00704024945972578,0.0285593802688469,-0.453147445023751,0.314092033301386,0.205183055320871,0.230843576621582,0.605898728538499,0.00163541873043389,0.000508301396033779,0.0017265388128324,0.0198700948605297,0.011745900909286,0.00990949525890048,0.0112705791286985,0.0194609856242589,0.452971362583631,0.0839061944061687
10,"nig_cor",330,TRUE,573,0.0749022534837234,0.0104710556508037,0.0544334314558961,-0.120740039735317,0.661759489719632,0.741225360050108,0.470336570171658,0.965898084906714,0.00151784197506591,0.00031224154712267,0.00155800701001877,0.0159974284987394,0.00941257236415722,0.0137739282159499,0.0100927777443084,0.0131072219238897,0.860944458167952,0.102328176231201
10,"nig_cor",331,TRUE,144,0.0765220121015989,0.0130055879077981,0.0571985543408205,-0.092841851881738,0.701159101074971,0.793877357448128,0.497425596405377,1.0009396741256,0.00195453942142724,0.000376420604521113,0.00202766507837212,0.0216642069515325,0.0199320831217628,0.032084191008567,0.0206429754723861,0.0243307051171161,0.890997955916919,0.114042044473949
10,"nig_cor",332,TRUE,375,0.0669907187684274,0.00907120058711739,0.0494551002446441,-0.172039470360218,0.685786137719556,0.762179838664239,0.485403410906083,0.987411846528469,0.00136316883136646,0.000245719964946808,0.00150502639329089,0.0169531758979581,0.0061994969209928,0.00849401053795091,0.00764450035526183,0.00939426254827285,0.873029116733365,0.0952428505826941
10,"nig_cor",333,TRUE,431,0.0460062390563164,0.00491643361934298,0.0350581113605192,-0.355153428532829,0.627598771456907,0.665355909458663,0.450732483220148,0.953253564792026,0.00116167954030583,0.000142635398392018,0.00126440142172823,0.0158264462760033,0.00845241824766894,0.0104776436148373,0.00990075188842609,0.0154638867711434,0.815693514414981,0.0701172847402335
10,"nig_cor",334,TRUE,392,0.05211544303348,0.00759720913251746,0.0403513606963938,-0.295568750361456,0.629041552325361,0.646546637094261,0.447560088495312,0.94427303920365,0.00116526841666038,0.000225327306158954,0.00145046579504256,0.0180894038468423,0.00884479660592683,0.0118091770886158,0.0101099995406945,0.0127297337889869,0.804081237869819,0.0871619706782577
10,"nig_cor",335,TRUE,308,0.0458363745772592,0.00453246795954741,0.0355303939453047,-0.333277486600323,0.562162666507896,0.526030802544273,0.401154177455152,0.889752809554127,0.00185467921492262,0.000210887001345844,0.00182940237513736,0.0220877985258721,0.00949403234884036,0.0119040591738399,0.0106650468249251,0.0159750343295223,0.725279809828092,0.0673236062577415
10,"nig_cor",336,TRUE,181,0.0397357620649062,0.0046701986070255,0.0317511933660918,-0.404972752011778,0.51395370103764,0.437442820693938,0.367452541438015,0.854801154898854,0.0012979953807956,0.00021600870369318,0.00125761317630994,0.0156676243557546,0.0108175947873894,0.0116093048773191,0.0146949498309857,0.0222119287106954,0.66139460286121,0.0683388513733257
10,"nig_cor",337,TRUE,289,0.0320883654875863,0.00234831716665701,0.0256123815066609,-0.473952684984585,0.702913447530606,0.868641667706242,0.508142980996433,1.01745636786307,0.000954662163558685,7.74090571439113e-05,0.000969825130152092,0.0130253139494918,0.0120829588614254,0.0225114078857502,0.0137057870045394,0.0199375029542343,0.93200947833498,0.0484594383650596
10,"nig_cor",338,TRUE,346,0.0289452638462093,0.00216927784165186,0.0226438123029814,-0.571637531596358,0.730657889069344,0.889196642343729,0.519685475743143,1.0251923614437,0.00112122022737213,0.000113137228507887,0.00122958993316879,0.0229000954393808,0.00628072025072266,0.00866704609026873,0.00788478167580583,0.00991550294619717,0.942972238373818,0.0465755068856138
10,"nig_cor",339,TRUE,302,0.054994020130904,0.00777734207269456,0.0435065443444848,-0.239626877355711,0.701392149449551,0.829651589143805,0.497284752168226,0.998280773660231,0.00155041381596386,0.000293697742518545,0.00145170833481616,0.0193629333807349,0.0103721158426092,0.0159561290670301,0.0117576439056264,0.0158860730135128,0.910852122544491,0.0881892401185913
10,"nig_cor",34,TRUE,492,0.0306209063286812,0.00224660149066808,0.0236958114476732,-0.530067919421781,0.271468787110787,0.176464737049543,0.205144293953547,0.541613878114852,0.000747037149088664,5.51728095254235e-05,0.000784066310091595,0.0143233736648091,0.00541792747713598,0.0037709335244495,0.00589971688727373,0.0143341478866686,0.42007706084663,0.047398327931142
10,"nig_cor",341,TRUE,332,0.394383281753254,0.367045368776681,0.30659785763236,0.825769295484502,1.258342026435,3.07760013486505,0.916666150607842,1.27897920119509,0.0129379677870643,0.0131551849595298,0.0157903904199618,0.0506051026278137,0.0455315073951266,0.130342063821977,0.0482841718838969,0.0259361348261499,1.7543090192053,0.605842693095065
10,"nig_cor",342,TRUE,416,0.163823638960544,0.062920995969683,0.121659985461716,0.243488668784089,0.806941083133791,1.11059526238927,0.582809894343828,1.09077087822278,0.00636982815931239,0.00311425062426093,0.00673204418805224,0.0250106223783364,0.0227456025678627,0.0438187872800927,0.0228303239511904,0.0233532896513578,1.05384783644949,0.250840578793948
10,"nig_cor",343,TRUE,474,0.0806604231378271,0.0123696066218132,0.0580807845097257,-0.104403067604931,0.554541025859446,0.528123160926378,0.402603846286854,0.894480150765613,0.00197720073045785,0.000393878352403218,0.00211684466205431,0.0169061840265245,0.0158974587068904,0.0211665293807102,0.0152491169171686,0.0195079546291115,0.726720827365212,0.111218733232371
10,"nig_cor",344,TRUE,246,0.0647751956078074,0.00822147149998379,0.0477865734914464,-0.190651132872314,0.601089927335977,0.597477390249292,0.4289124180558,0.923181271455088,0.00136581232476885,0.000193675849534202,0.0014647040841823,0.0139102451758309,0.00926349883015304,0.0117935393779359,0.00973186105315933,0.0148054030092618,0.772966616516711,0.090672330398991
10,"nig_cor",345,TRUE,420,0.0744954249978059,0.0120522497862815,0.0554673789647255,-0.135549188728022,0.509459556117901,0.450744906519499,0.364770374386374,0.83694826450382,0.0022055987669222,0.000463794631987797,0.00209891686136848,0.0181662727456907,0.0142017628581502,0.0169837030448458,0.0128715159367258,0.0209021936997735,0.6713753842073,0.109782739017942
10,"nig_cor",346,TRUE,596,0.152325687124703,0.0526795096690615,0.116891503533933,0.293884626006552,0.981547416970383,1.97788117869285,0.735107776500816,1.21165377256622,0.00672417857249893,0.00354701685452937,0.0071520400496253,0.0408841206202459,0.0381199754684923,0.0982890160195682,0.0406512943757489,0.0395294233147785,1.40637163605245,0.229520172684367
10,"nig_cor",347,TRUE,361,0.0414976084806346,0.00321290218974392,0.0337131289103455,-0.301273004672426,0.473391247588653,0.375229694730497,0.336750055620996,0.796052512951475,0.00154591690487417,0.0001445662989359,0.00162651323553694,0.013654273938719,0.0133032096124824,0.0132456006340715,0.0142131463961909,0.0177724818802007,0.612559951947968,0.0566824680985569
10,"nig_cor",348,TRUE,350,0.0223974802986569,0.000956516464819075,0.0194090523392814,-0.573249790595481,0.434733418851491,0.325724932010722,0.317278795828357,0.791458883666829,0.00133504887676326,8.44119575158291e-05,0.00139363286380317,0.0174509307770548,0.0121552852884441,0.0113871754227823,0.0121033924786095,0.0175517468336247,0.570723165826237,0.0309276003727912
10,"nig_cor",349,TRUE,343,0.0288972562179848,0.00280959966642431,0.0212212102861542,-0.709745132771249,0.364317375494455,0.284330508318279,0.271804800358788,0.705105035951509,0.00119904889961359,0.000187460824218228,0.00120745130326784,0.0206032501403872,0.0107524077724403,0.0108014789461515,0.010825866595098,0.0214935969461565,0.533226507516533,0.0530056569285233
10,"nig_cor",350,TRUE,667,0.0358966334531657,0.00873999269225606,0.0277839656572411,-0.699678286684848,0.348277333432758,0.411720782492811,0.263542014432096,0.573082859215202,0.00255194758155207,0.00121710183063059,0.00242533954882729,0.0205458424316958,0.0121562726619466,0.0213213256719236,0.0122914502833116,0.0191075826764995,0.641654722177598,0.0934879280562793
10,"nig_cor",351,TRUE,345,0.0706710958526367,0.0114375391767391,0.0530664408240667,-0.145037689773417,0.561769641472202,0.571614373853321,0.403430095520006,0.878659744423441,0.00246218872645143,0.000489354607088527,0.00272379491660678,0.0216461839470836,0.0225154118678124,0.0312354452124807,0.0232000456040693,0.0230004051319835,0.756051832782198,0.106946431341766
10,"nig_cor",352,TRUE,387,0.0642040155926275,0.0126090984986475,0.0505639610953681,-0.219298342504739,0.455982980306711,0.395401450938374,0.335586448279972,0.803852749868099,0.00186226183480197,0.000381201767354201,0.00185748954900707,0.0229359537725469,0.00929792680732486,0.0100900300072086,0.01128278736528,0.0248384721778042,0.628809550610019,0.112290242223657
10,"nig_cor",353,TRUE,371,0.0498769509633099,0.00605777014849401,0.0380390940558514,-0.353743887369466,0.393251730306792,0.281521759969863,0.283423463349277,0.696650769844017,0.00154552461174535,0.000232399985700581,0.00170011886816092,0.0222555171686809,0.00790535121334815,0.00688192455642243,0.00927702713642058,0.018381492660923,0.530586241783429,0.0778316783096318
10,"nig_cor",354,TRUE,499,0.0761482981082046,0.0167796002290098,0.0576668534981307,-0.128608668300554,0.473338497105753,0.429299236602167,0.338128210248866,0.787830958911472,0.00300388726509887,0.00143264397907678,0.00298715586218775,0.0249206375381228,0.0144376428281851,0.0230441809396348,0.013588466410021,0.0190828230866891,0.655209307475227,0.129536096239657
10,"nig_cor",355,TRUE,717,0.0885856681449075,0.0157869989807894,0.0656128364171203,-0.0375929192414317,0.507785838943875,0.483939080952964,0.368402820180811,0.829066772791483,0.00192325360452123,0.000394397353172681,0.00218640365727292,0.0172114042024388,0.00904160224876389,0.0105832592082499,0.00995447362531717,0.0139085514077514,0.695657301372568,0.125646324979242
10,"nig_cor",356,TRUE,346,0.0639596925324834,0.00900464954765966,0.0477821567526069,-0.205796582587697,0.5011481350579,0.50322517267456,0.365988885532482,0.827182169162181,0.00134473366627091,0.000199978020617336,0.0014149598054349,0.0151992996541716,0.00895849794136452,0.0103469406654419,0.0100644180925507,0.0146058076738274,0.709383656898409,0.0948928319087362
10,"nig_cor",357,TRUE,500,0.0721017976726068,0.0116041898620848,0.054708022993311,-0.127802193610079,0.655124515403693,0.825137888287495,0.475690723574295,0.957203730124354,0.00166694334659434,0.000272408154876217,0.00183662654888811,0.0195695077738521,0.0179946132180558,0.0281349570339124,0.0202986829699161,0.0238961963890407,0.908371008061956,0.10772274533303
10,"nig_cor",358,TRUE,464,0.0522822655254713,0.00621827114345483,0.0394489062139986,-0.304687539119045,0.59348671472624,0.560758042029324,0.422131987059577,0.918645001978465,0.00206170025169091,0.00029383903611433,0.00206615341840321,0.0274084149040155,0.014283206361779,0.0181497332956887,0.0156463302700886,0.0193576449975138,0.748837794204676,0.078856015264879
10,"nig_cor",359,TRUE,349,0.047251445229836,0.00507651483889021,0.0348687846021469,-0.38947945703067,0.66451891303216,0.693900441202204,0.466790619655339,0.964289113205379,0.00151900831034742,0.000206526869918098,0.00143354559304679,0.0244296056822295,0.00984453287975885,0.0139521607967583,0.0104431951824826,0.0136929684106888,0.833006867440001,0.0712496655352866
10,"nig_cor",360,TRUE,333,0.034177223964369,0.00270759525423524,0.0257257665637295,-0.530338074107545,0.504506577546363,0.432370087589008,0.371370782539328,0.877616635966928,0.00126847619081242,0.000126172893044863,0.00120853761812181,0.0231653772200546,0.0167938527063,0.0186259042870997,0.0174242594076431,0.0192972955593507,0.65754854390304,0.0520345582688586
10,"nig_cor",361,TRUE,250,0.0246612818682889,0.0014521514993724,0.0183111884577312,-0.6945443649284,0.434914782368491,0.308163005181269,0.309995117349647,0.764181264475592,0.000597111996989528,3.79296221322526e-05,0.0006300341209896,0.0176478032471819,0.0178776585711102,0.0171894916754547,0.0158105084264731,0.0219072406067511,0.555124315069399,0.0381071056283785
10,"nig_cor",362,TRUE,300,0.0139113692132737,0.00036202260545853,0.010319536701704,-0.938043348280701,0.40170413353127,0.266552161385162,0.285564655560731,0.723965035494979,0.000346937357198542,1.0546682583693e-05,0.000378645582618628,0.0147373346591603,0.00689854671252718,0.00640491901344699,0.00806349898291063,0.0137967056265051,0.516286898328015,0.0190268916394279
10,"nig_cor",363,TRUE,229,0.0702449303117831,0.0333613720439013,0.0572869680130931,-0.0742489398334054,0.424582454038469,0.33283425302852,0.311846043142525,0.761168191392072,0.00351148918550499,0.00174977878508054,0.004533381481605,0.0965853788364913,0.00587904966424065,0.00536514288706383,0.00629018707774167,0.0114539161264299,0.576917891062948,0.182650956865551
10,"nig_cor",365,TRUE,446,0.132324424385054,0.0583086407644819,0.0980994644586903,0.0928313301800535,0.871185544243086,1.40267674539753,0.621234612160787,1.09168752263104,0.00980959340806018,0.00763839721252297,0.0104859060082311,0.0720906732414697,0.0348567671507307,0.0941024814868377,0.0352576270416127,0.0348555855110494,1.18434654784718,0.241471821885043
10,"nig_cor",366,TRUE,472,0.0927872548769759,0.0207755896328886,0.070723463831906,-0.0107843971406103,0.665658644456292,0.824057467264859,0.483148523298961,0.964319361553425,0.00345081252139683,0.000867871597958944,0.0033262966971929,0.029832859691123,0.0199913688805044,0.0326153996258738,0.0196214332432686,0.0240643602756725,0.907776110759068,0.144137398453311
10,"nig_cor",367,TRUE,401,0.0394326030146622,0.00377201497055806,0.0307016055019265,-0.404023770142033,0.462372015599608,0.369797575712442,0.333087958991904,0.795152378564281,0.00140391387389307,0.000157984979554207,0.0014044148088625,0.017782725241805,0.0109449127016558,0.0126160611128952,0.0118623756205573,0.0196684061818413,0.608109838526267,0.0614167320081267
10,"nig_cor",368,TRUE,422,0.0299119726900229,0.00223711590750848,0.0239261771989212,-0.528287574068273,0.370032602949384,0.24662844666609,0.268595646748909,0.683756380575304,0.00143554233091136,0.000119871064329993,0.00142977440310777,0.0202200759110267,0.0101926811436423,0.00839732427189661,0.0107226920798293,0.0183694000807993,0.496617001990558,0.0472981596630194
10,"nig_cor",369,TRUE,412,0.0320965972959723,0.00246384178798367,0.0277283453751127,-0.412819333654093,0.351093270337022,0.210643937885465,0.2548543331859,0.67478252320019,0.00166924022340543,0.000142660997436888,0.00171350461431461,0.0165377853243653,0.0107842027108275,0.00820351931977518,0.0114437212467344,0.0168270114876671,0.458959625550511,0.0496371009224317
10,"nig_cor",370,TRUE,145,0.0466112945367016,0.00521811390511174,0.0363953363341841,-0.324298711063026,0.269734366693832,0.124660822286721,0.196918043075618,0.533299178622205,0.00120355199861679,0.000145113026931249,0.00114943862448449,0.0167396959235139,0.00629442440697978,0.00415901954710905,0.00743674334213908,0.0188315063269055,0.353073395042335,0.0722365136555727
10,"nig_cor",371,TRUE,125,0.0297339456011467,0.00274878953265402,0.0226672162415109,-0.605372365678122,0.315969598167851,0.153370265926658,0.223067351088576,0.603866633179008,0.000830121619997371,8.25538432522437e-05,0.000726122429150184,0.0254214677564349,0.0081747210834359,0.00525301731138758,0.00910508509814916,0.0188049184168087,0.39162515997655,0.0524288997848898
10,"nig_cor",372,TRUE,201,0.046095093064149,0.00646015014459482,0.0362880515788511,-0.381858289504391,0.394905893515334,0.277378702820694,0.286728166779603,0.73153441577291,0.00171905974052,0.000315647991588906,0.00197746549524402,0.0393976427771875,0.00815126894304741,0.00676642653348271,0.00889617441291236,0.0175051755800846,0.526667544871235,0.0803750592198526
10,"nig_cor",373,TRUE,293,0.0958609965119327,0.0354436522639353,0.0741753984430699,-0.0141138477551426,0.439611283215453,0.341745022540007,0.316620810325233,0.758863533356348,0.010929353050474,0.0112164642953395,0.00984783465798567,0.0485165388595176,0.0117180092287221,0.0133369201975439,0.0119532891482061,0.0197668092345337,0.584589618912282,0.188264846065152
10,"nig_cor",374,TRUE,491,0.0814025112684942,0.017851429825687,0.0677357707725636,0.00716514718527391,0.462426741040002,0.3515337000722,0.33415271078286,0.807206920998405,0.00208435726504726,0.000425009928402858,0.0019649007880899,0.0130942860707717,0.0049878758123131,0.00471336224551894,0.00616700649484359,0.011190865672692,0.592902774552624,0.13360924303987
10,"nig_cor",375,TRUE,394,0.0375660683995001,0.00789097048351933,0.0302459093432485,-0.48986746024571,0.489046142634793,0.410739411032938,0.355258334417847,0.874951624009545,0.00156962036779161,0.000468533163604507,0.00221099541690256,0.0385013264496625,0.0148192822709058,0.0192419368892881,0.0160712466589868,0.0299378237415582,0.640889546671607,0.0888311346517612
10,"nig_cor",376,TRUE,421,0.0560948979003872,0.0079098866593229,0.0436843945766282,-0.234989451694219,0.557555695689397,0.551579999530622,0.403244733507635,0.912706404835052,0.00181947387389393,0.000267027178934524,0.00197471580104003,0.018797280226316,0.0149764950749162,0.0193711778885051,0.0150009775106225,0.0204769278969348,0.742684320240182,0.0889375435871876
10,"nig_cor",377,TRUE,536,0.0476740121916528,0.00517412215539262,0.0360820715346128,-0.339690890927127,0.451742593077828,0.377679797381504,0.327216680274422,0.782005190428006,0.00173498047869301,0.000214533457555273,0.0019252947716129,0.0216263903253217,0.0152849638760765,0.0152402760757831,0.0144133541543893,0.0215704507918275,0.614556585988226,0.0719313711491212
10,"nig_cor",378,TRUE,434,0.0323081501168374,0.00254728688927279,0.0246892005547403,-0.519110700408496,0.466115836263004,0.40132975835184,0.343562065255416,0.867366289583645,0.000943213744917116,7.89136702879378e-05,0.00102240999783397,0.0158614129641538,0.0183296701340437,0.0203621372952599,0.0179159829906455,0.0256801579611725,0.633505926058975,0.0504706537432674
10,"nig_cor",379,TRUE,309,0.049593893394785,0.0055348229056969,0.0376997342013808,-0.302331720685446,0.65494606880337,0.682545332264486,0.463282603663535,0.977916719164888,0.00131870043120794,0.000151998329462262,0.00122598689308083,0.0199402836806908,0.0111546174623144,0.0165482742861975,0.0126351168354818,0.0183597713102476,0.826163017971929,0.0743963904077133
10,"nig_cor",380,TRUE,381,0.0409285966699636,0.00484506053036954,0.0313526649341292,-0.431214095623542,0.541884232333129,0.495847575016396,0.389031902194084,0.883684499548809,0.00134973573534277,0.000173015427924381,0.00141151128054199,0.030112230184586,0.0127008272331796,0.0161711816454259,0.0134462541569618,0.0228136852005884,0.704164451684687,0.069606469026733
10,"nig_cor",381,TRUE,355,0.0283198487607731,0.00155606874793506,0.0207329097948326,-0.603079798776994,0.38435424268833,0.250325247609212,0.275078517026018,0.693536336800539,0.000647024262701495,4.28958332483325e-05,0.000700483570371352,0.0213097976462478,0.0085704555919048,0.00708294998193746,0.00872185657692472,0.0160774807280884,0.500325141891962,0.0394470372516753
10,"nig_cor",382,TRUE,377,0.0364810953764619,0.00421497733546122,0.0282111603830218,-0.462807298669102,0.389677196654628,0.286381799785899,0.283568113364462,0.705199079604495,0.000912459247881425,8.98223506695787e-05,0.00106254273982267,0.020701949639458,0.00981093781793181,0.00910616212668444,0.0100995480035732,0.018545716948304,0.535146521791835,0.0649228568029875
10,"nig_cor",383,TRUE,356,0.0861935336003272,0.0185508151254514,0.0658129103119329,-0.0335252054905208,0.609731366739733,0.696842791696967,0.443802926123531,0.949162794319263,0.0036036594580217,0.001146557705277,0.00355427633969851,0.0305142476082009,0.0157578863022823,0.0200954129195739,0.0169092377852875,0.022977952303463,0.834771101378675,0.136201377105562
10,"nig_cor",384,TRUE,276,0.10701329724376,0.0314382346725719,0.0836491555262915,0.153627958262357,0.339412870188097,0.199169121305861,0.245818025561201,0.655105041731178,0.00425771265113158,0.00189977159113943,0.00484155034810721,0.0447114011093713,0.008655311863387,0.00691834071781098,0.00871940785334336,0.0181552477404861,0.446283678063472,0.177308304014707
10,"nig_cor",385,TRUE,188,0.0541843429008407,0.00686005701428468,0.0407024402419321,-0.283910639953176,0.344463632340487,0.217683514092822,0.252119946247115,0.661580755534749,0.00151705597693215,0.000238365823764572,0.00158944465375245,0.0247368826542661,0.00828252173665852,0.00614358918195057,0.00827813511455636,0.0193102478222114,0.46656565893004,0.0828254611474315
10,"nig_cor",386,TRUE,233,0.0389738042232232,0.00340192028033411,0.029297708640212,-0.444107195541209,0.36309916965129,0.213101260059161,0.258028960082396,0.674941283134855,0.00123279351437111,0.000153035124024086,0.00110687151905531,0.0199532309091577,0.00635048147645457,0.00486162591687635,0.00740022131834158,0.018892333883807,0.461628920301968,0.0583259828921392
10,"nig_cor",44,TRUE,168,0.0519429195299225,0.00592995198955595,0.0473857967169438,-0.109710988432227,0.332876429230631,0.229502864817938,0.321898198962772,0.850629147092497,0.0025037819718523,0.000399688000783142,0.00238097108461315,0.0105175122931168,0.0120280621163334,0.0107722294938049,0.0139097580982335,0.00988423198215632,0.479064572701779,0.0770061815022401
10,"nig_cor",45,TRUE,490,0.0388456265949996,0.00296514320576601,0.0303608176419922,-0.382476378686792,0.318921586683004,0.180566128811114,0.23204814073336,0.621370676952428,0.00145125242223545,0.000151779929542345,0.00147861596287638,0.0150261602610638,0.00908853028429284,0.00727998637054313,0.00937239528739625,0.0137513611078055,0.424930734133357,0.0544531285213808
10,"nig_cor",46,TRUE,483,0.0518226153574493,0.00802486723475009,0.0398949472649777,-0.321959695651724,0.288985899450934,0.146797342916333,0.208564755556617,0.555733178381684,0.00171103483989317,0.000339785327687262,0.00161652155046066,0.0191357537670889,0.00624717426065656,0.00405397209282446,0.0070558951865212,0.0168580762554623,0.38314141373171,0.0895816233094159
10,"nig_cor",47,TRUE,654,0.0393686784572829,0.0054421124044179,0.0300714849414181,-0.465689788373046,0.250565574116152,0.102431120719723,0.177375171226767,0.477370369847638,0.000956352653925436,0.000170044374292902,0.000974387530679261,0.0167742874562484,0.00516498976040441,0.00312672014268836,0.00575033070457954,0.0152684707884252,0.320048622430597,0.0737706744202457
10,"nig_cor",48,TRUE,707,0.0239052522282736,0.00101921325598381,0.0182630493920202,-0.638124325935224,0.248325102495838,0.106807367768088,0.17871785116315,0.481321620251537,0.000561040190040493,3.08202979477285e-05,0.000616673011527224,0.0115491044966151,0.00421274715610323,0.00232966394421523,0.00469200158256919,0.0126537737062527,0.326813965075068,0.0319251195140098
10,"nig_cor",49,TRUE,414,0.0453260644933699,0.00592272681375256,0.0351446102449351,-0.358764067233193,0.271500840608285,0.128628929242256,0.196004743998605,0.533383324016489,0.0010034742353804,0.000134764947256476,0.00101040240410035,0.0175667239432541,0.00375109064036488,0.00214240774566578,0.00408830853364174,0.00978523186459142,0.358648754692186,0.0769592542437397
10,"nig_cor",54,TRUE,359,0.190379078677842,0.119219475881041,0.14743612373172,0.327106716412858,0.944579627122808,2.23246634685075,0.698027596019856,1.11519105828682,0.0107832180002493,0.00930572962491694,0.0127737132039924,0.028687647457729,0.0387195733014374,0.122217705442785,0.0413626456515894,0.0283464451643833,1.49414401810895,0.345281734068052
10,"nig_cor",55,TRUE,871,0.136707563797471,0.0867785134270863,0.104117911402536,0.124565687177251,0.677283070347342,1.30015241081251,0.504630409592381,0.964188662595381,0.0117917768583001,0.0224829596722801,0.0107726360475546,0.0408744337215885,0.0310195673922872,0.158050931834969,0.0291639406851798,0.028282130314596,1.14024225970296,0.294581929905903
10,"nig_cor",56,TRUE,668,0.0493020194909788,0.00548901064216592,0.0369707043265704,-0.336488117075928,0.307309908852457,0.171019861374758,0.219455068434062,0.565009629736016,0.00148207086164125,0.000222893781112593,0.00148167039983343,0.021148762011156,0.0081340161212614,0.00640570455751157,0.00773262265529895,0.0186207800304734,0.413545476791559,0.0740878575892563
10,"nig_cor",57,TRUE,257,0.0204638630765873,0.00102221811741014,0.021167595887457,-0.501557897007064,0.198366675113466,0.0733804566467495,0.146000920200415,0.383666649395608,0.000887785339346738,6.06702039532768e-05,0.000822141713917918,0.00908597318823704,0.00495377562263312,0.00262454149325488,0.00512543816569395,0.0116155042143884,0.270888273365145,0.0319721459619172
10,"nig_cor",59,TRUE,323,0.0383553416844674,0.00283643959438253,0.0290250581319913,-0.416500910012722,0.386088315509342,0.243745672641924,0.277297444603092,0.713389461533417,0.000675125242445703,5.4508659090879e-05,0.000760966654842179,0.0103113098922622,0.0053750163839339,0.00416531292935956,0.00652792688154615,0.0110334144754354,0.493706058947957,0.0532582349912437
10,"nig_cor",67,TRUE,688,0.0482240549039122,0.00576240170688957,0.0376616111875433,-0.296779456094669,1.00546835433117,1.96813125469085,0.730798892480658,1.1800314079227,0.0012917613637077,0.00023337684258498,0.00137101685844897,0.0135671023954465,0.0189861562129119,0.048085354037408,0.0222027149644966,0.019139644425269,1.40290101386051,0.0759104848284449
10,"nig_cor",68,TRUE,1145,0.124170503468706,0.0402114019827706,0.0951786128439587,0.163291901459597,1.02565598551673,2.56259077681692,0.768813274264756,1.18977573074628,0.00431092344585725,0.00307391746462909,0.00430770434785588,0.0241532703100481,0.0341434345682443,0.185575814918811,0.0353129024745488,0.0229238686980165,1.60080941302109,0.200527808502389
10,"nig_cor",69,TRUE,631,0.0961238082060969,0.0201464255359926,0.0719465414849522,0.00906485682523249,0.858098750097896,1.28157591734716,0.615109874874931,1.09330510864978,0.00242693248934576,0.000662953437940781,0.00257101883802657,0.0197438686828747,0.0215530504568051,0.0468276463456922,0.0222442715956243,0.019481432959024,1.13206709931309,0.141938104594899
10,"nig_cor",70,TRUE,395,0.0724245813775621,0.0122018918788346,0.0549694038149212,-0.130951917570745,0.571313007278914,0.556464078581403,0.407767509882356,0.883238457879784,0.00222124071713123,0.000470616259366956,0.00220135223076177,0.02344455336075,0.0157579195453463,0.0216044563124952,0.016751504081303,0.0216201983006264,0.745965199309863,0.11046217397297
10,"nig_cor",71,TRUE,389,0.0537947540178082,0.00544972383802767,0.0396103273331745,-0.27162231407652,0.457581938144072,0.349742649318834,0.323747085097476,0.781305592931696,0.000918452242306761,0.000113255480329486,0.00101326493251984,0.0129890907353216,0.00516978246273011,0.00502934849740903,0.0068117395953966,0.0123617643458289,0.591390437290657,0.0738222448725834
10,"nig_cor",72,TRUE,713,0.0394863518865709,0.00308182914053662,0.0293973293806488,-0.420085845413138,0.2731927200039,0.166747297529012,0.218872820257332,0.593116832326059,0.000674105325838364,6.99583493968107e-05,0.000692149347706988,0.00938169473325021,0.0032558450905313,0.00226567936267551,0.00409276398303401,0.00765834128799319,0.408347030758168,0.0555142246684273
10,"nig_cor",73,TRUE,410,0.0578945818505525,0.00739244153162574,0.0440365602503951,-0.217002029121708,0.434729650855923,0.325745486203598,0.315841894138091,0.782956838959858,0.000918681682346265,0.000112365354400911,0.00112941756014791,0.0131754659498553,0.00497129029089432,0.00428435864576802,0.00660966940256707,0.016172928541728,0.570741172690036,0.0859793087412648
10,"nig_cor",74,TRUE,562,0.0668407143305204,0.0084824611556381,0.0490326080563718,-0.163096561593412,0.401838157261013,0.262643326747248,0.285122587283634,0.719283833194966,0.0010663494396677,0.000151073994487373,0.00121702320908016,0.012277750425068,0.00400173773473694,0.00332814271258652,0.00482479602805118,0.00980031828786331,0.512487391793445,0.0921002777174863
10,"nig_cor",79,TRUE,495,0.333896125446621,0.223514061603992,0.246267815801323,0.643690741129563,1.56138384475093,4.38304363540565,1.15487685029638,1.41670313928684,0.00463425769444406,0.0038743751440444,0.0049345806882133,0.01065071796327,0.0202085725242293,0.065721922240043,0.0217634314570917,0.0106219929955716,2.09357197999153,0.472772737796917
10,"nig_cor",80,TRUE,509,0.317592271363519,0.237137514760776,0.256886114676852,0.66197948965996,1.26016154425389,3.41869182073585,0.978283309313684,1.32799132854379,0.00857618558616331,0.0068811390913594,0.00887064347631137,0.0160748018642692,0.020831104823228,0.060620031662792,0.0252121727230975,0.0142240362360593,1.84897047589621,0.486967673219461
10,"nig_cor",81,TRUE,408,0.215117881363751,0.187737856623968,0.168201609580776,0.284714042240466,0.857254675625498,2.49661181149665,0.660244812712918,1.0285604574455,0.0130871321957738,0.0203971476266643,0.0150614053019055,0.0392057314770465,0.0555676013259244,0.300949386891326,0.0544986584987575,0.0323019614832693,1.5800670275329,0.433287268015076
10,"nig_cor",82,TRUE,441,0.0494977252134726,0.00444049677710866,0.0367724272384106,-0.295896244482598,0.324745329822456,0.186305372849573,0.234752691076989,0.61407510091564,0.000948196494736752,0.000103832585447921,0.00108403644569995,0.0114073238442975,0.00591174593000384,0.00430444775982115,0.00676652551532482,0.0139021465047771,0.431631061034274,0.0666370525841942
10,"nig_cor",83,TRUE,579,0.0466168327632091,0.00406504274024262,0.0343182533601118,-0.342500541826704,0.347821570382287,0.187929732705339,0.243561728641313,0.64619617182103,0.00069453151757568,6.73765133113756e-05,0.000781193661676697,0.0120382957857478,0.00369497388879383,0.00262569985819885,0.00472228204836837,0.0133724349360407,0.433508630485414,0.0637576876952311
10,"nig_cor",84,TRUE,816,0.112241307915418,0.0242350893950566,0.0826504768575483,0.0991359741768243,0.32671217302438,0.196223592497065,0.239187208022813,0.628199810452039,0.00183895470003569,0.000504062977892308,0.00180499859341441,0.0127324745609998,0.0052651322921427,0.00382153037612504,0.00529759873294558,0.0127283855244506,0.442971322431899,0.15567623259527
10,"nig_cor",85,TRUE,908,0.078815141774347,0.0146354380391608,0.0615878938948055,-0.0453626435070055,0.321047385407166,0.176774635546642,0.229132281012842,0.610165146816286,0.00131931976400372,0.00023899778573784,0.00146491936195981,0.0107439178371993,0.00592594625186991,0.00421150377664926,0.00623429824569458,0.0121626067879946,0.420445758150373,0.120977014507553
10,"nig_cor",86,TRUE,616,0.0485444052114647,0.0056614262582762,0.0366170720982639,-0.323293924068606,0.394552136423575,0.26459487610014,0.282553217106483,0.717419750056756,0.000800675385951392,0.000103553389905096,0.000828848887833838,0.0119982073396666,0.00664776706529355,0.00544140597449775,0.00688981397216693,0.0115160413540366,0.51438786542855,0.0752424498423343
10,"nig_cor",87,TRUE,101,0.0400469793625977,0.00343233637946452,0.0293969912202748,-0.418777950785284,0.424527673673276,0.277656186781735,0.282956804557374,0.713547734710044,0.000633816333992607,5.40265305235206e-05,0.000614537103315747,0.0091036471363154,0.00450636440785306,0.00406806618220066,0.00534650781954123,0.00935654280754613,0.526930912721711,0.058586144944556
10,"nig_cor",95,TRUE,617,0.028709815694334,0.00152387258597673,0.0225800235185934,-0.515016159750733,0.505092640500544,0.472354481295071,0.37013781360761,0.844608771277336,0.000598811923825891,3.98316111647029e-05,0.000628924855277111,0.00879846026860348,0.0126575281528504,0.016947066719926,0.0132655969877813,0.0144770373491497,0.68728049680976,0.0390368106532377
10,"nig_cor",96,TRUE,1009,0.0310712924301272,0.00196453811696694,0.0257637365737843,-0.44154922604393,0.46810446814248,0.425337485510547,0.34670250387178,0.814354110611587,0.000831124974427473,6.55106014254094e-05,0.000796401013327262,0.00925864375685862,0.0137602720640757,0.0176715943359812,0.0127299095672739,0.0135321871442218,0.652179028726428,0.0443231104162032
10,"nig_cor",97,TRUE,592,0.0556035511374514,0.00648828430583059,0.0435622269346779,-0.205644572087333,0.640748030259933,0.750210244499249,0.463438997145806,0.950716563642466,0.00127922345973028,0.000162685744591499,0.00124394578685245,0.010948107597713,0.0151139592031436,0.0219054769346834,0.0161838088138485,0.0151478960759123,0.866146779997045,0.0805498870628047
10,"nig_cor",98,TRUE,450,0.0635388355830326,0.00793290946270045,0.0470155064214148,-0.183563517933573,0.620593809984846,0.648156621552191,0.44186689215289,0.930655910837552,0.0010510374534613,0.000137137037654498,0.00114140939978986,0.0136876580552863,0.0123525033882363,0.0163371013590326,0.0136726165703543,0.0156683305114626,0.805081748366084,0.0890668819635023
10,"nig_cor",99,TRUE,319,0.054615131496999,0.00556180997506011,0.0396058603764438,-0.274512969075184,0.534979101348284,0.498357110366118,0.380284621553095,0.845448293913157,0.000986908608166702,0.000116325934222798,0.00113510038607548,0.0149180024769927,0.0101718777914457,0.0131171525238498,0.0104945366315757,0.0160592167820255,0.705944126943569,0.0745775433697042
10,"nig_indep",100,TRUE,428,0.0658624524406395,0.00840999207740414,0.0489767785396561,-0.158581377694305,0.572739527329469,0.517156177472897,0.406884984637114,0.906094034507033,0.000957957774410838,0.00013683657219384,0.00114367796275793,0.0154920830701441,0.00676537524144026,0.00826317412985045,0.00796906964729771,0.0132774111263575,0.71913571561486,0.091706008949273
10,"nig_indep",101,TRUE,423,0.0617977871245304,0.00756557717680162,0.0463951314773229,-0.191661646583815,0.519626554778071,0.433073953867687,0.370054085354958,0.868508775790146,0.000876439196734999,0.000122339314781315,0.00109591875886282,0.0140910487968731,0.00456474361731056,0.00477092428407735,0.00601918346472977,0.0126980019008844,0.658083546267256,0.0869803263778748
10,"nig_indep",102,TRUE,457,0.0760515548542296,0.0107693427209996,0.0557659185130957,-0.0992253274304451,0.40828493377815,0.278056766375808,0.290628461837292,0.732631486085558,0.00104448718452978,0.000175887906860607,0.00129691942858569,0.0121924939837466,0.00420876941645835,0.00341199799048866,0.0054435415756989,0.0117322640569821,0.527310882095001,0.103775443728271
10,"nig_indep",103,TRUE,426,0.0857558811337872,0.0136997943789791,0.0635839225682761,-0.0285197814639867,0.328463431622188,0.177449707769698,0.232990198054842,0.619848721440707,0.00131296247319403,0.000238892192991772,0.00149460895412785,0.012060906664028,0.00420421616573208,0.00284112054581268,0.00462178494115716,0.00974357422721964,0.421247798533948,0.117046120734431
10,"nig_indep",104,TRUE,565,0.0737278434115452,0.011796401527497,0.0555325167874349,-0.117644445251689,0.320967445373856,0.18982845796846,0.233546238018215,0.60956997720589,0.00115717284726061,0.000210825919436077,0.00136405042592217,0.0133496627156076,0.00453272460005737,0.00328564365025644,0.0050065472020949,0.0118483175109956,0.435693077714645,0.108611240336795
10,"nig_indep",105,TRUE,239,0.0569398955442435,0.00586134189972495,0.0416547485375864,-0.242463529556983,0.256016383991257,0.115979271947406,0.180987529706884,0.475872101610327,0.000783613756351921,9.96358818161628e-05,0.00093555507654707,0.0116527382511929,0.00373123795094267,0.00249418980828359,0.00415832147098575,0.0103311884398294,0.340557296130043,0.0765594011191633
10,"nig_indep",107,TRUE,367,0.0924013510797522,0.0474518214810279,0.0742532819857727,-0.0212006424549766,0.54119754484254,0.489620106530527,0.381664596897808,0.859169765551518,0.00196136835503702,0.00086420954647756,0.00243199847532468,0.0150973667997409,0.00732969757235531,0.00851918418380834,0.00864968225794116,0.0129706403212167,0.699728594907002,0.217834390032951
10,"nig_indep",108,TRUE,404,0.0478561824950599,0.00480029324127541,0.0400591424394465,-0.227157185565473,0.544915009637953,0.548854618790246,0.395027968938653,0.87143309808238,0.00106441011717168,0.000112358499302907,0.00111049390112809,0.00895496334449417,0.0103834946096744,0.0132049586772622,0.0111408212900354,0.012107630188567,0.740847230399254,0.0692841485570503
10,"nig_indep",109,TRUE,643,0.0368811955112041,0.00276752358873214,0.0276285532367842,-0.45267236087171,0.419094217651496,0.307453124862539,0.303120802758971,0.74168012115037,0.000750789853327811,6.42146446782243e-05,0.000917432935396111,0.0145945504704986,0.00886924658900309,0.00793356406194142,0.00950071358691456,0.0160530779885867,0.554484557821531,0.0526072579472846
10,"nig_indep",110,TRUE,555,0.0575152761306667,0.00627555355912069,0.0438158347143423,-0.206238350431038,0.368125773733635,0.221037661816077,0.260631761491895,0.672471585232384,0.00146662003331869,0.000218645531807096,0.00154059179597898,0.0127741112224727,0.00864642610173983,0.00696043858463573,0.00919618318038347,0.0167812078910149,0.470146425931408,0.0792183915459074
10,"nig_indep",111,TRUE,342,0.0681070264928494,0.00953578207761006,0.0494476205473058,-0.171537798227459,0.360288553271778,0.223349121449711,0.253664886747219,0.652348315062048,0.00208601043732206,0.000471873486060078,0.00250470961234353,0.0254585870404976,0.00817100315491707,0.00843103566050604,0.00988895718080061,0.0205126727157405,0.472598266448059,0.0976513291133821
10,"nig_indep",112,TRUE,358,0.0603042458869874,0.00844113173810557,0.0457152328686251,-0.226587709162197,0.333584968487811,0.175782489231815,0.23359053135411,0.615052069786127,0.00103591528114207,0.000174644377137491,0.00123633466223673,0.0165491007054603,0.00370951597770468,0.00274259876479133,0.00497290430309683,0.0119272478081491,0.419264223648781,0.0918756319058844
10,"nig_indep",113,TRUE,523,0.0478743588537485,0.00402013105136652,0.0345307419087726,-0.339066367181274,0.307909016154024,0.15393196400217,0.217222483739208,0.580877598087289,0.00090420294790582,9.7906152229922e-05,0.000987302896193175,0.0137079758575481,0.00443283684621605,0.00289608871704218,0.00537200025210354,0.0129404260532492,0.392341641942542,0.0634045033997312
10,"nig_indep",114,TRUE,163,0.0452254025055897,0.00361882435720137,0.0390051305968566,-0.21361033252955,0.32234176418583,0.171128226559108,0.228022535076255,0.598063035029478,0.00103546042311516,0.000106067988586422,0.00119067503980751,0.00833129935995057,0.00596423516392771,0.00445258980723791,0.00723360918626168,0.0143560439558212,0.413676475713942,0.0601566651103714
10,"nig_indep",120,TRUE,878,0.0698967524160286,0.00926885128460337,0.0525553534496284,-0.123378503735382,0.301624320992406,0.151973822648889,0.214480066698028,0.574234067479499,0.000979542249962729,0.0001580898357524,0.00113620611372971,0.0096874472228975,0.0032927407778024,0.00208279520142636,0.00395612282639028,0.0103353222553845,0.389838200602364,0.0962748735891321
10,"nig_indep",121,TRUE,772,0.0859672279260813,0.0154586880710038,0.0629671486964112,-0.0411846765919325,0.29562507348732,0.142899200035202,0.206855052454112,0.554420036011622,0.00203345773904672,0.000775644666653416,0.00190324508424833,0.0120353379809354,0.00303564844374461,0.00194014601794765,0.00382400780135468,0.0103308598810557,0.378020105331981,0.124332972581708
10,"nig_indep",123,TRUE,360,0.50154069202297,0.476119560241936,0.370233801982315,0.853812366059598,0.426684612840835,0.323430596813939,0.312328238889373,0.783501672060742,0.00846012806266877,0.0108296982420787,0.00892539753352454,0.0158086130135676,0.00607042530245197,0.00569601467984992,0.00684097899290304,0.0168202480561433,0.568709589170025,0.690014173942779
10,"nig_indep",125,TRUE,442,0.0739538873549542,0.0127941468207831,0.0577612137474592,-0.0839170968574343,0.269915540396392,0.134522860509044,0.197753139298748,0.534823245882154,0.00145798332532084,0.000290921759489781,0.00162271305437796,0.0118543219688066,0.00431505545793304,0.00266232329480178,0.00486347267564257,0.0102842528512822,0.36677358207625,0.113111214390011
10,"nig_indep",126,TRUE,898,0.0740858021522419,0.01272420543717,0.0558667440438527,-0.105816799668292,0.483370440449161,0.408897008246742,0.348360844584456,0.820246461915738,0.00157716966948526,0.000413665303753185,0.0018047079165994,0.0153599953270957,0.0081720918365916,0.00871769797374591,0.00910980561707199,0.0151063331123675,0.639450551838641,0.112801619833981
10,"nig_indep",127,TRUE,971,0.0574485567728913,0.00678737661544298,0.0429120510614353,-0.235861284729484,0.458484467433307,0.354198369304588,0.327596109577192,0.787448319678499,0.000727715538782835,9.93426173193602e-05,0.000836630850436973,0.0105569862199537,0.00666842599287286,0.00691933053019334,0.00763790450406264,0.0124848982979494,0.595145670659367,0.0823855364456831
10,"nig_indep",128,TRUE,478,0.065661043213599,0.00767187177177511,0.047504550878873,-0.18062176738072,0.443335887902389,0.346133522237125,0.318703743259788,0.769955358129557,0.000922418469159683,0.000134940403787016,0.00110321587267267,0.0121290283889634,0.0068721608911484,0.00652943938992381,0.00808884419141432,0.0137353776978518,0.588331133153027,0.0875892217785676
10,"nig_indep",129,TRUE,321,0.0624388840784348,0.00705545593438364,0.0459938755246398,-0.190425120500175,0.32953021803219,0.227390543308759,0.247438566090551,0.649272925733153,0.00106651641532791,0.000148935349977642,0.00122210073726967,0.0112374670991878,0.00854697252910401,0.00691605219745804,0.00931661813247617,0.0165122607272911,0.476854845114065,0.0839967614517586
10,"nig_indep",130,TRUE,331,0.0569214792629977,0.00667430912646584,0.0432693087599573,-0.221777833708117,0.308217351796118,0.197560223612647,0.227093487410084,0.58182327304799,0.00101015998467383,0.000134037396688075,0.00113568838993957,0.0112004600365279,0.00963546556069536,0.00878805510338042,0.00971691654617361,0.0189697763748094,0.444477472559237,0.0816964450050664
10,"nig_indep",131,TRUE,294,0.057107793022642,0.00664219931339656,0.0440654535588739,-0.206083771912456,0.268070967122754,0.120092189677492,0.194647648929767,0.539915557378601,0.00105054954693191,0.000141956934245394,0.00122706126870311,0.0115133609498418,0.00392830204472247,0.00218405755114941,0.00508759223804918,0.0107666166075133,0.346543200304799,0.0814996890386495
10,"nig_indep",132,TRUE,374,0.0649376882184129,0.0085809883075573,0.04919679622546,-0.159874925426037,0.257786923524384,0.111268401811709,0.183824153546722,0.506647988780686,0.00115763935854613,0.000164211838266548,0.00129206884045818,0.0118043674180612,0.00353396794532192,0.00198950905013003,0.00434903410077596,0.0100389233811702,0.333569185944549,0.092633624065764
10,"nig_indep",133,TRUE,715,0.0800680861930874,0.0136644116973111,0.0601558977633482,-0.0665460714885405,0.225609444556999,0.085870565837667,0.161984669870287,0.442817023875909,0.00108132846751291,0.000196398774454648,0.00123706219834071,0.011728938617697,0.00278638089015777,0.00134096079200615,0.00345208625744216,0.00886404555810091,0.293036799459841,0.11689487455535
10,"nig_indep",134,TRUE,382,0.109234120727145,0.023551547914395,0.0817878154295625,0.101506928719159,0.245341446384843,0.0990681747719329,0.173983803754819,0.474555863778934,0.00137159540767311,0.000353452994283073,0.00178458678151865,0.0148358296166342,0.0035782300530146,0.0018468271997097,0.00426442251020827,0.0111732860123955,0.314750972630638,0.153465135826985
10,"nig_indep",135,TRUE,329,0.111680036841708,0.0213074992947273,0.0803597741751822,0.0876100866330753,0.280509279747478,0.122072711868558,0.194721483668095,0.527240353728356,0.00153865763609622,0.000353990961542874,0.00180522441202563,0.0131213177058188,0.00433167027953215,0.00266731671950728,0.00490934268235272,0.0127745662279771,0.349389055164237,0.145970885092635
10,"nig_indep",136,TRUE,301,0.111040228030854,0.026442111820526,0.084777537641173,0.101116667333793,0.353586828582146,0.198508159909709,0.249797789846729,0.657560312119457,0.00162225313459423,0.000390091948758735,0.00188305975018277,0.0132125731791589,0.00408142242650393,0.00308759904945488,0.00488418554756337,0.0122802655760453,0.445542545566312,0.162610306624537
10,"nig_indep",137,TRUE,295,0.0931828564633925,0.0234802559564108,0.0736796216763578,0.02798214218326,0.374734940125855,0.234663844596791,0.265910228139626,0.68265141507078,0.00149547628315716,0.000403974050716729,0.00165043629195983,0.0104387019949361,0.00452204727647929,0.00378731162300991,0.0057169522971558,0.0138366658009424,0.484421143837458,0.153232685665986
10,"nig_indep",138,TRUE,168,0.0938577253813134,0.0156984558608503,0.0693867719151146,0.0266082573332704,0.414781062839005,0.297466881826779,0.295836570750547,0.730016156739843,0.00222870070046044,0.000491030404064353,0.00196959668170907,0.0106122412244129,0.00819461998140508,0.00991376987560727,0.00882214858532176,0.0142152186025857,0.545405245507209,0.125293478923886
10,"nig_indep",139,TRUE,235,0.118197314710173,0.03327625684805,0.0911254183941502,0.142501239228524,0.437484669291147,0.337455258217394,0.316217193627258,0.768075085218531,0.00188773419195461,0.00059329264269313,0.00244871843235467,0.01802775495279,0.00629994979034706,0.00584650492258036,0.00727355329549081,0.0106242316682603,0.580908993059493,0.182417808472885
10,"nig_indep",140,TRUE,182,0.0978370818233345,0.0150317455889195,0.068658681175472,0.00999727741905202,0.354372587392147,0.249391537522953,0.260868390172984,0.67081700177398,0.0016107775398323,0.000323777679090248,0.00173309985024347,0.01516030557918,0.00631731615864706,0.00524596802461289,0.00687108733782853,0.0119569444403445,0.499391166845143,0.122604019464777
10,"nig_indep",141,TRUE,264,0.123097661909488,0.0415856370119908,0.0938222239450487,0.137318660096722,0.279794220387097,0.146447452047349,0.207250261784779,0.557616945866887,0.00261940036170608,0.00090210967135215,0.00321833959661251,0.018555422798064,0.00609566565104155,0.00396769014751927,0.00718615214296409,0.0135781887011799,0.382684533326536,0.203925567332767
10,"nig_indep",142,TRUE,343,0.141422989067553,0.0429065638241602,0.107190743979125,0.217262494219806,0.242267592530519,0.0965932325003286,0.174945372052989,0.48600710229138,0.00313561814153624,0.00107576903929672,0.00331949661506161,0.0207087249750655,0.00336183159862954,0.00176789548247348,0.00384891662412672,0.00917713512673605,0.310794518131077,0.207138996386871
10,"nig_indep",143,TRUE,415,0.125328478644227,0.0402626456388317,0.0949142753012548,0.125158667480678,0.263137855422248,0.107394490672577,0.183195988881738,0.498806790273265,0.00533886793106909,0.0028282411406307,0.00524225580981701,0.0268480735591822,0.00241016183369246,0.00129795364998275,0.00335546701179914,0.00915152981256943,0.327710986499655,0.200655539766117
10,"nig_indep",144,TRUE,473,0.0662852121490107,0.00954339995900314,0.0511830834223998,-0.141420183811538,0.263910342597434,0.106313019418204,0.18410600092957,0.504405397089697,0.00168878941491058,0.000268922605530606,0.00179056249081563,0.0138741725514607,0.00233636211943121,0.00128003253644596,0.00299640666791574,0.00733348957632152,0.326056773305208,0.0976903268445916
10,"nig_indep",145,TRUE,449,0.0817240645364434,0.0121958081296162,0.0592279598901806,-0.0686188659183206,0.341728789248432,0.18240542572765,0.239093212097608,0.635549471582288,0.00187099598098088,0.000368899004532818,0.00202868442877945,0.0149229936639883,0.00393200689398274,0.00278381138002086,0.00480611262633495,0.00903607526250057,0.427089482108434,0.110434632835973
10,"nig_indep",146,TRUE,303,0.108913476665752,0.0291061689404905,0.082238059527614,0.0816172945536946,0.457596254348638,0.37915196436193,0.329438503397935,0.78973854039457,0.00261086311129291,0.00143322022451967,0.00235026446508006,0.0184720373922318,0.00684533805177571,0.00637631644012676,0.00709373112107078,0.0124312834123632,0.61575316837344,0.170605301618943
10,"nig_indep",152,TRUE,171,0.0913740942548061,0.0154557295021107,0.0668480949170897,-0.0161348043820492,0.248719786740938,0.102108901752142,0.177841428528231,0.488844899758415,0.00123472012892792,0.000264419821373117,0.00150253894435015,0.0151366562117496,0.00329144329944792,0.00182191123937252,0.00452761470266549,0.0100657639209274,0.319544835276901,0.124321074247734
10,"nig_indep",153,TRUE,412,0.0944986828119245,0.0201413968756641,0.0709981607793638,-0.00727490184564214,0.292681372837016,0.149401431278629,0.208946388066928,0.559651540524402,0.0023170002457438,0.000573447590171386,0.00206485284287721,0.0145656285550791,0.00321237726836469,0.00197498141919914,0.00411579597919095,0.0103050787281387,0.386524813276753,0.141920389217561
10,"nig_indep",154,TRUE,595,0.194929537982974,0.117547200248253,0.150014992799259,0.372031550317638,0.243284756996552,0.0949196620427862,0.171495955359094,0.469146526266985,0.00697055986602069,0.00848329419541583,0.00619102216096619,0.0274324218528178,0.00301881104191663,0.00154576558829067,0.00357794185664325,0.00936983971024718,0.308090347208065,0.342851571745344
10,"nig_indep",155,TRUE,118,0.459126846227327,0.401888033332793,0.338768641979106,0.818530665247028,0.213603137171181,0.0756694045317766,0.153467308671376,0.416076538715982,0.0139765495202803,0.0177997547297,0.0163111296071437,0.0316315576793682,0.00465725829421829,0.00232350252200656,0.00486043479138419,0.0119632318683805,0.275080723664485,0.633946396261382
10,"nig_indep",156,TRUE,863,0.318108794751485,0.222254119982856,0.241852653239728,0.633131451128611,0.233286624937775,0.101282407528797,0.170513681970608,0.468779316071489,0.00525695599052849,0.00387145968608806,0.00614594093277202,0.0110605868986522,0.00309571911644579,0.00152001762709688,0.0038749825210291,0.00946583372299416,0.318248970978379,0.471438352261307
10,"nig_indep",159,TRUE,199,0.114902032378248,0.0235676592478996,0.0839946837651581,0.11881755721085,0.243927104182171,0.108841244795961,0.175735938947166,0.476235009039649,0.0011696595942821,0.000257776050704972,0.00151556298213358,0.0137857262196806,0.00410893968355348,0.00198374477380659,0.00518000828960469,0.0129986504558601,0.329910964952608,0.153517618688865
10,"nig_indep",160,TRUE,555,0.0779709732324282,0.0114935897925771,0.0563715993950911,-0.100285887070179,0.171955010373146,0.0544498233433929,0.141506889649553,0.424693558045051,0.00104627482648679,0.000185521964099352,0.00130582340687896,0.0105866744579682,0.00420985002847102,0.00174970600623702,0.00429904550757685,0.00835360898037386,0.233344859260694,0.107208161035329
10,"nig_indep",161,TRUE,436,0.0813347621205029,0.0117280556343993,0.0586717996471796,-0.0710969091509774,0.176328551703231,0.0494717919401791,0.132743701856141,0.381835812923163,0.00118596255087152,0.000208757964113069,0.00132097368556526,0.0114353786504168,0.00331261660389227,0.00118887179073596,0.00335044550018491,0.00764269858744545,0.222422552678857,0.108296147828071
10,"nig_indep",162,TRUE,314,0.111202793115005,0.0209018895127159,0.0795057606077739,0.083726568590973,0.153621682903572,0.036862832377948,0.108702879242299,0.25010836780825,0.00120697093765963,0.000281265540822436,0.00163887276859127,0.0124857606681637,0.00212608980141659,0.000724579135368233,0.00282385735671831,0.00985771515283938,0.191996959293495,0.144574857816689
10,"nig_indep",163,TRUE,295,0.103358045426688,0.0176575295909914,0.0736265042989492,0.0439207345894955,0.163092993152975,0.0422825012652286,0.115345414769338,0.268289659997616,0.00188302898894727,0.000401508746685653,0.00186887285947694,0.013217552496832,0.00231501366393644,0.000742380288470243,0.00239100814999053,0.0100270352319684,0.205627092731548,0.132881637523743
10,"nig_indep",164,TRUE,315,0.117220182377815,0.0238552330958616,0.0848032082681327,0.110813295275534,0.17638007804526,0.0496717248090254,0.123367083918285,0.298466395317873,0.00173043417455231,0.00042031943310477,0.00194971465934853,0.0131722738909034,0.00247547886656957,0.000907745647305218,0.00289253485292977,0.0110741410300848,0.222871543291254,0.154451393958946
10,"nig_indep",165,TRUE,437,0.118355074356832,0.0280271006730946,0.0885003864933165,0.133281501209453,0.185518847783105,0.0529657216143024,0.12916248320461,0.328117107861779,0.00149722382795437,0.000386465752924682,0.00191744818254837,0.0128751488573258,0.00255075652898257,0.000994895089225668,0.00309964277281141,0.0102257793112903,0.230142828726646,0.167412964471377
10,"nig_indep",166,TRUE,391,0.126953926384386,0.0277633623020256,0.0913122032140465,0.147014682032301,0.207218798831903,0.0772176435620703,0.14994406389765,0.400780026160756,0.00165284639059972,0.000463749601006835,0.00193449085891734,0.0124239984581031,0.00338112344436355,0.00144925476940085,0.00338897208568174,0.0106377078408475,0.277880628259816,0.166623414627193
10,"nig_indep",167,TRUE,331,0.119265770474439,0.0268501924758368,0.087090429782731,0.12134473359006,0.215948012211022,0.0767086529329908,0.154560385266101,0.423810969156452,0.00162044340059229,0.000431626600621383,0.00185771501148979,0.0125798857805133,0.0030878003399317,0.00141673786803726,0.0035984321388862,0.00880226139290907,0.276963270007037,0.163860283399721
10,"nig_indep",168,TRUE,370,0.112870105412469,0.0222397787850915,0.0818957619357165,0.0925402862901351,0.267513936361184,0.119917725563787,0.190301915109931,0.518111535975688,0.00161702734160489,0.00039198502971543,0.00182469349251724,0.0111496263616546,0.00403660221910444,0.00218016598705822,0.00429255077332537,0.0103711308211093,0.346291388232204,0.149130073375867
10,"nig_indep",169,TRUE,262,0.13245011440016,0.0289110000708668,0.0941915674147027,0.168067770139386,0.307285797596732,0.177524442845326,0.227797154282584,0.614932562514109,0.00154300403481711,0.000405594062393714,0.00179655596241067,0.0103542992282934,0.00533734585843396,0.00354919231672385,0.00529770776492149,0.00943703467524044,0.421336495980737,0.170032350071587
10,"nig_indep",17,TRUE,191,0.0884345567877027,0.0321449255948298,0.0735203484867747,0.0164218602989773,0.384772517947212,0.354604558849868,0.289542509598846,0.717977323562498,0.00191854915122362,0.000893664424653018,0.00217857945633607,0.0396005743585309,0.00759166840742551,0.00957310533584259,0.00839096866425828,0.021907870435928,0.595486825085046,0.179290059944298
10,"nig_indep",170,TRUE,287,0.145121207229054,0.033823065705927,0.102059677420672,0.205611150171314,0.303874745967828,0.162016010247661,0.224089880353586,0.617103025394633,0.00204650224560499,0.000612878821000898,0.00196125169584982,0.010234797382031,0.00498034109581505,0.00312615311625518,0.00519727420056278,0.00866382288046175,0.402512124348647,0.18391048286035
10,"nig_indep",171,TRUE,423,0.149015647926053,0.0373101776699842,0.106205378016352,0.222149190330011,0.216078891994847,0.0981316526114421,0.176007399017018,0.521824360913248,0.00222987830145161,0.00073592599200284,0.00260307034214559,0.0120561353009431,0.00599170635549891,0.00305000288679141,0.00541040320290065,0.00932336379349734,0.313259720697446,0.193158426349937
10,"nig_indep",172,TRUE,414,0.180918756331875,0.0574711901383663,0.130849797488939,0.326489919186909,0.239379180345408,0.0986805744272961,0.187331490329729,0.553376961827167,0.00227874725906184,0.000843173323664286,0.00274535890658575,0.0114531837634546,0.0052793697103076,0.00266858560313671,0.00586116930539739,0.00937842806944073,0.314134643787176,0.23973149592485
10,"nig_indep",173,TRUE,391,0.208059728367297,0.0721971276688968,0.149934223448799,0.401103071547709,0.386093884005001,0.282670137317721,0.292504260684466,0.75462241446161,0.00326440983219639,0.00136715167284061,0.00349484277999033,0.0109655845976523,0.00707478450823948,0.00571689718510657,0.00768417369803722,0.00976773868373625,0.53166731827123,0.268695231942989
10,"nig_indep",175,TRUE,141,0.345857789079774,0.527918626302532,0.286523256658733,0.617491644171216,0.341808668753445,0.295575815062344,0.256763275951816,0.660298780308173,0.00740267651034331,0.0113500743931507,0.00831512046463409,0.0154650070218784,0.00678590115186833,0.00579915655440911,0.00820655953064172,0.0119621684888261,0.543668846874956,0.726580089393132
10,"nig_indep",177,TRUE,202,0.292277909120582,0.19268925151426,0.220404674604214,0.59497044924619,0.175653199113849,0.0543400518463718,0.128609479588559,0.325190308656673,0.00465756629275391,0.00293348408701882,0.00520191688316903,0.0177095432160008,0.00213788978957123,0.000800760939366676,0.00259947659781484,0.00934084149254599,0.233109527575283,0.438963838504107
10,"nig_indep",178,TRUE,278,0.200491628208027,0.0772436187777173,0.145520849346722,0.380838752638275,0.20324902327089,0.071334133519972,0.145870145798488,0.382039118917356,0.00418231000746826,0.00201899311232114,0.00424720344355706,0.0156145321371362,0.00293536409204904,0.00123685441298801,0.00354154512873195,0.0120512455584438,0.267084506327065,0.277927362412767
10,"nig_indep",179,TRUE,284,0.146243985142356,0.0380473840243945,0.105357251066389,0.21925785896544,0.267789536672053,0.122833304300888,0.192965191790245,0.523016120741236,0.00249000017995322,0.000940809683095144,0.0028628374610141,0.0144384934822866,0.00277059738140438,0.00172628471780193,0.00375322141519188,0.0102633189732942,0.350475825558466,0.195057386490219
10,"nig_indep",18,TRUE,976,0.0319450747108728,0.0102863190139805,0.0275375969739841,-0.513414732718027,0.371400303622687,0.300508208612939,0.271852694791495,0.68037321756658,0.000860215177997439,0.000216503503723011,0.00107866000067686,0.0169590196922625,0.00696747757519917,0.00742182427537415,0.00802586918497766,0.0166880831602531,0.548186290062912,0.101421491874161
10,"nig_indep",180,TRUE,627,0.132108569292855,0.0315903842040112,0.0957465368324222,0.167981889101512,0.377685633023742,0.246043645420933,0.27142749262161,0.692747947822025,0.00214954612290381,0.000619366934283616,0.00222577881657747,0.0114466065084502,0.0065703757337993,0.00560876307587068,0.00613175317245115,0.0117606635457559,0.496027867585011,0.177736839749139
10,"nig_indep",181,TRUE,204,0.216388386524272,0.0870222003673428,0.159757476230792,0.439347998509276,0.51737391711511,0.502567480893554,0.384907446324287,0.881022876540296,0.00336010555054455,0.00156269194251533,0.00347213230730184,0.0163367500866522,0.00790596928695263,0.00862099913041779,0.00890367574155472,0.0165186853106255,0.708919939692455,0.294995254821739
10,"nig_indep",187,TRUE,128,0.0723494308536886,0.0104048543180996,0.0554714955041366,-0.086680739545097,0.484200212961096,0.42483534158681,0.347373978179476,0.818052429028059,0.0013046120464224,0.000191983134342426,0.00147530401721331,0.00993439735427363,0.00757420522867505,0.00967385619914332,0.0095774882203653,0.0176128416037374,0.651793941047944,0.102004187747855
10,"nig_indep",188,TRUE,260,0.0655727096982706,0.00806109041289745,0.0551319370744441,-0.0488176069009249,0.389752516344836,0.265293061643653,0.281753174880249,0.715434967347867,0.0022262948891571,0.000330534026169901,0.00197075777825799,0.00995435847955461,0.00671548903952709,0.00523105730343583,0.00692949454942601,0.0140905222583049,0.515066075026936,0.0897835754071837
10,"nig_indep",189,TRUE,346,0.149952661190798,0.0434772979966682,0.114500261982835,0.27535836117796,0.268327188599207,0.12336754973081,0.191044236412516,0.518160836610336,0.00419137056223674,0.00158098120628403,0.00369272257892798,0.012077575143119,0.0045788160270508,0.00264757084511713,0.00441993094756793,0.0105795870434321,0.351237170201005,0.208512105156195
10,"nig_indep",190,TRUE,452,0.194466244305922,0.0801474693401468,0.144224104884206,0.371998043974946,0.200111636476635,0.0751956357481513,0.146531871671963,0.385157733830754,0.00445813122222379,0.00221230797833198,0.00411112045284613,0.0122310326635506,0.0036699539558603,0.0016398379506767,0.00347024785768437,0.0104787750148663,0.274218226506101,0.283103283873831
10,"nig_indep",191,TRUE,616,0.221586622136908,0.0836484365484714,0.158904505078345,0.429284179093946,0.17587744597211,0.0501182694984028,0.124471238908598,0.311015179984261,0.0032059512531416,0.0014653358300431,0.00329492409040391,0.0102145254606362,0.00256421698491354,0.000946365157806327,0.00281029263385884,0.00936135459497856,0.223871100185805,0.289220394420019
10,"nig_indep",192,TRUE,351,0.258238403840564,0.108583759654415,0.183418379586304,0.498912957839954,0.200053472838745,0.0654387110994017,0.140430131335121,0.365216199778739,0.00273569445177512,0.00144278616050091,0.00348372737999622,0.0107258544673844,0.00231877632808703,0.00101986237403305,0.00274727151383164,0.00934592154580365,0.255809912042911,0.329520499596634
10,"nig_indep",196,TRUE,182,0.10178485701343,0.0204304432556492,0.0745521170921835,0.0342609588035654,0.269699465526342,0.121302273821314,0.191971448897152,0.533204160571571,0.00173730088019607,0.000509523940977332,0.00180376954529759,0.0149358988600754,0.00377023926062119,0.0021758831718816,0.00453833230916174,0.0164230881307956,0.348284759674198,0.14293510155189
10,"nig_indep",197,TRUE,273,0.116113252315518,0.0281853410739871,0.086172558641428,0.111265616406386,0.212815202052999,0.0784801218222966,0.151652705388041,0.401305878405103,0.00176218894905463,0.000458777932158427,0.00209315867071432,0.0130997355792141,0.00313731269566517,0.00147992514960872,0.00352633210087139,0.0130000930376757,0.280143038147116,0.167884904246889
10,"nig_indep",198,TRUE,400,0.135304252736492,0.0329748813361544,0.0987059423069479,0.185661141913786,0.174235837051845,0.0527156418717942,0.124715873800423,0.307094748969509,0.00170811029100778,0.000460884696370226,0.00205409791735147,0.0109591142317063,0.00225754621796508,0.000858508935881771,0.00257403006916808,0.00911092508670531,0.229598871669253,0.181589871237782
10,"nig_indep",199,TRUE,434,0.159714331612907,0.0420936911887982,0.114614310304364,0.263718564366305,0.175711854737584,0.0552105865264307,0.126371908036036,0.313385913722941,0.00204838778747425,0.000661208772770202,0.00248137687932953,0.0129755665239476,0.00262619294113193,0.00101787065432438,0.00272965886114984,0.0097985923779604,0.234969331033713,0.205167471078624
10,"nig_indep",200,TRUE,474,0.118904903661193,0.0287380469769981,0.0890412837339921,0.134399559073059,0.21750189873303,0.0884671391268213,0.156303188090338,0.411871364521454,0.00209287513825187,0.000579534754960662,0.00221277628055652,0.0117692761706977,0.00411671492058802,0.00214249039250942,0.00377926404639927,0.0119249734883363,0.297434260176633,0.169522998371897
10,"nig_indep",201,TRUE,442,0.101314591808916,0.0184947171574896,0.0742962807679853,0.0533609087391365,0.295379451589277,0.148195302120271,0.211085768935139,0.571210866166713,0.00215904671517426,0.000468326663317147,0.00201962501097731,0.0120486445911347,0.00498909642610918,0.00343353415637613,0.00572372998418454,0.016095058886291,0.38496142939296,0.13599528358546
10,"nig_indep",202,TRUE,407,0.0979256421238952,0.0178804131230038,0.0713608515405579,0.0282709275860944,0.314260582769549,0.164583321635716,0.223999123147021,0.601609197628814,0.00171189819237447,0.000336189497526875,0.00180513757346381,0.0113686339170477,0.00423034324643798,0.00283408520727279,0.00430306081526611,0.0117030673685117,0.405688700404283,0.133717661971049
10,"nig_indep",203,TRUE,459,0.0907780100422706,0.0136349890764504,0.0649933042422985,-0.0159134096498974,0.358938451200999,0.216326298306564,0.255990911388934,0.667755654144318,0.00141450903555873,0.000268574662855251,0.00151763234218082,0.0102183871498865,0.0038087941596186,0.00292214468313193,0.00471466288939383,0.0113298513657552,0.465108910156067,0.116768955961978
10,"nig_indep",204,TRUE,422,0.102315678723551,0.017795125276454,0.0739034499510818,0.0458987611652673,0.373560359309994,0.234516934712824,0.266400630932865,0.683344086994186,0.0011238390290794,0.000217696615815016,0.00131146707636319,0.00900482481892718,0.00414531878551591,0.00331653316096496,0.00464887999835277,0.00994523772540409,0.484269485630495,0.133398370591451
10,"nig_indep",205,TRUE,492,0.124191405255242,0.0243602870561647,0.0871443210083734,0.126253576029822,0.488583292324001,0.423597486095822,0.357051095835833,0.844357001230314,0.00122552992220314,0.00029877548130023,0.00145975764335754,0.00896894269366761,0.00433947119069217,0.00440436781000295,0.00514288035270974,0.0107317747828588,0.650843672548041,0.156077823716775
10,"nig_indep",206,TRUE,415,0.136402421260174,0.0293178851497751,0.0958401263609136,0.17535999197681,0.463619395385346,0.414196967771528,0.33966667791104,0.805477722374584,0.00118057258811569,0.000311377702999237,0.00160592645705737,0.00957655566675559,0.00716050247259943,0.00808237124017569,0.00727241258094557,0.0132410583965754,0.643581360646444,0.1712246627965
10,"nig_indep",207,TRUE,482,0.149420999447626,0.0393749241604664,0.108646937468145,0.232237149907638,0.540608104902393,0.513578840147866,0.390940984273465,0.886881381953792,0.00204132099408159,0.000654814075848653,0.00225390216033032,0.0112423003787004,0.00614753457631525,0.00687643341684597,0.00694095071385116,0.0125982531333736,0.716644151687479,0.19843115723209
10,"nig_indep",208,TRUE,551,0.16806006014446,0.0567311510773636,0.1269643765771,0.313453160491357,0.550816318752032,0.567880610067614,0.401297390409022,0.88913285037069,0.00244840008634678,0.000923882684228563,0.0028156978558092,0.0116049404411447,0.00788657103789238,0.0108241569554464,0.00843735501818186,0.0126761635604571,0.753578536098006,0.238183020128143
10,"nig_indep",209,TRUE,462,0.229606195265827,0.113827239388878,0.174703692463066,0.466736107261044,0.660155871598884,0.889807761359255,0.48892922656099,0.981157003251701,0.0040011699465813,0.00202581540803363,0.00438932811517845,0.0135030500154981,0.0129775970790783,0.0215078976367859,0.0129237257692357,0.014458401639425,0.943296221427424,0.337382926937446
10,"nig_indep",210,TRUE,259,0.422957093504006,0.332682026177111,0.306940252241341,0.763592007808806,0.936940096227578,1.94557410476329,0.690354351851005,1.16747026861523,0.00729174873030917,0.00680697372286924,0.00699802866579264,0.013291799602281,0.0171233683026624,0.0314630886360093,0.0172570220780943,0.0152588777269028,1.39483837944161,0.576785944850523
10,"nig_indep",214,TRUE,100,0.102748207758601,0.01689837567703,0.0793578137968333,0.126968719531974,0.151903155569803,0.0359034019508228,0.107775579598215,0.246742919796328,0.00216964184074716,0.00045309119368384,0.00241596445193731,0.00872355875215155,0.0032760282332589,0.00103691867842213,0.00339283135941836,0.012462558784859,0.189481930407157,0.129993752453839
10,"nig_indep",215,TRUE,254,0.109889234645533,0.0245041350540597,0.0830071623303833,0.0974150891789309,0.191861900347166,0.0561465764918212,0.133890318850016,0.349686038578169,0.00234064990041356,0.000563983045651895,0.0023471387818261,0.013661397877922,0.00254881874075611,0.000968864526702022,0.00300906664624769,0.00933084342200712,0.236952688298363,0.156537966813357
10,"nig_indep",216,TRUE,431,0.160802290346496,0.0531342713220079,0.120697447897457,0.292350744192591,0.25167002612713,0.110495498932829,0.180239999030832,0.492181370130286,0.00246661084355354,0.000900164368541439,0.00279832743141265,0.0158504040412485,0.00277952569733331,0.00145504552465091,0.00338466184635194,0.00941120862876157,0.332408632458348,0.230508722876181
10,"nig_indep",217,TRUE,400,0.144973499734726,0.0357391714834086,0.104158548782192,0.211094620649144,0.289018404854176,0.135597797834097,0.203459401027803,0.553711298103754,0.00294129937578806,0.000980513046894416,0.00308747140626924,0.0153109737354167,0.00338222584066392,0.00199008942511239,0.0040119365349466,0.00974121732009929,0.36823606264745,0.189048066595267
10,"nig_indep",218,TRUE,312,0.180317256182838,0.0580406077393665,0.130936993269938,0.326449306187828,0.323756534726044,0.179640438017889,0.232841915414682,0.619347936909835,0.00289704437120334,0.00121977267466589,0.00318955504199255,0.0128569339962953,0.00304722978319533,0.00216698644655116,0.00379692567145494,0.00813412829787991,0.423840109024487,0.240916184054468
10,"nig_indep",219,TRUE,226,0.378833044224343,0.312581839014712,0.29202154393098,0.740992536915273,0.373421290534724,0.303164926299623,0.280523762218226,0.714004732387875,0.0076378062553657,0.00742929907703564,0.00840928878845121,0.0227369241120229,0.00493819600099423,0.00420941307198606,0.00560088736019508,0.00960646636437409,0.550604146642234,0.559090188623188
10,"nig_indep",223,TRUE,173,0.130407421955133,0.0302931743021515,0.0937449897172212,0.162867338005484,0.312484878266635,0.159153832048288,0.225293019054574,0.612456603985931,0.00148594929083451,0.000464152865394932,0.00187821991345135,0.013346974330371,0.00717979045026347,0.00477166956408456,0.00669309918220035,0.0119612833582961,0.398940887912342,0.174049344446199
10,"nig_indep",224,TRUE,276,0.110516776506462,0.0211200438279723,0.0799397220573694,0.0847295597239127,0.383881620334356,0.279886309901718,0.280338800109161,0.706520147419079,0.00155468035807508,0.000350877492260253,0.00184167831172375,0.01226268500773,0.00560762115725443,0.00584325192106141,0.00669434457869291,0.013964786550886,0.529042824260681,0.145327367787256
10,"nig_indep",225,TRUE,373,0.125731242585682,0.0271721238379104,0.0898709169005132,0.135220960406163,0.301287193076225,0.146911297179405,0.212479961005922,0.571019380300422,0.00210210570416437,0.000561887555408009,0.00238227605181716,0.0138620956435972,0.00590090410079168,0.00375531093826799,0.00591678701900191,0.0131095030595506,0.383290095331728,0.164839691330427
10,"nig_indep",226,TRUE,385,0.12173846591629,0.0262318111926004,0.0870278864498528,0.120545886480194,0.279302787451813,0.141477282663558,0.200674415290541,0.536137963399996,0.0020881208085066,0.000577443750389491,0.0023307407316003,0.0112884922769875,0.00482298532125426,0.00338743419441817,0.00472895620628554,0.0113379055079825,0.376134660279478,0.161962375855013
10,"nig_indep",227,TRUE,409,0.133936157314572,0.0312065453818787,0.0969609650127348,0.181387620393564,0.295853454347854,0.156654906362189,0.211300343143565,0.565103918279777,0.00217586556027842,0.000625026553359469,0.0024984541409771,0.0118782972627487,0.00395299735745606,0.00240572318586909,0.00436783475254925,0.0126820853939132,0.395796546677948,0.176653744318876
10,"nig_indep",228,TRUE,339,0.181728670654021,0.0602546345785005,0.132443904762361,0.332929685648632,0.283475221187223,0.128445588952047,0.200024168484191,0.541321904625635,0.00222004325084943,0.000857115264786267,0.00278837483051576,0.0123882386085095,0.0035900564484092,0.00220127163658557,0.00435784687777762,0.0102074872959229,0.358393064877164,0.24546819463731
10,"nig_indep",229,TRUE,293,0.168807464888474,0.0520116168191571,0.124264601307849,0.304758226193556,0.357362547000581,0.218458845351987,0.253820595938654,0.658717114578188,0.00239853622044854,0.000818344460225712,0.00276593181418822,0.0118711964572423,0.00440232167264386,0.00314381943648286,0.00536748390395855,0.0102148600086512,0.46739581229616,0.228060555158399
10,"nig_indep",230,TRUE,120,0.117739954347588,0.0235809440050234,0.0850765286310903,0.11211747186371,0.460786192003101,0.357280503143499,0.323274772776104,0.776202824793828,0.00182294208617273,0.000420332939864797,0.00225706371910517,0.0121259533096004,0.00600644476287678,0.00563522268760544,0.00687825051796801,0.0119912603120284,0.597729456479684,0.153560880451446
10,"nig_indep",233,TRUE,223,0.183608720701828,0.0665554570118794,0.137004757910803,0.355170543886063,0.367768625643491,0.226606663565639,0.262116766441068,0.683009075055165,0.00209809147562616,0.000821130886959548,0.00259732853787979,0.0138016201060712,0.00295168192423591,0.00223265982010465,0.00400287940929142,0.00978554003003045,0.476032208538077,0.257983443290222
10,"nig_indep",234,TRUE,491,0.119101144742107,0.0243417029379746,0.0866365353267375,0.127062578953586,0.281465745601522,0.130043221416301,0.199357088272802,0.541748185956714,0.00151086053365071,0.000356387615027363,0.00190621379491861,0.00985245155042681,0.002167036322795,0.00121326283439426,0.00305012505666431,0.00768507836465132,0.360615059885608,0.156018277576618
10,"nig_indep",235,TRUE,475,0.122061325075009,0.0272266903842947,0.0895260661014638,0.138063052249364,0.215706982931692,0.0750280826642031,0.155103676427993,0.436767656629236,0.0017594745851245,0.000424923378652587,0.00197022202392572,0.0105569672915184,0.00317749639893897,0.00150365530669876,0.00340360109925997,0.00779826481542755,0.273912545649525,0.165005122297142
10,"nig_indep",236,TRUE,315,0.134777428231843,0.0344666769441668,0.0990055554163776,0.185777090325297,0.25750944394127,0.11420896771514,0.186230393934417,0.51543490126189,0.00215695385302618,0.000613353819433633,0.00234018044809795,0.0136722289717281,0.00312504431103734,0.00166738223038872,0.0038002941447107,0.00887058056306542,0.337948173119992,0.185652031888064
10,"nig_indep",237,TRUE,413,0.113037739102166,0.0232766695370017,0.0818738030551653,0.0921104510718496,0.208711028267241,0.0731917668438968,0.153542988453264,0.432332183700219,0.00188684516330726,0.000449866080228248,0.00192118140345496,0.0131208156336582,0.00376205716453929,0.00187703645475615,0.00405354919583754,0.00939236937589066,0.270539769431218,0.152566934612326
10,"nig_indep",238,TRUE,436,0.0886458157043826,0.0155462541052194,0.0654660947410484,-0.0200601763392684,0.182602924351197,0.0537244828640827,0.133444523324194,0.367152402735901,0.00165884093550529,0.000329000726688217,0.00166147702438399,0.0126537315090377,0.00313023319103998,0.00121491669364477,0.00329180168159433,0.00843393812921914,0.23178542418384,0.124684618559064
10,"nig_indep",239,TRUE,320,0.0723983772738317,0.0108394832087594,0.0550163988571571,-0.105690384316283,0.18977942372185,0.0784272440225548,0.14505939191235,0.393316297907372,0.00115416319720332,0.000184483486444512,0.00140994996491236,0.011656752990244,0.00307342338376325,0.00120014228136409,0.0036134255813075,0.00936197257526097,0.280048645814535,0.104112838827684
10,"nig_indep",240,TRUE,434,0.0768078492782919,0.0108157637985853,0.0568241239923947,-0.0862995633470768,0.179126526012111,0.0637176369387235,0.139001159315406,0.392749219872392,0.000939968667451,0.000153641224908901,0.00111906735304297,0.00901110830964331,0.00258226037609258,0.000910983126988352,0.00293902500800089,0.00713427109933058,0.25242352691206,0.103998864410076
10,"nig_indep",241,TRUE,437,0.0801746702562112,0.0111617426739336,0.0589139030587038,-0.0641573717442751,0.186796362943711,0.0602924661114634,0.143234938559517,0.413199426595347,0.000976746028091287,0.000161852012487276,0.00123833040513499,0.00944045198132789,0.00370331603455793,0.00139305741214784,0.00346480682415278,0.00782772354820345,0.245545242494053,0.105649148950352
10,"nig_indep",242,TRUE,298,0.0758447280709215,0.0104041230053849,0.0562652268543061,-0.0854804626588059,0.228843122578956,0.0856281323742318,0.168853027371884,0.488943379468998,0.00113633939609153,0.000169709255713254,0.00127282317557146,0.010188835107868,0.00395606220826144,0.00199904331209368,0.00449175424148559,0.00866627735633496,0.292622850054865,0.102000602965791
10,"nig_indep",243,TRUE,322,0.0842720156453451,0.0137551753238494,0.0625591342405165,-0.0363109575577398,0.308841039196717,0.148638845125407,0.219289601138346,0.606383985113923,0.00132694364081271,0.00023364190574494,0.0013274665136161,0.00937919672780193,0.0049248290186582,0.00317348311844531,0.00519550770406994,0.00826739477764374,0.385537086575866,0.117282459574522
10,"nig_indep",244,TRUE,394,0.0810497989007064,0.0127194428378886,0.0620763111746769,-0.0261844040792233,0.436027310603349,0.286519730812368,0.304348504338226,0.758316694814913,0.00141733397476961,0.000248248571883345,0.00167859431004532,0.010117702294122,0.00722952314064903,0.00637330190634793,0.00749008900924557,0.0103870773898633,0.535275378485101,0.112780507348959
10,"nig_indep",245,TRUE,395,0.0791881404577116,0.0150906003640427,0.0621572438542648,-0.0429890943311013,0.679429120293324,0.677412579428158,0.465936397723492,0.96683447341848,0.00159129728318967,0.00029331145147923,0.00172685580580062,0.0121455494014554,0.00878727918675959,0.0122877757501706,0.0100462068889308,0.010466361752004,0.82305077572903,0.122843804744247
10,"nig_indep",246,TRUE,195,0.0756512648925236,0.0199184265934994,0.0596904134137512,-0.0730469422551207,0.826086975579697,1.32970886324466,0.598793692718558,1.08458506790083,0.00145590836906631,0.000321478146943618,0.00140514480952433,0.0125613195471413,0.00784343323391847,0.013308354092301,0.00942124043239858,0.00992263444340441,1.15313002876721,0.141132656013764
10,"nig_indep",250,TRUE,139,0.0850344982610542,0.0117023164412585,0.060481711499823,-0.0360565799960782,0.193567554810156,0.0657278586562693,0.13894455130701,0.369038157256707,0.00147149793455625,0.000277842194019903,0.00154966017323811,0.015703999759075,0.00187398995973115,0.000798281637674539,0.00293933424727397,0.00917378434262012,0.256374450084772,0.10817724548748
10,"nig_indep",251,TRUE,392,0.0586515728145658,0.00629064896832582,0.0433379067908076,-0.21715924879063,0.211284142129146,0.0660979479107415,0.145464228385091,0.39233689540982,0.00107682130897723,0.000136073108535541,0.00113427070483638,0.0112965889461695,0.00197365076376998,0.000812044916380146,0.00263641415307819,0.00747738961507433,0.257095211761599,0.0793136114946597
10,"nig_indep",252,TRUE,289,0.0559846360429702,0.0056493251686238,0.0415027823235528,-0.240493132159239,0.350911201674254,0.177700411051462,0.239021154107965,0.630521147359992,0.00120549854515014,0.000140509099449073,0.00122900429673649,0.0122779860228782,0.00280849549951882,0.00209953858409156,0.00373112781192795,0.00881067262525813,0.421545265720613,0.075161992846277
10,"nig_indep",253,TRUE,331,0.0540662736466515,0.00571036501628985,0.040160952636206,-0.258222022038518,0.441761399199402,0.284971513690271,0.301509041312857,0.747082501184765,0.00173251602554169,0.000247802584143439,0.00162086550693433,0.0158062464518483,0.00299880562812326,0.00273957442422459,0.00399401808760987,0.00734610155850328,0.533827232061339,0.0755669571723637
10,"nig_indep",254,TRUE,322,0.145348804127769,0.0830128898408806,0.116957463273741,0.239857466579202,0.471467769725439,0.370325172152046,0.333667286008363,0.799413250561015,0.00456769428532114,0.00495454055577071,0.00614221491998463,0.0271179650150569,0.00456956209048003,0.00441983755278813,0.00542950264079844,0.00814272050662013,0.608543484191595,0.288119575594718
10,"nig_indep",255,TRUE,104,0.245584132803523,0.123616266139331,0.186075921547755,0.511065304395765,0.590344660294622,0.852554688238114,0.449137567800504,0.943285934055944,0.00442254009786841,0.00228127338311506,0.00465457129636707,0.0168899263284951,0.00670978373402507,0.00907673774059375,0.00752471182060328,0.0115360261653528,0.923338880497358,0.351591049572271
10,"nig_indep",257,TRUE,125,0.0782880208643503,0.0112560552296055,0.0558577412503044,-0.119923240951637,0.484884758665426,0.417145127013882,0.346160966830591,0.80417629853511,0.00216035612490861,0.000395238598348406,0.00194119528142204,0.0163727382916682,0.00806575281214679,0.00875555287097506,0.00818230175000669,0.0118353390972824,0.645867731825861,0.106094557964136
10,"nig_indep",258,TRUE,174,0.0918733857287522,0.0177649224743949,0.068965066100425,-0.00274561622601385,0.395914195089557,0.277761584091135,0.286719732155925,0.728786037428585,0.00194968571098327,0.000382588337610359,0.00218664038864815,0.0155882702887979,0.00556821603396075,0.00439902195053758,0.00567317965294179,0.00818098753144716,0.527030913790771,0.133285117227674
10,"nig_indep",259,TRUE,317,0.0807467396012376,0.0111031563504876,0.058722521831203,-0.0609542247179018,0.398549164017827,0.258672070042046,0.280167763444132,0.711969514359577,0.00132518061278487,0.000233860450966412,0.00158000385566419,0.0106838261248899,0.00493190446054488,0.00385032054340288,0.00637563829138637,0.0116074951857713,0.508598141996258,0.105371515840324
10,"nig_indep",26,TRUE,263,0.0367084649210379,0.00283208673344778,0.0279196169970105,-0.439401915926843,0.256140469648357,0.10596648760231,0.181052391263844,0.4952490427908,0.0011114421641817,9.05645766338562e-05,0.00108172665556888,0.0144476490782161,0.00361128351791093,0.00181263944574318,0.00446181401062969,0.0128835228955041,0.32552494159789,0.053217353687005
10,"nig_indep",260,TRUE,320,0.0876365947459359,0.0145260370723985,0.0652399087633171,-0.0197571805384364,0.43780128815149,0.35037797063304,0.315860387265172,0.770779174747452,0.00147621973443559,0.000279348948525772,0.00165760896643164,0.0115277021813535,0.00555227459493104,0.00523414602173797,0.00602654282545053,0.0106777288829246,0.591927335602133,0.120524010356437
10,"nig_indep",261,TRUE,327,0.109693934827389,0.0220924500593553,0.0795064956037517,0.075701761566095,0.42411657368463,0.324271321813592,0.303775833812288,0.75049040482679,0.00165856033037749,0.000433641114070479,0.00190240299358903,0.0127892468560198,0.00529411175575318,0.00474225352676065,0.00639271833000789,0.0135179862839661,0.569448260875026,0.148635292105729
10,"nig_indep",262,TRUE,319,0.110560168864256,0.0207991968726972,0.0788253495404549,0.0707820868157302,0.331072880377818,0.191351479062288,0.237437652319826,0.62209002296292,0.00163283240714378,0.000345403728210857,0.00186118707948938,0.0129390889201928,0.00509846768845351,0.00360753428482043,0.00609126464238418,0.0129862996558445,0.437437400164055,0.144219266648729
10,"nig_indep",263,TRUE,393,0.108594546972397,0.0198170432701927,0.0776763677601109,0.0666387278113758,0.417840116088705,0.27228527993451,0.292065646480714,0.731344662416987,0.00153350921120692,0.000340487289423793,0.00191142700822475,0.0126179280115495,0.00545091557732126,0.0045227842031166,0.00668593498358951,0.0124189311551194,0.521809620392831,0.140773020391667
10,"nig_indep",264,TRUE,339,0.0906896472619105,0.0149261064306518,0.0673735609295524,0.000345543680518503,0.496634669799187,0.421433556633264,0.356534252984145,0.832000223080502,0.00134947573596321,0.000278505970533539,0.00163313135515852,0.0110219873560957,0.00461973691617861,0.00499856766169134,0.0059109645688208,0.010149542425417,0.649179140633203,0.122172445463991
10,"nig_indep",268,TRUE,358,0.130246041125195,0.0319710171386852,0.0962966479215569,0.178755290614848,0.416382336376629,0.283903532013784,0.294030045490136,0.733768074032655,0.00132755218348689,0.000347867584857847,0.00152557376657218,0.00928606069575248,0.00377979579729974,0.00338305954336092,0.00474936095312358,0.00923735534773795,0.532825986616441,0.178804410288687
10,"nig_indep",269,TRUE,366,0.102660869616675,0.0190456566623943,0.0743787835843095,0.0460800897777925,0.426135567987238,0.29618256861313,0.301441405389475,0.746727010727266,0.00136997247832729,0.000295157260962058,0.00166466621945155,0.0117753468706492,0.00364155112737076,0.00321257690998166,0.00466400594089582,0.00909788092449043,0.544226578378096,0.138006002269446
10,"nig_indep",270,TRUE,422,0.109339964933579,0.0222593617397496,0.080373233338733,0.0872945507432868,0.481934877452783,0.408274367800233,0.34681992592142,0.820071194603071,0.00135290067694189,0.000321943172205727,0.00158521105401443,0.0117994173211602,0.00348014764321037,0.00342126753741117,0.00492591012731888,0.00877817407898507,0.63896351053893,0.149195716224527
10,"nig_indep",271,TRUE,398,0.102947147815431,0.0186704022728537,0.0747368356913116,0.0471521331799978,0.46140470806872,0.365191000974015,0.33304690557771,0.800269531285971,0.00128292700869643,0.000301844546761473,0.00157152939472399,0.0115471591041183,0.00355507446514435,0.00334251884377808,0.00495013136963366,0.0089045998520286,0.604310351536373,0.136639680447715
10,"nig_indep",272,TRUE,395,0.108778468907578,0.0210538253932167,0.0787358385486199,0.080136526465086,0.347959161668148,0.211372668803184,0.247451656565323,0.645258693049727,0.00146190492670553,0.000331546344426763,0.00159167840541282,0.0125600626119756,0.00336564074452446,0.00250263303686081,0.00440806034120372,0.00925210862841172,0.459752834469983,0.145099363862205
10,"nig_indep",273,TRUE,301,0.0953383802297533,0.0152048707005089,0.0675667663720989,-0.00337035745462534,0.324178817835668,0.189473303971417,0.234036718404906,0.616243134705094,0.00125586047670982,0.000254766068673999,0.00168243098819815,0.0144941902783298,0.00418237565927804,0.00294267115030266,0.0046012295410684,0.0104853865907024,0.435285313296253,0.123308031776154
10,"nig_indep",274,TRUE,264,0.0891100694961026,0.0152413503266291,0.0662248853357808,-0.01632248089204,0.31838190565853,0.174295237273995,0.227115512334773,0.607394722663799,0.00132533740020982,0.000249913555787866,0.00158933817039058,0.0141840826933163,0.00307246023523379,0.00189088447426926,0.00390005860140685,0.0092399839682576,0.417486810898255,0.123455863881102
10,"nig_indep",275,TRUE,230,0.0683670256164741,0.00942067113922483,0.0511502453420397,-0.142296772010531,0.299616463118687,0.152052260929746,0.214558207353628,0.579096529740657,0.00131507446304488,0.000202953887158532,0.00142556064141205,0.0118385826861322,0.00361435517853395,0.00222966242304967,0.00440296916064361,0.0092334203572049,0.389938791260559,0.0970601418669107
10,"nig_indep",276,TRUE,254,0.0646555508662974,0.00709680537141129,0.0463360979468562,-0.186450188160062,0.294139873841573,0.141905487360681,0.209435809924256,0.567390109154522,0.00112836499089472,0.000143767626562412,0.00122305262873927,0.0119783545081268,0.0032566697215996,0.00204921681541205,0.0036562672242192,0.00809419001494675,0.376703447503047,0.0842425389658413
10,"nig_indep",277,TRUE,372,0.0535028005456624,0.00485317310943115,0.0386922238007178,-0.273513461824226,0.349049813419983,0.187230100231547,0.242580705113928,0.640608425878776,0.000945828949720957,0.000110055629946516,0.0010557123315006,0.011838684635743,0.00321958618012994,0.00228691940439424,0.00425659046443709,0.00824106648986157,0.432700936249908,0.0696647192589703
10,"nig_indep",278,TRUE,354,0.0463141237858774,0.00374264769807655,0.0335645800458376,-0.352496122007833,0.42552075678413,0.279110395177506,0.295973794328627,0.740700150282534,0.000788152588955065,7.40687886056279e-05,0.000875181662022929,0.0121580941518664,0.00345053681907263,0.00305602033850858,0.0048190280469497,0.00732918521550306,0.528308995927105,0.061177182822328
10,"nig_indep",279,TRUE,399,0.0525255772111923,0.00528977553539188,0.0382791928139143,-0.293607104004655,0.566998916122343,0.5116006686943,0.396998120971715,0.883553642953181,0.000890004042223161,0.000104476719754181,0.00096016316688205,0.0128316640263722,0.00511960183950231,0.00608438957124668,0.00657536745743821,0.00840940825431721,0.715262657136733,0.072730843081817
10,"nig_indep",28,TRUE,161,0.073733229269591,0.0122087487659415,0.0563896340838083,-0.080958407786054,0.297382943405,0.153436333244264,0.214341400054734,0.572760706692381,0.00186076625078481,0.00036055559273826,0.00179665930702669,0.0234248736566193,0.00471098114720848,0.0027042043484328,0.00518164674190731,0.014728310622817,0.391709501090111,0.1104932068769
10,"nig_indep",280,TRUE,153,0.0836198480266703,0.0116720197370012,0.0599327546451401,-0.0518676559842382,0.816269238723365,1.51296644103399,0.607888741397524,1.09971115968308,0.00117785320087552,0.000192860366838754,0.00130707558894945,0.0145193612105999,0.0111543204793577,0.0229951398142736,0.0132039272601411,0.0163304228155333,1.23002700825388,0.108037122032203
10,"nig_indep",283,TRUE,151,0.113439498241983,0.0243222214670263,0.083964033994168,0.097397429285187,0.357374204538279,0.201390081921061,0.250216319132151,0.659503393765611,0.0026957782889664,0.000835630826460339,0.00274521817801452,0.0168528090977937,0.00349473468985881,0.00273854341803135,0.00451275822569459,0.00771472223946455,0.448765063168983,0.155955831782676
10,"nig_indep",284,TRUE,411,0.0653319478209682,0.00857777782845489,0.0482319843024459,-0.175992436843213,0.373044194156585,0.224360041157333,0.264663413759969,0.690107578118407,0.00144325224085866,0.000230793668098141,0.00146671776460617,0.0137484743518058,0.00397227519634718,0.00302459440054157,0.00458871539480709,0.00751991193715271,0.473666592823827,0.0926162935365851
10,"nig_indep",285,TRUE,282,0.0462155529652101,0.00407416259093795,0.0344703299277621,-0.335476373187032,0.397690803793667,0.272501751981204,0.289115024439697,0.728498979181325,0.000851609092536714,8.5162153276458e-05,0.00100237614921778,0.0115809989476468,0.00428109032164942,0.00371395301100088,0.0059485195143994,0.00953992978331985,0.522017003536479,0.0638291672430242
10,"nig_indep",286,TRUE,302,0.0532771566367172,0.00509496023718664,0.0386994515831063,-0.275952402632413,0.451658925625314,0.303136492894224,0.311399334233764,0.763598988917386,0.000982200993132769,0.000104624896714333,0.00115666085393009,0.0137577288892673,0.00324731996556854,0.00285575132070479,0.00495206696349111,0.00808468868738058,0.550578325848579,0.0713789901664813
10,"nig_indep",287,TRUE,437,0.0621641000499077,0.006778826869076,0.0454370677470458,-0.197822856253027,0.47449255819902,0.351825788342991,0.332909541656161,0.797289300666939,0.00118402780021598,0.000150641116681064,0.00125373669739757,0.0128401829190063,0.00455015322559588,0.00463221393479182,0.00566515565959008,0.00871590457873166,0.593149043953534,0.0823336314580864
10,"nig_indep",290,TRUE,320,0.0656963977272366,0.0082801388600401,0.0476888531464224,-0.195380176526338,0.637738499284596,0.685503591641871,0.451465070540417,0.938865674598856,0.00155762500990447,0.000257863652619647,0.00158363272758261,0.0186255513428067,0.0110203114850377,0.0151847041686658,0.0142065416433943,0.0155193908531883,0.82795144280439,0.0909952683387444
10,"nig_indep",291,TRUE,272,0.0890115793765848,0.0178190029742069,0.0671569921011126,-0.0144300252492907,0.648481644311966,0.695417005219475,0.461215429311278,0.961142654312462,0.00223314807835331,0.000601768664948395,0.00237278892200595,0.0221933908253403,0.00784908439838301,0.0102113788426553,0.0106808317822771,0.0128787036823846,0.833916665632409,0.133487838300749
10,"nig_indep",292,TRUE,309,0.0704674749092345,0.00902801546521923,0.0512563792076531,-0.142045669833091,0.613229739398201,0.633995559414715,0.438975805398413,0.935717400840671,0.0015769811377333,0.000244215919779534,0.00167244280687807,0.0147605107894345,0.00599407602841179,0.00744429511643058,0.00725990565454853,0.0101971733644556,0.796238381023369,0.0950158695440884
10,"nig_indep",293,TRUE,281,0.0745648838478899,0.00998770920950898,0.0540644036660639,-0.117992405727002,0.546597919090091,0.482558738231154,0.386427682030687,0.871466940343256,0.00153094462066587,0.000244010494058444,0.00157162068723168,0.0146577863774661,0.00636797220181336,0.00734679934186582,0.00681503851167164,0.00869538965311444,0.69466447888974,0.0999385271529903
10,"nig_indep",294,TRUE,332,0.0936946679394724,0.0183097521076128,0.0697686673059801,0.00872518057090245,0.48123025140322,0.391450297702228,0.342980328897495,0.809982134417537,0.0020203003118402,0.000414927127976091,0.00213665449403962,0.015396635780999,0.00552928397699962,0.0050121505135994,0.00709818623889471,0.00994576859869881,0.625659889798146,0.135313532610795
10,"nig_indep",295,TRUE,380,0.0916205197212318,0.0153510289046111,0.067551870437281,-0.00587186904126729,0.456681364625586,0.354324013428042,0.325887622044541,0.78505694613391,0.00194377486195793,0.000393510125976652,0.00207901315675304,0.0163773846694968,0.00599640113250842,0.00549883882959296,0.0077387365115018,0.0127377143831434,0.595251218753932,0.123899269185137
10,"nig_indep",296,TRUE,390,0.0791379355660263,0.0133064941532992,0.0599787168558553,-0.07089820855928,0.441137224196496,0.335484751785943,0.31799096732369,0.771705646418057,0.0023596867582853,0.000471496647339829,0.00245050219448823,0.0179665820425134,0.00900033690642772,0.00803218975869759,0.00945708770662114,0.0139119822498569,0.579210455521948,0.115353778235909
10,"nig_indep",300,TRUE,249,0.0850950088115514,0.0132979040332545,0.0617978663190297,-0.0460156357763248,0.672959693612761,0.854994853995812,0.49801037629163,0.995657143761433,0.00116689526801769,0.00021920922205783,0.00119621246809031,0.010282116456254,0.0101868495402919,0.0141763772176074,0.0109358104443392,0.0126259749714113,0.924659317800784,0.115316538420361
10,"nig_indep",301,TRUE,296,0.0561561788050593,0.00624140266536929,0.042907133853766,-0.218663771101184,0.487881280181978,0.435865223142494,0.359234176167498,0.83636480657877,0.00114028091011053,0.00013739534520196,0.00132572426894965,0.0128001731329606,0.00693149165781013,0.00730688234860518,0.00803721905547624,0.0104440466783445,0.660200896047933,0.0790025484738897
10,"nig_indep",302,TRUE,301,0.0617731964366465,0.00684014527960863,0.0454911748410819,-0.193593987738209,0.524314348563826,0.444329618184349,0.371596600304903,0.852116894247208,0.00128593311470605,0.000162202672862498,0.00142624775242656,0.0123737041795375,0.00535067604776882,0.00591337396563313,0.00748276259885052,0.00979872777967765,0.666580541408425,0.082705170815425
10,"nig_indep",303,TRUE,260,0.075883251152039,0.0125259631205378,0.0561100562457908,-0.106928298006966,0.575934850623776,0.522687306400772,0.405949058444344,0.896706687717912,0.00118323230845184,0.000206214474131907,0.00135130300942437,0.0125464609631835,0.00440984529618149,0.00494422135871344,0.00623250991779758,0.0073755294365272,0.722971165677285,0.111919449250511
10,"nig_indep",304,TRUE,329,0.06459167754181,0.00767839158603982,0.0474999166785511,-0.171744965298511,0.530317070241009,0.490528115758838,0.381024952132637,0.861730853834475,0.00122723707585308,0.000168594110810079,0.0014021095072085,0.0121287079272069,0.00501505062789447,0.00568019453406131,0.00566204665863898,0.00829466066874767,0.700377123954544,0.0876264320056444
10,"nig_indep",305,TRUE,174,0.0716480886934076,0.00858417777232551,0.0518468023593159,-0.129930451176917,0.547914449450987,0.466582785408964,0.38538899565441,0.871410799375213,0.00121639194537455,0.000175142410628467,0.00136990489096078,0.0113433578862556,0.00502940946208022,0.00550628225037701,0.00609647293425632,0.00839244218651597,0.683068653510732,0.0926508379472388
10,"nig_indep",306,TRUE,189,0.0953986276644055,0.0157179567720987,0.0691533348767284,0.0109681827506442,0.527898399381119,0.490831757579356,0.380442697946864,0.864600316830432,0.00160430354785269,0.000302094812202366,0.00173384676272554,0.0151822499303777,0.00511419191841891,0.00586344360995337,0.00765870280439909,0.0109715533907652,0.700593860649204,0.125371275705796
10,"nig_indep",307,TRUE,240,0.109530877864129,0.020684945410043,0.0793109496644208,0.0796289721394874,0.52425679178184,0.467854197806519,0.377117464017514,0.856682917849403,0.00139049998484767,0.000352587909502374,0.00171198272549652,0.0133634918892363,0.00521069461893349,0.00555923930273672,0.00663153673437407,0.00954355712072994,0.683998682605836,0.143822617866742
10,"nig_indep",308,TRUE,240,0.115499834763488,0.0234325147097655,0.0844341831527184,0.113802278887875,0.520481301730524,0.404517396840413,0.359650103747236,0.83490721294435,0.00166588449703939,0.000456973912460699,0.0019883140831189,0.0165119937084396,0.00445002176362122,0.00473495748074369,0.00593742539941532,0.00824589183203158,0.636016821192972,0.153076826168318
10,"nig_indep",309,TRUE,253,0.0889827771712302,0.014097004890515,0.065396051183478,-0.00196763610164128,0.571832728110898,0.51882864625721,0.405596384861191,0.89848092334742,0.0010910998356329,0.000194521554525608,0.00135379400300205,0.0152671822335796,0.0049945096904833,0.00563198581463088,0.006147376780761,0.0082185350416594,0.720297609504023,0.118730808514534
10,"nig_indep",310,TRUE,246,0.0651283085751673,0.00699859500527011,0.0468613223677469,-0.178431986843323,0.5332374364933,0.440248699764242,0.37172097010614,0.853446051814207,0.000979838743555634,0.000140772453894962,0.00115900944454581,0.0147168703984536,0.00605831126012396,0.00690845959262502,0.00807744082443673,0.0102347996486692,0.663512396089359,0.0836576057825594
10,"nig_indep",311,TRUE,282,0.0771774420067406,0.0108293247225475,0.0567300698644892,-0.0854669543611307,0.571578277925324,0.505703715980712,0.395779744235203,0.884544930217848,0.001183260651055,0.000192419844690438,0.00141821725792917,0.0149667137272834,0.00921223777218764,0.0105076677501111,0.00873011756664298,0.0101198545014236,0.71112848064236,0.104064041448271
10,"nig_indep",314,TRUE,376,0.164346009315605,0.0686865522552043,0.123350023275928,0.268556713351312,0.593710581669509,0.571963317553294,0.419768733165946,0.912544268341294,0.00475967703773581,0.00252582485010244,0.00586015094055307,0.0222865720625577,0.0109085850464571,0.0136481628533649,0.0115988622959703,0.0129079356874994,0.756282564623365,0.262081194012856
10,"nig_indep",315,TRUE,378,0.11165952599748,0.0258109932470688,0.0825862868312962,0.0865776186681288,0.657377261141134,0.730648244127593,0.469948285591653,0.969155392851158,0.00185380414203618,0.000508395340965605,0.00207401656966983,0.0156204966701081,0.00683765185856198,0.00949355199851782,0.00838883492421819,0.0111956941311664,0.8547796465333,0.160658000880967
10,"nig_indep",316,TRUE,391,0.0829879118864324,0.0121559738713873,0.0604774394984197,-0.0609249111278048,0.704806052639211,0.765130268303285,0.496738121642325,1.00142632761695,0.00149400951973986,0.000265198350098542,0.00159118278211113,0.0150086404138545,0.00658297831288975,0.00913321640798478,0.00787482674590308,0.0102210334344384,0.874717250489142,0.110254133126098
10,"nig_indep",317,TRUE,456,0.0781122680808118,0.0116349073143738,0.0582142855668152,-0.0707608578921927,0.56689167258426,0.497111424324361,0.396182033038698,0.88458893067377,0.00140519581889985,0.000233328505136533,0.00151911342178196,0.015764105849087,0.00649871817805894,0.00777267011203548,0.00762280338839011,0.0107729935595175,0.705061291182803,0.107865227549817
10,"nig_indep",318,TRUE,416,0.076873403842505,0.0120046665390685,0.0570778111839592,-0.0918405501734213,0.536495163962671,0.478161596803148,0.383694652814734,0.865122060325082,0.00178597382715232,0.000307099916915667,0.00195922210368327,0.0168810664485784,0.00832457829343472,0.00914475302425624,0.0090981950016022,0.0131767759550624,0.691492296994802,0.109565809169962
10,"nig_indep",319,TRUE,321,0.0611260349911209,0.00747743882341473,0.0465113781341435,-0.17754637982024,0.471493408659851,0.44012011328051,0.345889722354549,0.812276834793912,0.00207768540054408,0.00028636015622151,0.00208145483122416,0.0165978097028757,0.0115698876768373,0.0130914490060738,0.0125259182408643,0.0157495416881242,0.663415490684767,0.0864721852586988
10,"nig_indep",32,TRUE,761,0.132482145726768,0.0627202458642787,0.102246507156257,0.165755271370209,0.435501648612781,0.474603796939798,0.325891225041269,0.7498870578803,0.00582275731424164,0.00379579623682043,0.00656548288512317,0.0451662880802689,0.0148321615346061,0.0218558815067508,0.0152192927201633,0.0248991830801918,0.688914941730689,0.250440104344889
10,"nig_indep",320,TRUE,498,0.12841337730692,0.0660251241353181,0.100832959921866,0.167188521927937,1.06573949977158,3.1059316128648,0.803787008902562,1.22977695353692,0.00594417087750646,0.00337643124484623,0.00475577012135883,0.0369622437007375,0.0319672848412453,0.11124326206628,0.027423253274135,0.0257522201358296,1.76236534602358,0.256953544702769
10,"nig_indep",321,TRUE,416,0.0980820176262196,0.022659997184982,0.0730632070143147,-0.00730997926066145,0.753521898854675,0.943437263906985,0.530053650733315,1.01720277461436,0.00750145079516708,0.00275436189160808,0.00702472027310586,0.0470480370731371,0.0276474490324189,0.0485505794631775,0.0258863758906903,0.024855936927943,0.971306987469453,0.150532379191262
10,"nig_indep",322,TRUE,379,0.193985367245989,0.122212768890335,0.146783179115487,0.2897953749277,0.924116574676353,1.73630076515319,0.669389256303417,1.11660661845541,0.021869919686634,0.0231421147869152,0.0225965743282452,0.1024593950035,0.0666154955158472,0.20708895483481,0.0592438893149926,0.0445855667767416,1.31768765842031,0.349589429031164
10,"nig_indep",323,TRUE,292,0.185153916980636,0.0862891039750813,0.139992027232203,0.322651737267897,0.895516631862617,1.4020323819688,0.644258101030603,1.14386123807842,0.00876574859164796,0.00565140559188617,0.00891795463166638,0.0601995538891456,0.0298481340501291,0.0674050571947126,0.0299935458205923,0.032292605085256,1.18407448328591,0.293750070595875
10,"nig_indep",324,TRUE,375,0.109625796581214,0.0335617487111606,0.0847379824280881,0.0886529760190496,0.696799064421492,0.846302694160354,0.502212817560615,1.01826340127264,0.00294104300160938,0.00105580825267372,0.00338986694467909,0.0259345742168408,0.0134707748513598,0.0213473925989545,0.0144470604191572,0.0194600250341478,0.919947114871477,0.183198659141274
10,"nig_indep",325,TRUE,469,0.0638274389745479,0.0131639568367555,0.0481826192222669,-0.257093826696353,0.522497716231024,0.477496644883851,0.366646453252104,0.821688316586796,0.00352702479197582,0.00214824244135462,0.00397098525627582,0.0250918824752643,0.0126342413414829,0.026332818502861,0.0156430030824446,0.0198980261371948,0.691011320373155,0.114734287973367
10,"nig_indep",326,TRUE,596,0.0983671591268878,0.0341100562325739,0.0746243955139493,-0.0254847106489447,0.486112483246554,0.479911623656199,0.352731826814008,0.80699179233823,0.00362184498563986,0.00202449257190582,0.00347411710843224,0.0294407765071934,0.0107719582349916,0.0164309605447946,0.0119017656617012,0.0187904100522414,0.692756539959169,0.184689079895304
10,"nig_indep",327,TRUE,502,0.0863290127831821,0.0174553417730152,0.0662145417765109,-0.0183361278478626,0.50883969961177,0.465570405686671,0.369198535453483,0.850387190143745,0.00252170153993836,0.000683605127717443,0.00246451912604844,0.0221526293414511,0.0100381134267505,0.0117350048354035,0.0100295751290442,0.01680066102877,0.682327198407532,0.132118665498162
10,"nig_indep",328,TRUE,573,0.0719621507431247,0.00992087905446104,0.0525854005322352,-0.145392572897963,0.465294302503663,0.360700360647354,0.331008345206507,0.789963841437884,0.0015010711080223,0.00024707665284434,0.00153813792933388,0.0158040212828058,0.00649381750665531,0.00624639582225647,0.00738346179994313,0.0130186639896687,0.600583350291493,0.0996036096457405
10,"nig_indep",329,TRUE,362,0.0813975267857929,0.0146180438301723,0.062058258980663,-0.0616170917768092,0.666190116340038,0.799731022484206,0.480622731109426,0.971413998969821,0.00216450536004217,0.000452023415126135,0.00213890233852512,0.0186918311679871,0.0127509600624487,0.0196832254421723,0.0138236227570157,0.0181138437704593,0.894276815356524,0.120905102581207
10,"nig_indep",33,TRUE,969,0.0376889192220074,0.00714863170676974,0.0292703850079709,-0.452845555977254,0.296167467795034,0.194353504998019,0.212797023185985,0.558361020305142,0.00207264221429002,0.000657492000353697,0.00201962724405908,0.0229804422621469,0.00834152406806543,0.00924860291164657,0.0085824511768123,0.0161793280503336,0.440855424144945,0.0845495813518301
10,"nig_indep",330,TRUE,573,0.0738369318345845,0.0103082979962826,0.0538538997652646,-0.126210423559904,0.654571074085596,0.729300174117713,0.465807213903179,0.958531306546058,0.00132051421471201,0.00024456588959114,0.00150480533458539,0.0157573658604696,0.0111691772204718,0.0162449895802306,0.0112904847896304,0.0128722367473719,0.85399073421069,0.101529788713868
10,"nig_indep",331,TRUE,144,0.0770763546056259,0.0131339074673734,0.05721877398735,-0.10269650522449,0.728754816831976,0.866170388864563,0.517716264855118,1.01583857360533,0.00155528971477033,0.00038190617441811,0.00172306172229608,0.0190867216950307,0.0140751983985672,0.0211882788364064,0.0144214824405409,0.0162207537085047,0.930682754145881,0.114603261155054
10,"nig_indep",332,TRUE,375,0.0666238449962841,0.0088523299635027,0.0487689643808324,-0.177983871925566,0.709843930938811,0.815715599596008,0.501648897696901,1.00155767031594,0.00141336058081662,0.000233934945283492,0.00146639226962363,0.0163372974804101,0.00835291491033022,0.0128192844344915,0.0097524022427055,0.0110862071620024,0.903169751262745,0.0940868214124736
10,"nig_indep",333,TRUE,431,0.0462353099350355,0.00494722168975761,0.0353676075763153,-0.35091961588015,0.638458026846813,0.647318146755778,0.447559531485554,0.943562256441845,0.000981255153650421,0.000120608255324637,0.00103821779909718,0.0143246946816394,0.006404625572017,0.00855339726613377,0.00741379771528175,0.00971137456507369,0.804560840928626,0.0703364890349071
10,"nig_indep",334,TRUE,392,0.0519660867757596,0.00779983350628087,0.0405250589531338,-0.294066910826862,0.6137009203387,0.610960562015289,0.436504326787821,0.934092034684247,0.00128206049017434,0.000252715319977636,0.00141634714136733,0.020011064677664,0.00831078798715352,0.0103413837314545,0.00912788042827909,0.011654112565381,0.781639662514185,0.088316666073176
10,"nig_indep",335,TRUE,308,0.0458673679564859,0.00427348521688639,0.0347518663537449,-0.340505848639822,0.555219127989049,0.498847369699827,0.390603512744047,0.877770871223946,0.00121423941355516,0.000124347815976474,0.0012936310086199,0.0169353582183111,0.00684163392736554,0.00769626047829742,0.00739368334262734,0.0102339843561937,0.706291278227211,0.0653718992907992
10,"nig_indep",336,TRUE,181,0.0388798690836762,0.00437510743038076,0.0312134189222062,-0.40480836119953,0.500737048936019,0.454548994509046,0.366707162316952,0.844377980993779,0.00138770269149927,0.000210985980192812,0.00151335899020489,0.0159064709432947,0.00746599081112176,0.00757395602842007,0.00804060111471306,0.0120112974751959,0.674202487765394,0.0661445948689744
10,"nig_indep",337,TRUE,289,0.0324852694673659,0.00242975220600868,0.0261442496681151,-0.459522235082788,0.668036108444162,0.806216036921443,0.482174194158564,0.983558765125665,0.000955632947076317,8.2797522144451e-05,0.000911290739870774,0.012122578502636,0.00607298106893851,0.00843084987720265,0.00775268002500815,0.00970255984864036,0.897895337398209,0.0492925167343754
10,"nig_indep",338,TRUE,346,0.027711394667982,0.00171015851874884,0.0217028979717078,-0.563708722063217,0.731899747233806,0.895691876841406,0.521465747829321,1.02303159849287,0.000818106296097461,6.63450887375381e-05,0.000890572948802007,0.014741569048909,0.00695778010336275,0.0094607031214803,0.00886821839718174,0.0101553226591566,0.946409994051947,0.0413540629049775
10,"nig_indep",339,TRUE,302,0.0553796269394974,0.00787318428561628,0.0435625979015656,-0.241602483739319,0.679179218545765,0.797996569336524,0.481803266932575,0.979977803906835,0.00181067996088327,0.000379382279797691,0.00178842033491675,0.0206961367383768,0.00668037843344239,0.0098823445844042,0.00945082246638439,0.0106980321039785,0.89330653716209,0.0887309657651503
10,"nig_indep",34,TRUE,492,0.0321602295402655,0.00272748014800423,0.0252928224082058,-0.512117897641045,0.274504263515347,0.183219084441944,0.208416908220773,0.54710688683138,0.000957071227989249,0.000100766698899383,0.00103962815465483,0.0174839285110903,0.00610525952649385,0.00493734049547137,0.00662871761324547,0.0159213232480559,0.428040984535294,0.0522252826512622
10,"nig_indep",341,TRUE,332,0.390328702407362,0.369818563348528,0.30329522483241,0.793057263520884,1.22157895203027,2.89258134512925,0.901534614711294,1.27975145626193,0.0123913280613999,0.0132201980298146,0.0131107211198532,0.0402575003293494,0.0258910538410072,0.0768947493473477,0.0274308238066301,0.0234491814736726,1.70075904969788,0.608127094733106
10,"nig_indep",342,TRUE,416,0.161205222314891,0.0595700828941669,0.12104990762424,0.240899046925709,0.784473242495878,1.0175418197862,0.553061680253123,1.04163415989974,0.00595515222165326,0.0027832597986296,0.00630157753456574,0.0259053978825524,0.0174948592223656,0.0300576753692914,0.0170550035013535,0.0164938025735886,1.00873277917702,0.244069832003398
10,"nig_indep",343,TRUE,474,0.0795649235320167,0.0120484777393277,0.0575503572175895,-0.106014276254344,0.563875683805229,0.498311747999053,0.39327422494374,0.877315816675077,0.00167702884057108,0.000335950866741882,0.00184366228014632,0.014947898313241,0.0102482359886839,0.0128179864973304,0.0113769879671101,0.0139473594470991,0.705911997347441,0.109765558074141
10,"nig_indep",344,TRUE,246,0.0645957177346643,0.00807624378610709,0.0477962530505843,-0.187096468309006,0.594666990872325,0.587255883162232,0.421445134233994,0.90861108017987,0.00144693425109108,0.00020765507102667,0.00149959981191739,0.0148302771415227,0.00930862140110789,0.0119623666191803,0.0102060598459354,0.0131036470474472,0.76632622502576,0.0898679241226095
10,"nig_indep",345,TRUE,420,0.0765259096152138,0.012479789184173,0.0564040870016936,-0.131332785001243,0.535203452353058,0.477903966570936,0.37841748271832,0.852304642565155,0.00266227103776629,0.000596698954643163,0.00242102361441292,0.0208339038079423,0.012504879832726,0.0155667335897862,0.0123359975315716,0.0163293215468132,0.691305986210836,0.111712976793983
10,"nig_indep",346,TRUE,596,0.156446079716424,0.0582021405701447,0.119792539352387,0.303742687467372,0.976792430632283,1.90166530852851,0.726183517128993,1.1979551055431,0.00875991994784499,0.0054243875448819,0.00921774205568531,0.0476256065234101,0.0378350139065302,0.097601079743149,0.0370124971995131,0.0348288173303751,1.37900881379653,0.241251198069864
10,"nig_indep",347,TRUE,361,0.0388069544557424,0.00315908196989841,0.0324586624258277,-0.320875861873053,0.465837642716502,0.36170379266755,0.335925410411673,0.803958224916723,0.00207846448262958,0.000186795615599677,0.00227350094533382,0.0182976171456407,0.0138841418386236,0.0136304520740968,0.0139479152697987,0.0158427262110233,0.601418151262123,0.056205711185772
10,"nig_indep",348,TRUE,350,0.0222387421776652,0.000946237674819124,0.0193771548898834,-0.571744424825315,0.410620737217732,0.29015744176903,0.297292872519086,0.745735605646305,0.00131057986919597,7.80555997427685e-05,0.00151290832347924,0.0190074375358782,0.00947418324574865,0.00899238246560824,0.0108752941269382,0.0145034273481798,0.538662641891036,0.0307609764932637
10,"nig_indep",349,TRUE,343,0.0279194847738862,0.00261075513356094,0.0217246994504252,-0.680130618268775,0.367500178694546,0.292849860635735,0.270626952573488,0.660002870712048,0.00196449939287671,0.000272663209434874,0.00180106808979949,0.0230405767618675,0.0106879588283892,0.011080906935675,0.0101145959689125,0.0185632771900401,0.54115604093065,0.0510955490582197
10,"nig_indep",350,TRUE,667,0.0357918665454431,0.00876272700886575,0.0281380534344912,-0.691600459392747,0.331611691646653,0.313558483392651,0.249877297224562,0.572701493200955,0.00190709947086068,0.000667248359780833,0.00192045743902244,0.0194770083519738,0.00939448972476835,0.0133746956598322,0.010103705668934,0.0156704374477594,0.559962930373655,0.0936094386740234
10,"nig_indep",351,TRUE,345,0.0743818740467705,0.0129220575883016,0.0555133548415872,-0.120633106216532,0.554902068886039,0.545895256107676,0.397197939782072,0.870734632883953,0.00287065951649247,0.000784886013022743,0.00271340339819611,0.0269066530274783,0.0148911394467736,0.0205599744747184,0.0152449836681387,0.019954438088957,0.738847248155988,0.113675228560587
10,"nig_indep",352,TRUE,387,0.0642184024650885,0.0124863167365193,0.0504163925684955,-0.215405079618146,0.457014646572219,0.382162780754814,0.330849359684284,0.784713885271643,0.00164622232357252,0.000327726172756566,0.00162270841931979,0.019026210023201,0.0071454606586374,0.00726145246566767,0.00791747591167595,0.0153904694869048,0.618193158126822,0.111742188704711
10,"nig_indep",353,TRUE,371,0.0502881102693031,0.00606376433323435,0.0380853559153762,-0.353752234825745,0.403517231338795,0.292409732621652,0.289870284605789,0.711787580884206,0.00156821157801121,0.000206866196515221,0.00149527615426078,0.0203594482282386,0.00750669318100222,0.00680382043644741,0.00880069970159784,0.0161742988147666,0.540749232659328,0.0778701761474465
10,"nig_indep",354,TRUE,499,0.0749695282381097,0.0149268174303391,0.056689861834607,-0.136206408562127,0.472282683039903,0.427522986408417,0.338451708698592,0.787458649575039,0.00247153984729598,0.000795614051465866,0.00261953950669842,0.0235383165925877,0.0129583864081946,0.019925466786298,0.0143138592088018,0.019003728354572,0.653852419440669,0.12217535524949
10,"nig_indep",355,TRUE,717,0.0868926058880942,0.0153322862892187,0.0638735322471526,-0.0510587505605091,0.511408301239716,0.514880607336515,0.373237480911841,0.828186167000352,0.00200097408366661,0.000444823325270643,0.00205503189923689,0.0181449311201527,0.0109304196632735,0.0148481778604691,0.0117462749351233,0.0157603222974865,0.717551815088301,0.123823609579186
10,"nig_indep",356,TRUE,346,0.0651938650024118,0.00919370677792864,0.048485609653134,-0.200170187199667,0.51230915434202,0.512313008073576,0.370913685439918,0.830174229259911,0.00135592670486209,0.00021261996507066,0.00142880345652966,0.0153509882413624,0.0107914163498108,0.0134894282209265,0.0130390002406422,0.0171231126135302,0.715760440422336,0.0958838191663674
10,"nig_indep",357,TRUE,500,0.0691989084176494,0.0110241041359743,0.0530085823959585,-0.139789607228182,0.614574450575731,0.671752480387201,0.442174350480299,0.930394166148646,0.00180702996526503,0.000315076529691923,0.00175865174854509,0.0213532694545951,0.00963730805090325,0.014106296279523,0.0109193480226913,0.0147458279803748,0.819605075867153,0.104995733894165
10,"nig_indep",358,TRUE,464,0.0510666119030163,0.00536977415442793,0.0375515948636901,-0.323915779338262,0.591900186828286,0.535002754723499,0.409641537054934,0.898084649103383,0.00108614121780597,0.000166868277904201,0.00122324040184933,0.0179018092988118,0.00894485908757884,0.0110287189515019,0.0107778988079074,0.0126534038037275,0.731438825004182,0.0732787428551277
10,"nig_indep",359,TRUE,349,0.0472021922966921,0.00508658771717689,0.035092179425016,-0.38494515343644,0.666354069276614,0.686888793501587,0.46309381691772,0.958404060440365,0.00161363135724745,0.000237282175100158,0.00150414111406087,0.0236656355454091,0.00874158849129855,0.0122828609765688,0.0109439035280282,0.0123839053612834,0.828787544248577,0.0713203177024394
10,"nig_indep",360,TRUE,333,0.0327379115590591,0.00250040151389655,0.0242501052518807,-0.563467190119232,0.448545187725344,0.324187714481361,0.318677086737228,0.781830701759908,0.000994970557428696,0.000106038516569124,0.00101519307638811,0.0221606833167,0.00885317544195207,0.00892835923695392,0.00916665790071678,0.0118923950986293,0.569374845318408,0.050004014977765
10,"nig_indep",361,TRUE,250,0.0246648136814388,0.00147621816101434,0.0182648253248638,-0.698062809710606,0.425154873415414,0.283673789125532,0.299130428004833,0.745690881625866,0.000578558640449733,4.1268459400748e-05,0.000541931860867017,0.0184660279996804,0.00694623290889314,0.0062565520180856,0.00836621178445484,0.0126330935167957,0.532610353941352,0.0384215845718828
10,"nig_indep",362,TRUE,300,0.0138003926365502,0.000359319745994838,0.0102224802411522,-0.944936834858866,0.386785347102742,0.241823380304679,0.278531131512747,0.725725480577523,0.000327889279032086,9.84973674300203e-06,0.000355854103984446,0.0144755735278892,0.00536609077023115,0.00428465982611402,0.00676002079472031,0.0092340737466902,0.491755406990792,0.0189557312176249
10,"nig_indep",363,TRUE,229,0.068332918430766,0.0316916962349619,0.0559599996579468,-0.0141259705021132,0.415009489718787,0.315394134499293,0.305056434115329,0.75658559636244,0.00334162216478929,0.00205682536493633,0.00323384694343273,0.106628688147076,0.00624635653610973,0.00565283248105521,0.00712141500949103,0.0101241913576962,0.561599621170895,0.178021617324868
10,"nig_indep",365,TRUE,446,0.129354493918548,0.0544171824062585,0.0980158123732545,0.0945600980307031,0.821808592925139,1.27774167758501,0.589901945424226,1.05019412642524,0.00845618406144198,0.00611950966690006,0.0107995371101757,0.0643479324850723,0.031412672767422,0.0789832640972289,0.0339199143297795,0.029905422578436,1.13037236235897,0.233274907365234
10,"nig_indep",366,TRUE,472,0.0921886729085576,0.0206724494212509,0.0703059387978928,-0.0156752880876489,0.63407925268152,0.743308794059139,0.458233468122162,0.932997330100128,0.00384454140629518,0.0011614943587979,0.00380263908719235,0.029625248475106,0.0173516310337001,0.0270258991637001,0.0170782761251554,0.0216008354033563,0.86215357916043,0.143779168940605
10,"nig_indep",367,TRUE,401,0.0393164168144148,0.00372185291042919,0.0306441960280108,-0.40429352867578,0.436350847105668,0.322569609724675,0.309801689472036,0.749057229212245,0.00134803320384778,0.000140578024830217,0.00132971605386124,0.0171837872384099,0.00967982518973756,0.0105131509648166,0.00993724687179914,0.0153411587743068,0.567952119218403,0.0610069906685225
10,"nig_indep",368,TRUE,422,0.0285364602037908,0.00207162513637908,0.0221781133746152,-0.574897789168856,0.368290530540544,0.240125440236457,0.263185470035712,0.666168667079799,0.00096546683652121,7.1494317356545e-05,0.000998012360051075,0.0170218439954831,0.00844612742491539,0.00742481872524639,0.00894762444476284,0.0156481008934818,0.490025958737348,0.0455151088802288
10,"nig_indep",369,TRUE,412,0.0316866163634435,0.00242344282535735,0.0266304591512663,-0.442909547276066,0.349790572808253,0.207840913701848,0.258147560232775,0.687182152182646,0.0017987200651107,0.000158970919877562,0.00182902515241856,0.0191361820288545,0.0130187557895723,0.00980331324728376,0.0121425245012848,0.016428944534465,0.455895726786124,0.0492284757569981
10,"nig_indep",370,TRUE,145,0.0454778333452499,0.00509013363794331,0.0353085323997013,-0.324860563066165,0.282569127231563,0.136718496405528,0.207664113532136,0.562175346552559,0.000945851999096987,0.000111182019136858,0.000937139131220131,0.0200261592640544,0.00599124837836364,0.00372992456185176,0.00613065196841544,0.0140255246815342,0.369754643521252,0.0713451724922108
10,"nig_indep",371,TRUE,125,0.029418343648996,0.00268917347043242,0.0227592667790714,-0.600167698360961,0.31059857672131,0.145057044976104,0.214445689380733,0.578059449281431,0.000804091426865066,6.95739933035796e-05,0.000802547958961524,0.0248318178442303,0.00617345481450269,0.00365679642183636,0.00575002861592601,0.0134785712571127,0.380863551650856,0.0518572412535841
10,"nig_indep",372,TRUE,201,0.0457644069362837,0.00643648075232839,0.0362134148369588,-0.388721311195115,0.381894475296429,0.257673307298243,0.275829161707579,0.698270256648879,0.00177886877704186,0.000341814817770653,0.00175293249953611,0.0371089188621137,0.00818056212775758,0.00739743589366526,0.00885554420801082,0.0166667494711887,0.50761531428656,0.0802276807113878
10,"nig_indep",373,TRUE,293,0.0915771642960218,0.0294277167403554,0.0739272617323276,-0.00286371727169903,0.431994140717612,0.31966593953673,0.3079752402125,0.748540802448836,0.00682462675543186,0.00335705247303534,0.00687800956165453,0.0418898155370026,0.00663851394231156,0.00620444801173342,0.00802076964504541,0.0142672625488389,0.565390077324258,0.171545086610941
10,"nig_indep",374,TRUE,491,0.0793033478858823,0.0173502352564575,0.0660297226085606,-0.00699465058763182,0.464442860586072,0.354216899408077,0.333559080237014,0.800114718625537,0.00183458240777632,0.000396085229370409,0.00179586652617497,0.0131711509556466,0.00431024897469084,0.00416722434200623,0.0057757199547994,0.00907337487962491,0.595161238159943,0.131720291741468
10,"nig_indep",375,TRUE,394,0.0386939733811271,0.0108001552037886,0.0306088958264922,-0.504228963318018,0.483227387343081,0.405194042768825,0.340756387644227,0.802959689418293,0.00271298018975927,0.00307600737979925,0.00217072673463514,0.0380481497540666,0.0138781159408399,0.0390565739566596,0.0120580738228185,0.018140121311909,0.636548539208775,0.103923795176026
10,"nig_indep",376,TRUE,421,0.0555564319483847,0.00778875685727967,0.0430441599514239,-0.248299234204856,0.513797713876217,0.461417812962369,0.366897219114036,0.835616101551939,0.00165676219379254,0.000243532834436475,0.00188267299875551,0.0186307437410992,0.0106171328249541,0.0112623228178736,0.0111990994170381,0.0164219033024067,0.67927741973539,0.0882539339478964
10,"nig_indep",377,TRUE,536,0.0471353969466744,0.00525298077806836,0.0357111249502011,-0.354888766057283,0.43144424474726,0.335587566572033,0.309205791541923,0.740084031533813,0.00141636972094706,0.000205437529163732,0.00144867217859846,0.0193943199256384,0.00992478701018339,0.00998185744288741,0.00987842616982454,0.0168445227811267,0.579299202978938,0.0724774501349789
10,"nig_indep",378,TRUE,434,0.0319154784168773,0.00255150160855168,0.0244033619166599,-0.530109645451251,0.428584009503823,0.319238871629817,0.30486029930284,0.744453201795113,0.000999720116229133,7.88304257226968e-05,0.000959219800731776,0.0152530133410835,0.00899703988337817,0.0081976556013957,0.0102573816323114,0.0153859497388743,0.565012275645244,0.0505123906437983
10,"nig_indep",379,TRUE,309,0.0492816600645132,0.00551896273773762,0.0375880924363712,-0.30817502141859,0.644173794896394,0.648849571343188,0.447634705887615,0.941414483805644,0.00114205471987666,0.000136181856993676,0.00136462133510291,0.0204430388477629,0.00839791620192751,0.0114544333371438,0.0108017522585841,0.0140896676052553,0.805511993295685,0.0742897216156961
10,"nig_indep",380,TRUE,381,0.0406720699676128,0.00476667565599297,0.0313552377906789,-0.421946993963936,0.529796689149511,0.470036965123162,0.3779823959405,0.86025466415255,0.00116565750321,0.000143958948012625,0.00110528078293181,0.0234831869271268,0.0100037570491848,0.0114703202889101,0.0101285062453045,0.0167457041006711,0.685592419096916,0.0690411156919771
10,"nig_indep",381,TRUE,355,0.028289876168691,0.00156489085620046,0.0207152659298938,-0.605172405923343,0.388072155709083,0.25397070961477,0.276368924356838,0.696702306672495,0.000645002691945996,4.49904265659231e-05,0.000699181369551483,0.0209297120695601,0.0075115657232146,0.00637545145096305,0.00766403023056079,0.0140655289925578,0.503955067059326,0.0395587013967908
10,"nig_indep",382,TRUE,377,0.0362456738713132,0.00400182642942795,0.0281905461222029,-0.463893197987524,0.378742141129469,0.263354730757923,0.272004654615788,0.682509690233602,0.000877147178690778,0.000132725278568222,0.00100855704706362,0.0179399524154117,0.00774052858917737,0.00679601636533235,0.00782563701244889,0.0154220718522466,0.513180992202481,0.0632599907479281
10,"nig_indep",383,TRUE,356,0.083583480157275,0.016250674142699,0.0635242828014766,-0.0425016462590469,0.551854234719778,0.577369309208118,0.399857764887107,0.883718970708518,0.00214711362542985,0.000450564282221192,0.00198635526840163,0.0226490899080124,0.0105155040763986,0.0126413889953479,0.0113547209845782,0.0174265103690814,0.75984821458507,0.127478132017609
10,"nig_indep",384,TRUE,276,0.103012311348881,0.028381934060576,0.0816004794288297,0.136171593321004,0.338079194520529,0.197208951015221,0.242200040215274,0.632038594496313,0.00256238551468369,0.000731486361122414,0.00296632202070075,0.0322819119858939,0.00696025335349093,0.00553968848937471,0.00714849137094102,0.0142979812486522,0.444082144445395,0.168469386122749
10,"nig_indep",385,TRUE,188,0.0542572666657161,0.00685471375695477,0.0408505868848829,-0.285730757942887,0.383533741233074,0.241400199136918,0.269967768973914,0.688737733238694,0.00173895423931721,0.000250170949240838,0.00181511655641992,0.0269370111102389,0.00495492797034146,0.00413508807821494,0.00581918532805625,0.0124000917579617,0.491324942514542,0.0827931987360965
10,"nig_indep",386,TRUE,233,0.0387332186481122,0.00339805647865297,0.0293543669412633,-0.446094104333893,0.374330604665111,0.21634723891762,0.260533670789362,0.672209975094236,0.00119834696825726,0.000121022606260487,0.00107153376070801,0.0199202365830703,0.00570339130918784,0.00469483835764579,0.00636920660643984,0.0132487841230482,0.465131421124847,0.0582928510081036
10,"nig_indep",44,TRUE,168,0.0479349933824625,0.00498613557733954,0.0436698154071784,-0.171780695012013,0.325537937419082,0.247944331436245,0.300388492018632,0.79954269943901,0.00221061599616045,0.000343504068879521,0.00246076253715881,0.0115924138918495,0.0121723528417792,0.0109531468793706,0.0121484406163729,0.00964314963986237,0.49794008819962,0.0706125737906468
10,"nig_indep",45,TRUE,490,0.0443881543121742,0.00348504813813666,0.0334828589858321,-0.333683127541083,0.317976677736093,0.183133313583924,0.237332369902568,0.637241744164642,0.00122893688236714,0.000123813949380409,0.00131407232667346,0.0132331610311406,0.0108147185205672,0.00883356970820452,0.0109630605833121,0.0143834719925203,0.427940782800523,0.0590342962872995
10,"nig_indep",46,TRUE,483,0.0513291188400782,0.00782548769046249,0.0394150294992879,-0.32190073665711,0.291902934694501,0.144583557818395,0.208505371031998,0.56164435479237,0.00119691493707211,0.00018918067195049,0.00138329997269575,0.0172525617144402,0.00537758567769131,0.00367588336825895,0.00610615699301878,0.0126151435457061,0.380241446739299,0.0884617866112961
10,"nig_indep",47,TRUE,654,0.0389049386016621,0.00524966470977768,0.029981497664081,-0.462831411165448,0.254783908608753,0.103019076467752,0.177589258313797,0.482635367368315,0.000805081184206301,0.000100699266371069,0.000914008423491785,0.016792797391929,0.00395963717561019,0.00220734007701677,0.00465684719802581,0.0118660977155368,0.320965849379263,0.0724545699716566
10,"nig_indep",48,TRUE,707,0.0240244581003173,0.0010193414245848,0.0183088690935444,-0.631952104623142,0.246941559320604,0.103866025410064,0.178383944261882,0.490379089218388,0.000541411933269833,2.76006379264039e-05,0.000605970937336715,0.0111601620993658,0.00382837506061621,0.00191489174002585,0.00396309238489608,0.00963294330919129,0.322282524208285,0.0319271267824839
10,"nig_indep",49,TRUE,414,0.0445541009545483,0.00566768642364103,0.0345614847592719,-0.366122937061559,0.273327694890385,0.12827044077877,0.196351059574593,0.536486424482173,0.000832976652477525,0.000108082680771237,0.000924933516102494,0.0158934668022018,0.00355851551860733,0.00201627261102751,0.0047072364716791,0.0109992704065611,0.358148629452592,0.0752840383058788
10,"nig_indep",54,TRUE,359,0.195998181337912,0.127565687662428,0.151921911078761,0.329493096487162,0.960575252757684,2.30098917809498,0.709582553986994,1.12052314862461,0.0126914636648732,0.0127048909322552,0.0120567104126295,0.025875034155109,0.0417338383869379,0.138023884736579,0.0417117769161193,0.0298020456399662,1.51690117611365,0.35716339070855
10,"nig_indep",55,TRUE,871,0.151544914130753,0.166328946478064,0.111064990782821,0.104635183673384,0.676784747410121,1.69975887547955,0.508785241951274,0.949926766374359,0.0157302828539071,0.040274155130243,0.018426809559226,0.0556485412219878,0.0387920771506885,0.301478884825603,0.0399478284133055,0.0352867536316183,1.30374801072889,0.407834459650069
10,"nig_indep",56,TRUE,668,0.0511758755556698,0.00592215192837885,0.0380763232194531,-0.32346443203684,0.307034475674104,0.173863953916894,0.221087053704336,0.572518787921658,0.00176227388103457,0.000306628772985299,0.00179935710241068,0.0266400328331841,0.00695175049257455,0.00585562770283707,0.00775315236433245,0.019971562537313,0.416969967643827,0.0769555191547614
10,"nig_indep",57,TRUE,257,0.0206033594044851,0.00101436875567057,0.021561618678413,-0.493948244478269,0.197535727232294,0.0709491984027191,0.147536062164278,0.403425338814504,0.000827784446992337,3.84513122379043e-05,0.000778899516425934,0.00811041142438605,0.0049613705328288,0.00247600551211808,0.00455232097723952,0.0100121164758392,0.266362907332682,0.0318491562787866
10,"nig_indep",59,TRUE,323,0.0391154361977209,0.00298396117949451,0.0297823077056707,-0.402172388119575,0.378822471054985,0.239491480627938,0.27565131953826,0.710508799167951,0.000703672556160165,6.22704236879435e-05,0.000690981337731306,0.00952544281825278,0.00630125972655275,0.00465291809234837,0.00672775242151781,0.0107818511096716,0.489378667933062,0.0546256458039126
10,"nig_indep",67,TRUE,688,0.047477999156366,0.00505622131801246,0.0378537536011051,-0.274834734067118,1.00930652112764,1.89895478066069,0.729822457653084,1.17662308724752,0.000996021327755097,0.000115251432981429,0.00107343173881117,0.00991327448849484,0.0168328969099604,0.0383955071023893,0.0182647199707801,0.0150948161919867,1.37802568214845,0.0711071115853573
10,"nig_indep",68,TRUE,1145,0.127250965459732,0.0464493680606838,0.0982215251990823,0.180476188399008,1.01958620914443,2.60437488540257,0.772851936343551,1.19803054035982,0.00445648439209626,0.00291460262545365,0.00467428556554919,0.0271465630129205,0.0282310843360228,0.119613717937252,0.0288842670568873,0.0219460187265056,1.61380757384596,0.215521154554916
10,"nig_indep",69,TRUE,631,0.0999200971942613,0.0218672960986565,0.0751349041493259,0.0337505734882283,0.897359446345647,1.47920199560601,0.648538625754709,1.12150203876931,0.00250850810521746,0.00071825717332958,0.00258753465670306,0.0207558317015961,0.0248958869858121,0.0618530521290503,0.0264799493008151,0.0240802172451839,1.21622448405137,0.147875948344065
10,"nig_indep",70,TRUE,395,0.0714883102713678,0.0119927076065671,0.0543775941573073,-0.130485956395014,0.554315990313573,0.52439986537373,0.395325314680306,0.867418349737279,0.00200860266783237,0.000391209755469922,0.00207490589542066,0.0233088746393005,0.0143338564471722,0.0182363627136035,0.0148525095291832,0.0194537891232613,0.724154586655177,0.109511221372821
10,"nig_indep",71,TRUE,389,0.0518132203703294,0.00527438320537081,0.038374279147987,-0.293299930330328,0.439184624809169,0.332724690448899,0.312378751619388,0.759828329749214,0.000915783867714968,0.000103242861192835,0.000984453764719955,0.0143327431876704,0.00572933852479479,0.00527769170404049,0.00643566596149291,0.0116813489540485,0.576822928158113,0.0726249489181976
10,"nig_indep",72,TRUE,713,0.0388835611408059,0.0030019201797711,0.0287950606228631,-0.438571131952998,0.271634278743027,0.165382290277096,0.213966423100771,0.572688697739534,0.000671851868462576,6.51736434068223e-05,0.000696118113835069,0.0102048601556275,0.00341221208334866,0.00246741162508508,0.00416603562213197,0.00859982146806122,0.40667221478372,0.0547897817094675
10,"nig_indep",73,TRUE,410,0.0587356982161973,0.00764193081567822,0.0447140433735996,-0.210289809138159,0.41719380171233,0.299926282552859,0.301662293108567,0.755618940467903,0.000906020178805441,0.00012261660382363,0.00108975425654417,0.0129736969417023,0.00393006023395821,0.00315739852932173,0.00533448742080194,0.0122968096176236,0.547655258856207,0.0874181377957585
10,"nig_indep",74,TRUE,562,0.0638932244385762,0.00809496248532946,0.0472933493388014,-0.181875248244345,0.399737749830873,0.259676025318062,0.282026681562148,0.714223955692082,0.00114684039802832,0.000162753675313232,0.00124054323577707,0.0130914835921579,0.00468045302635667,0.00363107405327505,0.00569924578067527,0.011362133985734,0.509584169022216,0.0899720094547713
10,"nig_indep",79,TRUE,495,0.298786329592549,0.298549173167194,0.242448607045844,0.609940510671221,1.49900437022737,4.68363139482578,1.12170322431962,1.41390207190624,0.01133978001231,0.0149765031661717,0.012676691148649,0.0332725393494867,0.0411491041473053,0.17834658444389,0.0440366035166875,0.0280975635651164,2.16416990895488,0.546396534732052
10,"nig_indep",80,TRUE,509,0.344630895526167,0.308762620220403,0.259834695913607,0.64395642539617,1.26391610946635,3.54889780562669,0.955285536907845,1.31889454510353,0.0161251226623944,0.0206616347693609,0.0195672140891704,0.0348083966624287,0.0376878946223887,0.144822260218004,0.0431473622604491,0.0274281262668614,1.88385185341807,0.555664125367477
10,"nig_indep",81,TRUE,408,0.217697031844167,0.197749651297687,0.167107040359967,0.2788954304869,0.844814145329429,2.47019212096769,0.645177776930238,1.03224078480951,0.0139746064211373,0.019504854552911,0.0147777266095175,0.0509316568428043,0.0429353320111021,0.191959494931393,0.0459086485424545,0.038406043923675,1.57168448518387,0.444690511814326
10,"nig_indep",82,TRUE,441,0.0516684741866087,0.00521220469449776,0.0377942734543304,-0.303205844185077,0.314283769239811,0.182939051290399,0.228371549961294,0.599474156763999,0.00151251460052669,0.000181519012321058,0.00153131828675703,0.0176288365583639,0.00606354683254297,0.00429384625336555,0.00699306510906469,0.0170955516857364,0.427713749241708,0.0721956002433511
10,"nig_indep",83,TRUE,579,0.0461259760722805,0.0039907684735,0.0337916395573782,-0.35537274701985,0.336710954604876,0.185029552034544,0.238505305027931,0.632840015135772,0.000811400470842301,8.55949005087381e-05,0.000938643193126086,0.0139134246900331,0.0044479161918584,0.00326324305992879,0.00509040893349129,0.0144887101905659,0.430150615522684,0.0631725294214186
10,"nig_indep",84,TRUE,816,0.111207871918793,0.0236500753064857,0.0819128558378882,0.0974414113563181,0.329427056567191,0.200286084788924,0.2409302641617,0.629812057908656,0.00156760025833834,0.000395331138561437,0.00165596875847765,0.0126394330855006,0.00458960799421951,0.00326073085497604,0.00501248998978453,0.0121444063977362,0.447533333718198,0.153785809834606
10,"nig_indep",85,TRUE,908,0.0787930773769091,0.0147097759546491,0.0618568372831271,-0.0427906619247615,0.325656867573105,0.181807965713313,0.232976481852421,0.618546167141798,0.00128779702362257,0.000241255202109361,0.00147747825888461,0.0104604539455464,0.00530423340511291,0.00380247749952038,0.00581204243787513,0.0115045177944139,0.426389453098119,0.121283865186797
10,"nig_indep",86,TRUE,616,0.0483343188623866,0.00567504034124447,0.0366859734360141,-0.320920655483318,0.395165741788568,0.263676328416663,0.282310181701618,0.716772335308111,0.000715653728753001,9.76125742268286e-05,0.000907789922051329,0.0134992886048661,0.0060397536950177,0.00501027055817282,0.00705996582759331,0.0121606229951339,0.513494234063697,0.0753328636203647
10,"nig_indep",87,TRUE,101,0.0412479294871896,0.00386435379643757,0.0310200830132731,-0.402361620574969,0.42875118769507,0.279650465780757,0.3003724897646,0.74580444743989,0.000517974680523729,4.24906744660957e-05,0.000645116341612562,0.0133760359005188,0.00365088877387172,0.00337942502851127,0.00525348483367712,0.0100981397636387,0.528819880281327,0.0621639268099882
10,"nig_indep",95,TRUE,617,0.0287690219247691,0.00151354800089788,0.0224612591823234,-0.519747123135851,0.505246432380691,0.460162955251618,0.369865423990043,0.851595601695223,0.000553440158835562,3.54482585032024e-05,0.000610172621800689,0.00891774536865917,0.0104734707853566,0.0116520484616094,0.0111071167034921,0.0123538388750457,0.678353119880507,0.0389043442419723
10,"nig_indep",96,TRUE,1009,0.0306227643012991,0.00191460471252979,0.025385381658643,-0.450251985291414,0.472678219685957,0.421596094558173,0.351433834102929,0.830012165180397,0.000783928103792284,6.20351148596934e-05,0.00079766426829951,0.00916198363710358,0.0107488943275673,0.0128066010416583,0.0112894531500702,0.0118439758136123,0.649304315832086,0.0437561962758395
10,"nig_indep",97,TRUE,592,0.0583044265679124,0.00693039276653145,0.0444657606938804,-0.203363634977375,0.677960804665213,0.832457872644115,0.480340601860604,0.965293867493758,0.0014333209049607,0.000232457799337496,0.00137117339380703,0.0115950969042446,0.0182428890218306,0.0332454282546837,0.0168572942046827,0.0149589727113894,0.912391293603855,0.0832489805735269
10,"nig_indep",98,TRUE,450,0.0640070671910593,0.00819055318473423,0.047442219115831,-0.178992724424122,0.627853897112737,0.66781042369138,0.446456303424703,0.935136546948776,0.00107559086388876,0.000147761008368754,0.00116083811745993,0.0145859455716722,0.010821625637435,0.015323136069957,0.0117781004724456,0.0138387225709372,0.81719668605017,0.0905016750382789
10,"nig_indep",99,TRUE,319,0.0570610134481664,0.00584069639005883,0.0409869031693561,-0.257355240575602,0.540301861568123,0.522301062483612,0.387879177007151,0.853368296170635,0.000870489191824247,0.000108352533625325,0.000988916311393052,0.0126636043559442,0.00993130996027941,0.0122518169957938,0.0117239122469576,0.0168546192945864,0.722703993681792,0.0764244489025523
NA,"gauss_indep",174,NA,154,0.488627483747782,0.470095196258797,0.372136577291101,0.866046179930675,0.793693940278905,1.66197860893985,0.623268281234108,1.11430314119965,0.00781294002704582,0.00669495266052754,0.00979923705023681,0.019936081432396,0.0120465752399513,0.0181173435894941,0.0146233594789351,0.0168375641253797,1.28917749318697,0.685634885532232
NA,"nig_cor",174,NA,154,0.476253230449354,0.501760053151747,0.36411669810972,0.855646216792229,0.738000689791224,1.60740772861988,0.581900901431015,1.07767810357415,0.00842311398705309,0.00947255043442115,0.00966107935473853,0.0194510566399828,0.0161759335151394,0.0381213970476992,0.0157150386506669,0.0174268668246804,1.26783584450822,0.708350233395703
NA,"nig_indep",174,NA,154,0.485993168270477,0.495969740797441,0.370981331902839,0.877682648732911,0.772871604630009,1.60506003281564,0.601126794616806,1.09666049238168,0.00661657713231123,0.00730887895444497,0.00757319752371479,0.0172046855666433,0.0129861706535431,0.0281134758682145,0.013824597620827,0.0150821103036479,1.26690963877288,0.704251191548471
