"model","gridID","n_points","cv_pdensity_MAE","cv_pdensity_MSE","cv_pdensity_CRPS","cv_pdensity_SCRPS","cv_pdensity_MAE_sd","cv_pdensity_MSE_sd","cv_pdensity_CRPS_sd","cv_pdensity_SCRPS_sd"
"nig_cor",109,643,0.352575609806327,0.170374666086211,0.243517309959717,0.644463519093883,0.174032956931437,0.128594597484832,0.0955695650170311,0.213342164438411
"nig_cor",155,118,0.615562429483024,0.643393198069875,0.619305307817226,1.82218259356332,0.0524454710640375,0.0615499993479039,0.0378024823756675,0.104439242239817
"nig_cor",175,141,0.825602712936497,1.2651535793039,0.554519137051419,1.04742352717752,0.485116764188277,1.31240856999572,0.393779235244798,0.363426342418718
"nig_cor",18,976,0.13381451031061,0.0301692364874535,0.0901303418501143,0.143175154141433,0.0756682046996992,0.0230975318173458,0.0433886635917323,0.227855993807939
"nig_cor",214,100,0.133770206237831,0.0277362875951834,0.0932054842559552,0.169892783401798,0.062022419772939,0.0201433477399513,0.0336792398455113,0.144708606941506
"nig_cor",283,151,0.119739092017387,0.0252496996019315,0.0871971045896333,0.12741413241366,0.0346029925818684,0.0086394657095626,0.0158327178940581,0.076315370218637
"nig_cor",320,498,0.654518658936729,0.593342547690709,0.604299821380401,1.37048354808587,0.240832669477879,0.310953451750799,0.117389643685307,0.232751364778846
"nig_cor",326,596,0.21170522970524,0.0641234246843099,0.131812743699852,0.34853195622782,0.0888115631509588,0.0428284859710938,0.0436343619981637,0.127202360874348
"nig_cor",327,502,0.266015209074607,0.101184488241843,0.236017650886518,0.75807240641432,0.112137928309986,0.0661017322072795,0.0642463287771681,0.261602573642858
"nig_cor",328,573,0.232957048482658,0.0742487060239007,0.157427953328862,0.423147806536909,0.108233220008842,0.0530465052385433,0.0594644718012754,0.193844197704159
"nig_cor",330,573,0.362031543368257,0.199347889980116,0.251424433001192,0.656196639881962,0.209364833253822,0.170993042455594,0.120969264853155,0.241687765003449
"nig_cor",342,416,0.315838118729504,0.152337809350889,0.227380312896577,0.606455725644858,0.169812835084166,0.121993886550343,0.0984563381252681,0.232824830388683
"nig_cor",343,474,0.322503737759088,0.148040640142379,0.235808489740353,0.625023257691189,0.200576147590201,0.140468929439261,0.103225621301905,0.238582873715892
"nig_cor",346,596,0.442402414814188,0.281924917127665,0.316341948197992,0.776585376681651,0.251431266931512,0.24836820243528,0.147421035772434,0.269383801055883
"nig_cor",350,667,0.251018160080293,0.0679449080531315,0.134247587431105,0.343065547235804,0.00156280514138589,0.000911086865267938,0.00182522664564833,0.00625890516833099
"nig_cor",352,387,0.138186153541427,0.0289578417246782,0.0938817733770076,0.162697432210727,0.0721464444848163,0.023989065305377,0.0446221094317356,0.230610933809317
"nig_cor",353,371,0.133329710996853,0.0276181132504345,0.091204675038045,0.149324519578517,0.0727861484460379,0.0221615654762745,0.0408138661569337,0.207483556926283
"nig_cor",354,499,0.116577755383562,0.0208478529898707,0.110048688376056,0.359369014775689,0.0452986574341459,0.0132414666404723,0.0262465200445929,0.219086651948319
"nig_cor",357,500,0.239067165956431,0.0786248971496557,0.228757743060417,1.28929560282919,0.0417036112998181,0.0217645190752899,0.024850279378769,0.189328094232068
"nig_cor",358,464,0.235661208130688,0.0779633762854043,0.137401654092197,0.364875489142822,0.11915890323484,0.0541103162387139,0.0622082050098789,0.174947525034847
"nig_cor",359,349,0.234889104212489,0.0851005276893685,0.161709352154566,0.433361452069035,0.130611418936435,0.0723349365709623,0.0793749538826865,0.257674422903654
"nig_cor",365,446,0.353746275986161,0.186510013902423,0.226311013533369,0.60236200331252,0.192083289941003,0.15486599917742,0.10679822084544,0.20585696835062
"nig_cor",366,472,0.24545494105943,0.0884378705658862,0.171372930110251,0.464554415411413,0.121828294102752,0.0698987230798256,0.0700528826115119,0.213671870307162
"nig_cor",367,401,0.17610186334977,0.043099902076396,0.11558430765419,0.270314118885695,0.0608079141914781,0.0233704477839076,0.0325069715743048,0.128375123634191
"nig_cor",368,422,0.170191599448009,0.0426719681955612,0.120740823446262,0.286867545860764,0.0922444037905991,0.0338561684606147,0.0497363474344414,0.216076751347127
"nig_cor",369,412,0.204943677334169,0.0557112992879771,0.120245872769239,0.302950927089906,0.0786958923999639,0.0352553545273704,0.0472003978462142,0.151488203728324
"nig_cor",370,145,0.0569755710822254,0.00582839712915247,0.0406052728801185,-0.258996817606814,0.0284253417539505,0.0042061902828999,0.0180684957255262,0.2227839786316
"nig_cor",373,293,0.113067211325112,0.027291103652292,0.0819316821112367,0.086662634785868,0.0405403789478494,0.0132653159512553,0.0277133705324806,0.184909826410335
"nig_cor",374,491,0.092128116604459,0.0161977705478749,0.0674238778711901,0.00620761764741474,0.04400810227704,0.0102643021422385,0.0235440700378186,0.150516413396688
"nig_cor",375,394,0.106707883075625,0.017954972197381,0.0773551126745998,0.0721259903441787,0.0635750416688459,0.0161532419749893,0.0388793525169512,0.288174102836005
"nig_cor",376,421,0.134350226578136,0.0256818702050331,0.0910634922805997,0.149126853187933,0.0676756139770371,0.0209036185387407,0.0392648525710209,0.21775972587109
"nig_cor",378,434,0.205503804510581,0.0568806471104005,0.125651370404994,0.315894291829735,0.105320920577355,0.042683055534341,0.0517189097713392,0.172365668083205
"nig_cor",379,309,0.126700689269532,0.0250382186588143,0.0978555861664005,0.20458080661664,0.0731476741379912,0.0218229570128785,0.0423581236105741,0.279593224086499
"nig_cor",380,381,0.124805054765906,0.0220765189380451,0.0898308005826681,0.157883892981589,0.0576723160492525,0.0168739414873499,0.0366193989167363,0.263578856018212
"nig_cor",381,355,0.112864734281754,0.0176777278460041,0.071266069407682,0.0275165945741077,0.0475642884982571,0.0115384160607143,0.0240708748454901,0.143151411834386
"nig_cor",382,377,0.117256931861342,0.0199336359528353,0.0726716622829467,0.0531481024517126,0.0588238391354277,0.0160602503757873,0.0319593427491427,0.177634071274907
"nig_cor",383,356,0.129352027080074,0.0286047402649686,0.0977159530952775,0.18469391059956,0.0638043265383686,0.0196377014907035,0.0343872815932191,0.183556672953488
"nig_cor",384,276,0.114712554919761,0.025771184647526,0.0840690894543903,0.147652982447856,0.05259663080453,0.0148274490816977,0.0364535786898997,0.335979816603776
"nig_cor",386,233,0.0510471741535211,0.00500143884278297,0.0373580983261989,-0.307566715668902,0.022883075641149,0.00339980415972105,0.014416062671468,0.187064501715667
"nig_cor",79,495,0.279004381097027,0.135043594078265,0.202259872511217,0.541250710084462,0.122891728007595,0.0835439682297995,0.0679770995180692,0.163027755317691
"nig_cor",80,509,0.216371029124039,0.0817686012312488,0.153371289375881,0.412946638695841,0.115710864208325,0.068366188802407,0.0684555182401692,0.197446711257541
"nig_cor",87,101,0.121880555282874,0.0229984359284533,0.0895047741816924,0.145664330166446,0.0655315784829946,0.0173165320376837,0.0379795297684351,0.249001863333457
"nig_indep",109,643,0.354354518814268,0.171401047535479,0.24443129486211,0.646371472531716,0.175015056101035,0.130192848205612,0.0966938912314552,0.219062166635867
"nig_indep",155,118,0.56506165384174,0.555085389728053,0.578359578174583,1.68064975403894,0.050576700508843,0.0519981942567271,0.0304487237546144,0.0974850969312017
"nig_indep",175,141,0.819069529602609,1.2597109189616,0.555245407018912,1.04734946214157,0.480132620896471,1.31329929299528,0.396315581007022,0.368237711717409
"nig_indep",18,976,0.133064059632569,0.028934904567382,0.0896397541405506,0.141743984740862,0.0758019302794034,0.0230248738390284,0.0425822995603871,0.217566981586511
"nig_indep",214,100,0.106789208832157,0.0175390307973759,0.0801008250461304,0.130427105924579,0.0251694681860219,0.00567897913693949,0.00941195962698195,0.0367136289784902
"nig_indep",283,151,0.121070890428729,0.0239973441476516,0.0886393544074026,0.148015398855357,0.0261189301505718,0.00656872969899054,0.0118286869926605,0.0501805061797718
"nig_indep",326,596,0.210240208848428,0.0633969592755395,0.131197477953499,0.347240789208376,0.0876662100858171,0.0416411597953089,0.0421227538505411,0.121528614205282
"nig_indep",328,573,0.233732047772758,0.0747885236271943,0.157983417213819,0.424485362684769,0.107985935188455,0.0532357271007854,0.0583778634665121,0.18336549648714
"nig_indep",330,573,0.36260010603523,0.199667317250408,0.251975229566873,0.657086490556064,0.211029190247625,0.172620844872107,0.120368009068957,0.235784544927633
"nig_indep",346,596,0.435607815277401,0.271139232290003,0.313087570274313,0.774982722183878,0.245341434849126,0.236225146326082,0.144772160655486,0.277860317320188
"nig_indep",350,667,0.249588501199583,0.0665163188001673,0.133097374004255,0.339007660994748,0.00116404275791829,0.000587613854035925,0.00188639277658615,0.00615951596756696
"nig_indep",352,387,0.137263646662895,0.0287730406165558,0.0941252435170804,0.164782066910934,0.0721763175295936,0.0238963217467194,0.0429982482511344,0.213526190597389
"nig_indep",354,499,0.116360304915461,0.0206602816065723,0.108668782615329,0.323251921629769,0.0456097083952386,0.0134030978548782,0.0265752763932727,0.210025089762297
"nig_indep",357,500,0.233699839069076,0.0736072650371579,0.225159466101073,1.07919218011249,0.0391066009791598,0.0185119505729341,0.0225944906529324,0.15603762608755
"nig_indep",358,464,0.234349433022755,0.0765536588027861,0.135855767924891,0.360198286895737,0.116671792126812,0.0531770113752818,0.0608223258935475,0.172071225911669
"nig_indep",365,446,0.351332886244679,0.180429366393371,0.224261736084684,0.598474094152054,0.187096907945918,0.146841719386726,0.103304203385727,0.20138578680763
"nig_indep",366,472,0.244783503588951,0.0876530903746551,0.17041662979534,0.460277699038107,0.121323895442845,0.0693029169249031,0.0702972980489115,0.216966853401012
"nig_indep",368,422,0.169430582401956,0.0423565289474516,0.120236795311144,0.284101761047908,0.0926857575783727,0.0339508623966745,0.0500874508260736,0.21709708656026
"nig_indep",369,412,0.204399567275528,0.0557576842460023,0.119970576788318,0.301339914588193,0.0788361669155062,0.0352938837600468,0.04705196479306,0.151253441356435
"nig_indep",373,293,0.112759016188669,0.0267130514341992,0.0785766879923363,0.0538963592972767,0.0380074917825775,0.0108484943449073,0.0235938487442784,0.143518216511757
"nig_indep",374,491,0.0931653304237123,0.0169845347291385,0.0718623589124837,0.0335789354714509,0.0450078358336075,0.0109631781183255,0.0249443355899799,0.168235915432639
"nig_indep",375,394,0.106391462956635,0.0180935937550941,0.0769026286766992,0.0662920085386892,0.0631672858585886,0.015927727216293,0.0388509810316955,0.287136596094131
"nig_indep",376,421,0.133599298019837,0.025195983896671,0.0901642630400716,0.1434271005913,0.0667740571625541,0.0203838107307346,0.0381257209244852,0.209242349610837
"nig_indep",378,434,0.20411359381956,0.0555119548216767,0.123967730271274,0.30697817594726,0.106056529531491,0.0426489292339146,0.0526350321259999,0.182308580556732
"nig_indep",379,309,0.124771275201547,0.0244366213896779,0.0965039381382559,0.190989917459672,0.0731250396985179,0.0216205896894909,0.0420459427899189,0.271724319255396
"nig_indep",380,381,0.124123403106721,0.0218465760904705,0.0893696324731183,0.151233006441098,0.0579873505409446,0.0168513812550258,0.0368757426497124,0.259522758916835
"nig_indep",381,355,0.113132994340778,0.0176856211976959,0.0716337636873639,0.0303589059742052,0.0473747516948005,0.0115336141381363,0.0241141476649719,0.143156076519045
"nig_indep",382,377,0.115896132351607,0.019385090350796,0.0711828067678406,0.0417163977647963,0.057896312474195,0.0156414918134684,0.0312396572067274,0.1759825144383
"nig_indep",383,356,0.124242658792486,0.0264390649336912,0.0946738273173118,0.167076700936098,0.0637220403297334,0.0189511965296339,0.0346101525623716,0.195169645738572
"nig_indep",384,276,0.111674731502593,0.0239952186045572,0.0824180623885925,0.13441359094883,0.0521812713840083,0.0144629339030935,0.0355620121324231,0.323736282554434
"nig_indep",79,495,0.271292994704986,0.128359326628532,0.199761065787445,0.539812745208764,0.119672884111083,0.0795386865734335,0.0607011094468655,0.129747824196037
"nig_indep",80,509,0.234639355465889,0.0937470866222021,0.165572693007684,0.458206531465618,0.114965896771823,0.0695752182490475,0.0618156197884621,0.148346591156311
"nig_indep",87,101,0.122642863755702,0.0235738618059312,0.0895502303256769,0.139043984516462,0.0646194497765439,0.0173575540457754,0.0347945607016252,0.203529367710365
"gauss_cor",100,428,0.302730655761769,0.158539074394033,0.203179429580432,0.555378407946154,0.180897576738281,0.147165125042156,0.1130189860211,0.253969687694026
"gauss_cor",101,423,0.303583981869134,0.134427406691945,0.214646345188607,0.575581811703852,0.167346087658366,0.115955553576836,0.0939589065660438,0.221659325748114
"gauss_cor",102,457,0.196717895200169,0.060987329710411,0.136178596057457,0.350572486532558,0.111162597690902,0.0545167269074173,0.0683043351097414,0.241359542729612
"gauss_cor",103,426,0.129833587938703,0.0239673718815241,0.0881818843764464,0.136888928747586,0.0597393760755677,0.0173095004152225,0.0326501938144503,0.164211160587498
"gauss_cor",104,565,0.103106955902919,0.01698368872796,0.068343478109246,0.0144320931399619,0.0543636975888466,0.0132561154601886,0.0312996350652958,0.192904891828631
"gauss_cor",105,239,0.0965857898574022,0.0143485170997399,0.0574992324937392,-0.0459034642207767,0.0437860857625859,0.00973205052438562,0.025380180273138,0.147694171713003
"gauss_cor",107,367,0.223727446130385,0.0873602859635294,0.158258741064838,0.41859848232335,0.105866591746191,0.0561777311697637,0.0623245113566828,0.208330841100503
"gauss_cor",108,404,0.303969293577027,0.141614566987996,0.1964388966992,0.53696030393258,0.154517080864225,0.102188577150935,0.0829136694440232,0.178553611605942
"gauss_cor",109,643,0.355281003829756,0.17082458702786,0.259303073231275,0.686584515835655,0.155472218665681,0.116586580799606,0.0885300217994155,0.213657325692434
"gauss_cor",110,555,0.24185635282557,0.0913874758655468,0.186091098533563,0.513601367686901,0.132090878009394,0.0794112696004304,0.0801695061457605,0.253625248213465
"gauss_cor",111,342,0.143668950413004,0.030230422996773,0.0905673767308054,0.163592369730347,0.0762163575962428,0.0241238778855838,0.0408866731245235,0.17245292404762
"gauss_cor",112,358,0.107275320632189,0.0170588223034498,0.0741363604242891,0.0505289455075103,0.0497821130278458,0.0118851880130249,0.0259429457293461,0.15472961231365
"gauss_cor",113,523,0.100230905178793,0.0158353850427995,0.068375758594487,0.0119550911716205,0.0608339846150006,0.0144670464935347,0.034070235223584,0.212385453006481
"gauss_cor",114,163,0.0790239464979891,0.00935799980664581,0.0593265215401574,-0.0343596788994768,0.0367366448422484,0.00658570722677182,0.0159152478307057,0.092420301164609
"gauss_cor",120,878,0.203021031395177,0.0635846034905672,0.141125377466349,0.36682929766509,0.0979627361120606,0.049726034678448,0.0628812636835949,0.226973164864807
"gauss_cor",121,772,0.214598736964671,0.0761650053083833,0.158080597507423,0.423778396174752,0.11758055612562,0.064050646045685,0.0739954221996928,0.229970554387224
"gauss_cor",123,360,0.502065828912954,0.39269277684411,0.349023933092543,0.824245729052213,0.219627388274512,0.247825751843807,0.138179987053356,0.234280015525095
"gauss_cor",125,442,0.28608788017367,0.122377180066838,0.189283414102784,0.518336309115784,0.158622106881425,0.0993141690255746,0.0845728418258421,0.194782388943884
"gauss_cor",126,898,0.423965769976458,0.268494386484879,0.281858025337524,0.718309042720782,0.255480062205161,0.240082085675517,0.147165175777495,0.235943832328752
"gauss_cor",127,971,0.535253907730382,0.367602208325245,0.329537702087431,0.795464043443682,0.280626295852112,0.309978246012385,0.157885865111033,0.220851507012726
"gauss_cor",128,478,0.420403582773656,0.251040007482965,0.285135244061587,0.720223707127096,0.176277222753292,0.159154651386651,0.0949014181793356,0.163785737755984
"gauss_cor",129,321,0.355301033808919,0.180557639055994,0.238287601091763,0.630002075160994,0.169220353629036,0.126959930735545,0.0864471445613118,0.163748960921243
"gauss_cor",130,331,0.342851611005282,0.163573413865858,0.203619377943588,0.564641410241301,0.156247076258041,0.112984298660835,0.0885939274772532,0.170699260305287
"gauss_cor",131,294,0.318102784140177,0.154272676954403,0.246627931650112,0.660242646253076,0.165422797699512,0.117822204367301,0.0947563801924631,0.239038488084388
"gauss_cor",132,374,0.349626401418262,0.186969440435725,0.252063565134461,0.663558777595397,0.314217518149907,0.229834498097019,0.173228413065057,0.375624476373948
"gauss_cor",133,715,0.252792143037846,0.100489294110342,0.186919514849188,0.513155910001534,0.159236824956486,0.096670164897791,0.0945486353085091,0.279780372596414
"gauss_cor",134,382,0.327602714653299,0.152836057200648,0.191303523516322,0.537533545730952,0.146308328191011,0.101447438304422,0.0817217000964069,0.162387661941441
"gauss_cor",135,329,0.395709697711138,0.22944264761236,0.280344715580723,0.712167683590979,0.252867225063327,0.219780911035516,0.145063223408266,0.273178376846264
"gauss_cor",136,301,0.475965642462732,0.312283659855736,0.287087656818736,0.737910677218646,0.210280426616646,0.21850811562634,0.11303051108287,0.152524629965055
"gauss_cor",137,295,0.464792979823872,0.303220612592462,0.305150231989645,0.756038579826641,0.224818957531834,0.248622676085417,0.153579356419566,0.24672392024405
"gauss_cor",138,168,0.521102204803165,0.371360476794595,0.353999457079944,0.82442872890198,0.241265296826626,0.261549197899498,0.12385729390366,0.172540735437879
"gauss_cor",139,235,0.258753981432897,0.250411689248302,0.187597258518337,0.516941858833952,0.161952958283641,0.297786762258999,0.112423501617643,0.258170921165539
"gauss_cor",140,182,0.378521765801653,0.196771121597213,0.287695700236682,0.750053556094184,0.187411919142283,0.15957521654452,0.115988504942602,0.27142320255266
"gauss_cor",141,264,0.476332539736697,0.324574000583989,0.312776111088013,0.766586164149286,0.289440581998342,0.308181498384493,0.172706535262637,0.265629689405667
"gauss_cor",142,343,0.446658402404626,0.293813054184442,0.326014045123574,0.788995405127403,0.113966503431947,0.12009152761382,0.0659311683386448,0.11201476378515
"gauss_cor",143,415,0.476150608902007,0.323642994278634,0.320368696350671,0.777697250111855,0.218552090071523,0.236120023872301,0.120305644905341,0.181940813695255
"gauss_cor",144,473,0.354560324372855,0.186173189234673,0.277245963807081,0.728722165684122,0.200747950061972,0.154804002609843,0.117518913023707,0.283089614987013
"gauss_cor",145,449,0.427263628417131,0.244854526560876,0.301300184043105,0.74944208559806,0.213288188966581,0.182689636339149,0.110809197922601,0.201197281160195
"gauss_cor",146,303,0.468526680486577,0.292295339934548,0.269747113860376,0.705024500590031,0.184009514231092,0.177217034056512,0.0971699077427913,0.141439102176345
"gauss_cor",152,171,0.117254004358965,0.0243771246023554,0.0856962880131798,0.1171866227005,0.0556261501882767,0.0162555519103968,0.0304159635233166,0.153237940458278
"gauss_cor",153,412,0.233022826607296,0.0837776760089219,0.163198740949242,0.439009232081581,0.136124664527325,0.0777181983387495,0.0820505143080309,0.246912800033875
"gauss_cor",154,595,0.49799329120169,0.346491503291479,0.369965316462943,0.865000597879324,0.261835586520235,0.283270464918155,0.159258323577524,0.273192927184262
"gauss_cor",155,118,0.546404519233606,0.477993821473643,0.398860744808918,0.89157758826286,0.279885594310506,0.378890747791121,0.191079411605404,0.287944969966146
"gauss_cor",156,863,0.322307091042257,0.174923265199219,0.233163078271158,0.619412372019855,0.166540367275523,0.125776336898823,0.0938602685359247,0.187400315154701
"gauss_cor",159,199,0.247074065085613,0.0945032768538396,0.16732115624459,0.458787936164308,0.115547625070342,0.063950358260802,0.0633042523390649,0.162658625670004
"gauss_cor",160,555,0.183450664152322,0.0522220063718146,0.12839049632677,0.329956306074648,0.0805849116119419,0.0356760094823041,0.0424248235688562,0.132609832221183
"gauss_cor",161,436,0.214517658645398,0.062445044858228,0.144925917941814,0.383427104158178,0.117558198008783,0.0537700502356371,0.0614530956951778,0.195488520640106
"gauss_cor",162,314,0.210435128217985,0.0645710865582498,0.148854709849172,0.394879575123845,0.125544419305574,0.0604061989252613,0.0741658854218111,0.259511582776024
"gauss_cor",163,295,0.253157145048296,0.0910583171835878,0.189698363438164,0.521626757947839,0.124022919445619,0.0677263686584892,0.0665881718037805,0.202897263283901
"gauss_cor",164,315,0.312310009859685,0.132876786278619,0.18168096714518,0.513698046813031,0.139713930948459,0.0893497610484264,0.0715730685862708,0.1465792466354
"gauss_cor",165,437,0.230665661924643,0.0799779423916644,0.146698471935946,0.393663044942057,0.11903252935826,0.0605290927551308,0.0662068737166476,0.190336241516174
"gauss_cor",166,391,0.211555846110619,0.0677865128422821,0.149897627367684,0.397589220560607,0.110226735402671,0.0536942733923751,0.0626562065413369,0.212186233527149
"gauss_cor",167,331,0.20139529197377,0.0608271558877006,0.135539010715028,0.351671474780309,0.103235717474614,0.0479319557879315,0.0586213173647419,0.185013148369805
"gauss_cor",168,370,0.169660123207687,0.0455056369757019,0.120267049009253,0.288941322727231,0.0705385138051229,0.0284800550642036,0.0401144396548115,0.157138930110533
"gauss_cor",169,262,0.159127374413986,0.0407999523964061,0.11347176187332,0.271211645006943,0.0821598280268277,0.029702073879768,0.0405480021117225,0.140344750299058
"gauss_cor",17,191,0.220785881835345,0.0877371647241653,0.150724574756351,0.406989138184286,0.124050600929059,0.0764360136372304,0.0922340565652868,0.35455239084708
"gauss_cor",170,287,0.196392398769806,0.060642572223211,0.144478424726917,0.381004021936829,0.0775195614139705,0.0345092363573894,0.0407408831246852,0.125231228554072
"gauss_cor",171,423,0.192005966334941,0.0616873592482501,0.140713209792074,0.376186616762992,0.0893200053254837,0.0430674958700622,0.0452532683840623,0.128116598299064
"gauss_cor",172,414,0.203906998484422,0.0649131001983907,0.145162094398332,0.399563617251839,0.0932945708140398,0.043906388852618,0.0449208241207866,0.115991068317506
"gauss_cor",173,391,0.240445759263255,0.0937885512321067,0.180054130697009,0.509206387474474,0.0825501100536431,0.0469780872191724,0.03893706224203,0.0804472485017952
"gauss_cor",174,154,0.750702972737514,0.926815797481201,0.527414470776591,1.02856839198017,0.413834775540046,0.719340966953265,0.233739743036819,0.215586849886434
"gauss_cor",175,141,0.512493200769917,0.387784835279445,0.363357634986171,0.883231793694618,0.213083077731167,0.214019993725453,0.0830687933632315,0.0708935645665674
"gauss_cor",177,202,0.277094752064451,0.134823149678093,0.198318524466418,0.535808484472339,0.0905867280730215,0.0610024457243362,0.0543990897875929,0.148656482763689
"gauss_cor",178,278,0.297919854258522,0.135939703497352,0.216376917172094,0.585009311293556,0.157190315749966,0.107029248218191,0.0932242607805065,0.242117817128965
"gauss_cor",179,284,0.361476531785022,0.1858976525717,0.236654813745787,0.628800071449829,0.171601204239103,0.131706762605715,0.090829870337831,0.1751254987467
"gauss_cor",18,976,0.131315098401542,0.0256961097258778,0.0953142993212434,0.171122523478837,0.0744628345813231,0.021841941856398,0.042427584260328,0.242819874847386
"gauss_cor",180,627,0.474522791030081,0.316215996748178,0.32697530618151,0.788735710099934,0.259577215372251,0.264862347076646,0.143258600916612,0.225523027612791
"gauss_cor",181,204,0.824476225727393,0.935653396074039,0.558932415079578,1.05581963429078,0.25982813864941,0.38440265389741,0.117447731444077,0.11024567003823
"gauss_cor",187,128,0.29194606865195,0.127067142333365,0.192179787733912,0.523036241803465,0.127415178731046,0.0759670063892483,0.0679969483564553,0.168000257640979
"gauss_cor",188,260,0.258860393436729,0.0964752236825265,0.252131516126167,0.902432756444216,0.0516252063766864,0.0288353730836022,0.0285228727650367,0.135640079283862
"gauss_cor",189,346,0.196863436319867,0.0624289428726504,0.142897358873669,0.376893245958553,0.0946127101062135,0.0437050971909994,0.0506460008953756,0.15927500254843
"gauss_cor",190,452,0.201632906554924,0.0680953339082742,0.142548961782495,0.373497754723694,0.0847430062567809,0.0384333443987584,0.042091515899508,0.131650899672306
"gauss_cor",191,616,0.203163827691144,0.0677711614127733,0.147296063078534,0.39049555593375,0.0680683873150921,0.03196650024289,0.0376616738993043,0.127406304286603
"gauss_cor",192,351,0.270078271612044,0.114517608750225,0.190745069267442,0.521819830704494,0.113656251050382,0.0702432219547307,0.0681366962510842,0.194998126537818
"gauss_cor",196,182,0.133136377162269,0.0313391067808469,0.0968192643197236,0.18213247735946,0.025074695940638,0.00707789317800026,0.0153688714380585,0.0991303866451455
"gauss_cor",197,273,0.135208664028667,0.0354849794208461,0.101237836010321,0.200339404888281,0.0460894357925118,0.0143471302162173,0.0246013559910585,0.127578510632262
"gauss_cor",198,400,0.130784322998007,0.0285080031788666,0.0951424177522953,0.166706191172496,0.0303460594684374,0.00898949286329123,0.0163622867623439,0.0839348393134476
"gauss_cor",199,434,0.198499211916929,0.0614836755624751,0.140309003483843,0.365068311040567,0.096160195441223,0.0438065627677046,0.0569160977070468,0.21686004820393
"gauss_cor",200,474,0.170453387160703,0.0480752113753222,0.122625298928772,0.29536197956025,0.090984494542307,0.0363380050400957,0.0506191905803767,0.200039299568339
"gauss_cor",201,442,0.183066242288882,0.0520913901640536,0.12691609685764,0.315686953704193,0.0920355322360936,0.0391199570943866,0.052390488704021,0.192608861382212
"gauss_cor",202,407,0.207768476712027,0.0712552617907817,0.153673849464305,0.413107166645438,0.110733784088823,0.058411646322444,0.0667903901468833,0.239589662247577
"gauss_cor",203,459,0.201533328935964,0.0642363768155191,0.145403889333704,0.383170590186458,0.123808011719746,0.0601113518192543,0.075120431402037,0.267435412209992
"gauss_cor",204,422,0.19225802886905,0.0635280241079318,0.1429446069921,0.373386165505921,0.106756503382205,0.0529255893557486,0.0647327889433153,0.22837988587521
"gauss_cor",205,492,0.255957018592078,0.106984196476206,0.167981484226852,0.457159059860945,0.123246707286611,0.0796152224756631,0.0814068165716058,0.227892717796307
"gauss_cor",206,415,0.298369074955035,0.147825611107287,0.229340979502592,0.627216355445644,0.167138309701656,0.128069049171848,0.110508245198239,0.308255518382043
"gauss_cor",207,482,0.341165902357228,0.202580348987722,0.235682317353046,0.625409608671529,0.173409431203859,0.165224678341754,0.116872800812277,0.251076905962015
"gauss_cor",208,551,0.498514521296807,0.392612739818043,0.341870764591762,0.811730969309437,0.228053045711698,0.273118689675901,0.13890912883167,0.199013983586403
"gauss_cor",209,462,0.667244725368569,0.689606740846501,0.512024018654354,1.01825826019223,0.265506418265903,0.410872478174205,0.147226550235074,0.168674710807392
"gauss_cor",210,259,1.24315003485742,2.24086330881797,1.17079022982397,1.69365202143227,0.362849234849517,0.972224974838899,0.205299305710226,0.211833095181881
"gauss_cor",214,100,0.14449019254307,0.0337141665053304,0.102980743285983,0.224140866526314,0.061693795642923,0.023495291541548,0.036767619906699,0.143199483294957
"gauss_cor",215,254,0.167988121133949,0.0450518579793971,0.116362220784022,0.27401155298358,0.0701232462415437,0.0278009279627627,0.0391326360650547,0.149578948400803
"gauss_cor",216,431,0.348118113258474,0.16990374019444,0.229430331326547,0.611504930484725,0.182855645190262,0.141848224909706,0.106886750510325,0.230330907967788
"gauss_cor",217,400,0.552975116058164,0.387565393817489,0.354326367948987,0.830184630507485,0.235792854839372,0.277446931571569,0.136993608939656,0.184007614695532
"gauss_cor",218,312,0.533195058667208,0.416905413179607,0.377484929682971,0.860484837596744,0.295205250604096,0.335901530536426,0.152808517090801,0.201888103178953
"gauss_cor",219,226,0.733313869249264,0.897861068627977,0.521801653165243,1.02220669254682,0.440482750840268,0.812316523817784,0.272182826651934,0.27557124105523
"gauss_cor",223,173,0.164509781145586,0.0419596686586275,0.112793204259948,0.260754372457791,0.0930755227809281,0.0331364257881653,0.0484660608676822,0.186302746821369
"gauss_cor",224,276,0.182206032951489,0.0546097766960917,0.13055501672072,0.337588052471236,0.0638117008065216,0.0252013259646429,0.037397293891724,0.164767621310148
"gauss_cor",225,373,0.185457712120137,0.0538788916237864,0.128545036422846,0.320024387858102,0.0795743240747457,0.0343246046728558,0.046359972496841,0.172966230747456
"gauss_cor",226,385,0.16693037359007,0.0439126529383,0.11318051917524,0.26129551157733,0.081172288393735,0.0317632788857894,0.0426465187672855,0.153070043937564
"gauss_cor",227,409,0.182126449273757,0.0552231121718912,0.130172047772889,0.326162487151443,0.0691434482222542,0.028910684243664,0.0391355510477912,0.155185425710568
"gauss_cor",228,339,0.251297269845761,0.100514148645805,0.182346327829798,0.4951999662803,0.139190669535428,0.0811097921713078,0.0826836004036356,0.244056447456228
"gauss_cor",229,293,0.269457099455701,0.108851060719314,0.189065063743527,0.513897596794045,0.123810417031224,0.0749560098235644,0.0754400431570429,0.206883189019437
"gauss_cor",230,120,0.189783701176912,0.0608665646947953,0.137976915016827,0.357415017139308,0.0880615778430717,0.0398230142639489,0.0491529718457657,0.162704205377714
"gauss_cor",233,223,0.322015801848455,0.161291814109438,0.242034372905617,0.65192464979742,0.223667047354783,0.158500173171321,0.134196171154927,0.349419807272882
"gauss_cor",234,491,0.186697083469137,0.0545630544294461,0.124829891933451,0.316129891728603,0.100030597949195,0.042867558863257,0.054110938207715,0.176443133057646
"gauss_cor",235,475,0.138129528934575,0.0314000359602611,0.101718431690786,0.210438918032975,0.0608603111861126,0.0187295637014772,0.0290848617087392,0.119647133783813
"gauss_cor",236,315,0.190791986423465,0.0600132486931627,0.138198956825213,0.35727210055938,0.0819577937954913,0.0384140618719858,0.0495140255359271,0.184011558027838
"gauss_cor",237,413,0.216719807453048,0.0671876983986976,0.144638953803045,0.383102687734617,0.112300645422706,0.0528197740147409,0.0592257233328754,0.182001242776338
"gauss_cor",238,436,0.115562687618765,0.0224213181283684,0.083817271962046,0.110258849029477,0.0683475605376654,0.0191731982485245,0.037306058028381,0.198904337129097
"gauss_cor",239,320,0.0985346201443355,0.0162882869347688,0.0696830461803117,0.0231342263598136,0.0510580549455831,0.0120112218181132,0.0270829172777572,0.161017213124898
"gauss_cor",240,434,0.100880695157565,0.0159949369430815,0.0716124303861867,0.0337992465276515,0.055969069285153,0.0131681172018345,0.0301159466294809,0.18038914608436
"gauss_cor",241,437,0.128861372418283,0.0268833882652995,0.0860574372033936,0.129753100557825,0.0697945673384913,0.0232256479086858,0.0414580338219233,0.199189690537232
"gauss_cor",242,298,0.201065309452482,0.0591492940372601,0.136469050501863,0.353513084433415,0.116932084299189,0.0549703381012795,0.0703536244067328,0.239653012515695
"gauss_cor",243,322,0.285467884742319,0.122731744825563,0.191039306913635,0.521100622623474,0.151956944080087,0.107535180794775,0.0999075373590708,0.239282814580229
"gauss_cor",244,394,0.408084521924082,0.222536241164296,0.292206931471097,0.734105060744042,0.173460961552935,0.14519446843644,0.0899447412526087,0.168502830084404
"gauss_cor",245,395,0.370451227481734,0.18807071224794,0.258741402837278,0.673033600867825,0.122383778195628,0.089049401425209,0.0620832608282598,0.112590070246331
"gauss_cor",246,195,0.291079982684218,0.155165725917846,0.210141218798525,0.565905641708873,0.11306471405876,0.0755868544201972,0.062629168911871,0.14939407377695
"gauss_cor",250,139,0.215802238186789,0.067005589182555,0.121925344091267,0.328997538479378,0.105459819502553,0.0454040990376095,0.0533766960887815,0.149249008184066
"gauss_cor",251,392,0.299481062042315,0.128947939806046,0.222035771870028,0.600207033756941,0.134197840192451,0.085859047307736,0.073991331167733,0.191060964954351
"gauss_cor",252,289,0.421350917411309,0.246620861218057,0.261754509261037,0.683558307715545,0.214444959086986,0.182188988873833,0.106972010114777,0.171740626603031
"gauss_cor",253,331,0.50160118788255,0.324566515844499,0.3615570809225,0.849361575922283,0.189248560209596,0.187378287976611,0.0979972780874588,0.167881478488045
"gauss_cor",254,322,0.575450038758554,0.447325663317986,0.382180786913558,0.868783346043409,0.220386399492573,0.281209275657688,0.121569760765134,0.142129414485534
"gauss_cor",255,104,0.502780574243521,0.414954998439267,0.375654504099643,0.862575962425295,0.259742913343344,0.305771360045228,0.154987656519384,0.234617906013126
"gauss_cor",257,125,0.29213210960848,0.132197796474578,0.196642171621785,0.532285180290437,0.212152525212983,0.138365765418777,0.124649168884295,0.310865114664997
"gauss_cor",258,174,0.217153734351662,0.0738186815606578,0.146874503100321,0.396641295355161,0.120123564139308,0.0625757445368989,0.0666389943529736,0.185206276611326
"gauss_cor",259,317,0.265847871803145,0.103822736486765,0.198495747285315,0.545337559666786,0.153624452034368,0.0920782293004478,0.0879225644679497,0.255083010744197
"gauss_cor",26,263,0.0843833535706265,0.0109675835190548,0.0639609666604226,-0.0231267204380188,0.0460303927856444,0.00906078654560644,0.0276588635025413,0.244845884165292
"gauss_cor",260,320,0.349693455679899,0.181946337853219,0.244241773842682,0.642592486761705,0.217061331472384,0.167375086938828,0.122838951203147,0.260262796774017
"gauss_cor",261,327,0.472573336672426,0.315033634043269,0.257716705057546,0.705508156839724,0.214397708422664,0.21865241919019,0.113560866452658,0.146998083610314
"gauss_cor",262,319,0.56132910624286,0.41530133618986,0.366601697066353,0.844968887441047,0.258376154197436,0.297366815379018,0.141193606153487,0.18709259807861
"gauss_cor",263,393,0.529283787178263,0.40426268512612,0.398987122805779,0.89605244768854,0.238662777387528,0.276505883002663,0.129625788757866,0.193494992117177
"gauss_cor",264,339,0.629582936971002,0.539064746157696,0.41669171250844,0.911503095589219,0.337405845936928,0.440014625652741,0.176076088014656,0.20332698321133
"gauss_cor",268,358,0.388454240649434,0.225395322963936,0.273327390410625,0.699666834793973,0.227405597824587,0.201490910280246,0.133640067790003,0.251916504875832
"gauss_cor",269,366,0.473455509794109,0.324836441494656,0.326269607504093,0.786855406229193,0.269542664188355,0.285494324675916,0.150780595068637,0.229403096722425
"gauss_cor",270,422,0.472291107013061,0.325168192398704,0.351056694913792,0.832796556485498,0.236826872857588,0.248247897609868,0.135786038135717,0.233898720996961
"gauss_cor",271,398,0.369708692748919,0.208053166970148,0.233475861080752,0.623687492185447,0.195071901136687,0.165631755023717,0.115991757660185,0.216741546281998
"gauss_cor",272,395,0.247306569789599,0.0979330501550389,0.164643107525066,0.457550456104522,0.127524192400139,0.0748377531624947,0.0651164355862006,0.155016302405974
"gauss_cor",273,301,0.24983697596613,0.0965026726214385,0.170744185474642,0.466904934313774,0.142103241086463,0.0837978708615841,0.0815095601929465,0.218028114693383
"gauss_cor",274,264,0.180947149184426,0.0515419582948978,0.123150522454517,0.301456681111222,0.0897790798463357,0.0390334320248531,0.0535935522621672,0.20050019169811
"gauss_cor",275,230,0.166760139928159,0.0427554342826603,0.110766141617423,0.248677986439754,0.112095510683045,0.0433484152136863,0.0636307485883169,0.253188598827713
"gauss_cor",276,254,0.15022662693128,0.0352244109548908,0.103377244938408,0.214922868052596,0.0805421814331764,0.02871689076901,0.0456337399412157,0.198792986011659
"gauss_cor",277,372,0.118206153301257,0.0225317860130005,0.0858053138565591,0.120146650591793,0.0527270990019418,0.0153843482717238,0.0306285125517611,0.165319421259065
"gauss_cor",278,354,0.121479094892917,0.0235211707140808,0.0859928330857144,0.123950262898581,0.0441617923705137,0.0121911526970405,0.0235453460718024,0.119213076100669
"gauss_cor",279,399,0.162181970651209,0.0417209060785356,0.114437931222424,0.26130669485507,0.0563436925610841,0.0203494020870266,0.0310135803308332,0.131841416119389
"gauss_cor",28,161,0.159232451499743,0.0385426811503184,0.107427057487757,0.228784760468134,0.0974198065284309,0.0346249321738565,0.0571596647444393,0.26865322265378
"gauss_cor",280,153,0.236945662397376,0.0982329773657691,0.172440790637001,0.473823057447692,0.00324126128985452,0.00142951984232793,0.0048517743858427,0.0152953019522185
"gauss_cor",283,151,0.121601922092395,0.0242124089720229,0.0877302170820649,0.138185740970048,0.0349291691155724,0.0101066497431308,0.017448401817667,0.0809434570447509
"gauss_cor",284,411,0.174638004616538,0.0474701974746349,0.12585583196815,0.31108765929178,0.0891814843078093,0.0357959567265681,0.047682887565879,0.182701303119721
"gauss_cor",285,282,0.173559546736905,0.0478359137579799,0.124207126562117,0.30619536051134,0.0903643823199427,0.0372742230484169,0.0495903583587428,0.177746291403992
"gauss_cor",286,302,0.151091688576668,0.0358800698684086,0.110628529847502,0.247939160119343,0.0775800600062907,0.0275726388270289,0.0459747221782609,0.222850258971139
"gauss_cor",287,437,0.140254329744497,0.0315083130295821,0.100945899543617,0.200428504448673,0.0431216114018081,0.0134951765991978,0.0232779343857291,0.110589845145467
"gauss_cor",290,320,0.506810451091956,0.362099291906594,0.393547663331229,0.901862103306605,0.308015509714465,0.333801416633246,0.163295595473847,0.272454902456956
"gauss_cor",291,272,0.65129971730117,0.586794674521398,0.47445964649401,0.987147452605627,0.371608493770698,0.515734537718687,0.214594530440788,0.281289115584757
"gauss_cor",292,309,0.476515862240727,0.335225844332353,0.338399410087112,0.806251749199469,0.26021716572005,0.2825626200563,0.141516141949918,0.207822582274066
"gauss_cor",293,281,0.476965050508871,0.319737913688181,0.316049257309745,0.770167379417059,0.234400771924579,0.234513901909622,0.131282897370825,0.204965239199338
"gauss_cor",294,332,0.404311558753227,0.230144142670815,0.265185060402914,0.684215293580865,0.188838973683708,0.165235247601587,0.106186101783403,0.187212531908863
"gauss_cor",295,380,0.378283417339147,0.201384227474926,0.269210459838679,0.695634014235841,0.210969289929754,0.173192966872928,0.124209886504074,0.25784543812618
"gauss_cor",296,390,0.424063480101498,0.270612394469742,0.280148155384072,0.710844477647106,0.225777847849938,0.223543668442676,0.13429923732249,0.221026038018012
"gauss_cor",300,249,0.363014428484653,0.201720899192366,0.260431284560357,0.677031861550362,0.192240721192453,0.157910874043398,0.114553719396013,0.2443905432707
"gauss_cor",301,296,0.357516368147626,0.196062294911752,0.257516265824027,0.67365711304145,0.287730421895264,0.217156857894615,0.165826924851612,0.363453936698911
"gauss_cor",302,301,0.405996160648556,0.230618750376118,0.277978723192756,0.706935045280301,0.219431158095493,0.186492475451871,0.123208004430824,0.226158605579784
"gauss_cor",303,260,0.461044617031213,0.292367258060524,0.469256685617601,1.62628436684778,0.0975465617635908,0.0947897838263675,0.0564374989866214,0.220302018139993
"gauss_cor",304,329,0.339491743549221,0.172076500642336,0.217316962574068,0.592347572964908,0.109329853024522,0.0798439156368859,0.0635065573565405,0.118948553137872
"gauss_cor",305,174,0.390271846305833,0.208412877918321,0.240805016683059,0.634688691414953,0.145294003577732,0.12711192821055,0.0975494191575934,0.184384354317559
"gauss_cor",306,189,0.283851506195486,0.120581842325437,0.188060763595142,0.513607918397341,0.168657860501046,0.111315210054898,0.102069665860233,0.252203946941295
"gauss_cor",307,240,0.226641767519721,0.0820611430582835,0.160596875754626,0.433791205237952,0.118122803445124,0.0625838693262047,0.0704348379819311,0.225848503253063
"gauss_cor",308,240,0.172298205138713,0.0465004512504152,0.121049143516091,0.288030848126347,0.0743762176186166,0.0306887082246662,0.0437843494932335,0.17286414736406
"gauss_cor",309,253,0.202078604235101,0.0628338834079367,0.142906634345175,0.373751644996363,0.0711640283158251,0.029801097727624,0.0386964864196709,0.14065358080316
"gauss_cor",310,246,0.167294131142498,0.0437206523420221,0.117090312407653,0.273830397528645,0.0855091520325081,0.0319048666843548,0.0463326824050712,0.188798306048378
"gauss_cor",311,282,0.149529916063027,0.0368139700829832,0.107633806774451,0.238769323197182,0.0621592545220829,0.0255014829013357,0.0356184659532496,0.137425819360825
"gauss_cor",314,376,0.282065080023514,0.12645919299725,0.196689616102391,0.534555158488396,0.161567581684842,0.105907297535378,0.0872354430879809,0.195953262380496
"gauss_cor",315,378,0.317531360922251,0.153168287736631,0.215622599506175,0.580551478646962,0.178289363718446,0.130086402484452,0.105556335873779,0.241460590479377
"gauss_cor",316,391,0.271158968610001,0.114650695599935,0.18751384766242,0.509131069913161,0.117894363660352,0.0726412633628832,0.0690142021977226,0.187372499624712
"gauss_cor",317,456,0.200112838024141,0.0603408962532711,0.135085397296576,0.347557078869862,0.0928751957961833,0.0410188868010459,0.0525926499865396,0.183902398722394
"gauss_cor",318,416,0.165009880455162,0.0419900082433416,0.114039332137921,0.26121593964265,0.0767974766513807,0.0294358552412216,0.0432086674289866,0.177941115471694
"gauss_cor",319,321,0.148040564199953,0.0393864314566323,0.106593952914318,0.227119848981646,0.0473125503836331,0.0154933939111145,0.0239665998473441,0.0998465483211641
"gauss_cor",32,761,0.17640188954017,0.0534728633469591,0.117907782761348,0.276137452043374,0.0826399086589478,0.0393960768248531,0.0617984220347951,0.24189449126805
"gauss_cor",320,498,0.640690706148815,0.551910013472931,0.450009624485855,0.953597075089321,0.28421609413903,0.362821847600343,0.136444514924636,0.174316605175228
"gauss_cor",321,416,0.422663165969719,0.255996731110967,0.280201958773732,0.709315405987788,0.23215744157086,0.216942318731338,0.129371500948835,0.218393889510343
"gauss_cor",322,379,0.305774896322415,0.138093769971384,0.21352688477861,0.57104696223122,0.155789423441778,0.104519672487045,0.0877215774611376,0.211525551770478
"gauss_cor",323,292,0.289315422655424,0.122041730514269,0.190835674374258,0.521800190067115,0.172129904886361,0.113019204812896,0.0949052402879274,0.224829931380514
"gauss_cor",324,375,0.291117853573903,0.128407989523068,0.197778708345705,0.535438957217911,0.142682312914027,0.0933980663340741,0.0871287891735753,0.224958648702734
"gauss_cor",325,469,0.238422029807022,0.0876070785500213,0.164792820806,0.443059147589034,0.132302910682526,0.0711995962273031,0.0766732041142789,0.233084258361392
"gauss_cor",326,596,0.238600506905401,0.0765355132770502,0.152554301380917,0.407132425891912,0.110849896074804,0.0539937735469824,0.0597092655075944,0.180049521804192
"gauss_cor",327,502,0.270557655422278,0.103051482098629,0.193356602868673,0.530726845542923,0.177916279966527,0.102385732104336,0.102332606934986,0.310260324746026
"gauss_cor",328,573,0.213499747573201,0.0672538625128042,0.154366573388953,0.414414861859799,0.132914862237251,0.0619299407110325,0.0696720717601834,0.233721886481153
"gauss_cor",329,362,0.434965402875296,0.288885877952465,0.307363110021982,0.756673830960417,0.238577567834912,0.260266977252498,0.16231924979774,0.276237926423965
"gauss_cor",33,969,0.101515638121322,0.0156962575173727,0.0699066774915913,0.0174911449980208,0.0556361766484274,0.0132489833063319,0.0310458096280675,0.20006492559451
"gauss_cor",330,573,0.34494529898143,0.174031696726634,0.252925515871461,0.664540182366757,0.159769881144723,0.125222571204616,0.0926422742399762,0.20325894143276
"gauss_cor",331,144,0.246249607956257,0.0933955844615894,0.173125241743844,0.468284374039056,0.12017562270011,0.0690442967047392,0.0726165360886658,0.223193886708626
"gauss_cor",332,375,0.243434182634158,0.0865293299318253,0.167946060866304,0.456511351233205,0.111071849098161,0.0614852214304169,0.0647794732520268,0.193553014332707
"gauss_cor",333,431,0.264020361164962,0.102153321136769,0.17960715621057,0.486590592319407,0.12340107957202,0.0733131384314803,0.0704911384106307,0.194216137169207
"gauss_cor",334,392,0.275504434060433,0.109972430002558,0.177965737324505,0.486234668528256,0.148943386011259,0.090850689804194,0.0834780063098922,0.212448736951278
"gauss_cor",335,308,0.28835284755429,0.12247449713045,0.198660831425549,0.538956546050143,0.135816577326815,0.0837851196841329,0.075695851546468,0.189566440274927
"gauss_cor",336,181,0.381723319097443,0.203330054435238,0.267538318163543,0.690027013674923,0.199403310525169,0.165639763828987,0.116284296148534,0.242225583692376
"gauss_cor",337,289,0.442651204889181,0.261097426974158,0.262647030625366,0.687890684346846,0.171519096104753,0.163818798631057,0.0975617129694945,0.149921833341692
"gauss_cor",338,346,0.37303209741904,0.205618905707498,0.24364222397881,0.644791618613592,0.170592150185777,0.138716438033608,0.0929908433850502,0.168587518043107
"gauss_cor",339,302,0.277167117722169,0.118133546926039,0.187684196122321,0.512484823186319,0.129221501366366,0.0832219262443337,0.0784911257894869,0.189799871818169
"gauss_cor",34,492,0.109289978119891,0.022070965898472,0.0755302070703922,0.0503527547683643,0.0812879355878171,0.0237961526055795,0.0532507436085507,0.32650676179589
"gauss_cor",341,332,0.475401547785737,0.393683679031513,0.352147646370712,0.836994719880876,0.202134885519682,0.223859517842446,0.125193868084263,0.228030778959242
"gauss_cor",342,416,0.314525150727775,0.149380099038164,0.226734095126136,0.604606778405126,0.203867555720622,0.142326318181105,0.116543579638545,0.269709457281677
"gauss_cor",343,474,0.353812427837156,0.172375407888259,0.203846567450236,0.568145106099497,0.132897730460359,0.103989812087935,0.0766351098009037,0.14469300657895
"gauss_cor",344,246,0.418979168261139,0.229701657559945,0.272309126809781,0.69735304767185,0.202052964168644,0.172117420806877,0.107419712068211,0.194643150160935
"gauss_cor",345,420,0.342146556610892,0.161425266817777,0.235680349639237,0.626423997842809,0.169825793545188,0.124771544388125,0.092486831355596,0.206320148479602
"gauss_cor",346,596,0.447708777448613,0.302285004771271,0.291759465914243,0.726126982402552,0.233861621979719,0.240791623615006,0.13979458202793,0.236277460364266
"gauss_cor",347,361,0.233588922998165,0.0746203999582545,0.163933080813678,0.442181953873043,0.12107304146206,0.0603649068167109,0.0652403897070471,0.206784245410443
"gauss_cor",348,350,0.205498494768606,0.0582420766571102,0.138128148988383,0.358228960500326,0.109199809684409,0.0459333097390279,0.0592813710696034,0.210057319307674
"gauss_cor",349,343,0.196372891322202,0.0578424880906185,0.14486459051797,0.382070123312723,0.0758933859092698,0.0357096408910792,0.0440142211878153,0.161513442412396
"gauss_cor",350,667,0.195501947021988,0.0568107744999341,0.131323573358602,0.333114707216901,0.105464569905735,0.0460852790158183,0.0617679566858293,0.224635011679144
"gauss_cor",351,345,0.172514317895885,0.0447978908088268,0.11672414233125,0.273681338079063,0.0716898115943754,0.0269472071262361,0.0390708550557536,0.157813878764438
"gauss_cor",352,387,0.125151741501932,0.0247387414334328,0.0803134548475003,0.0971518874459807,0.0853372771745281,0.0255370454652547,0.0496635492641797,0.240709112255372
"gauss_cor",353,371,0.130837846733522,0.0257602741478866,0.0896719497727094,0.141463485779688,0.0873792145226182,0.024649336844445,0.0479143141009775,0.248818905097745
"gauss_cor",354,499,0.12132698246562,0.0225074931300382,0.0813379454933949,0.0933031580792115,0.0708931414527633,0.0190835665693916,0.0389695091011447,0.215368480542911
"gauss_cor",355,717,0.137039899130181,0.0288269791863622,0.0896260727792281,0.140299057651405,0.0675329659874184,0.0210836591553347,0.0377914010991206,0.182511395139748
"gauss_cor",356,346,0.230056227124163,0.0767276842187138,0.151087844749467,0.40144044573058,0.101923815172169,0.05521646258602,0.0647209360888949,0.208649119250974
"gauss_cor",357,500,0.208612201252311,0.0637042315607322,0.14587178751065,0.382207585292482,0.124929084305579,0.0582513974012689,0.0699819558881498,0.249512827800318
"gauss_cor",358,464,0.212030039509107,0.0693664502976174,0.162336820492764,0.442299925479318,0.115705352673766,0.0561157038465972,0.0646236962861119,0.22852887518655
"gauss_cor",359,349,0.220157658838018,0.0736022577084446,0.158204769796455,0.425809537403321,0.143623722473478,0.0718792780794795,0.0807485250595937,0.27042078277737
"gauss_cor",360,333,0.192925537654856,0.0570718789244961,0.154644425498689,0.431261598282725,0.108733359208085,0.0513233298494929,0.0648730462886333,0.275050781197545
"gauss_cor",361,250,0.219338251247396,0.0729750592663643,0.145008477536103,0.377765447497407,0.128571728235436,0.0681552778890391,0.0789314556969093,0.25478140892722
"gauss_cor",362,300,0.272955962790671,0.0967866544450428,0.177300136287705,0.481108745467744,0.121612039897247,0.0657681815120107,0.0596912932674285,0.162052900683472
"gauss_cor",363,229,0.538879984143377,0.380438456727544,0.381370896284524,0.907271590748045,0.242383080550074,0.280742562392295,0.162471672163878,0.312406939571599
"gauss_cor",365,446,0.355729487636522,0.174584647003096,0.237455421694276,0.626853749737967,0.176746787420884,0.133754444889394,0.0973141046980789,0.198053828359787
"gauss_cor",366,472,0.172869675242693,0.0487027022209456,0.111096890086433,0.297150942723926,0.116523954731269,0.0505460038668525,0.055460943908688,0.151104617932324
"gauss_cor",367,401,0.171680078250772,0.0419663028305235,0.106317874260468,0.235836834381132,0.0779046146350125,0.0282419867691557,0.0384804935927595,0.145118636912899
"gauss_cor",368,422,0.161372093264998,0.0396049051184426,0.113930394002482,0.257985568291481,0.0952916332716576,0.0347763936956861,0.0500660412385907,0.210201237701069
"gauss_cor",369,412,0.200524597334771,0.0627398274749269,0.145645489258399,0.384745634799491,0.0829624080513273,0.0406182154957122,0.054137314276597,0.197081733838781
"gauss_cor",370,145,0.0602173779181385,0.00650196459851242,0.044583583950343,-0.207947024517627,0.0372409175095494,0.00561588608471181,0.0229531151701752,0.28007427392169
"gauss_cor",371,125,0.0369549902789706,0.00267729848077588,0.0270448624137255,-0.46299943598895,0.0113063204818091,0.00101737581888464,0.00589500079069989,0.102787074881796
"gauss_cor",372,201,0.0680123602567426,0.00864061644431727,0.0482729261255155,-0.184000635321545,0.0324283298168905,0.00508273957214766,0.0199724836701072,0.215876752515217
"gauss_cor",373,293,0.115994520974003,0.0247731620869399,0.0868173689512884,0.12468671638712,0.0521814238380393,0.0158154929401026,0.0307782672401331,0.180565696327133
"gauss_cor",374,491,0.0978483137835008,0.0179533379863298,0.0721213916865447,0.0390417278062619,0.0414150434375845,0.010735778922352,0.0245955128407691,0.16019856437792
"gauss_cor",375,394,0.103787033921537,0.0164487335796882,0.0737937332098304,0.0450736551353149,0.0597848504121494,0.0145114820998581,0.0366087814066383,0.26591050820961
"gauss_cor",376,421,0.136562101601578,0.0271945909301147,0.0917884844158992,0.149221733467301,0.0728090144352339,0.0223871583118735,0.0419709112849072,0.226661823874764
"gauss_cor",377,536,0.146791196597779,0.0307736963554809,0.090701866767958,0.154686603049346,0.0529927669545193,0.0177638520348057,0.0305434073944821,0.136438021093216
"gauss_cor",378,434,0.203602809552802,0.056481595205633,0.133974513742987,0.338958784763282,0.0940083853944373,0.0393630313956995,0.0491981406238244,0.182266234957346
"gauss_cor",379,309,0.135433157373062,0.0269169592494777,0.0895565345910256,0.138960879365689,0.0732597737562309,0.0225982549189039,0.0453173373623142,0.247338824019925
"gauss_cor",380,381,0.121049480399982,0.0224145878283245,0.0749122664933534,0.0517413486882118,0.0552185261716149,0.0151199955121759,0.0332047014398941,0.183916645673661
"gauss_cor",381,355,0.117659415522282,0.0187824984579883,0.0850881853506634,0.12287165613668,0.0554568423801241,0.0133318442029011,0.0286170169781728,0.20256163555315
"gauss_cor",382,377,0.111262386016215,0.0179686129859388,0.0707779333343709,0.037258484366761,0.0556979952184552,0.0143383223172599,0.0293216739383442,0.158221621967249
"gauss_cor",383,356,0.121930751635503,0.0242860143983895,0.0841595030187051,0.109697521793485,0.0678075130883822,0.0194864156589082,0.0384582371642556,0.206699932451559
"gauss_cor",384,276,0.102745026000896,0.022432473715394,0.0794504695988411,0.100968208392878,0.0377865011790616,0.00929722532808147,0.0214925574675925,0.168159180340402
"gauss_cor",385,188,0.0784706428327275,0.00968357061668421,0.0532835590741798,-0.120881893776274,0.0361728774835652,0.00684854812185638,0.0217101696038789,0.199044340677513
"gauss_cor",386,233,0.0617296915057066,0.00704858620853791,0.0470586925792814,-0.173887595001048,0.0381365945827106,0.00676392296925415,0.026722990056651,0.350874579116747
"gauss_cor",44,168,0.0665677579422786,0.00698630659061929,0.0483852809804439,-0.178510306946991,0.0341866819588548,0.00534319240030292,0.0168478459716573,0.153649622616266
"gauss_cor",45,490,0.0813796698180539,0.0102312127725049,0.0559656674268309,-0.0944372053249775,0.0440623148106902,0.00828885022070545,0.0238698455855866,0.191635013914435
"gauss_cor",46,483,0.103926573871017,0.0182119800117341,0.0705140933879387,0.0218389544817012,0.0423686644408926,0.0101315224061463,0.0245039550724085,0.152504123435726
"gauss_cor",47,654,0.0746633562578433,0.0105344597302183,0.053752983659923,-0.122867282416478,0.041372256823969,0.00842965693750347,0.0257484440248057,0.244194520262993
"gauss_cor",48,707,0.148217265579874,0.033448927806713,0.0989265769091351,0.189899551567413,0.079145694663407,0.0277532610841261,0.0492826674417353,0.233975102788354
"gauss_cor",49,414,0.139787078934171,0.0286372873247913,0.0983168859525051,0.189610804191819,0.0714205893032049,0.0219385422121232,0.0413978803390157,0.234590891237315
"gauss_cor",54,359,0.258930231331216,0.101916530969012,0.177851181780085,0.482981418286002,0.145598629874191,0.0902124918046154,0.085080709613339,0.217671867559855
"gauss_cor",55,871,0.179293960579051,0.0489509905747401,0.114285131990648,0.26840348636557,0.100823294494226,0.0435966413223292,0.0604751856580873,0.223735692044447
"gauss_cor",56,668,0.0814791412560731,0.0101405896137528,0.0567649797624954,-0.0902838050511529,0.0406621845246323,0.0074093025775007,0.0229133642369598,0.197951616586121
"gauss_cor",57,257,0.13600513010882,0.0327109505744246,0.125207632542644,0.327759982754502,0.0821664557281681,0.029853235817053,0.0468963810151767,0.241534157090228
"gauss_cor",59,323,0.124582142973528,0.0228150837942457,0.0839677357891683,0.115199090731261,0.0589496566612441,0.0159921934752553,0.0322945513526891,0.163761768640359
"gauss_cor",67,688,0.382830132590178,0.224122927228346,0.235689108002709,0.633139435294774,0.187080198038602,0.15980322853764,0.105109071633353,0.180386028331452
"gauss_cor",68,1145,0.360222104909024,0.200927689957087,0.247924611126355,0.65928751841871,0.189362350097902,0.163769465624672,0.124932952251473,0.293755353186127
"gauss_cor",69,631,0.312585030777049,0.144315626068388,0.234556175433842,0.643687613495088,0.133444411465982,0.100027963071686,0.0868357228720814,0.251784496184052
"gauss_cor",70,395,0.257413925554577,0.104346291868326,0.191273599364768,0.521836954458313,0.178715375953925,0.108521715511097,0.120750313633124,0.381472380103477
"gauss_cor",71,389,0.16721404074191,0.0455068009946013,0.121361766693341,0.292853371010477,0.093703932000358,0.0405133200401106,0.0623974219802191,0.279410258427433
"gauss_cor",72,713,0.137386419437112,0.0271693082038155,0.0978161709752217,0.182414473954857,0.0757246421911833,0.0234549247709659,0.0478612852345211,0.234825896739337
"gauss_cor",73,410,0.164603411830166,0.0407063669076135,0.111751894593697,0.249705566423376,0.104824494700444,0.0376651123827965,0.0626852393749008,0.29345799182613
"gauss_cor",74,562,0.132253397720882,0.028099477546117,0.0994672117766353,0.195000618075553,0.0768760374325885,0.0256888167623568,0.0477111204888279,0.265983957030421
"gauss_cor",79,495,0.276927052753884,0.132274625842081,0.202338654688107,0.539965157969519,0.0871213462003321,0.0529821305955842,0.0469317118539641,0.122858174956049
"gauss_cor",80,509,0.21729651973237,0.0846935186828568,0.155910574771728,0.415201941167124,0.117586421486638,0.0688921504893432,0.073835121477359,0.239511841891912
"gauss_cor",81,408,0.170399207853594,0.0472623485751753,0.11894937890678,0.281649226304692,0.0895769188304058,0.0378855588200832,0.0527443230010376,0.211969545127839
"gauss_cor",82,441,0.139401877975447,0.0279832032481934,0.0985871951804089,0.186598182889515,0.0778625472352725,0.0240213996136978,0.0410760942737407,0.203108501955591
"gauss_cor",83,579,0.130501780651313,0.0246042302520115,0.0896881185692686,0.140338151610002,0.0661434111620562,0.0196159326043294,0.0392407862080874,0.22423139198564
"gauss_cor",84,816,0.450647686625436,0.297495148323799,0.313411842474745,0.770412779510574,0.228489467374828,0.228325438262766,0.127286455457535,0.202934140631475
"gauss_cor",85,908,0.231746719130714,0.0875641824166947,0.164887276594066,0.448305830845488,0.124718282789612,0.0698429863435517,0.0720075408230725,0.198194350258862
"gauss_cor",86,616,0.179608834585809,0.0491701794067589,0.1336420801302,0.345774162060012,0.100937309923504,0.0409915946958047,0.0585994098613934,0.246916187022069
"gauss_cor",87,101,0.11643602873972,0.0213324375737074,0.0855837079331234,0.124821705082012,0.0490762073712815,0.013472117655936,0.0296056714837132,0.20330594117276
"gauss_cor",95,617,0.272805592808582,0.110178799133855,0.179173234015749,0.494059181062535,0.131602884573577,0.0813743774967431,0.0738666694776043,0.174286940089971
"gauss_cor",96,1009,0.291368506973202,0.129115814616564,0.207966899586751,0.560922479991761,0.0354893394613856,0.0237337272047706,0.019747406555696,0.0442645726475809
"gauss_cor",97,592,0.359492114644827,0.184165875106175,0.245686909306052,0.644834876819885,0.196807292590546,0.159378502945155,0.110160525476071,0.211683900682285
"gauss_cor",98,450,0.324584116218409,0.160253052026203,0.240315600433002,0.635924587699177,0.174873786398921,0.124354876988162,0.0963791262349234,0.225952635734545
"gauss_cor",99,319,0.270364746777298,0.111841291747372,0.194302563866357,0.525570678826281,0.156572924309387,0.101290588210479,0.0911282288366461,0.235885492613879
"gauss_indep",100,428,0.302644159888415,0.158537209097048,0.203644774962982,0.557696840921885,0.181505637509424,0.147497699758688,0.112132632466597,0.249452965504612
"gauss_indep",101,423,0.303118570269925,0.134051625639838,0.214294269756374,0.575091158913766,0.168001924955959,0.116454801892448,0.0932737386573834,0.217481983562391
"gauss_indep",102,457,0.198487556806928,0.0617675322511862,0.137189639749901,0.355196280093857,0.111441408298093,0.0548130473717534,0.0671682204451109,0.226151444832285
"gauss_indep",103,426,0.130152483880799,0.0241351011227669,0.0893419145408295,0.15020471404733,0.0596374193532407,0.0173094330687755,0.0307282832159523,0.138739680872775
"gauss_indep",104,565,0.103722938374022,0.0170902842528316,0.0695854745069067,0.0338970790005782,0.0541951748645604,0.0133130681191937,0.0283794377070899,0.155101430738388
"gauss_indep",105,239,0.0987795949699926,0.0150200478132466,0.0611251448330485,-0.0134603727924554,0.043849536088629,0.0100308157757472,0.0239381010445021,0.128346673943762
"gauss_indep",107,367,0.222958910219255,0.0863231078330181,0.156909582673983,0.415088336016577,0.105526614153562,0.0561592273679795,0.0617816430390259,0.202829378845586
"gauss_indep",108,404,0.303291792534602,0.140042836166557,0.197683675739658,0.543260360175387,0.15281037036818,0.100910712351098,0.0790905058042898,0.164325872523293
"gauss_indep",109,643,0.355131623116843,0.170771942099397,0.25806168361623,0.68372084283108,0.155675958251275,0.116587225196789,0.08870143012748,0.213829027468513
"gauss_indep",110,555,0.241255232513882,0.0911435031200568,0.185785237568013,0.510563445541581,0.131894466663581,0.0790951916544459,0.0790634802358641,0.244125568624684
"gauss_indep",111,342,0.141492112409701,0.0291441340728233,0.0892510784658499,0.161340075396622,0.0734763867038807,0.0227738854780428,0.0384402556349974,0.156177218136485
"gauss_indep",112,358,0.107221854034894,0.0171300283481234,0.0749347958670846,0.0592540849164892,0.0495640250618815,0.0118652467136511,0.0251145405174309,0.140508292911538
"gauss_indep",113,523,0.101771748045425,0.016325322461753,0.0700815396617444,0.0280487528510867,0.0627317905086447,0.014970681721634,0.0335355302730422,0.193037194048967
"gauss_indep",114,163,0.0789419228237541,0.00937493471867096,0.0606623697136615,-0.0276833866852473,0.0369248907927252,0.00664277298680787,0.0167803861777022,0.0969188476141318
"gauss_indep",120,878,0.204058805857732,0.0642357558449177,0.141708671201891,0.368917962983304,0.0986243359264139,0.0502404106932249,0.0628247202561442,0.223796487623796
"gauss_indep",121,772,0.215177262964979,0.0763728362020911,0.158301286077517,0.424694833839547,0.117093211552248,0.0639760566058506,0.0733696987649539,0.223653333041149
"gauss_indep",123,360,0.506496733221984,0.398615630203734,0.350970504966486,0.822469229942669,0.216762570266927,0.246702531500604,0.133400357689876,0.2121084073347
"gauss_indep",125,442,0.285421857240379,0.121255874337544,0.188467901583022,0.513520523251306,0.159641200173747,0.0991248394965936,0.0860313147259463,0.205760527929023
"gauss_indep",126,898,0.423645141308068,0.267956529309463,0.281285181979549,0.716597445480948,0.255344605630074,0.240128844826573,0.148125559691149,0.2407753361459
"gauss_indep",127,971,0.53520893258531,0.367178547038262,0.329271900672799,0.794868719282109,0.279459376970379,0.308994809094246,0.158801270281145,0.224200191691581
"gauss_indep",128,478,0.419418767171977,0.249903085904271,0.283780748419396,0.717372429037588,0.176693069979943,0.15937986101391,0.0932406299762417,0.161703854724897
"gauss_indep",129,321,0.35561931511787,0.181390149499427,0.238080930280408,0.630097240663327,0.170100641166615,0.127684716104969,0.0882968735056092,0.168511181525256
"gauss_indep",130,331,0.344440642338233,0.164824918979578,0.204958446529882,0.567194654682085,0.156724047600082,0.11373072801621,0.0884527991657319,0.170277745553714
"gauss_indep",131,294,0.318127738289967,0.154382651653778,0.247415297674913,0.661339142460707,0.1649170150372,0.117439716772855,0.0941696978059264,0.236172486807496
"gauss_indep",132,374,0.349305769947281,0.186649586882435,0.251923152125961,0.663277574507776,0.314103558619551,0.229516733189428,0.172086588005518,0.374057691756586
"gauss_indep",133,715,0.25281846711609,0.100550446376022,0.187353650046735,0.515264222844357,0.159544258311443,0.0967760009055256,0.0955694016567657,0.286327095381287
"gauss_indep",134,382,0.327802226763656,0.15305644456133,0.191310501959191,0.536909257231857,0.146298687291762,0.101508973563733,0.0825296183068384,0.164864969808187
"gauss_indep",135,329,0.395238830861639,0.229121751121846,0.280615995948307,0.713162241216448,0.252293144360528,0.21937140576503,0.145740949957911,0.27513261184585
"gauss_indep",136,301,0.475397516102224,0.311533698696536,0.286553652303111,0.73744215716137,0.209794634376711,0.217684416364007,0.112956848055181,0.152286392684958
"gauss_indep",137,295,0.464802794239217,0.303153520070944,0.30518451570717,0.755385797011981,0.22478096407765,0.248489533061846,0.151595658189814,0.242562533175305
"gauss_indep",138,168,0.521598012840787,0.372310439605836,0.355684372329013,0.826551337007163,0.241378505253708,0.262095399846034,0.124689136219375,0.173351588397419
"gauss_indep",139,235,0.257672209651266,0.24926273690474,0.186579440060205,0.516696351943885,0.162655090210373,0.296649063874542,0.112134846781448,0.2547714366454
"gauss_indep",140,182,0.380210290827292,0.197750704865225,0.288856347106547,0.75523555024022,0.188486481225297,0.161140171163993,0.115648498895463,0.274727343884754
"gauss_indep",141,264,0.476561686198198,0.32384058608602,0.313557253623231,0.767365941511922,0.286551944757801,0.305637100942066,0.174000563068361,0.272825291399864
"gauss_indep",142,343,0.447941606095334,0.295629004501793,0.32657596001713,0.791747036873688,0.115395069403206,0.121404518646593,0.066896358391501,0.11620847206968
"gauss_indep",143,415,0.476062731366072,0.323399623787612,0.320552566854046,0.777788751988332,0.218582702315363,0.236078250376154,0.119864739886448,0.181488228061514
"gauss_indep",144,473,0.35475100136727,0.186346867463992,0.276826862628524,0.727173717610194,0.200473990119437,0.154687544229853,0.116985258811424,0.281349031586271
"gauss_indep",145,449,0.426917704353584,0.244619618541308,0.301827504085612,0.750750602882189,0.214103171270645,0.183380044565125,0.110769975309132,0.202948398976295
"gauss_indep",146,303,0.467909631623197,0.291140942910982,0.268142668878344,0.701999751249801,0.182986758286439,0.175334081489698,0.0978316633020369,0.142749480495158
"gauss_indep",152,171,0.117904063872353,0.0245519881107278,0.0861180348923492,0.123936782811159,0.0563479170202811,0.0165924038010442,0.0304559323938415,0.14683357788983
"gauss_indep",153,412,0.233388783715431,0.0839633911018962,0.164004516174571,0.441985347743573,0.135100785513416,0.0774896247947943,0.0818732479633158,0.244016066891882
"gauss_indep",154,595,0.497495457224962,0.346228395426535,0.368474621358821,0.861172538029772,0.262009024091046,0.28340685588235,0.15825309730904,0.268466354354356
"gauss_indep",155,118,0.548111213675412,0.47901985940717,0.397811532501822,0.889741975219809,0.279996733133269,0.380733073154714,0.188093436438423,0.278424749670622
"gauss_indep",156,863,0.326241823026778,0.177200030076662,0.236149416563322,0.627959424976589,0.165465518649704,0.12629309322895,0.0912437590377265,0.172014735586997
"gauss_indep",159,199,0.246355793740323,0.0936328571708092,0.16413396978694,0.447508432090895,0.11220957136854,0.0621617297106026,0.0649562198120133,0.173870213469915
"gauss_indep",160,555,0.182442433145052,0.0518335555982623,0.126903992705924,0.319259847133645,0.080364561230118,0.0353971353374127,0.0439240064936533,0.145362126809717
"gauss_indep",161,436,0.214039231663124,0.0620330578351734,0.143653199051725,0.378248973776859,0.117686745588692,0.0536336681712416,0.0622813467229845,0.203277289668914
"gauss_indep",162,314,0.210754425818116,0.0647548251922842,0.149285712137284,0.396395168512441,0.125684934098289,0.0604895051980631,0.0736077674179415,0.263336266501232
"gauss_indep",163,295,0.253272972468267,0.0910199823342963,0.190346002826351,0.526112020947453,0.122595845015222,0.06705061466616,0.0669155958196359,0.209386567333914
"gauss_indep",164,315,0.312246313553409,0.132586828449832,0.180402152297083,0.510397498080621,0.139093614897086,0.0888841264302011,0.0704579201977024,0.145200148045587
"gauss_indep",165,437,0.230497436528204,0.0799609732360562,0.146185166045576,0.39088289880231,0.119311999919038,0.0607791881773865,0.066944856936034,0.194866520514495
"gauss_indep",166,391,0.210492950283265,0.0673575982745915,0.150429904601193,0.401416401933579,0.109878093177028,0.0534705542682835,0.0636203453462616,0.225018502172348
"gauss_indep",167,331,0.201455185686547,0.0608802633611916,0.135776095837743,0.350006827233337,0.103450883703042,0.0477261155302327,0.0589225430646941,0.19205424280414
"gauss_indep",168,370,0.169433966383466,0.0455320924174129,0.120255733215282,0.287248601577948,0.0705628668111091,0.0284542415447794,0.0413785990941877,0.169763167976474
"gauss_indep",169,262,0.157652923023922,0.0405971946992413,0.111283797389901,0.257262384848859,0.0830450866993275,0.0298868988486217,0.0420350566814745,0.153077938282758
"gauss_indep",17,191,0.222184377169954,0.0877969536639101,0.150767163041858,0.405119440934803,0.122756549515695,0.075836472392506,0.0912768985562579,0.344555143782786
"gauss_indep",170,287,0.195327832862434,0.0601508784801378,0.143820270210765,0.376509097455447,0.07806274845564,0.0347244955036319,0.0418150869360864,0.135688670212445
"gauss_indep",171,423,0.191714900257318,0.0617596495451399,0.138377906266681,0.362942103715997,0.0898619252327973,0.0432537628566806,0.0471157923567844,0.143055632436777
"gauss_indep",172,414,0.202952049666356,0.0647964337990526,0.142964315901472,0.383211761522431,0.0935436792715862,0.0437614655616607,0.0485037369748091,0.137050156064616
"gauss_indep",173,391,0.240760251618452,0.0946405777373057,0.176471769275197,0.48704294056116,0.0828310685611013,0.0470538495091624,0.0408929347750413,0.0979458603973751
"gauss_indep",175,141,0.510436390959809,0.38347293401326,0.358821440442904,0.868996185367211,0.204475037479908,0.20424397184427,0.0922719636057989,0.0845535905178937
"gauss_indep",177,202,0.275002800899382,0.133514104179421,0.197827695007605,0.533803655934942,0.0910704383696529,0.0605248718849853,0.0543202996382758,0.147391144681371
"gauss_indep",178,278,0.298096549253818,0.136184565383372,0.217098733798971,0.586658447175487,0.157904913007719,0.107732379857433,0.0941929606613038,0.243400126563627
"gauss_indep",179,284,0.361187427271132,0.184574270047265,0.235219705648733,0.625722510838048,0.171527646632879,0.13060284635984,0.0915330478154324,0.178984195397888
"gauss_indep",18,976,0.132027849411754,0.025991482267374,0.0955592321508572,0.171375223453705,0.0752502973183747,0.0221120609289438,0.0418368982817818,0.230879899418736
"gauss_indep",180,627,0.474374179377831,0.316353759384736,0.326736617734197,0.788942319247265,0.259105497204194,0.265103979041364,0.143898882118637,0.231907502273043
"gauss_indep",181,204,0.825361865845654,0.935307299380413,0.558056129026746,1.0558515272604,0.259202552477028,0.38562189822258,0.118984684501063,0.113619134073497
"gauss_indep",187,128,0.292253863965386,0.127738356096834,0.191227708308595,0.520549062400872,0.128659417152846,0.0766841613198847,0.0663538529949329,0.160702525714208
"gauss_indep",188,260,0.258693175170033,0.0965288952028071,0.250670063606732,0.867702881187844,0.0514236837326441,0.0286925102391992,0.0288065013341626,0.133095064053905
"gauss_indep",189,346,0.197445649984427,0.0627553209734464,0.14271589445781,0.377103507875037,0.0938084400986076,0.0435133794142149,0.0498605164599496,0.152187231528992
"gauss_indep",190,452,0.201908298627939,0.0681991962257781,0.143459261914243,0.377805437740256,0.084780671661388,0.0383553476118127,0.0412687494437371,0.123906092825828
"gauss_indep",191,616,0.203508418300969,0.0678973632194534,0.146829234212167,0.389099921936712,0.0682736399768202,0.0319394890887984,0.0368267968880131,0.121722696469165
"gauss_indep",192,351,0.26984183497574,0.114388948064033,0.190309834527429,0.520315940966625,0.114090933534813,0.0703754864534331,0.0678846762041865,0.191700669197709
"gauss_indep",196,182,0.132950584164553,0.0313958865415402,0.0966854478569599,0.183498528823604,0.0249159096729714,0.00705724349455154,0.0154098291601804,0.102448619688591
"gauss_indep",197,273,0.135034713998944,0.0356844766731808,0.101280433241411,0.202542352125537,0.0448616919617746,0.0142305765541184,0.0251947476420765,0.139235302997282
"gauss_indep",198,400,0.130272319100296,0.0284646867367117,0.0949622114294898,0.165730463925108,0.0304945841196001,0.00896995703259992,0.0170204671927751,0.0898711783821367
"gauss_indep",199,434,0.198861392040536,0.0618134209827131,0.140858857841938,0.367041923327067,0.0958539698610553,0.0439414426619069,0.0568946501873186,0.220192856285427
"gauss_indep",200,474,0.170225467178011,0.0479574111548918,0.12257449606028,0.295172075701916,0.090909476428809,0.0361796877062234,0.0505068688700924,0.202938989553293
"gauss_indep",201,442,0.183075023094729,0.0520086905156735,0.1272897018598,0.31772339370908,0.0916412024511737,0.0389079902134039,0.0519016158952352,0.190718263779158
"gauss_indep",202,407,0.208005412663121,0.0715062589918306,0.154375715637528,0.414132102785579,0.110628860355611,0.0584773734006714,0.0663380003019008,0.234769191456838
"gauss_indep",203,459,0.201382613863993,0.0641069563490473,0.145498617458945,0.383970146367995,0.123863179661994,0.0601235474498853,0.0749760973390561,0.265383996930112
"gauss_indep",204,422,0.192374498847802,0.0635473985614489,0.143066445158613,0.37361750549588,0.106861638464796,0.0529153579119436,0.0638485494099173,0.217142060371939
"gauss_indep",205,492,0.256489313672114,0.107045136974041,0.16851223292069,0.45881322978489,0.122835744342973,0.0795754155087224,0.0801632037142461,0.22139279933599
"gauss_indep",206,415,0.298030812439529,0.147488194330493,0.228483230414974,0.626323197423026,0.166786654502136,0.127710159864963,0.110336607396106,0.309168730500356
"gauss_indep",207,482,0.341214855670858,0.202875638152495,0.235451689095905,0.62594470280008,0.173457353196545,0.165474223952711,0.118558621086953,0.261044195346454
"gauss_indep",208,551,0.491061310446641,0.386499607184823,0.338498675811686,0.807332642050185,0.228439172942243,0.273236155035509,0.141237882700653,0.210754280081538
"gauss_indep",209,462,0.673567570471863,0.691578056653313,0.518086889710197,1.03011223607535,0.262537758801212,0.408222838040218,0.149578534482145,0.179211722027095
"gauss_indep",210,259,1.25125335169645,2.26042636558558,1.19196155569065,1.78567527480316,0.359063440366375,0.971063063378341,0.207058449993583,0.234680643950739
"gauss_indep",214,100,0.14418883711664,0.0333903221846343,0.103035208359216,0.223039769479252,0.0612496709898747,0.0230833477403628,0.0351944095361419,0.135212551128165
"gauss_indep",215,254,0.167245400982545,0.0446260430586716,0.115788314246847,0.269705201892342,0.068943849459799,0.0274319243361174,0.0390842193254251,0.156860045176989
"gauss_indep",216,431,0.347398627922651,0.169915262843214,0.228701296440207,0.608950567950731,0.181171359992062,0.141023186614192,0.106424195324204,0.235934395680614
"gauss_indep",217,400,0.553784544681436,0.387440177572182,0.353500427129156,0.829059043400378,0.233978074935692,0.275778061845276,0.13842203238175,0.190130628353187
"gauss_indep",218,312,0.5343790204552,0.418056840372382,0.376734593381146,0.858814819186782,0.292239245228578,0.334393861966955,0.152874647950597,0.205150875163553
"gauss_indep",219,226,0.734094027115919,0.898137458872526,0.523091407433039,1.02435578648719,0.436744522354909,0.805757349351981,0.274103128785463,0.282957737311825
"gauss_indep",223,173,0.163517531912983,0.0416777975736569,0.113733360967974,0.267642122369835,0.091958475329971,0.032597826721691,0.0463790363147902,0.170381316170595
"gauss_indep",224,276,0.182775389741098,0.0551400079244172,0.130787610714721,0.334809088324403,0.063662882285013,0.0252476232513583,0.0362554487672947,0.151932507646789
"gauss_indep",225,373,0.185527196415499,0.0539188002766141,0.129067069521896,0.32230596736821,0.0794799555440018,0.0343020346299865,0.046703307592749,0.175959472926763
"gauss_indep",226,385,0.166951788886627,0.0438705165346918,0.112473262452354,0.257405481175366,0.0806941723062148,0.0318331320660516,0.0434625920191491,0.159363056059954
"gauss_indep",227,409,0.181935524930037,0.0553737113935711,0.1295498567687,0.324210542799043,0.0690201511712546,0.0289721343579292,0.0408189113619821,0.171183084936693
"gauss_indep",228,339,0.250513840060025,0.0998415009260755,0.182236232634448,0.497452404542234,0.138011621978761,0.0806446234528029,0.0842800251042197,0.261836949348755
"gauss_indep",229,293,0.268334767473265,0.108154929370994,0.18817491680005,0.5125610984536,0.123005873103823,0.0744893873079912,0.0768908178020828,0.218558007874196
"gauss_indep",230,120,0.190814031521688,0.0618409926686292,0.14158106614467,0.367017382401443,0.087954540438529,0.0396412458708458,0.0489209308701619,0.168100097360493
"gauss_indep",233,223,0.324268771100722,0.163795486577022,0.244239028366333,0.6625354776161,0.225727641409276,0.160568203978491,0.137499490921153,0.37315549888325
"gauss_indep",234,491,0.186844775690909,0.0549160629440412,0.124480851120033,0.310373923190926,0.10043458007731,0.0431228405631438,0.0557781137613078,0.190438657474026
"gauss_indep",235,475,0.137927948683231,0.0312133693710087,0.101235189647207,0.203700694407238,0.0601701032540319,0.0185374654284516,0.029741961904751,0.129621384586306
"gauss_indep",236,315,0.190865913171944,0.0600500722825555,0.13817278135294,0.356500899435204,0.0816856657599178,0.0384197614393473,0.0503149995672747,0.190358098449269
"gauss_indep",237,413,0.21716743703226,0.0674018458909367,0.145892107608281,0.387585069076569,0.112253025998737,0.0526510514604332,0.0588313116565215,0.181690987218366
"gauss_indep",238,436,0.11676488182505,0.0228684890924726,0.0854569186678989,0.122463409187061,0.068733094427828,0.0193671161862983,0.0360882116110893,0.18079011263339
"gauss_indep",239,320,0.0985966689052113,0.016324858017824,0.071392097281557,0.047757285885618,0.0513456329354878,0.0120219728635058,0.0249127559249091,0.129550738703456
"gauss_indep",240,434,0.103003742181604,0.016624380942597,0.0748111485689684,0.0670752727599787,0.0572841882943992,0.0137251350673106,0.0274106834328231,0.140987925767936
"gauss_indep",241,437,0.129100427495476,0.0270961350991838,0.0883608792855294,0.150379278377719,0.0699134594594069,0.0235377113488751,0.0387963778091835,0.16844591713191
"gauss_indep",242,298,0.202388093172715,0.0596658931080879,0.137549104996667,0.358303034054616,0.117701820581307,0.055301728129615,0.0691943161524616,0.226402131048045
"gauss_indep",243,322,0.285731353387966,0.122876334187293,0.190436539110032,0.520965709252393,0.152322909290271,0.107654354875638,0.100726672717739,0.243771761998846
"gauss_indep",244,394,0.409019323946833,0.223800754587181,0.29485082276974,0.740173669291392,0.173937651498668,0.146175952681693,0.0906595442556854,0.174414716798356
"gauss_indep",245,395,0.371153226801536,0.188971177913231,0.259470125113264,0.674144108209298,0.123121238627564,0.0896758525053062,0.0641911011712001,0.116891564833019
"gauss_indep",246,195,0.290334371131648,0.15485396659475,0.209511443463733,0.56270169138751,0.11408090225798,0.0761618641729351,0.0620007252871352,0.146475926440119
"gauss_indep",250,139,0.215820849013926,0.0671474351890768,0.12204758562062,0.329042748426613,0.105332555748052,0.0453508609840882,0.0532752569665777,0.147802241283526
"gauss_indep",251,392,0.299526961077032,0.128914077127161,0.222786126650367,0.603073281779811,0.13458101248737,0.0858821113044714,0.0741716633292287,0.194153615038227
"gauss_indep",252,289,0.419921547350526,0.244538554727544,0.259956811652177,0.679807132595505,0.213395669905459,0.180828994941263,0.105174765627368,0.170500385444327
"gauss_indep",253,331,0.500465042664373,0.322921705451124,0.358177752409908,0.842954122386618,0.188262050980045,0.1851652870201,0.095907561308933,0.16382266263351
"gauss_indep",254,322,0.575607361525158,0.447051686149571,0.382019147956405,0.86815652997034,0.220546360629964,0.281993193552021,0.121614878519642,0.143221816983821
"gauss_indep",255,104,0.505584873543507,0.418583655281811,0.38143054096971,0.874437687268048,0.25697791037983,0.303613955892042,0.155355260309748,0.246626869232201
"gauss_indep",257,125,0.291621295870074,0.130280106969824,0.191305631789546,0.518426252397053,0.209915240325288,0.136536428987956,0.119798644261435,0.290157769231297
"gauss_indep",258,174,0.21679021408989,0.0737493615184161,0.146895478039939,0.396945483603135,0.120275462212087,0.0626579564912272,0.0664634572737779,0.183694769826678
"gauss_indep",259,317,0.266627530366559,0.104227789512068,0.198519350463393,0.544900015822771,0.153221192911072,0.0922039589711657,0.0887199192458816,0.2583700607008
"gauss_indep",26,263,0.0843577119689774,0.0109292433301657,0.0637820751902524,-0.024362979307558,0.0457877181532374,0.00900469248119081,0.0276679776027074,0.246250325223057
"gauss_indep",260,320,0.350434483600989,0.183581485595063,0.244534002889103,0.643448858617264,0.217822194093741,0.16865329945713,0.125216242150088,0.268419993799181
"gauss_indep",261,327,0.472289462599511,0.315481517934558,0.256377746793607,0.702455921636097,0.212065096309928,0.216073521178017,0.113110125020785,0.147293625054618
"gauss_indep",262,319,0.557666100466987,0.410966592280911,0.365359307330243,0.842585219788692,0.259302717650781,0.296279385222645,0.141087877333715,0.189369130334396
"gauss_indep",263,393,0.527687766666758,0.403602664180417,0.400868666169089,0.901897853421212,0.242573214880442,0.280262817845351,0.130932231662698,0.200864497829214
"gauss_indep",264,339,0.629986412398785,0.539168592017494,0.416576383069986,0.911236490842909,0.336415340692178,0.441055985997887,0.177160551798497,0.207224516876137
"gauss_indep",268,358,0.388334767013574,0.225477161243871,0.274297229290702,0.701226727695381,0.22757878366632,0.201151772772759,0.136090259027124,0.26452536709859
"gauss_indep",269,366,0.473375004107736,0.324455834622078,0.326725821651225,0.787407790285636,0.270059293236793,0.285490546463627,0.152036470250713,0.235220811765119
"gauss_indep",270,422,0.47309675977286,0.32679168995642,0.353417361996841,0.83894826771958,0.237867174408281,0.249115099161099,0.13657729715764,0.240212786757216
"gauss_indep",271,398,0.369344528219011,0.208196387071108,0.234486945133,0.625498650126295,0.194544349937005,0.165250804940929,0.116953100925952,0.221508247405254
"gauss_indep",272,395,0.247091937937404,0.0978274459933667,0.164172445415513,0.455761427677975,0.127560887540613,0.0747931367790785,0.0647819816330329,0.154967628281794
"gauss_indep",273,301,0.249638110105724,0.0963893582309986,0.170131339088291,0.465412108879134,0.142242726580369,0.0837425398542468,0.0814311881639884,0.216112898943611
"gauss_indep",274,264,0.180858712010865,0.0515597981608507,0.123263957317435,0.303502772067589,0.0898301059101791,0.0388345069384995,0.0532765958425764,0.196262565441939
"gauss_indep",275,230,0.166940258382551,0.0427839366920037,0.110973490598017,0.251396442144834,0.112598863278609,0.0434855668875104,0.0631803046109948,0.244274924325767
"gauss_indep",276,254,0.150621892672609,0.0352239471723308,0.104642115085171,0.222159483201629,0.0799413641639483,0.0284101044421365,0.0450440969654443,0.188705796244349
"gauss_indep",277,372,0.118029052272616,0.0224446650209918,0.0861008587952514,0.124012707090239,0.053055662924216,0.0153513991878325,0.0294638436809712,0.149910590514986
"gauss_indep",278,354,0.120713770076927,0.0232598875518244,0.0860926976547335,0.129996819654749,0.0443401752347203,0.0120945638623308,0.0221293277120178,0.104996225150622
"gauss_indep",279,399,0.162478424488309,0.0420681367792211,0.114557436791263,0.262594388536436,0.0563135704160937,0.020210916946319,0.0298710896938125,0.119063550102023
"gauss_indep",28,161,0.142988987109666,0.0338944853287955,0.103662995843092,0.211679136954207,0.0767784986375993,0.0245518629434576,0.0408018509280266,0.202179068456241
"gauss_indep",280,153,0.228359185055466,0.0930625535047452,0.168832280159297,0.464462286883862,0.00345395536105869,0.00157380079802958,0.0051602348827636,0.0165078970812659
"gauss_indep",283,151,0.122417135683128,0.0246386949294817,0.0887020876700325,0.150280748718993,0.0351926124350093,0.0102597287335854,0.0175882188985801,0.0756115876824262
"gauss_indep",284,411,0.175788698296393,0.048096151200095,0.126594420768004,0.314805449252755,0.0905896687210883,0.0365928570209456,0.047689723830272,0.174553948568803
"gauss_indep",285,282,0.17372210665274,0.0480143258350697,0.124759796593271,0.311171594012344,0.0908916193780565,0.0372512331989853,0.047259116991551,0.162549575781626
"gauss_indep",286,302,0.151384651038902,0.0359454644196039,0.11054035602582,0.245494015306821,0.0777828874937005,0.0276963963673909,0.043821704544779,0.195781326992618
"gauss_indep",287,437,0.140103635533639,0.0314071842368802,0.100503612697749,0.199976962728902,0.0430831126679378,0.0134113084709297,0.0224291127891899,0.101340431331697
"gauss_indep",290,320,0.506550179235903,0.361697373731353,0.392722421238388,0.900199504780637,0.308378646721722,0.333479949930078,0.16467636507825,0.274150231262786
"gauss_indep",291,272,0.651008930415487,0.586689600249183,0.473741761596524,0.986518440620176,0.371867661971655,0.516275084168123,0.215205183947221,0.282071321966596
"gauss_indep",292,309,0.477050551226302,0.335857910759382,0.339308640753372,0.807335611591511,0.260752438504853,0.282732896119119,0.141096114631421,0.206558210071458
"gauss_indep",293,281,0.47775091548798,0.320843496652337,0.31686701646332,0.772475640988769,0.235413002242392,0.236220072570038,0.133317494022907,0.208278994709279
"gauss_indep",294,332,0.403751647885924,0.229784851714384,0.266435377490905,0.687508427219977,0.189758624097207,0.166344193073707,0.10673602220643,0.187932769916156
"gauss_indep",295,380,0.37840849038375,0.201622377352713,0.26895015639006,0.694733081637863,0.2116655635993,0.173908669548845,0.125163614876342,0.258717151489297
"gauss_indep",296,390,0.425025983155068,0.271789357721708,0.281254552611481,0.713495963273275,0.227363312493575,0.224983788827974,0.13523175079077,0.221407645726249
"gauss_indep",300,249,0.364426272218342,0.211230112149948,0.247848709200296,0.649670779367567,0.174346002563621,0.14846172977441,0.10615737618851,0.21798746977718
"gauss_indep",301,296,0.357513103729245,0.195902861008216,0.258015749534054,0.67517939012317,0.288132776395788,0.217661534026907,0.167236168343756,0.369699040201416
"gauss_indep",302,301,0.404681537281929,0.228889139340631,0.277673098798593,0.70603711659586,0.218073717786241,0.185295043831845,0.120912805590411,0.224040379416193
"gauss_indep",303,260,0.461310978690854,0.292700389429645,0.466966433017329,1.63221163547972,0.0972151581642706,0.0946836338397239,0.0559423011521674,0.219548362474572
"gauss_indep",304,329,0.340811724457998,0.173366764360507,0.218007659353811,0.59400115577745,0.110371318144829,0.0809180792963149,0.0641642522156856,0.120267664767358
"gauss_indep",305,174,0.390996213408158,0.208714712751878,0.241940303086912,0.636690320148471,0.144523898244325,0.126026564575195,0.0967325305186094,0.180810439850935
"gauss_indep",306,189,0.278923148754169,0.115486742612601,0.190778858555027,0.52091595008101,0.140706785163732,0.0897992135020921,0.0812261931429688,0.200933739332689
"gauss_indep",307,240,0.226119209589767,0.0820544870094529,0.160046296779021,0.431343453473525,0.118907630873511,0.0627088782314943,0.068282450247205,0.207668225390981
"gauss_indep",308,240,0.173168410950513,0.0487162803028119,0.117945175023449,0.284941724342201,0.0791349996070843,0.0310965521927274,0.0433833454411376,0.153190537982345
"gauss_indep",309,253,0.201397501224306,0.0621877674083885,0.141826304498931,0.370234054653949,0.0704795926605063,0.0295762366217758,0.0379075597962172,0.13483370791529
"gauss_indep",310,246,0.168089044205763,0.0439289211023218,0.117960043344784,0.279036391578927,0.0853417724617189,0.0319848286541545,0.0455488199881487,0.176142274747319
"gauss_indep",311,282,0.150629418663031,0.0378353514085098,0.110651855043878,0.257592724273052,0.0634384305479111,0.0248150372458407,0.0333142391610147,0.117694526900431
"gauss_indep",314,376,0.280955643184239,0.126658123893359,0.19680060655351,0.537999859775091,0.165194307220237,0.107754650246156,0.0881914562756606,0.190518518573201
"gauss_indep",315,378,0.317325842210341,0.153193752657214,0.215919670028895,0.582752933857296,0.178283126199641,0.129510758478468,0.103558845762538,0.231523272810648
"gauss_indep",316,391,0.272280960747816,0.115922844496158,0.188502136639258,0.511876314288906,0.120082675724489,0.0741439533558809,0.0693905558388645,0.182765519881052
"gauss_indep",317,456,0.20104554746969,0.060727115854788,0.13604003304478,0.35294207282547,0.0928262234506089,0.0412697591664047,0.0513307989667701,0.169217850844871
"gauss_indep",318,416,0.167614134179344,0.0432138577095039,0.115808293125936,0.269647107927161,0.0781287967765667,0.03001805555018,0.0426332613700219,0.166552916644271
"gauss_indep",319,321,0.148092846201267,0.0388346097387324,0.106795938578804,0.231552369027946,0.0483972791374836,0.0158664589402392,0.0236707009141093,0.0956262898769767
"gauss_indep",32,761,0.1809109182223,0.0558076464254172,0.121293705081967,0.290740597326597,0.0821348453758015,0.0401376109681244,0.0613120238001762,0.235185362176919
"gauss_indep",320,498,0.642377655777796,0.554248536892159,0.451367558497551,0.955405536914683,0.28682949808686,0.367812833156409,0.138606836020211,0.175234466645637
"gauss_indep",321,416,0.42198918364684,0.254797330200721,0.280290125380675,0.709770440385544,0.230184252926551,0.21468015790507,0.128137307563327,0.215485881886312
"gauss_indep",322,379,0.305886586253859,0.138108704065353,0.214263340730228,0.572830602155041,0.155783690602788,0.104577597714193,0.0872094915159519,0.208735742565054
"gauss_indep",323,292,0.289343125778218,0.122245492940212,0.190905572581431,0.521536134634344,0.172807337205578,0.113408132969952,0.0949776678178501,0.223574424347013
"gauss_indep",324,375,0.291850568172624,0.128929681183301,0.197658395337628,0.53598502370238,0.142232796511351,0.0938090151770529,0.0864564928756152,0.220684294521543
"gauss_indep",325,469,0.239019657946116,0.0883647524599963,0.165345030163428,0.444761110132434,0.131996219842099,0.0713276020966485,0.0756767296933664,0.226845992319889
"gauss_indep",326,596,0.238136415184382,0.0764364202114888,0.152854868733595,0.409097147374496,0.111890178436031,0.0542683343487832,0.0595544035365028,0.176914605960528
"gauss_indep",327,502,0.27234426674116,0.104356653453144,0.194329583091967,0.531954683012291,0.180482608197815,0.103830358525398,0.102995454190341,0.304345780050664
"gauss_indep",328,573,0.214054131830206,0.0675996197267703,0.154266008126038,0.413782479517351,0.133597748469924,0.0621860338480172,0.069022055895579,0.225691976900288
"gauss_indep",329,362,0.436237538781243,0.289110128959295,0.308561569291339,0.759116478544126,0.237574802238887,0.259483858390382,0.161385188658651,0.273138301023135
"gauss_indep",33,969,0.101751006902842,0.0158646729270572,0.0701440071928355,0.0216804860083718,0.0561123064154366,0.0133521245203389,0.0301564012318912,0.185250096172382
"gauss_indep",330,573,0.344129987866081,0.173861788183937,0.252134419818912,0.662356862868347,0.159749721347773,0.12514401828178,0.091676727239474,0.198723615888912
"gauss_indep",331,144,0.251063585667142,0.0964994630371478,0.177093496336403,0.481780752624818,0.12196630932985,0.0717631191424696,0.0743719265657918,0.22476392873502
"gauss_indep",332,375,0.242892920312888,0.0864792302172433,0.167860358371401,0.456790562667139,0.111052103034488,0.0615643632404665,0.0642223608546797,0.18828464069595
"gauss_indep",333,431,0.264108873850901,0.102323605460218,0.17815287833565,0.4830624037419,0.123156437406345,0.0732130391916872,0.0696356800326271,0.189951790420993
"gauss_indep",334,392,0.275767647953558,0.109768285965576,0.177687468394515,0.486470100142602,0.147875343362668,0.0899283152174622,0.0828037033217772,0.208193547439151
"gauss_indep",335,308,0.2882935054927,0.122398716134368,0.198718328517758,0.538342924696483,0.135330945090388,0.08367604481758,0.0766335300674198,0.190649574789809
"gauss_indep",336,181,0.38241419176861,0.203833368772562,0.267971801384709,0.689607955761279,0.199261320033107,0.16590147966708,0.113861629257986,0.2343459978792
"gauss_indep",337,289,0.442435687993546,0.260862540720833,0.262409780414716,0.6875688479556,0.171457668341241,0.163889922889605,0.0973997269436151,0.148705893825751
"gauss_indep",338,346,0.372848155505239,0.205112024549266,0.244055341380863,0.645235339565511,0.170806956376288,0.138887100287246,0.0929462800817339,0.167678590524369
"gauss_indep",339,302,0.277357976550179,0.118487909176142,0.18956892238987,0.517551375145399,0.129745628790941,0.0834498549632451,0.0779509932590099,0.189002576464956
"gauss_indep",34,492,0.109689055039162,0.0221864259608027,0.07617919220001,0.0558371044880208,0.0815797175063657,0.0239072979355248,0.0519546609569381,0.307721829458385
"gauss_indep",341,332,0.473305798300996,0.39007850216344,0.348482666173151,0.82548385233053,0.200846430693489,0.222238051721413,0.1227040537649,0.214606763588427
"gauss_indep",342,416,0.315675251941866,0.150625502708495,0.227688740300794,0.606866049207404,0.20543132255774,0.143913995853652,0.116098636252332,0.263770835112925
"gauss_indep",343,474,0.351702395796555,0.171034508206344,0.202830945199057,0.566055219106355,0.134004872914524,0.103637177079378,0.0759072705730311,0.14386351909181
"gauss_indep",344,246,0.416961619875402,0.227478510060439,0.270866176496779,0.695383506740356,0.200950867735609,0.171161287738517,0.107196659980144,0.193334642388349
"gauss_indep",345,420,0.343135793240073,0.162631831459847,0.236561799034365,0.627552774140455,0.170183926530993,0.12560298173833,0.0930368219007991,0.205476533219428
"gauss_indep",346,596,0.445520837401038,0.300100941186816,0.289917216530464,0.722975862839211,0.234999410435489,0.240750774927214,0.139826451809056,0.235005973479699
"gauss_indep",347,361,0.235824473826607,0.0761767075229271,0.165072073945631,0.44588347385661,0.12280972809793,0.062122020460358,0.0661851754517322,0.202848332201654
"gauss_indep",348,350,0.205187555559563,0.0582445632489242,0.138378082235326,0.359429441517521,0.10944917453072,0.0459248812463123,0.0591771973107267,0.208036504877829
"gauss_indep",349,343,0.196196700905953,0.0576239775547493,0.144721345007139,0.381567054924321,0.0752164908995455,0.0352774852281594,0.0437522431963762,0.160870430972263
"gauss_indep",350,667,0.195507017649725,0.0567953271203617,0.131436901381408,0.333521075222228,0.105453333276911,0.0461507573189414,0.0616750295803579,0.223367492895244
"gauss_indep",351,345,0.172538039858239,0.044961168260219,0.116293158305849,0.272879544752859,0.0716010626132977,0.0268320280239651,0.0391219106970542,0.15666313222213
"gauss_indep",352,387,0.124613131978673,0.0245830604902033,0.0803456560393338,0.100266010272665,0.0854562237391524,0.0254597946222075,0.0493822961973923,0.23547552705436
"gauss_indep",353,371,0.131554524682686,0.025994971253081,0.0900318762974145,0.144415832149368,0.087435289537025,0.0248857933218949,0.0477135268678771,0.244512694382723
"gauss_indep",354,499,0.120520313934594,0.0224124976396734,0.0815933541595116,0.0977606186700814,0.0701741197265509,0.0188819224158253,0.0372888330758475,0.196314812506502
"gauss_indep",355,717,0.137427562125728,0.0289359831707615,0.0899866569158022,0.146710490550025,0.0676266700442204,0.0211886357244468,0.0363634743826399,0.166844202911585
"gauss_indep",356,346,0.229885388563404,0.0766630822803459,0.151704821732245,0.40308959914502,0.100445248353543,0.0548759974340815,0.0622764685958122,0.197532035456353
"gauss_indep",357,500,0.210177294667259,0.0646767765480054,0.146969052656076,0.386652290831297,0.124790162794278,0.0586234201858438,0.0702571369858645,0.245497600014249
"gauss_indep",358,464,0.21176314543958,0.0693181163063385,0.161706468573002,0.439328521735522,0.115534177860318,0.0559695121000781,0.0641760691556222,0.2244698118352
"gauss_indep",359,349,0.220265207676632,0.0738225887395766,0.15800355804074,0.425810222064806,0.143881242394919,0.0720768886006013,0.0807663758833178,0.269806133576388
"gauss_indep",360,333,0.192702312097317,0.0567809458502418,0.153959824654654,0.428701718791656,0.108624130051518,0.051059676151602,0.0641978249181862,0.271838443284485
"gauss_indep",361,250,0.218839655635088,0.0726782091452097,0.143825191864582,0.373381272789799,0.128458525138588,0.0679271167647851,0.078666980144613,0.254587405792486
"gauss_indep",362,300,0.273094083661825,0.0969330496628488,0.177557086460573,0.48230582009628,0.122019730152835,0.0659765279097388,0.0601334598187001,0.164464585363523
"gauss_indep",363,229,0.538513771551776,0.379620736329479,0.380730150501808,0.906178687728436,0.242078199243484,0.280477796880347,0.162869852303722,0.314050938166411
"gauss_indep",365,446,0.356873400652062,0.176642584987177,0.239324196143025,0.630618236910534,0.179269425485735,0.136026181439119,0.0979722353108729,0.198050613753336
"gauss_indep",366,472,0.1730785494139,0.0488091325644646,0.111710855856077,0.29987285114833,0.116627607895258,0.0507759969345029,0.0558549637549803,0.151373227622992
"gauss_indep",367,401,0.171768080946077,0.0420025813322539,0.106568895658239,0.23682795779696,0.0778925377056144,0.0281956988801313,0.0387205274464575,0.145590919751106
"gauss_indep",368,422,0.161418571490444,0.0396456022679284,0.113871593655072,0.257421417108233,0.0955414304998555,0.034866264968527,0.0502581161614962,0.210522517706831
"gauss_indep",369,412,0.200981355847673,0.0627581678749466,0.145851044406836,0.385269826706297,0.0828532820460778,0.0405609185140555,0.0543732923536237,0.195613006376271
"gauss_indep",370,145,0.0605206000532285,0.00659593655596469,0.0448629786043917,-0.20167443397476,0.0371564349276774,0.00566157432710605,0.0234336538285419,0.293149715178576
"gauss_indep",371,125,0.0368247601603215,0.00266646604755772,0.0270028063339244,-0.462802393774098,0.0115021797039765,0.00103433611760626,0.00603039546872499,0.104205838263534
"gauss_indep",372,201,0.0674986641196047,0.0084858225421394,0.0475257141348073,-0.190396195015642,0.0321706332135769,0.0049486320235028,0.019506681931118,0.21069329638082
"gauss_indep",373,293,0.116863000632409,0.0247719753174952,0.0876339179732371,0.128381689470787,0.051519782749905,0.0155484625858981,0.0304066543088098,0.183091764128225
"gauss_indep",374,491,0.0984149048128169,0.0181818060723109,0.0726155200527048,0.0416638500991809,0.0418408154431947,0.0109983863848564,0.0242063560207439,0.150033394469348
"gauss_indep",375,394,0.103897384181855,0.01646032950477,0.0736474706735891,0.0429786646272608,0.0593630818287254,0.0144448459354778,0.0360265377983388,0.253719424099662
"gauss_indep",376,421,0.137131738514061,0.0273408518432747,0.092065636559384,0.149926222027477,0.0727490050429212,0.022499390180543,0.0421123952771174,0.222107202886266
"gauss_indep",377,536,0.147336397667058,0.0309832679450858,0.0914221160434362,0.159123241122632,0.0534384676166872,0.0179986285994186,0.0309954582984998,0.137907594711774
"gauss_indep",378,434,0.203614290012709,0.0565221283691473,0.1340966252249,0.339653750792148,0.0940792458464745,0.0394631386375601,0.0495961104184347,0.183729852890144
"gauss_indep",379,309,0.13525350362293,0.0268803305005823,0.0893620141841317,0.137809605170365,0.0733664130882562,0.0226112967721922,0.0454117912616318,0.246879276802664
"gauss_indep",380,381,0.121088036536874,0.0224897606235311,0.0751188712666855,0.054266301083936,0.0560197946381683,0.0153613872229387,0.0335136110770975,0.183197163092705
"gauss_indep",381,355,0.117117104645417,0.0185684576935273,0.084563953775464,0.118980666143153,0.0546266314563437,0.0131528771924239,0.0282678159183494,0.199184538775469
"gauss_indep",382,377,0.111414950074454,0.017986547924475,0.0709803583589601,0.0394148658119575,0.0556229702382297,0.0143346188069374,0.0291988447111367,0.155592758864337
"gauss_indep",383,356,0.122380474128518,0.0245871837140271,0.085289422773518,0.116477774868541,0.0678869971048353,0.019779827369776,0.0382273940675585,0.202849348192828
"gauss_indep",384,276,0.102978440335218,0.0225237149838407,0.0794215716535419,0.103699383312598,0.0378742362210709,0.00931625299933965,0.0218511736438594,0.174708545336333
"gauss_indep",385,188,0.0795849678304353,0.00950403984701724,0.0548967438660782,-0.105262392416648,0.0356877599053649,0.00636773314789665,0.0205402996905141,0.191634713159668
"gauss_indep",386,233,0.0579246111296242,0.00610650359161757,0.0409971531102796,-0.254002479474544,0.0300943729071143,0.00486164256534111,0.0201630700464233,0.249818925514042
"gauss_indep",44,168,0.0689117661215107,0.0074658599410939,0.0519375363900517,-0.116184270687065,0.0336145991570594,0.00541037854381516,0.0144282362377934,0.0985037285901447
"gauss_indep",45,490,0.0826182782563426,0.0105551422701461,0.0574106395603328,-0.0771722801391908,0.045192678651109,0.00858743203726673,0.0235493251286745,0.172952350338401
"gauss_indep",46,483,0.104230807425993,0.0183449862856829,0.0706834532360441,0.0239014766196443,0.0422165995308255,0.0100678462262982,0.0238774668196107,0.145605812604732
"gauss_indep",47,654,0.074600564164628,0.0105413943272926,0.0538832465860368,-0.121796543053467,0.0415558726623767,0.00845872067984038,0.0261191170249957,0.252469256355536
"gauss_indep",48,707,0.148033304631815,0.0333357070885667,0.0985539972613995,0.188012903553789,0.0789088870931992,0.027696144532862,0.0494319807387072,0.235837968145872
"gauss_indep",49,414,0.139903351714909,0.0286708028506462,0.0985046645585284,0.190352569830741,0.0713739739035737,0.0219792848032779,0.0417385174775894,0.235832838332627
"gauss_indep",54,359,0.273269987816692,0.110412150014543,0.186769604541555,0.510545895106264,0.144456438057619,0.0923344262761883,0.0807754205301214,0.185382839072336
"gauss_indep",55,871,0.180073404757069,0.0494879808954718,0.116694522537648,0.283668051135993,0.101523487987452,0.0438525721336224,0.0580222354504999,0.202603436118007
"gauss_indep",56,668,0.0817814435654296,0.0102230464465182,0.0572457606928395,-0.0858836044417415,0.0409376107316479,0.0074714015647277,0.0223043781476146,0.185552750268757
"gauss_indep",57,257,0.135163492027964,0.032354240488162,0.126123987660535,0.348894246569931,0.0817815455242946,0.0294172520569864,0.0461328041824296,0.257525888590111
"gauss_indep",59,323,0.12901527741347,0.0250900090787438,0.0894243065734005,0.145702381792622,0.0650347731716439,0.018551001300679,0.0341276430784655,0.162216277171763
"gauss_indep",67,688,0.385890900069927,0.225991204540647,0.238939809343544,0.639903235294725,0.187580583538331,0.16111628981407,0.10487607916826,0.177546386642882
"gauss_indep",68,1145,0.363660599591391,0.204111526696373,0.249754936541302,0.658853254964561,0.190221012905731,0.165183230549107,0.12183417515255,0.270612016042366
"gauss_indep",69,631,0.314534747937988,0.147228153240234,0.236135980696841,0.639722091388625,0.134244608718549,0.101196444268164,0.0861099206177488,0.237355361987551
"gauss_indep",70,395,0.256706853374743,0.103821881703864,0.190486669774475,0.518888314841866,0.177359835630869,0.107108931307588,0.118950899950112,0.372707544731011
"gauss_indep",71,389,0.16865386460525,0.0459603387618189,0.121719438134839,0.291978090816882,0.0940486262108894,0.0406244257145294,0.0615259455437643,0.262054977342479
"gauss_indep",72,713,0.137344010254614,0.0271407399164219,0.0978900717793532,0.184214311133286,0.0763109182888746,0.0235885697574985,0.0468005470209274,0.218963435742148
"gauss_indep",73,410,0.165597512561124,0.0411147482987169,0.11249759386144,0.252735118650851,0.104943842408648,0.0378682754258924,0.0611341156423107,0.270094700593506
"gauss_indep",74,562,0.132333428166697,0.0280972320692482,0.0992830080890484,0.191120904050073,0.0766882643289345,0.0255689812597654,0.045648417430794,0.231926724894861
"gauss_indep",79,495,0.293900720986464,0.139483851150745,0.215807299296563,0.584673076019681,0.0868976992233524,0.0554574464731027,0.0399744850812758,0.0776051831064337
"gauss_indep",80,509,0.234480543906817,0.0946050626329622,0.169217766259116,0.461333446622108,0.117878691345698,0.0709650640613965,0.0655137931046655,0.171677395222467
"gauss_indep",81,408,0.176334898053539,0.0500199257130308,0.123308082111408,0.302604890682911,0.088597392185535,0.0376118854941996,0.0490803249528534,0.177538383936653
"gauss_indep",82,441,0.140538739010028,0.0282913942000376,0.0987829166175471,0.187887723993307,0.0774002405280273,0.0240692596258093,0.0407343866189105,0.195755051728894
"gauss_indep",83,579,0.130756901887653,0.024748488470107,0.0899328272473869,0.14229082785873,0.0672020959418327,0.0198224429665361,0.0393280220392156,0.2189552536803
"gauss_indep",84,816,0.450367723918541,0.296870821392607,0.312622676377585,0.769555952459637,0.228002032873447,0.227009383450411,0.128298378142331,0.206934063447929
"gauss_indep",85,908,0.230628312151236,0.0871218425127677,0.163826364709959,0.444363650153856,0.12536117822125,0.0699734435258421,0.0732655167593159,0.205550644085475
"gauss_indep",86,616,0.180270872796572,0.0494313138332355,0.133705033254696,0.342739548369195,0.101365568675406,0.0414148361370544,0.0571289042834319,0.229964668738381
"gauss_indep",87,101,0.101717881362989,0.0175427284748021,0.0760505708069166,0.0656419625187207,0.0453104876446421,0.0113761554483039,0.0249888741407024,0.15513146666552
"gauss_indep",95,617,0.272311789228752,0.110036660820966,0.178802904008732,0.492851038924448,0.131645114983179,0.0812374017109324,0.0745001822405192,0.176875916947267
"gauss_indep",96,1009,0.291843272944921,0.129555798146475,0.208232465229694,0.562449160297744,0.0356570069833188,0.0237871397752136,0.0191112761951023,0.0418500634111791
"gauss_indep",97,592,0.361514003683147,0.187162018116179,0.246300438185388,0.646965734993882,0.201528674985654,0.164113952793494,0.109476273664237,0.204463292384594
"gauss_indep",98,450,0.325505135738335,0.161223395129283,0.240440436109587,0.636092521244312,0.175272179092118,0.124813930921285,0.0968828729879233,0.225298285523015
"gauss_indep",99,319,0.271728720563353,0.112428938081756,0.195057980752105,0.527869881061648,0.158119349167616,0.101831685059036,0.0912380222768545,0.23238041125997
"nig_cor",100,428,0.310539122511063,0.151112168513646,0.242468563737063,0.657012366525412,0.148692725566734,0.111969378784328,0.0918446488215861,0.244902742734035
"nig_cor",101,423,0.32270367438734,0.15264630565934,0.257159850011622,0.695390693166674,0.163523338303236,0.119442010317718,0.0937654625021788,0.248766976368618
"nig_cor",102,457,0.199426446578839,0.0627635272279413,0.146362824840654,0.388086051064256,0.100659941214682,0.0523177863426423,0.0645013677145373,0.243189921009039
"nig_cor",103,426,0.1293422453025,0.0244976788516265,0.0894151706857367,0.142753164298362,0.0651213847369461,0.0188143883619849,0.0342885199806999,0.170678450780981
"nig_cor",104,565,0.0978741646527364,0.015760021822672,0.0704347880818647,0.022122360143071,0.0482196791252639,0.0111781341189945,0.0275861748834158,0.181237506742527
"nig_cor",105,239,0.0965358797782527,0.0147743828869927,0.05560280530257,-0.0549132622306758,0.0513382858905199,0.0124380870637477,0.0308446406829761,0.175591179643906
"nig_cor",107,367,0.216722180236422,0.0888110052092093,0.149180750933656,0.387251156976987,0.0952391647827012,0.0492294311453236,0.0559748999236317,0.186304372108127
"nig_cor",108,404,0.298556854360773,0.139392719158835,0.200591456213411,0.542239434316876,0.142859618177453,0.0976380766462782,0.0801544603734972,0.183249584392137
"nig_cor",110,555,0.243052236613721,0.0933689831743701,0.170994951579474,0.464938980823846,0.13854162699397,0.0824608301576089,0.085512128947145,0.25420731087793
"nig_cor",111,342,0.142465608776622,0.0315727031929617,0.0995830789607911,0.195042501208086,0.0838458724942922,0.0286830412851185,0.0478795684658122,0.219739016068743
"nig_cor",112,358,0.117510716095067,0.0205015570209264,0.0787754015795017,0.078233872003472,0.063830827874841,0.0164494660924283,0.0360648161587907,0.213558160533423
"nig_cor",113,523,0.106399534976535,0.0181290064922856,0.0777017966835885,0.0695161659788801,0.0627378687877972,0.0159403686297248,0.0371377250557149,0.251916259282823
"nig_cor",114,163,0.0878538101682934,0.01188036068124,0.0641048303239008,-0.00852878667308163,0.0467754120962439,0.00960150756774427,0.0217371325468152,0.123238089945136
"nig_cor",120,878,0.207584877425407,0.0675914972058246,0.149885940523564,0.400878203853767,0.116440243613892,0.059489440752658,0.0738384349141935,0.275585754127229
"nig_cor",121,772,0.232639366284333,0.0962738938988318,0.171854737324247,0.466367289832957,0.137495392606902,0.0887993735440485,0.0892163032002671,0.280848521593344
"nig_cor",123,360,0.436774483691136,0.330275799152772,0.306522303370125,0.752719157043581,0.176484845266019,0.18374366447097,0.102862397510328,0.170165227028174
"nig_cor",125,442,0.298703018380718,0.126897752052761,0.20305509604502,0.549273696523166,0.142564716176573,0.0898884753221945,0.0784364635312753,0.193445481526981
"nig_cor",126,898,0.42512989948639,0.269917091499773,0.300112646400906,0.745671760645361,0.250808103746608,0.234116252706553,0.141492074039578,0.248257991675104
"nig_cor",127,971,0.515175903182474,0.354046193938943,0.29204451020929,0.749472016833279,0.25107220952992,0.268344140667078,0.130219590218128,0.167621015485866
"nig_cor",128,478,0.432824223117674,0.261751855011222,0.297587010382927,0.741536013702127,0.234066478071067,0.211638841481071,0.126833006513651,0.223688081940938
"nig_cor",129,321,0.366202742989451,0.19636662219209,0.26455078453819,0.685233327556347,0.182076929776058,0.15259576704955,0.109753188349445,0.233946373764849
"nig_cor",130,331,0.327797282682491,0.160613980480023,0.22791253992299,0.60743975918257,0.209492843567088,0.151605163180404,0.114424231756922,0.250749501741482
"nig_cor",131,294,0.30716689121118,0.142364632051087,0.21443001427219,0.577040880299144,0.181673590491078,0.126376434671439,0.103717775681681,0.23402161389063
"nig_cor",132,374,0.328456311607469,0.156010342821084,0.216337007904592,0.584567814753738,0.172445464386112,0.124257477016236,0.0928185988812813,0.19126831846096
"nig_cor",133,715,0.251301181917829,0.0979894210523091,0.165707972045061,0.451805833239394,0.123885781003889,0.0780442369517936,0.0779147967445993,0.207138431663138
"nig_cor",134,382,0.34247910248659,0.162563581394922,0.245778890827258,0.652232521841475,0.173439502190953,0.12338541296127,0.0950490454226194,0.228919476082123
"nig_cor",135,329,0.374097165869776,0.21657375104068,0.219475183653017,0.616745662235329,0.198388821090506,0.169264296498865,0.110110341207104,0.174940799753741
"nig_cor",136,301,0.517894856634429,0.365971148590807,0.338531419095764,0.806188143698263,0.249944886726289,0.281392249659375,0.140360421256582,0.203861120363998
"nig_cor",137,295,0.525225126585707,0.414133903876225,0.306021252163219,0.756095791546987,0.282824247829507,0.36675109548838,0.195184426529495,0.277398005033115
"nig_cor",138,168,0.491607696334042,0.356931539950763,0.383971450324822,0.876492717490205,0.287752279242887,0.322562725116549,0.154508345810727,0.244507394038187
"nig_cor",139,235,0.349565858515821,0.515292416724511,0.278828104708798,0.716055208335706,0.2792229546859,0.668797027252937,0.232020978824894,0.529445660682459
"nig_cor",140,182,0.389553898972551,0.194803409343564,0.251936295061017,0.658751260450469,0.0345504264651785,0.0283627658241591,0.0210802193359361,0.0418732961790522
"nig_cor",141,264,0.504753886384811,0.35622866371323,0.304737113051487,0.755090476673276,0.219291271778674,0.245828227838103,0.133148828438251,0.191709964518694
"nig_cor",142,343,0.416041668540827,0.248546802564163,0.291605141553475,0.729886413210396,0.233968312848878,0.212138328688952,0.123004739576911,0.214892706982036
"nig_cor",143,415,0.459720790755324,0.292002167416068,0.321041369178685,0.779157481616684,0.240279521916701,0.235892074874948,0.125102766533676,0.200673882494732
"nig_cor",144,473,0.312983343451709,0.149946597887309,0.219752513293147,0.588917344583248,0.195293112526936,0.14305174737527,0.10723208590377,0.229445310706075
"nig_cor",145,449,0.417888336858624,0.24276931065407,0.311639743432289,0.772345599385894,0.264991536565387,0.222253690642158,0.128512884512953,0.245576980742533
"nig_cor",146,303,0.48822516823302,0.314838307434135,0.305759391220499,0.753544876533395,0.211942282284566,0.216482855265631,0.120175262673556,0.191316461896801
"nig_cor",152,171,0.131442279969982,0.0316511876384445,0.0947479200608551,0.163613632731651,0.04941667103403,0.015605096882267,0.0292836040777044,0.154673214112725
"nig_cor",153,412,0.205732934101901,0.0687187317157286,0.147639033388519,0.392032437232538,0.115894116846151,0.0566753190738267,0.0625419335096303,0.188574901830014
"nig_cor",154,595,0.50401708449041,0.398876821573382,0.328437589682358,0.783920989651207,0.263385786001168,0.315036287324387,0.160240113096692,0.233830954416632
"nig_cor",156,863,0.318708302458907,0.173732667298535,0.227867747196763,0.604310450423217,0.15490834010075,0.115679750689678,0.086740051284071,0.190198788949985
"nig_cor",159,199,0.283572451970549,0.123902538662373,0.226154658206292,0.636774417889535,0.182380166881198,0.123102572149859,0.113403409458391,0.353973901277069
"nig_cor",160,555,0.185876115272481,0.0542581056252761,0.130621751912458,0.33168095226802,0.0945374482854676,0.04363503165954,0.0541203703023792,0.183262058745199
"nig_cor",161,436,0.213601517622083,0.0622016139823271,0.140322933139925,0.36791531693421,0.0733244846388608,0.0319369529387489,0.0376086200948984,0.119555882797893
"nig_cor",162,314,0.215565948093985,0.0673651099342215,0.161997609080741,0.451879254321134,0.106058109179957,0.0502189924611119,0.0604456662762522,0.234863160333693
"nig_cor",163,295,0.250134241081601,0.0895213717363483,0.179276367901878,0.488038079755693,0.127480481473404,0.0694124019831245,0.0674799898743546,0.199952167110799
"nig_cor",164,315,0.322685665120378,0.139863696437682,0.216741377901215,0.582860489912309,0.156281327757977,0.0999552061483692,0.0801493367755764,0.192154563361109
"nig_cor",165,437,0.240474557452585,0.091169774890475,0.162911503525717,0.439095642727702,0.11342573748037,0.0629291539828418,0.0667431321156145,0.202155360341275
"nig_cor",166,391,0.236410234604167,0.0803186638843716,0.166699545644307,0.456553329799756,0.144113590505595,0.0739044151683279,0.0869542167458433,0.300962202784917
"nig_cor",167,331,0.231880475615653,0.080222881846168,0.155705197889937,0.415918404826398,0.134181464328208,0.0733510175717558,0.0866163028832724,0.279146093825447
"nig_cor",168,370,0.176347478829884,0.0488019724761739,0.121069112158665,0.290764984023035,0.0734564597036993,0.0300945320032631,0.0440108801315983,0.178332738059907
"nig_cor",169,262,0.157893247752519,0.0411624354686479,0.110428875094531,0.251312518163855,0.0775086757900796,0.0268253481310038,0.0395217143786959,0.148440229474577
"nig_cor",17,191,0.196422963836679,0.0663483765919827,0.124178997447416,0.302572852586765,0.101733373462087,0.0550966040200301,0.0649085636389683,0.243699714902086
"nig_cor",170,287,0.2030120618705,0.0625935564314776,0.142506045378141,0.374568530971571,0.0876089855297386,0.0383784967238716,0.0443703560624851,0.139291074481963
"nig_cor",171,423,0.194232848259552,0.0593448502951977,0.133931011430841,0.354745484449821,0.104700730440009,0.0460958832513051,0.0529567680772464,0.154217625389352
"nig_cor",172,414,0.245751032039098,0.0896735237100763,0.163845210166265,0.445969271234895,0.156593368387956,0.0862703193221849,0.0895355113500434,0.238495481776967
"nig_cor",173,391,0.235765281078179,0.0931135704901186,0.170015412302982,0.479001275136057,0.0836010905156535,0.042419224700885,0.0370855765205909,0.0837982974338277
"nig_cor",177,202,0.295004566825603,0.158489808412295,0.209979432058456,0.572491767410967,0.12919914771076,0.0889455053599222,0.0815680323568659,0.23397998188623
"nig_cor",178,278,0.292712367507202,0.140506701436972,0.215220860693473,0.580232802883964,0.131094153537387,0.0908262149761891,0.0772785907582916,0.199347671267753
"nig_cor",179,284,0.38155703393131,0.198859716982378,0.24655241063481,0.646865270786108,0.19935150467622,0.157613952829127,0.110492398855551,0.214772141606546
"nig_cor",180,627,0.474725107819761,0.311256826651909,0.358599730211989,0.851763051311494,0.219216690374483,0.225724239758242,0.122381062260919,0.219582755066964
"nig_cor",181,204,0.828778661174948,0.918837423697505,0.636712300755349,1.15444277937897,0.364046153916361,0.601700149861262,0.182967219907528,0.203354889510739
"nig_cor",187,128,0.288640896903622,0.119602749663308,0.20160983510221,0.548136359445721,0.13491822575731,0.0853018213067983,0.0772381243978869,0.21419202902367
"nig_cor",188,260,0.256486792645053,0.0992384260638415,0.170042611045228,0.461263864520441,0.124720763338248,0.0760527280555658,0.0734029266624397,0.19713401776317
"nig_cor",189,346,0.20207085282648,0.0651603797459014,0.139539883856874,0.360751081048703,0.088443356902039,0.04259533283115,0.0510748753919073,0.168377618455872
"nig_cor",190,452,0.194931526346543,0.0644786593222044,0.141541375388448,0.366578264360336,0.0864879121072771,0.0390548664113734,0.0450024158630333,0.145369083016313
"nig_cor",191,616,0.196287967866066,0.0639477510277747,0.139744682739598,0.364618989455621,0.0785898145919125,0.0338755134559649,0.0434834525266018,0.155408490413791
"nig_cor",192,351,0.265747535496784,0.113523655409149,0.186385878697297,0.507310677686059,0.089256167044405,0.052518561180662,0.0518499900932632,0.145062730076287
"nig_cor",196,182,0.12820394891492,0.0299090109878607,0.093238399898366,0.165339931148976,0.0128040603125318,0.00379236840936252,0.00801003475222071,0.0552714173565054
"nig_cor",197,273,0.133803240770516,0.0346164428157815,0.0972265542761367,0.1812860742259,0.0467792861835298,0.0142050411538133,0.0253617326503982,0.145236939874194
"nig_cor",198,400,0.130194654607823,0.0282993303707383,0.0925168359013957,0.154485998919675,0.0182346079117268,0.00519401599671235,0.0095343101900005,0.0471997077293797
"nig_cor",199,434,0.19336097014332,0.0591325937846689,0.133714873480086,0.340365610741391,0.0942793942529191,0.0409035289318016,0.0531531538816247,0.194858193044489
"nig_cor",200,474,0.172261558643408,0.0510626960170572,0.128697165089625,0.319313155290072,0.080882002931855,0.0350425820129893,0.0472376661482812,0.19682883752344
"nig_cor",201,442,0.202965914565229,0.0640673607600604,0.141928393793133,0.367517877658592,0.102912443010197,0.0481851295308662,0.062146463478959,0.228322499612993
"nig_cor",202,407,0.216635961776003,0.0710911745827745,0.154412473161979,0.414877152110322,0.12340560844572,0.0604686387726039,0.0729494748456899,0.252242246989512
"nig_cor",203,459,0.211421571598339,0.0714796917824375,0.153399469649233,0.411069421857766,0.119180807955017,0.059003328181574,0.0720737933052424,0.258403989841877
"nig_cor",204,422,0.193592209313627,0.064788425652629,0.135860439458879,0.350761363806355,0.117450219647,0.05929630776292,0.0724081473239866,0.242681395587748
"nig_cor",205,492,0.253327475262559,0.104767267774202,0.163167583783069,0.443451147249567,0.129658054030984,0.0842670181772658,0.0855130975587758,0.23731917491129
"nig_cor",206,415,0.276984593048261,0.12626326606102,0.193688196963329,0.527250562301663,0.14767368210965,0.100074050566421,0.0902041392963717,0.22932759583999
"nig_cor",207,482,0.337322472699403,0.209876041391815,0.229616637219298,0.60950721219038,0.186055117720273,0.179575077935457,0.12299237829733,0.260832004664359
"nig_cor",208,551,0.477227581546755,0.368463534816521,0.343990038701588,0.816553901474669,0.259666313074426,0.312138904008849,0.158470583536332,0.246712322274269
"nig_cor",209,462,0.696270013803373,0.730722096785201,0.460134392410987,0.959121248108339,0.395733618693498,0.622120994644938,0.229978607318068,0.234879039316108
"nig_cor",210,259,1.20296071263549,2.15742926680397,0.838850100765334,1.25834985594955,0.593364553077452,1.47725101048658,0.323851269096057,0.211572205688544
"nig_cor",215,254,0.159740719571092,0.0417087294516845,0.107128911938523,0.237271646320422,0.0784555607552739,0.0299682352263056,0.0430029704388454,0.165043281441312
"nig_cor",216,431,0.333854803941807,0.161624978135135,0.221523776440349,0.59244669117716,0.175138339504239,0.126911671069126,0.0944166792128777,0.206437083383917
"nig_cor",217,400,0.567594323230701,0.432009874241405,0.316205425254101,0.790096317435916,0.117380469738797,0.161101917929631,0.0693917367320297,0.0822778371836022
"nig_cor",218,312,0.5643874306468,0.430318676761579,0.377129096528295,0.859103042997242,0.277570169700989,0.334363294698953,0.149691233064195,0.196971452751047
"nig_cor",219,226,0.688816718306639,0.760765865586043,0.453389209356426,0.956096159353944,0.319249560054198,0.523558860186666,0.193957376592486,0.187086927729772
"nig_cor",223,173,0.158311023224807,0.0396940447571761,0.107931984414192,0.235656835201454,0.0573962410962335,0.0214292305786968,0.0320263915447431,0.1274746547338
"nig_cor",224,276,0.177838510727475,0.0543689845193717,0.127009229794284,0.313670264787384,0.103812068913413,0.0424746168914723,0.0634559161268803,0.283267305469109
"nig_cor",225,373,0.171613063847866,0.0460159967081049,0.119397906433229,0.284386268743144,0.0753787534779407,0.029548170365678,0.0433675379071065,0.174189537397234
"nig_cor",226,385,0.173968730973195,0.0503912487161996,0.120624011626443,0.283540199147971,0.0693653845551287,0.0265387316068784,0.0370922666096772,0.142663776001264
"nig_cor",227,409,0.172828512114845,0.054419733452813,0.123322118647163,0.291103308914824,0.0637056299299403,0.0274419170621139,0.0369789969012314,0.151238273581482
"nig_cor",228,339,0.232367684729278,0.0902591018116282,0.163456851766079,0.439718740419769,0.0975245118138975,0.0502241181757816,0.0526425967980089,0.148490781820024
"nig_cor",229,293,0.244156240074533,0.0954738049402735,0.171486545053436,0.464761039796394,0.121106705562957,0.0661366480554892,0.0678658633788587,0.193410445071892
"nig_cor",230,120,0.199401391838386,0.0636078813110501,0.138229992630962,0.35927815490885,0.0889354069073605,0.0412029454633128,0.0472466977597262,0.151121704162338
"nig_cor",233,223,0.309810017360907,0.143721154406435,0.215913653123799,0.581785264653493,0.152989199596648,0.105912145295709,0.0907845662083658,0.226387360533205
"nig_cor",234,491,0.192608573583688,0.0582172226180452,0.128764491600128,0.327742097354812,0.0969728811536539,0.043111515989522,0.0538136456498816,0.178302460522374
"nig_cor",235,475,0.137975884957715,0.0311115413119026,0.100222926646367,0.206223025746001,0.0572914998714837,0.0178014019381815,0.0269047857204461,0.108583717119638
"nig_cor",236,315,0.183665965240748,0.0535899965140111,0.126196468756817,0.310205888259905,0.0768355707114775,0.0328174725219001,0.0436928458225769,0.164663776566115
"nig_cor",237,413,0.211296544968295,0.0661263090052236,0.140322210767433,0.369781459051341,0.11465676007066,0.0550259388703467,0.062084567811839,0.190564104755013
"nig_cor",238,436,0.108077571681571,0.0199051843261741,0.0746562925058625,0.0595924745120436,0.0560687752483322,0.0144066236345653,0.0296829820503601,0.158236353386699
"nig_cor",239,320,0.103078168662438,0.0167714398375279,0.0734477656382987,0.0437340381578636,0.0574798945761312,0.0138472935117491,0.030440711849776,0.183137929522461
"nig_cor",240,434,0.095034897362083,0.0147072172704169,0.0663473642815616,0.00518556214099228,0.0488898615655539,0.0112398087604449,0.0254265037762702,0.149203415070845
"nig_cor",241,437,0.145724375508116,0.0362263201797664,0.102885558326523,0.209579479513354,0.0882519864138783,0.035044878083413,0.0585269817576632,0.290365455305582
"nig_cor",242,298,0.217253764349078,0.065702728358568,0.144074957449976,0.378580486539457,0.122994448067369,0.0579257230064408,0.0723993087510042,0.239082639827984
"nig_cor",243,322,0.29378071631544,0.119141968168853,0.19399660245704,0.527171864574728,0.0918120126358499,0.0578524605283052,0.0522728648982452,0.126565665096434
"nig_cor",244,394,0.421525359921017,0.231658836140988,0.259237766348357,0.677709049159535,0.153799250164888,0.12761583752914,0.0809890802324281,0.134186405390793
"nig_cor",245,395,0.389405816945992,0.22753563970601,0.259049746869194,0.674443389839779,0.177948500090777,0.152063270692764,0.0978520544208148,0.171951385687286
"nig_cor",246,195,0.28706949201015,0.147083650954758,0.210164426689113,0.566861606814321,0.125942648894092,0.0875835286284933,0.0736825436593624,0.194518387299867
"nig_cor",250,139,0.21019531979155,0.0635808892360525,0.123273668546854,0.327056487063439,0.112069739477246,0.0530895238873777,0.0616360548157797,0.178054293560461
"nig_cor",251,392,0.303850877679729,0.130330714860465,0.190333913998588,0.52518534946031,0.107976709474159,0.0699186018547788,0.0583476142602266,0.127393707920037
"nig_cor",252,289,0.403565027686033,0.230023399089394,0.282245917927472,0.7154278432409,0.204736075736119,0.177545861511942,0.107906504923392,0.197618211444341
"nig_cor",253,331,0.495994760383202,0.305326367249217,0.34303933605401,0.817283765227989,0.241892006241387,0.239386171405693,0.121952732292059,0.206972455366021
"nig_cor",254,322,0.5723242192202,0.466330375580508,0.375842580892643,0.860137045119913,0.296353325684908,0.354282691001289,0.153962132144581,0.182572230206591
"nig_cor",255,104,0.479276310060188,0.405410171404031,0.331430495293776,0.791767795811143,0.284612919893442,0.328267511015386,0.170127279461602,0.245495001613146
"nig_cor",257,125,0.279514097054426,0.109172473653018,0.266218328616881,1.02779115726399,0.0760850391701386,0.0467277787460624,0.045441274089872,0.218367135353609
"nig_cor",258,174,0.243573807643154,0.0841088320450021,0.157055925161515,0.426550860752458,0.00776276256293327,0.00388818025303106,0.00631384278547777,0.0182523851276516
"nig_cor",259,317,0.256827528416175,0.101713771658288,0.184228037123722,0.500518421217789,0.155986242535955,0.0911859253045504,0.087267277523936,0.238221484394412
"nig_cor",26,263,0.0778020732362034,0.00920521987072026,0.0550536312536032,-0.104382331412918,0.0380391519247697,0.00732676414780805,0.023844377313115,0.214669053379122
"nig_cor",260,320,0.359643255665548,0.195877869818676,0.27839164073426,0.732560642925135,0.173996229467374,0.14410855381539,0.103874867885704,0.252790281352762
"nig_cor",261,327,0.486582123583191,0.318054325442461,0.317847353328276,0.773475998232033,0.258225935946154,0.256670883106919,0.133363447708763,0.205806532632633
"nig_cor",262,319,0.519452838340998,0.360585606083145,0.354464857399755,0.827730122000428,0.252906942633167,0.2723192589407,0.123234752115863,0.175440579723817
"nig_cor",263,393,0.57317131361762,0.473074061999607,0.397468853339252,0.886272555692908,0.342299315891092,0.425160058153124,0.197450784236142,0.268909412622094
"nig_cor",264,339,0.62581363844786,0.534244757135367,0.410845136892815,0.902888449767338,0.31026207382575,0.412906984798101,0.164070849929917,0.187024025757317
"nig_cor",268,358,0.397829101272407,0.240246688885832,0.258436279867423,0.673222380309488,0.241410453401734,0.230444884477627,0.147441314800769,0.254381597146899
"nig_cor",269,366,0.493370186956238,0.343422234259028,0.314743804807033,0.771520864996154,0.259088121916558,0.274370178585103,0.144416581978438,0.208685242654134
"nig_cor",270,422,0.456217033277624,0.30512748840875,0.339848801983351,0.81264709761906,0.231189426605378,0.239396661601963,0.130216417151559,0.220410627500382
"nig_cor",271,398,0.388113694923666,0.220945448595664,0.284307708269702,0.730026182905583,0.217679711115749,0.193622398837987,0.135738134204438,0.295015895080021
"nig_cor",272,395,0.290547986680866,0.134137154323026,0.21133371689253,0.571462979296648,0.172800258371553,0.119855935653888,0.104107895549907,0.270564247083519
"nig_cor",273,301,0.267272867579516,0.105887759846657,0.19540750770632,0.53694910023638,0.152744879265257,0.0916281809159525,0.0903256497698258,0.270543871137393
"nig_cor",274,264,0.17939834587256,0.0492806622555176,0.116573522220108,0.274944370947082,0.0828526754463303,0.0332331741829878,0.0479675645370635,0.179868329771688
"nig_cor",275,230,0.167318019537796,0.042682075325898,0.115955337279955,0.267710656632618,0.0765025455058864,0.0316107470978721,0.0465287128990655,0.188905855100952
"nig_cor",276,254,0.144255255074701,0.0335332954820703,0.0950428054955768,0.180487578567005,0.0762515100734603,0.0270076576351682,0.0433990203843721,0.182575271423384
"nig_cor",277,372,0.111449470690091,0.0204385373528922,0.0781552164939157,0.0798258937619414,0.047467883137653,0.0130829885728053,0.0265969154171374,0.140719699200984
"nig_cor",278,354,0.128065786345968,0.0257145898315639,0.0890347910357664,0.14516600577412,0.0494672221620028,0.0147772062869994,0.0254653003191373,0.11694124690352
"nig_cor",279,399,0.169434049115166,0.043967355673989,0.116192020357274,0.268259934636223,0.05291774130131,0.0201415948037237,0.0316035825340914,0.140904242898362
"nig_cor",28,161,0.132403168765528,0.0275346770048001,0.0904335042504361,0.147754310089182,0.0900012875913174,0.0291877378567729,0.0486727780780687,0.231020890338204
"nig_cor",280,153,0.291329077369503,0.145204929695445,0.223629479616462,0.634374132595359,0.141418192242141,0.0885408360104251,0.0846177456045745,0.26342097927888
"nig_cor",284,411,0.179080351599825,0.0476329167703843,0.122209526416078,0.300299278165126,0.103538810197738,0.0406496676428875,0.0563992768520102,0.204957838261621
"nig_cor",285,282,0.173039716434467,0.0483687911744097,0.120061348382368,0.289086247788941,0.0976145029027293,0.0407067090452836,0.0558379346801702,0.205185489595574
"nig_cor",286,302,0.15559734007069,0.0402290195178365,0.113758649899849,0.264814158467529,0.0630794454012588,0.0235237098389348,0.0358665553715333,0.164793249301498
"nig_cor",287,437,0.134352938890312,0.0287117968237959,0.0932178671834563,0.161754835052618,0.0457068295537122,0.013570579151267,0.0247839894433604,0.126175322801192
"nig_cor",290,320,0.536753366202685,0.402389993585396,0.382200034208509,0.869435059099576,0.306236383708232,0.346598174977546,0.164306748968096,0.241422015152703
"nig_cor",291,272,0.613583061064692,0.52681140739879,0.376896179272067,0.866017256107679,0.284235235994586,0.38003597381316,0.161353802383302,0.180620892661583
"nig_cor",292,309,0.537216005044845,0.412943522362542,0.361128560658528,0.83816312905009,0.285931952159363,0.334519309620862,0.164488167589979,0.226680936198225
"nig_cor",293,281,0.419478373407582,0.253498887859085,0.246281851876187,0.671649942711434,0.191350750982517,0.172417206903428,0.0992692124327178,0.142896646119505
"nig_cor",294,332,0.393951671881303,0.218826173048502,0.32231561036308,0.822076579610285,0.22725774819307,0.193320663770555,0.124796213996444,0.28263795996286
"nig_cor",295,380,0.376097243886272,0.208732856287717,0.262762957720785,0.678354382752987,0.223367199987425,0.18741260723595,0.127871274351298,0.253202539171805
"nig_cor",296,390,0.454526255780761,0.301988998698021,0.298104652715123,0.74198563986167,0.242983650261224,0.256735885170807,0.15313714210602,0.250399020438811
"nig_cor",300,249,0.372826053029249,0.234687261133922,0.275169146271207,0.705373280274193,0.199462924544598,0.194095951916542,0.126306725724541,0.267560028905128
"nig_cor",301,296,0.305455867879041,0.13588638658673,0.210012776465609,0.569748610631938,0.159474186161508,0.106229347722187,0.083660889934688,0.179691037373573
"nig_cor",302,301,0.414059373715776,0.240940638602882,0.264943001681335,0.684046484566695,0.183500468687909,0.171297186042502,0.107787035668887,0.184917833839089
"nig_cor",303,260,0.399411461682612,0.23063095719915,0.308299969553377,0.777406974907339,0.1934259852424,0.17009948964094,0.107794167693224,0.225731231271385
"nig_cor",304,329,0.368709859237769,0.200855105322154,0.241821828728702,0.636607540537828,0.188505784465206,0.154101445703928,0.108529102538166,0.211112537245807
"nig_cor",305,174,0.229726182984662,0.0785178064029628,0.162339832144982,0.479611862762643,0.187015433274068,0.0918664498791166,0.0712829702505142,0.140832615278251
"nig_cor",306,189,0.296629160285385,0.136100087630492,0.183062230072052,0.501697183874863,0.166299732672582,0.11469423793382,0.0996584932325112,0.230311861398351
"nig_cor",307,240,0.24073976678409,0.0899640418751581,0.171504322241564,0.470670724752612,0.140193832168911,0.076893075631373,0.088678977602257,0.300601508205534
"nig_cor",308,240,0.175824051990448,0.0503270281533622,0.124567179229681,0.303653691102544,0.0854315171647708,0.0348628235838902,0.0493007708265389,0.196861070182902
"nig_cor",309,253,0.188533515923567,0.0571820851085349,0.132081323230951,0.336755228168207,0.0833623990619843,0.0377268317876785,0.047669703275001,0.170682880974286
"nig_cor",310,246,0.171283016205271,0.0468338576082779,0.126654975433726,0.312944741268351,0.066329064498268,0.0253531610323376,0.0368164886126952,0.159932232321003
"nig_cor",311,282,0.155439305261717,0.0397366828338407,0.108339330041402,0.236280128322746,0.0592214541354024,0.0229822835086062,0.0339784902941989,0.138843977178552
"nig_cor",314,376,0.282346219086409,0.13100654869326,0.196848239823956,0.530659728458751,0.117035175923198,0.075877681715195,0.0638765179435688,0.149301110959575
"nig_cor",315,378,0.330306492008149,0.161900210994129,0.229890766134773,0.613017066102668,0.159585015352994,0.118200297787023,0.0957279017279629,0.228859951009956
"nig_cor",316,391,0.257751158172456,0.102162774799342,0.173436801287508,0.47252808615051,0.120674249349148,0.0721738269818138,0.0712968377892062,0.19515337208924
"nig_cor",317,456,0.206466476996898,0.0660136141620098,0.150560588628298,0.407399668917575,0.0970315779728373,0.0460571819153631,0.0580352775042337,0.22816057513236
"nig_cor",318,416,0.172352254033316,0.0469092615619054,0.121506400162095,0.29607545793686,0.0742259441081077,0.0291500362845771,0.0435277261699222,0.19035958063989
"nig_cor",319,321,0.14424706815335,0.0357431570264897,0.101943460715573,0.205983032952652,0.0610661696506741,0.0197996637624748,0.0329255219155198,0.159173391071442
"nig_cor",32,761,0.185565064493996,0.0702610786996364,0.128605972694601,0.31053453767275,0.0910566674619135,0.0563061333375852,0.0670866977954762,0.283320238695476
"nig_cor",321,416,0.422630945221568,0.242294152930999,0.278421438965846,0.708659722056141,0.208390818054449,0.18674194366403,0.10763305341454,0.183533920301048
"nig_cor",322,379,0.308041749830385,0.145317426627729,0.216312285676366,0.581848413936677,0.162577828805782,0.118489195350088,0.0959469961655923,0.219960512053315
"nig_cor",323,292,0.30399649364753,0.137420678818156,0.218619346875718,0.593322725075839,0.147291682093162,0.100495172012419,0.0881963951610724,0.210854017437531
"nig_cor",324,375,0.2980316953675,0.131035603769613,0.196114014775421,0.533139685769268,0.13845647702708,0.0972775708684362,0.0889506974652892,0.221460984043078
"nig_cor",325,469,0.242306275952105,0.0930822353792436,0.159067157088297,0.425749464014858,0.145481145850136,0.0846000641163315,0.0874043938982016,0.247054651783234
"nig_cor",329,362,0.433496413839757,0.284590758311675,0.293051429874113,0.729085682566969,0.228740937106621,0.260279268858673,0.155828026998474,0.257958900630873
"nig_cor",33,969,0.105786211411943,0.0174246030143966,0.0733987269269693,0.0377873530425703,0.0550091162120308,0.0141565649363012,0.031269457808634,0.19805575524459
"nig_cor",331,144,0.233840753822371,0.0834044324408519,0.157871615187476,0.427167769596604,0.1268596004857,0.0701754466130044,0.076215986237569,0.236232887688158
"nig_cor",332,375,0.244210439265555,0.0923725106797796,0.180306360922517,0.49768578022784,0.0993036666852134,0.0547179134587942,0.0574063044738125,0.182445238876808
"nig_cor",333,431,0.280504915030518,0.113608040875133,0.205589819070343,0.570272931734702,0.164993822794985,0.101177556813229,0.0990665311614632,0.308852563820077
"nig_cor",334,392,0.282303429689024,0.118383578694435,0.212440919913821,0.581782191649428,0.147619081008471,0.092218205061614,0.0835582102968923,0.23791220796179
"nig_cor",335,308,0.287396598633307,0.123021998008844,0.192978233089089,0.521214933671873,0.140957871584625,0.0937708962457173,0.0839897073531328,0.210962069215895
"nig_cor",336,181,0.371509143042591,0.193635534258284,0.229878064797978,0.620157926730162,0.219943263707913,0.178660020937309,0.118940554954275,0.213358406669806
"nig_cor",337,289,0.392720256365968,0.220865801723237,0.291207999685729,0.732391563683402,0.172927371535241,0.14318207657274,0.0826642832026653,0.158260739631576
"nig_cor",338,346,0.370197255490243,0.206027272400136,0.28783711812702,0.735097032349236,0.192054581051059,0.156202871477013,0.103945743855326,0.223065902146887
"nig_cor",339,302,0.317410532882081,0.159276054483574,0.215758482170266,0.579924584312997,0.196175224301582,0.14488392772773,0.127588103423258,0.310111377517506
"nig_cor",34,492,0.0972740222853625,0.0166426288899182,0.0650214492088746,-0.0141532939643709,0.0633543408845749,0.0158769698316546,0.039353910391015,0.248842799126099
"nig_cor",341,332,0.516116346559867,0.465384629152051,0.399554947544072,0.939043029313752,0.250829763321753,0.318094882288474,0.167676236486247,0.328454265431427
"nig_cor",344,246,0.419620590504641,0.226125245181412,0.244877044003664,0.651862200144938,0.174502959397474,0.147020461553783,0.0893502260524934,0.150179977381094
"nig_cor",345,420,0.342779231115071,0.16286279324393,0.229194704783135,0.608169026264046,0.17295476758325,0.123109958033124,0.0904414584032288,0.197365768326199
"nig_cor",347,361,0.247395322829532,0.079378697959602,0.162251390668386,0.437201850590176,0.0947374905609719,0.0493070090685784,0.052495095577865,0.160417555729268
"nig_cor",348,350,0.197733005318854,0.0538973218381007,0.142013204407029,0.374442550556814,0.0956022657069754,0.0413960491917461,0.051319445435925,0.197935858128318
"nig_cor",349,343,0.249340244643889,0.0771001473089735,0.153773414496459,0.409986326156778,0.0825120031127588,0.0438905747233481,0.0558323169884361,0.194608687887248
"nig_cor",351,345,0.170765278699814,0.0435673096668748,0.116107714555533,0.269095566436371,0.0815964848258865,0.0321475215321471,0.0451725861054951,0.181275563094712
"nig_cor",355,717,0.134560277080931,0.0288065566313778,0.091633307864759,0.150969295567203,0.0766556517183463,0.0258513754381241,0.0442624301409457,0.207732938664738
"nig_cor",356,346,0.23303028189674,0.0797694877991886,0.155822375069617,0.413828263598803,0.132587469675099,0.0738162824416364,0.0861088056823768,0.279157651446612
"nig_cor",360,333,0.203157720540246,0.0588939189425274,0.191447778173675,0.798008148189451,0.0670959855396985,0.03180047992222,0.0412791631586887,0.27039332913003
"nig_cor",361,250,0.216705158064203,0.0697221199302091,0.234319558971126,1.53041907364026,0.0577974734019878,0.0335820725388442,0.03731792979588,0.363093973410928
"nig_cor",362,300,0.284089394939878,0.102205159665209,0.168596556313417,0.461844495150331,0.122898787737049,0.0713229096652369,0.0647156488280172,0.164942903388739
"nig_cor",363,229,0.495201106917111,0.331992137872027,0.279413986696936,0.714452591105349,0.18879335790663,0.218725624233282,0.141318607423335,0.220241668155475
"nig_cor",371,125,0.0393129171736637,0.00276423891175218,0.0351148017978657,-0.223784176800528,0.00655769935237885,0.000583813539696086,0.00397991869446191,0.0987832500554262
"nig_cor",372,201,0.0771356929403935,0.0107641570418459,0.0577529682563067,-0.0810737010478856,0.0356342617885674,0.00779276567547999,0.0242367675920016,0.264328286693244
"nig_cor",377,536,0.140642976285557,0.0298535511833338,0.0947293750674739,0.171313575722958,0.0772091991224479,0.0253602113735729,0.0429161915531507,0.19663618301215
"nig_cor",385,188,0.0836652332810642,0.0108562993121485,0.0591417823832086,-0.0678608812216483,0.0364194942361467,0.00691544280372265,0.0228618230456825,0.235259867429245
"nig_cor",44,168,0.0733741180366123,0.00897613440408408,0.0529235889421234,-0.136772451698881,0.036616799030309,0.00633768756637536,0.0188972399101725,0.162258372182791
"nig_cor",45,490,0.0830833762491814,0.0106856702240038,0.0564603080797268,-0.0898795588550684,0.0412486425266232,0.00770995401375159,0.0230319875344967,0.187807097827867
"nig_cor",46,483,0.0979363208641815,0.0156182275163308,0.0674997634911495,-0.00893042210948585,0.041283637000461,0.00844043563686877,0.0204519223306666,0.13541162747485
"nig_cor",47,654,0.0712979659815767,0.00992152111088717,0.0512475372946791,-0.15565697096216,0.028516021927523,0.00492969080261414,0.0166525948954152,0.167065896339188
"nig_cor",48,707,0.140665790688799,0.0319467422121671,0.0994070817409018,0.19057291046885,0.0857467382591814,0.0292040400370942,0.0518219063857975,0.258464164216212
"nig_cor",49,414,0.181774079590127,0.0440283690997769,0.122956508865317,0.323630394288006,0.0364951068150792,0.0107873279875949,0.0205221228517279,0.113059713276109
"nig_cor",54,359,0.283157044610426,0.129789063795162,0.207764357888393,0.552065442477916,0.151719462809867,0.106828361717435,0.092234092434814,0.239391858584427
"nig_cor",55,871,0.189170771155559,0.0557713457181982,0.128223989844669,0.313944628275827,0.107667657367445,0.0463585477438441,0.062454064468027,0.241784087059775
"nig_cor",56,668,0.0795447052292315,0.00960241927133557,0.0544554355138955,-0.10777802498288,0.025613383162646,0.00485206922497113,0.0142293959582445,0.119776661444441
"nig_cor",57,257,0.162712639450772,0.0402063934560709,0.122364924128081,0.300039906564462,0.0933397148855688,0.0356583205007376,0.0628335332925015,0.29047501699051
"nig_cor",59,323,0.121883332817189,0.022717404580251,0.0847176954962584,0.116432898930007,0.0662879446209761,0.0186932896386069,0.0368993372687445,0.196645928840825
"nig_cor",67,688,0.385230110297438,0.226402811834029,0.277902492628611,0.706780518718091,0.225850748178553,0.196206364653533,0.1286332089725,0.253954491476013
"nig_cor",68,1145,0.358160651170075,0.195435217371117,0.250370358697264,0.657406470440653,0.182158139731932,0.162134097272263,0.115823511945766,0.262086851302626
"nig_cor",69,631,0.324126956747599,0.152603930479464,0.227958164966037,0.608292483658085,0.158576716820057,0.11721247124115,0.100698363777679,0.259839221219785
"nig_cor",70,395,0.270871986862638,0.10990681589703,0.1802031551471,0.488809823136293,0.157951304530194,0.106655590527946,0.113730941286854,0.33654821771401
"nig_cor",71,389,0.175764359197716,0.0478867727582428,0.122251267011398,0.292864871899976,0.0988178932876354,0.0427871454419889,0.0627081965869503,0.267586643133305
"nig_cor",72,713,0.138194141029045,0.0271523380069406,0.085658739841719,0.123967264967771,0.0616942673040067,0.0190114826569889,0.036348128980375,0.170979263769627
"nig_cor",73,410,0.161738382059143,0.0390240966382922,0.105058810452312,0.218547051137657,0.0833448290575668,0.0318571656299054,0.0514241646664502,0.230728381568835
"nig_cor",74,562,0.136667431514976,0.0299835418710135,0.0946792848486887,0.16937048584201,0.0769915558918355,0.0254438329084339,0.0470615653475613,0.243813255569996
"nig_cor",81,408,0.164640489221932,0.0448334051168339,0.112229569113084,0.257772029963242,0.0819539446019776,0.030972225718856,0.0489143546563344,0.192540400122918
"nig_cor",82,441,0.158999405051001,0.0366311160455593,0.106872392473784,0.227187000584459,0.0708643857674617,0.0258572217865968,0.0418340008423094,0.196771184157087
"nig_cor",83,579,0.12759424031975,0.0234139965447177,0.0834454994792346,0.105127508206995,0.064778591659749,0.0183220497997362,0.0368756178901437,0.204151418983022
"nig_cor",84,816,0.492824084920024,0.349010021385533,0.32176731261308,0.782538162986629,0.283878708747061,0.310984415240348,0.170617808130656,0.253315313054044
"nig_cor",85,908,0.24639026933504,0.0946844950895841,0.172026301821202,0.467099115327341,0.14679150949813,0.0865511883015848,0.0860496973259548,0.237835972861407
"nig_cor",86,616,0.173823251130316,0.0461944830371257,0.113404978331851,0.264331695736783,0.0965878664496617,0.038036961955881,0.0550200648798541,0.208081895451453
"nig_cor",95,617,0.272773188871162,0.11522069621733,0.191844326548175,0.521065625330593,0.127362728442318,0.0784580003253613,0.0709746696762439,0.176693721017405
"nig_cor",96,1009,0.307934882795197,0.137986381993247,0.260632491175039,0.727557841151918,0.148003860806218,0.100253551599351,0.0806782565727279,0.234360598359645
"nig_cor",97,592,0.386174684323037,0.219214676368711,0.260178749159317,0.672761788829457,0.219355611160571,0.191820089516423,0.12623210715566,0.23588470784182
"nig_cor",98,450,0.324995038424031,0.150744070578051,0.215586947024748,0.582475958649882,0.168982535040826,0.122305140324053,0.0955537011804995,0.20287995361831
"nig_cor",99,319,0.360058775068466,0.180762371685012,0.25494219180524,0.692003557299931,0.176923544220262,0.14177548407252,0.119600359562461,0.322844248353095
"nig_indep",100,428,0.313252867065587,0.153162579442152,0.242601789777656,0.652585544326594,0.149544022809914,0.112013163414021,0.0904183615519996,0.23151374841739
"nig_indep",101,423,0.322345882781964,0.152392790848556,0.256058233014532,0.68935904985741,0.163779873197781,0.119499283822659,0.0928655490115304,0.242168568980272
"nig_indep",102,457,0.200191196148434,0.063208851249751,0.146835326033095,0.388163849098591,0.100400218334256,0.0524004959734217,0.0623382868847669,0.223524857472636
"nig_indep",103,426,0.129957101779168,0.0248168156109996,0.0905785067008482,0.154957966349771,0.0659353617245379,0.0191180699906276,0.0331276503171399,0.150338485831129
"nig_indep",104,565,0.0987472110452767,0.0159892193750825,0.0716166309136044,0.036208065323379,0.0479174659396908,0.0111227823513302,0.0250079387268129,0.144365142404792
"nig_indep",105,239,0.095797837015819,0.0147338190535787,0.0576051953440996,-0.0309800919028797,0.0514475306393209,0.0123967079562507,0.0284226821570603,0.151825099752051
"nig_indep",107,367,0.215841730537289,0.0888981546550621,0.151097948358496,0.388124846201108,0.0947337102249734,0.0478508714804247,0.0570639234259879,0.190824480737788
"nig_indep",108,404,0.295751773690022,0.135884605368827,0.19891573178285,0.539878185023231,0.142822324418085,0.0967224853385819,0.0785452315600462,0.175631455242683
"nig_indep",110,555,0.243668448673694,0.0944182614466905,0.17139297277137,0.465416315168763,0.138788502915691,0.0827891591367292,0.0849219562737631,0.249008031955272
"nig_indep",111,342,0.141247079677389,0.0309995076887662,0.0985273091428784,0.191279130929489,0.083292831328409,0.0281812251759965,0.0464622728938947,0.208040778510083
"nig_indep",112,358,0.118516488072512,0.0209430746761608,0.0799654023798641,0.0883562642981674,0.064266439639824,0.0166511502072133,0.0343895139913001,0.187549842913533
"nig_indep",113,523,0.106501541201036,0.018228630309461,0.0773575986004735,0.066689014862706,0.0623569959460532,0.0158064336312272,0.0347828752901232,0.213868443494673
"nig_indep",114,163,0.0874224633677717,0.0118215872218835,0.0642819857713819,-0.00570047434338764,0.0467654226360819,0.0096289992388034,0.0215680081770491,0.121793277398674
"nig_indep",120,878,0.207788163892107,0.0676397152581005,0.149646259342127,0.39944669287906,0.117097819677703,0.059801923913077,0.0740521842625532,0.274020689601295
"nig_indep",121,772,0.233370505142228,0.096714208588617,0.171848471714883,0.466531553146177,0.138370130772949,0.089502024172154,0.0893313830241303,0.277180323883936
"nig_indep",123,360,0.442404191322646,0.338246612261807,0.31067778383899,0.75878494824906,0.177446121085583,0.188924453411296,0.102496139287757,0.163823101533484
"nig_indep",125,442,0.296508538086243,0.124995284727874,0.202054243677035,0.546912082493983,0.141601104502918,0.0887170179167711,0.0793600581367873,0.203299192062241
"nig_indep",126,898,0.424926862904662,0.269262809522944,0.300853537878359,0.747574662195547,0.251377360296815,0.233946492813644,0.142671670173266,0.253064949159873
"nig_indep",127,971,0.51516502177357,0.35346654709596,0.290953118271965,0.747332415974964,0.249791081005878,0.266521884681991,0.129743271713661,0.168095687946967
"nig_indep",128,478,0.432747576046567,0.261404147242234,0.298191442010557,0.742934940743884,0.232793961903566,0.210736542291393,0.126247265470056,0.223010215004982
"nig_indep",129,321,0.365818578941456,0.195772827007232,0.264545907061921,0.684308105462096,0.180926867224643,0.151663412174558,0.108518954193673,0.229908057142889
"nig_indep",130,331,0.328931724068126,0.161282830503497,0.227948157295817,0.607055702581165,0.209473367513375,0.152109977693075,0.11422281348393,0.249815858955046
"nig_indep",131,294,0.307512594706911,0.142618494156775,0.214492833815138,0.577620968517524,0.181739914776671,0.126395492246565,0.102679532090817,0.231429170121703
"nig_indep",132,374,0.328104238061999,0.155819587342371,0.216148260975468,0.584277143418301,0.172705502931199,0.124203121209866,0.0930224246588282,0.192261564477324
"nig_indep",133,715,0.252087246622168,0.0985350222685716,0.166483664658653,0.453588970345648,0.124658078563898,0.0786279000021292,0.0784527207236515,0.20893217116575
"nig_indep",134,382,0.343073801726269,0.162550969144951,0.245762312809216,0.652183359178262,0.172939341853367,0.123345296777414,0.0948591681277001,0.229049328826921
"nig_indep",135,329,0.374078955397873,0.216515716236307,0.21829048110445,0.61508780691646,0.198715743774915,0.169483291158244,0.110788936294184,0.175757040632785
"nig_indep",136,301,0.518051167866444,0.366465689739227,0.338926927088052,0.806548722454635,0.251332845267533,0.282270127814202,0.141642241532995,0.205361801144288
"nig_indep",137,295,0.515598660486625,0.385714372740237,0.300689811759142,0.751054607386351,0.280951087334883,0.356044027203563,0.191428198572541,0.270948346735338
"nig_indep",138,168,0.492904880805025,0.358769208605207,0.383884978687513,0.875682057404059,0.287642682769217,0.323690292882059,0.154796107002825,0.243749100325881
"nig_indep",139,235,0.349302634598608,0.514047572113316,0.278178230575188,0.714647118462556,0.278344468021711,0.66692993254052,0.231215853629813,0.531847651943892
"nig_indep",140,182,0.389655793837932,0.194302544228044,0.250765205501274,0.655356554586231,0.0347277433609204,0.0285224187986019,0.0206857988033418,0.041636253026553
"nig_indep",141,264,0.506883250452275,0.357576363100742,0.305875759879375,0.755990341672909,0.21772503888619,0.241278024412725,0.134821487317172,0.196991329419867
"nig_indep",142,343,0.415994770886878,0.248396945835396,0.291369240696193,0.72945337000392,0.235258119064426,0.213188207505506,0.123600359301963,0.215689088708071
"nig_indep",143,415,0.457736300267337,0.28927702107559,0.320635776939156,0.778432083948305,0.239119814569733,0.233584334256765,0.12455074299378,0.200515850982641
"nig_indep",144,473,0.312226330032247,0.149519321857091,0.219649075941457,0.588904098179793,0.195459674595615,0.143157324437445,0.106420274181169,0.225928035880697
"nig_indep",145,449,0.418422172718587,0.243436817001285,0.311105970858946,0.77079713408432,0.265845112631217,0.223089781087147,0.128683532523659,0.244512452224885
"nig_indep",146,303,0.487221974475294,0.312950098065448,0.305011895170785,0.752840157607078,0.213237703459634,0.217325768919269,0.120660605582569,0.191694843140448
"nig_indep",152,171,0.132413020686444,0.0318572087116345,0.0953735498221765,0.168133450980916,0.0501898387541491,0.0157213628722055,0.0287060076219163,0.143896909492034
"nig_indep",153,412,0.20650893119325,0.0682706718138326,0.147638114574185,0.392609174791388,0.114775497452117,0.0562733585135949,0.0622566447095422,0.186212862612487
"nig_indep",154,595,0.495041037765145,0.355614939042602,0.320654928524807,0.776495247861524,0.26129435852636,0.290096986253434,0.155055386639739,0.23225094830928
"nig_indep",156,863,0.318930234271192,0.173097909519783,0.228624245838506,0.61100090462958,0.153714293285762,0.115682326152896,0.080316316117158,0.155160221181553
"nig_indep",159,199,0.283058029414532,0.123124473856942,0.227022314969056,0.64988492611844,0.17897694539938,0.121321740003257,0.112268982222175,0.36678219727285
"nig_indep",160,555,0.186702127404688,0.054524345858829,0.130276697346629,0.329177007684192,0.0940259751009246,0.0434458755731182,0.054184303783782,0.18435189031571
"nig_indep",161,436,0.213176659106877,0.0619918722985738,0.139749130369917,0.365555228100118,0.0732259229014721,0.0319077703197236,0.0377995879023042,0.121641108993347
"nig_indep",162,314,0.215056080985381,0.067065821288139,0.162326973205275,0.455240993985029,0.105884705158011,0.0500550753690023,0.0609431799852359,0.240275424674986
"nig_indep",163,295,0.250154336978566,0.0893634043397567,0.179745225387604,0.489851674876364,0.126480078263177,0.068756141420791,0.0678413011701122,0.203440917321775
"nig_indep",164,315,0.323245330605184,0.140331282167158,0.217535431109966,0.584789076548115,0.1551810366767,0.0994008658104233,0.0799591100283762,0.192264110503365
"nig_indep",165,437,0.240760220830939,0.0912092235793329,0.163607816351213,0.440904107927783,0.113140384965454,0.0625937706295657,0.0665212235662547,0.203228273881545
"nig_indep",166,391,0.235807506602979,0.0800165450810528,0.166816101202996,0.458733246764799,0.145535152247858,0.0743751503952641,0.0885318691645731,0.313951380443585
"nig_indep",167,331,0.231469114406409,0.0801254870124133,0.154771407794727,0.412611498374411,0.133651330282966,0.0731246231916391,0.0871746790901082,0.286662373060135
"nig_indep",168,370,0.176288858288293,0.0487625048651614,0.120910372352112,0.289969110279206,0.0730186962257761,0.0298906745461977,0.0431390278451559,0.173282929702487
"nig_indep",169,262,0.156179463868947,0.0404582200821425,0.109984875842515,0.25009352595712,0.0770654163978333,0.0263784050339491,0.0378827661537956,0.140168373214264
"nig_indep",17,191,0.194919334349765,0.0657037801503929,0.123810328327281,0.302164896492222,0.103309550164,0.0554523270785907,0.0654850031560111,0.244524724722388
"nig_indep",170,287,0.202556673062952,0.0621594294981775,0.142624847549449,0.374115935330781,0.087441171609158,0.0382682489218483,0.0459635497581686,0.14877329026792
"nig_indep",171,423,0.193165819653501,0.0588007516629942,0.13287032899937,0.348399156823978,0.104226070990492,0.0456835946719703,0.0529180242936659,0.160427623064704
"nig_indep",172,414,0.24472582679,0.0887778190277301,0.163245186584842,0.441663734705635,0.155690241866224,0.0854505810626862,0.0919703805688404,0.256744457525415
"nig_indep",173,391,0.235932410797427,0.0937535526420675,0.169463473574878,0.470337234496281,0.0843483266398216,0.0427817055910437,0.0397193001741826,0.097725041506186
"nig_indep",177,202,0.28944535553135,0.150086730763802,0.204836149383096,0.55593703188515,0.129159983864998,0.0882081475123859,0.080578262054065,0.219602724544039
"nig_indep",178,278,0.288828717854704,0.136677170761794,0.212698709514932,0.573948348527349,0.132200884176689,0.0899125151530041,0.0777053296347607,0.200735897408984
"nig_indep",179,284,0.380637496875822,0.198702017530288,0.246414508395066,0.646662230070326,0.199560828931946,0.157774764367712,0.110776234221283,0.215812005066526
"nig_indep",180,627,0.474986589792933,0.311662279566876,0.359869061711086,0.856070622271786,0.219234026971113,0.225836929396044,0.122983172149684,0.223653649727606
"nig_indep",181,204,0.824886073242578,0.912075261691757,0.636140759474091,1.1555814360402,0.367834372723505,0.602861750590791,0.182285107186351,0.204062318757775
"nig_indep",187,128,0.286568462201682,0.118839368883368,0.20097987050483,0.54606727691658,0.13588051125361,0.0856185267600771,0.0759365791948596,0.202706674979112
"nig_indep",188,260,0.253954177605577,0.0970599707942229,0.168429680061204,0.459769410762162,0.124159344328063,0.0750170517761482,0.071048501055248,0.184688499873346
"nig_indep",189,346,0.198355644014792,0.0624326584114966,0.137483366890664,0.361460790080349,0.0850027013038132,0.0406911213502729,0.0467514886902891,0.141531116106105
"nig_indep",190,452,0.194853988466606,0.0645853066616525,0.141688798318902,0.367636970135161,0.086422511078352,0.0387295383085563,0.0446684398186914,0.142322112231726
"nig_indep",191,616,0.197813854062542,0.0642687899039506,0.140053115212009,0.365545195116498,0.0772474958405134,0.0336193516300746,0.041460839965669,0.139531297052684
"nig_indep",192,351,0.26582495219348,0.113233620268519,0.18643090863584,0.506842560003733,0.0903501857063097,0.0531636306792713,0.0522599170465554,0.14579763692813
"nig_indep",196,182,0.127928496474707,0.0295630616898613,0.0930267338788862,0.165371333597826,0.0122905571939758,0.00354707552240083,0.00727061164539015,0.0502767262807397
"nig_indep",197,273,0.135210253070936,0.0349011891346107,0.0975499532467429,0.18101110784969,0.046747877198921,0.0141701134581379,0.0250954144879454,0.140702556161544
"nig_indep",198,400,0.130400294733426,0.0283629777680586,0.0923507226126902,0.152390839277979,0.0182828538245191,0.00521584990942137,0.0098161774750857,0.0509511683823481
"nig_indep",199,434,0.193471416999998,0.0591672335532285,0.133643915365624,0.340157502971188,0.0941384046589246,0.0408721683313862,0.0533038156298257,0.197297403476962
"nig_indep",200,474,0.170632459894248,0.0488437607225024,0.126534808975926,0.311986208176899,0.0806674708916698,0.0348527944030335,0.0469880885750738,0.195672055509451
"nig_indep",201,442,0.197102665268109,0.0601763832465408,0.138195385917362,0.355962384167184,0.103168110752392,0.0466741306509709,0.0607295966290797,0.222373340922526
"nig_indep",202,407,0.216639445068087,0.0707843992011354,0.154264952946846,0.414662827371527,0.121936583244744,0.0600323079935577,0.0732373189580951,0.257961252502508
"nig_indep",203,459,0.207735949565161,0.069325412539183,0.150575464807999,0.400798459033192,0.118014822054184,0.0580856582196802,0.0706073051411219,0.250998618213267
"nig_indep",204,422,0.192730965979852,0.0641890559512057,0.135471894534628,0.351503206022469,0.116831366902146,0.0590703768232545,0.070815738365468,0.231098021654672
"nig_indep",205,492,0.254649035372935,0.104645507859704,0.163536390554432,0.445104380854548,0.12950496059151,0.08413498697141,0.0850990283704292,0.232234399621236
"nig_indep",206,415,0.276701808302431,0.126342207972498,0.193065662263842,0.525573843084713,0.148557408761912,0.101057876401582,0.0919419781000754,0.233414154148177
"nig_indep",207,482,0.337811862661137,0.210526010716204,0.230173387245216,0.610534658621045,0.185957214498705,0.179010970990892,0.123852742693596,0.265289708545584
"nig_indep",208,551,0.475887157745889,0.364400976237909,0.34208981813875,0.814715625131499,0.256704813674922,0.311031204447274,0.159429003126561,0.254652826255807
"nig_indep",209,462,0.697836430084221,0.732621500959106,0.458638237618978,0.957272110006922,0.391059910717006,0.612058812461151,0.22806698900091,0.236019537319155
"nig_indep",210,259,1.21059551383488,2.1981327067654,0.845756416787809,1.2617912220254,0.597526475143791,1.50887939044787,0.326948216746453,0.212565724403718
"nig_indep",215,254,0.160668949098845,0.0420896078052532,0.107378954897871,0.23688903545676,0.0782678487874711,0.0302135690612464,0.0436460477678709,0.168766081002091
"nig_indep",216,431,0.334181954244831,0.162404290022564,0.221902307851065,0.592879765058914,0.175740598953433,0.128219443868835,0.0948327977048911,0.210942058111748
"nig_indep",217,400,0.570571956481383,0.435712694244427,0.315773647571137,0.788687935675397,0.117975030773828,0.162535801542238,0.0696858664243095,0.083196594791953
"nig_indep",218,312,0.563720969056376,0.4311927459576,0.377161770811006,0.859447511600352,0.279000475464307,0.335730677972837,0.150521284945144,0.201110547298033
"nig_indep",219,226,0.680926822962063,0.747997098973125,0.449593321381713,0.950436430240609,0.320083279931183,0.523416823128371,0.196124842840323,0.192945096356736
"nig_indep",223,173,0.151495619051967,0.036546835692692,0.105057612382337,0.231738907782962,0.0567359087527872,0.0200420919386404,0.0285272959368502,0.107002993856865
"nig_indep",224,276,0.173923984163454,0.0516678471777755,0.12429144669414,0.302994292264344,0.104165891629759,0.0405635495632546,0.0595485684392466,0.256359175909213
"nig_indep",225,373,0.170056823163895,0.0452666535921083,0.1183061948365,0.280773565899357,0.0757323379873227,0.0293261877041214,0.0421573003650233,0.163967522382828
"nig_indep",226,385,0.171108270894201,0.0486735436352484,0.118466285296442,0.276742602921318,0.0695817660507349,0.0261521482874525,0.0369898169665604,0.14340648841215
"nig_indep",227,409,0.171327550797506,0.0521538889415608,0.122078488724297,0.28991286136081,0.063887950512689,0.0271709913611849,0.0370030912149316,0.150089171167174
"nig_indep",228,339,0.233130300298073,0.0902732649756754,0.163278519281078,0.439490884814839,0.0974204616155888,0.05054870549548,0.0551408260801439,0.164086033191955
"nig_indep",229,293,0.243331035611098,0.0948463296512658,0.170333733735468,0.462062310511413,0.121031332975066,0.0659842006966224,0.0667053785673668,0.186929860624162
"nig_indep",230,120,0.198153882476928,0.0635447030026593,0.137346089076545,0.354490086302577,0.0904542908580627,0.0414328137353441,0.0492275932775768,0.165396626850392
"nig_indep",233,223,0.312677633705638,0.145325034643766,0.218162511836903,0.587593191685984,0.15099703782563,0.105902468602323,0.0923058647967244,0.234544175668054
"nig_indep",234,491,0.193310988752927,0.0585690649581067,0.129015690649413,0.326094826157448,0.0969725088971466,0.0431689104145234,0.0548048411154455,0.188481619138735
"nig_indep",235,475,0.137952684191431,0.0309866874984816,0.0999104186872199,0.199224631447625,0.0568356007188917,0.0177703010155166,0.0281282514622097,0.12128331994876
"nig_indep",236,315,0.184606227352821,0.0543865809123567,0.126845094093473,0.312778853728663,0.076618843821744,0.0330043804494717,0.0436421101244742,0.162342817405398
"nig_indep",237,413,0.212201896478758,0.0674366985947234,0.141459474037398,0.374588769743618,0.117278234695827,0.0566117635008396,0.0633825137540475,0.190852389999293
"nig_indep",238,436,0.108590182278907,0.019990011111522,0.0759638102361427,0.0770414922100989,0.0555994309854072,0.0144971762013896,0.0275675475342598,0.134377649959279
"nig_indep",239,320,0.102756647910577,0.0167670971494831,0.074540473286766,0.0604236962824633,0.0578624578298803,0.0138457134175869,0.0280169716273354,0.148869147444266
"nig_indep",240,434,0.0958514944360815,0.0148240589940502,0.0687078338047065,0.0392324088637021,0.0501494517672799,0.0115651475718236,0.0233755292371368,0.116621123674808
"nig_indep",241,437,0.146918898589271,0.0366469544919056,0.103659762234306,0.215552579777996,0.0886182023126482,0.0355757692333016,0.0555598603082009,0.244787922173304
"nig_indep",242,298,0.218173193985107,0.0662698669417687,0.144635560641445,0.381989770296625,0.122923697503095,0.0580111535799317,0.0704242731796092,0.221857930034175
"nig_indep",243,322,0.293825299084772,0.119289312952583,0.193520862292,0.525222924591778,0.0918432074470895,0.0577901242679594,0.0530464121159854,0.13093576648223
"nig_indep",244,394,0.420904730933828,0.231269546855256,0.257863535274959,0.674342366937429,0.153351743480925,0.127379826594169,0.0809088514349484,0.135148723742657
"nig_indep",245,395,0.390010954116129,0.227560369529343,0.259980787058229,0.67738383853761,0.175854588450702,0.150741707550643,0.0951249591274819,0.163134944237382
"nig_indep",246,195,0.284905853177508,0.147996773797344,0.209392383436226,0.56236592862783,0.124408507172151,0.0858474542748423,0.0705880045086247,0.17312094463997
"nig_indep",250,139,0.210929820710841,0.063913342998525,0.123697485047104,0.3278606392286,0.112054015992509,0.0533604597695185,0.0619257158353911,0.180058991971831
"nig_indep",251,392,0.303168183332179,0.130123220666272,0.190140918887587,0.52466945897884,0.108520835740551,0.0702833782742703,0.0591465388431748,0.129033741732111
"nig_indep",252,289,0.403202064506304,0.22895035728937,0.282316730915301,0.715337892023903,0.201836276963147,0.174561700859133,0.105599334984196,0.192774241216866
"nig_indep",253,331,0.496377775417387,0.305112126495815,0.343036880780366,0.81799869301905,0.241118813554089,0.238748063964271,0.121332118043704,0.207685693541731
"nig_indep",254,322,0.571917115040531,0.465970598812034,0.376622302770677,0.861490224352179,0.297158198106298,0.354679137896927,0.152771469672099,0.179735715705396
"nig_indep",255,104,0.472606173596578,0.395601013005112,0.325830300864856,0.785251247633512,0.290229339580397,0.326794967640162,0.168068538329768,0.242354619066292
"nig_indep",257,125,0.286205815042141,0.112424030433431,0.266475036137846,0.928616505777912,0.0727227876889921,0.0455156391635635,0.0433597304135502,0.18522339456626
"nig_indep",258,174,0.243687298970932,0.0849641225894242,0.158097521157046,0.429810642657878,0.00778192480959877,0.00394591958735327,0.0069269704210961,0.0193179335636875
"nig_indep",259,317,0.257448475631876,0.101899309930983,0.184078618522404,0.500550639042361,0.156168855588082,0.091328736151216,0.0880804376402352,0.239619889698353
"nig_indep",26,263,0.0778430167687506,0.00921132450168129,0.0551527395355034,-0.103812719442182,0.0379475331694818,0.00732942219860741,0.0239263176627979,0.215729464743418
"nig_indep",260,320,0.35705355064752,0.192875201726901,0.275460090049551,0.724074977506943,0.173597798085875,0.143231159629181,0.102833045487935,0.248097736886839
"nig_indep",261,327,0.487991605499376,0.318452223612229,0.316929012676143,0.772264458299077,0.2587893907564,0.257975690803745,0.135128749551653,0.208292319818711
"nig_indep",262,319,0.518940421091215,0.362380705148884,0.354972523371589,0.82858136780679,0.254507080641087,0.273951535761784,0.124530629529964,0.17874915750803
"nig_indep",263,393,0.574321424497934,0.472521718150796,0.396984522109181,0.88561705586064,0.337888819472047,0.418514729086655,0.194574596170291,0.267101433286689
"nig_indep",264,339,0.623809414597465,0.53130582981258,0.409409524599152,0.900750204116794,0.305010838629437,0.407259150954986,0.161659695407307,0.186591296216806
"nig_indep",268,358,0.398124792617709,0.241954564618949,0.258335769683192,0.671582187298052,0.242278835446186,0.231438349879418,0.149795640535464,0.266419737864214
"nig_indep",269,366,0.492549690717599,0.342373626921395,0.314546870726046,0.771267501177016,0.255516928900911,0.27066999018952,0.14358906093392,0.208326430734735
"nig_indep",270,422,0.453241138245598,0.304085065191775,0.341290571294654,0.818208406641019,0.234239762218197,0.243212438536518,0.133872132442987,0.235225385549247
"nig_indep",271,398,0.386889681570237,0.219990243951997,0.283731731158626,0.729553173485176,0.22121493537662,0.195955954491697,0.138387736305225,0.3016901463418
"nig_indep",272,395,0.290369350046959,0.133055212510321,0.210499618390624,0.56826954825618,0.172150175652272,0.119045097203537,0.102994255622234,0.263801961980319
"nig_indep",273,301,0.266354450477141,0.106496502143935,0.194880874237832,0.532236850524133,0.154047391574372,0.092103221424271,0.0894375676935837,0.258154158856901
"nig_indep",274,264,0.177321625147058,0.0486453457503762,0.115904108779258,0.276242374856156,0.0816082975607684,0.0321556922221942,0.0447140564181276,0.161325782534671
"nig_indep",275,230,0.168815355743021,0.0433225595150298,0.116921193611484,0.272881629918175,0.0780733842833315,0.0325552684235149,0.0475412249025516,0.190288062733533
"nig_indep",276,254,0.14419546973713,0.0333009397108677,0.0959180726376789,0.190701251914514,0.0748061095681502,0.0264434558874011,0.0406735322679139,0.161646565333776
"nig_indep",277,372,0.110081581589522,0.0198500014756002,0.0779417073403613,0.0856235343424613,0.0464729419896876,0.0126759190865177,0.0245553902273044,0.122508433396597
"nig_indep",278,354,0.125134059424132,0.0242583410488125,0.0872223138237628,0.135217450534573,0.0488617377967168,0.0142240665949478,0.0253303072389335,0.118740631711649
"nig_indep",279,399,0.168077239890812,0.0432601693700398,0.114827022285664,0.265515605126723,0.0528297717236728,0.0197971354334717,0.0288737470364364,0.114129883948582
"nig_indep",28,161,0.131871907545228,0.0275841105687216,0.0902561229492488,0.147424708620002,0.0926028191153708,0.0295890775133158,0.0486294401035783,0.229841775888222
"nig_indep",280,153,0.287737524240009,0.142168150641962,0.222037052536692,0.620084437336909,0.144878415807326,0.0903847584730697,0.0839070492085488,0.248404447735252
"nig_indep",284,411,0.179282127185272,0.0480469030492224,0.122576379659898,0.302735060153503,0.106753293521374,0.0419637975993263,0.0567001624344537,0.201224953143477
"nig_indep",285,282,0.174683299722596,0.0507071443838037,0.122603457479147,0.306893821759984,0.105093408551534,0.0451722358787884,0.0561090019348645,0.185819427387094
"nig_indep",286,302,0.148513196201591,0.0358402769048587,0.106800623220916,0.229769097884838,0.0652433529799288,0.0234101679038383,0.0358428162712291,0.153880100733035
"nig_indep",287,437,0.136726496779683,0.0297275597192076,0.0953813675471503,0.180310774507442,0.0456751529345065,0.0138907154448592,0.0229584240870693,0.100809214253083
"nig_indep",290,320,0.533510722242288,0.394653643788416,0.379176538422788,0.866139913095446,0.300924546596474,0.337044491737463,0.162461167234769,0.246394289866625
"nig_indep",291,272,0.599501928214034,0.501331616319913,0.366410441253084,0.853878879992549,0.279141140081275,0.370625171498818,0.15827952578402,0.179038722268969
"nig_indep",292,309,0.539120383254808,0.414865742416044,0.3621321105491,0.838993771516054,0.287082397128267,0.335829319511794,0.164870382818695,0.227107539622908
"nig_indep",293,281,0.417842637577516,0.252430227484502,0.247254041955292,0.674338189125861,0.190032062113613,0.170529759238024,0.0978453341311066,0.139276913944829
"nig_indep",294,332,0.394668726579369,0.219004625135597,0.322787689917628,0.824763620286964,0.22748969222827,0.193586866425819,0.124264497926119,0.283096850375095
"nig_indep",295,380,0.366489009870142,0.198429605868783,0.255395018233657,0.663732136348512,0.220881476377898,0.179907573352221,0.123258977917408,0.243633310748263
"nig_indep",296,390,0.454995823766943,0.303534839032921,0.298922810113879,0.742595095854424,0.244449255308077,0.259022882967407,0.154223124082538,0.252283592136664
"nig_indep",300,249,0.366117753247527,0.22037735546966,0.270298131805273,0.69958885549276,0.19725306838372,0.184339636431504,0.125171023080798,0.274130781436493
"nig_indep",301,296,0.306962822630862,0.134890899088907,0.208705444184046,0.567367823931101,0.159251673646723,0.106917598568094,0.0835916869739553,0.175686747020579
"nig_indep",302,301,0.41276605131407,0.239992751553998,0.264194898584591,0.683479723798717,0.18794031071288,0.17496077485475,0.110957459978713,0.19082057429778
"nig_indep",303,260,0.399212182990342,0.229465931515283,0.306544358642742,0.770618068022352,0.192122998838761,0.168988793632482,0.108201838928049,0.222956156278958
"nig_indep",304,329,0.369098576450779,0.199948662050652,0.241769517129751,0.637014242104788,0.187906084745632,0.1535442206618,0.108640454305763,0.208905162961795
"nig_indep",305,174,0.229263881201261,0.0782455523331718,0.162712253292062,0.481201948937021,0.187887744987637,0.0917951210826543,0.0720250433654113,0.141853520163181
"nig_indep",306,189,0.294528804628419,0.135578260328933,0.183731733770709,0.505064812787087,0.166607187842475,0.114070459119053,0.0953529396670072,0.212835081602425
"nig_indep",307,240,0.242648825764843,0.0921703683088173,0.172171755251884,0.467139181475901,0.140627142762744,0.0779824873786573,0.084454927576395,0.260161149408912
"nig_indep",308,240,0.176329718327547,0.0505701673181054,0.125279610822236,0.308609864895445,0.0849551434329994,0.0351217828267715,0.0477506618433483,0.176317584592239
"nig_indep",309,253,0.187117649136039,0.0560659889183861,0.130765968593716,0.333140739080367,0.0832494235658851,0.0375919818964017,0.0469332762599789,0.162733253900597
"nig_indep",310,246,0.17029236097448,0.0456449497540069,0.125732453857491,0.309481513602535,0.0657808144358417,0.0246378383383397,0.0343983665841956,0.13540403222079
"nig_indep",311,282,0.152218555511872,0.0388007260020971,0.107620985786602,0.242440549759992,0.0595638970649399,0.022606628959955,0.0311446834800102,0.116109973608492
"nig_indep",314,376,0.279098294626293,0.124435711597036,0.194213274243246,0.524903622497343,0.112598597380762,0.0724868967638794,0.0612995333022378,0.142421026492907
"nig_indep",315,378,0.326665865435936,0.15775479250256,0.226039521261515,0.602632224055716,0.15808006268885,0.115146087138523,0.0916955867440962,0.208439968032615
"nig_indep",316,391,0.274460086980491,0.115389247886566,0.184407002433687,0.502499920739675,0.118425932160018,0.0761243817602704,0.0712465516906839,0.185576478727297
"nig_indep",317,456,0.208237662975613,0.0666963459221953,0.150570406533756,0.400184880307881,0.0981028907332485,0.0465827589154599,0.0556536531320436,0.1954866154592
"nig_indep",318,416,0.169396580052043,0.0439919703603477,0.118865826756093,0.281109940711173,0.0730815936735436,0.0274734733623933,0.0399994385961421,0.160878633972229
"nig_indep",319,321,0.141927272698192,0.035490953056011,0.101041000760377,0.199288678269564,0.0597657399450763,0.0192125705569438,0.0300485161495998,0.129790377121842
"nig_indep",32,761,0.184209444845514,0.0705715436954383,0.129164733981962,0.31577612805666,0.0923931123925063,0.0582555242159192,0.0686875080990327,0.29927369944433
"nig_indep",320,498,0.653115555921474,0.578602886626607,0.597461226703269,1.34355812872676,0.236575561443011,0.305047522940914,0.115677377661713,0.224658242959499
"nig_indep",321,416,0.417974326782915,0.237648465316882,0.27525014401963,0.702107033822555,0.20452378711286,0.179848719046047,0.10518534734274,0.181648217239422
"nig_indep",322,379,0.304952763375813,0.150792535441691,0.212732229043644,0.566092278784722,0.164020567983994,0.132175366476459,0.0961576035214902,0.223896729299922
"nig_indep",323,292,0.304576830888869,0.136850269357879,0.21718675947707,0.587275838498463,0.144228136056803,0.0986705965553278,0.084122047368923,0.208780095811369
"nig_indep",324,375,0.293019249728079,0.127451930686866,0.192602620474029,0.522083828289983,0.14111549718101,0.097388438888981,0.0891629089742193,0.221739513435269
"nig_indep",325,469,0.243612408461093,0.0929628702417787,0.159734000721015,0.429578022248711,0.144941071563837,0.0841255742122732,0.0872801690001343,0.247298823114894
"nig_indep",327,502,0.261753215137971,0.0985200261578789,0.161500105072057,0.444183755041516,0.149075589020621,0.0828002165120476,0.0822713965898016,0.212268892952104
"nig_indep",329,362,0.434442297030779,0.28532244540721,0.293619454402757,0.731110668342133,0.230556937258839,0.263079484189311,0.156102161370126,0.258414040952367
"nig_indep",33,969,0.104981983893481,0.01707856070328,0.072648492732484,0.0311419616278244,0.0549352152472133,0.0142005848484127,0.0314854169127766,0.203806791981976
"nig_indep",331,144,0.23941288614628,0.0866389959547375,0.162257982207411,0.437281555980345,0.124637081873376,0.0706386284727312,0.0757648507037489,0.228740865603924
"nig_indep",332,375,0.245373140423248,0.0930957972206157,0.180726499168992,0.496957599950869,0.100796928924349,0.055752703553862,0.0570416527415564,0.17758750890088
"nig_indep",333,431,0.278085526374369,0.111720772457197,0.203030750683343,0.55699148466024,0.167123032947729,0.100990375056344,0.0972928347145686,0.288401512244606
"nig_indep",334,392,0.279784656304995,0.116686274327583,0.211624768220316,0.579839647718648,0.146259030310172,0.0909043514599241,0.0833552951610405,0.238477284890373
"nig_indep",335,308,0.285220816197652,0.12042308392256,0.191736668248026,0.519382590139483,0.142934218114749,0.0934235837581973,0.0840916177466758,0.209109121347923
"nig_indep",336,181,0.371996873123744,0.195061087152447,0.230753255080545,0.621784171994295,0.222624598114981,0.18151350290866,0.120487444570693,0.215176625189399
"nig_indep",337,289,0.387840281870306,0.216346421288568,0.287630934980111,0.724080236053326,0.167487091838185,0.136301456783489,0.0785588716725329,0.147162951882461
"nig_indep",338,346,0.370110340471234,0.205919051645869,0.288704057124178,0.736312469810517,0.19080323045371,0.15586802862361,0.102411616109632,0.218381204680062
"nig_indep",339,302,0.316952404279158,0.156491253753387,0.213273887837307,0.573202664760716,0.19020976475697,0.140830569834821,0.119872069763853,0.280960166832874
"nig_indep",34,492,0.096903597162026,0.0165604317632471,0.0656721723494978,-0.00618012955086439,0.0629130537626368,0.0157064960543043,0.037806902716248,0.230151713939331
"nig_indep",341,332,0.517057834826602,0.461994904226583,0.396386033693665,0.919810577429023,0.246431135264017,0.314416306884888,0.165861270293956,0.314790144602617
"nig_indep",342,416,0.309397790664449,0.147702140416117,0.222661548721058,0.593956040376297,0.170513564243064,0.119141626220163,0.0965392197641526,0.221820291398263
"nig_indep",343,474,0.366846047939844,0.180023986588783,0.278070115432004,0.738268641614255,0.173436505644099,0.134556648820579,0.100140360967837,0.253216746496046
"nig_indep",344,246,0.420529383844053,0.226124709513399,0.246569011536648,0.655537999030784,0.171233413900273,0.14445795341721,0.0873261729923208,0.144949150557214
"nig_indep",345,420,0.346820817051991,0.164765531142371,0.230152775171533,0.610483173428446,0.172300077283067,0.124566109513181,0.091094832621014,0.195977724836747
"nig_indep",347,361,0.246874519218184,0.0793883801069671,0.162435909356699,0.437384711171602,0.0952213745834371,0.0495939147861459,0.0525855123364817,0.158943500178726
"nig_indep",348,350,0.195452610640391,0.0529412756427578,0.141042926926553,0.370587601039148,0.0952174251102912,0.0409627993631444,0.0514840025682195,0.20097623540956
"nig_indep",349,343,0.248532462579706,0.0770951153934977,0.153911095188489,0.410827706847628,0.082810372882545,0.0439658019429757,0.0570480294775472,0.200138650879144
"nig_indep",351,345,0.170412430102386,0.0431607063886104,0.115416837119832,0.265474801685638,0.0805163173456342,0.0315992070288478,0.0452213467099764,0.183760371620519
"nig_indep",353,371,0.128608589537362,0.0251209840958411,0.0875158986942386,0.12950648258616,0.0703643644951126,0.0203545594122261,0.0385729268370561,0.198479785293025
"nig_indep",355,717,0.13602718770801,0.029130027519295,0.0997303786863762,0.191988355571319,0.0789893924823345,0.0252019231747439,0.0442771969860917,0.223253727900118
"nig_indep",356,346,0.23382966124847,0.0804178911482117,0.156115566108196,0.414163364606616,0.133012178540837,0.0740866302575764,0.0864280497346888,0.276558012511463
"nig_indep",359,349,0.219776019563111,0.0727047070745383,0.159554074796551,0.428104421188444,0.10971805099906,0.054871047651435,0.0610036626364919,0.204468240944721
"nig_indep",360,333,0.197445406372141,0.0569635956489311,0.1893988614523,0.755933430938139,0.0710422065845123,0.0344761191731451,0.0446972871908135,0.280277933784016
"nig_indep",361,250,0.212963991493987,0.0685451676597623,0.232693243591524,1.43444996070615,0.0579734656831697,0.0336163667514178,0.0366073302402611,0.328244865162936
"nig_indep",362,300,0.283004700940073,0.100822188418853,0.167518871458083,0.459929612566186,0.122318827453128,0.0702804032726186,0.0643720736912281,0.16269645891585
"nig_indep",363,229,0.496069990792664,0.331982156550868,0.278724108145652,0.712887706763458,0.185675212847469,0.21578202341047,0.137069640173452,0.213349961933191
"nig_indep",367,401,0.179904552522375,0.0439178031845184,0.125567758227997,0.310177351374029,0.0720851888456368,0.0274363771219809,0.0381696068498978,0.160090915949974
"nig_indep",370,145,0.0536342873561235,0.00547627807249207,0.0409748505410006,-0.250077308480594,0.0262705306017068,0.003596506046454,0.0161891717183002,0.218743502838378
"nig_indep",371,125,0.038642817881444,0.00264343577642772,0.0343562645867218,-0.256894608132168,0.00671755525776377,0.000592837322192479,0.00380974815377676,0.0942900441161013
"nig_indep",372,201,0.0765233654738396,0.0106981418449341,0.0570282062902742,-0.089861291523902,0.0361186287057872,0.0078504924325648,0.0244366546855043,0.25984957358179
"nig_indep",377,536,0.139562767039289,0.029245822450972,0.0933977640871827,0.163204636384126,0.0760777819840348,0.0243772104288286,0.0424509332010522,0.198519786841203
"nig_indep",385,188,0.0842243022133016,0.0110839816461697,0.0599496000066979,-0.0620532054765343,0.037540189702633,0.00711544794813459,0.0234790181346421,0.23733638823844
"nig_indep",386,233,0.0558599261329361,0.00543117296001895,0.039763815212954,-0.273746037808875,0.0283707524942583,0.00401489540090335,0.0181298567431764,0.229390597917947
"nig_indep",44,168,0.0746310049684897,0.00929931067940362,0.0554056629276688,-0.0958782896517324,0.0366223858136182,0.0066113471533729,0.0172034332009962,0.119702436075573
"nig_indep",45,490,0.0831142744312699,0.0107831136347693,0.0568964783927699,-0.0845711797233564,0.0412636121693991,0.00774960881284984,0.0226000238215072,0.175949597520902
"nig_indep",46,483,0.0973448233062986,0.0155302805161197,0.0671156833798403,-0.00795554312162248,0.0411345376694217,0.00838989416612487,0.0204127748483728,0.134642796135779
"nig_indep",47,654,0.0706053795323625,0.00972728017333829,0.0512990866595609,-0.150728219976591,0.0283856748334897,0.00483957072427431,0.0167028775789987,0.169579824156875
"nig_indep",48,707,0.140811955197731,0.0319321531378051,0.0993860054464691,0.190624971054938,0.0858294196096368,0.0290258042906882,0.0518087130118658,0.259247916094418
"nig_indep",49,414,0.181946837175587,0.0440090578344266,0.122764422445754,0.321732883625789,0.036359031808713,0.0107263824469755,0.019979049185586,0.108342854512874
"nig_indep",54,359,0.282594571170527,0.128753725731628,0.207547299148864,0.552377305948455,0.153158894563391,0.10649715247819,0.0915389457478148,0.239053090111721
"nig_indep",55,871,0.198144915103197,0.070851655423128,0.134981560083599,0.335398037853721,0.109370483674205,0.0524589019660803,0.0637638908011635,0.221947139742814
"nig_indep",56,668,0.0803930417724659,0.00977920761253704,0.0551092399108791,-0.101017442952722,0.0252673249941077,0.00482768467738266,0.0139382531146057,0.113940398578451
"nig_indep",57,257,0.162065307836923,0.0396712882448744,0.121321040054488,0.296880695782287,0.0926704547864766,0.0351320683235696,0.0624470797730092,0.29566383077627
"nig_indep",59,323,0.122505131354857,0.0229265727354171,0.0858360490804188,0.125452803499828,0.0677993373680965,0.0193207106495212,0.036930249266457,0.18892236034978
"nig_indep",67,688,0.382218601421298,0.220520406232242,0.275081804071086,0.701555320950573,0.225290626279726,0.193358516391596,0.126207589563248,0.243139651547843
"nig_indep",68,1145,0.355345287446957,0.192131870255198,0.24925148163885,0.650224688892903,0.181867757143633,0.159605028375042,0.112892819227864,0.244543589495844
"nig_indep",69,631,0.325944042591368,0.155533230391933,0.230007605638068,0.611364786607338,0.161431100068995,0.119392809452489,0.101215523688603,0.254957375837079
"nig_indep",70,395,0.269526428843565,0.108641407010283,0.179024823048731,0.484708598798058,0.155555177420984,0.104871880949427,0.111967880191863,0.328827081401932
"nig_indep",71,389,0.1765576645845,0.0479668506165522,0.122130908506003,0.292679797228935,0.0979844064629789,0.0422994617339242,0.060183680632222,0.244634843586175
"nig_indep",72,713,0.138462742260263,0.0272728725159492,0.0860278524138838,0.128941966074992,0.0617904241919651,0.0190375414648581,0.0357250015602126,0.162910100164359
"nig_indep",73,410,0.159223804863325,0.0375103897484396,0.10410159895274,0.217425465180903,0.081766475847312,0.0306106474820923,0.0485974304107755,0.207881486328428
"nig_indep",74,562,0.137276477634585,0.030228619509636,0.0956318703314282,0.176398269354048,0.0766838448487465,0.0253896232948221,0.0445120689814202,0.211490004851201
"nig_indep",81,408,0.164814784520377,0.0428688156404664,0.11377623186025,0.264562901877947,0.0825767662005319,0.0314288370536299,0.0465256585110218,0.17536342552496
"nig_indep",82,441,0.160604304600188,0.0372910069819283,0.107808487889822,0.230551563384091,0.0705784791831235,0.0258751728612009,0.0411008723233177,0.188904098669046
"nig_indep",83,579,0.127013453808979,0.0231913275756559,0.0833684758952431,0.105451879527443,0.0642892726158235,0.0181105361596428,0.0358832997921746,0.193657408846204
"nig_indep",84,816,0.492745421227765,0.349164469358626,0.321314475964039,0.781971275423013,0.283938452206348,0.311363391053966,0.171857197664068,0.257043117722445
"nig_indep",85,908,0.246460428011533,0.094740310866189,0.171743367945576,0.466161376052876,0.146931045039459,0.0868179821514325,0.0875155556633194,0.245234074354203
"nig_indep",86,616,0.174213446471807,0.0462985937498188,0.114081024574097,0.269240857018342,0.0973792399592472,0.0382314398729511,0.054428789973883,0.199178791280826
"nig_indep",95,617,0.273644191883539,0.114705035313415,0.192099161263998,0.521558856457795,0.126867999751154,0.0780806591331072,0.0705048576574916,0.174584476834444
"nig_indep",96,1009,0.307974306625429,0.13756116761219,0.256619106118051,0.700726237762804,0.147422117799378,0.100066903814899,0.079835876605312,0.219286733956338
"nig_indep",97,592,0.39117038032125,0.226420086769821,0.26465553805434,0.680842084153132,0.220557436865289,0.19658395600127,0.126075160653951,0.228338591404837
"nig_indep",98,450,0.325475459578095,0.151512692530566,0.215841237157257,0.583063083407428,0.168674651529899,0.122554586586888,0.0946958220540507,0.200910089556834
"nig_indep",99,319,0.35941913607082,0.181331013806602,0.253235286519359,0.679741512208078,0.178495348629966,0.14336132271792,0.119437482295208,0.309772668919816
"nig_cor",174,154,0.829001373655801,1.08032028075577,0.562072004154084,1.06262729944412,0.202857287822165,0.411829625272614,0.129074109619329,0.123907167358698
"nig_indep",174,154,0.825676963157661,1.07402935433501,0.562602489835132,1.06645407123682,0.203587107400212,0.410478599441039,0.127771692090266,0.12880017450267
"gauss_indep",174,154,0.96996150745182,1.3838898616983,0.690679252110219,1.1974842346843,0.719851302926676,1.53177966516558,0.49631616780381,0.513676136382119
