"model","gridID","n_points","cv_Psal_MAE","cv_Psal_MSE","cv_Psal_CRPS","cv_Psal_SCRPS","cv_Temp_MAE","cv_Temp_MSE","cv_Temp_CRPS","cv_Temp_SCRPS","cv_Psal_MAE_sd","cv_Psal_MSE_sd","cv_Psal_CRPS_sd","cv_Psal_SCRPS_sd","cv_Temp_MAE_sd","cv_Temp_MSE_sd","cv_Temp_CRPS_sd","cv_Temp_SCRPS_sd"
"nig_cor",100,428,0.0930279522777973,0.0154902135893676,0.0682077907171618,0.00933392922188267,0.6728388760616,0.694910216973102,0.472781221546411,0.972992931373132,0.00167591686476463,0.000342322386200782,0.0018116730004142,0.016329841378008,0.0116290622767081,0.0186302424564813,0.0120940627035422,0.0134477660077768
"nig_cor",101,423,0.085531759692971,0.0134624036521364,0.0630919709942638,-0.0418312266368861,0.587526044253509,0.51730241490825,0.409161818696938,0.90758025636176,0.00135882813684579,0.000329434509688962,0.00171407480649491,0.0142394211408376,0.00678245168339902,0.00974204267171248,0.0088960284508758,0.0119651838514344
"nig_cor",102,457,0.109116900240201,0.0201985986969743,0.0782167354545979,0.0665891239725126,0.441954565677823,0.344569437529991,0.318874034284862,0.775945300092811,0.00162520571994449,0.000435704519380926,0.00212371051926551,0.0131825489349815,0.00531290050862453,0.00561255392126379,0.00816802358146436,0.0135685588619611
"nig_cor",103,426,0.135732043003645,0.0339910505095937,0.099278378980352,0.191828500512486,0.378344008227253,0.236850356229012,0.271503870385735,0.700560571176502,0.00175620301641213,0.000544517209226539,0.00224261218377932,0.012661496190724,0.00432242698415564,0.00397668085145571,0.00544776856695771,0.00893230896208659
"nig_cor",104,565,0.12871841768132,0.0291957116835591,0.0932504474649877,0.148200223720812,0.55139183111932,0.554065749344655,0.407635647435774,0.895775458821186,0.00318299791816012,0.00114361598259703,0.0035543617252723,0.0169335970479756,0.0125535879698709,0.0168114053123858,0.0160324202358105,0.0146141178325956
"nig_cor",105,239,0.114644751197801,0.0224844858630693,0.0799140068349712,0.107799600401451,0.592846566388611,0.599445253351423,0.406874688316296,0.833700460323466,0.00225011651835533,0.000680433381900349,0.00172004751483407,0.0110936840041534,0.0121661467965272,0.0210512113509533,0.0161055434695762,0.0150311567152262
"nig_cor",107,367,0.114227858097648,0.0400264543943196,0.0838430177798269,0.0789488924715585,0.635801255663501,0.674526537869949,0.451129663940058,0.937578675936816,0.00619901176000116,0.00261935484919506,0.00629943690411193,0.0211132078339585,0.00936953868549282,0.0151009175802606,0.0105424770081882,0.0102629412302226
"nig_cor",108,404,0.0644740704150819,0.00916145607358382,0.0520572110623929,-0.121754493574434,0.850267072919588,1.360712405411,0.599990174450924,1.05973463364594,0.00223202185222373,0.000477100592398942,0.00276480340384765,0.0137916717628062,0.0149392526801215,0.0371691343251867,0.0167229286651018,0.0147878765125889
"nig_cor",109,643,0.0437061221574767,0.00390563142362235,0.0328478905799439,-0.369010165339303,0.472511661589825,0.387168567836636,0.342766475679326,0.812881389817445,0.000795224053227134,8.75199505839035e-05,0.000880844724809321,0.0129815867022599,0.0134409511367392,0.0167867281165975,0.013790686250019,0.0170853402300036
"nig_cor",110,555,0.0860858653538718,0.0134841345094783,0.0609071097647676,-0.0570628641644403,0.442606273456223,0.321370545641734,0.31463670294285,0.778990937154652,0.00281739198669109,0.000695918589488966,0.00313467948173287,0.0192908203569493,0.0132007825136291,0.0184218038026786,0.0150381095117983,0.0173828581579041
"nig_cor",111,342,0.105890588292873,0.0220028154833016,0.075384597976613,0.044200625673401,0.469914159596562,0.3872723003729,0.344107296246637,0.819410322663656,0.00353561216112305,0.0012017588984484,0.00352281500027952,0.0204884692261184,0.00979595785377537,0.0125334396217957,0.00963023826572013,0.0134804162135092
"nig_cor",112,358,0.0815272596457779,0.0117448921455404,0.059854806527678,-0.0554325271788239,0.387163528278512,0.235126324538109,0.273357883279022,0.700592627911299,0.00157018072537025,0.000256287263459559,0.00171074468182225,0.0147066002557845,0.00409438285047906,0.0036866346993959,0.00516165063976238,0.0108586633446946
"nig_cor",113,523,0.0707203845329286,0.00811928355861425,0.0499109609982991,-0.158081580048775,0.346297267579137,0.182779612178887,0.239930778979423,0.634300753312965,0.00121152314439598,0.000190441911104983,0.00132426693990501,0.0132007569216904,0.0027364492803415,0.00229965855450785,0.00375278523975972,0.00844356202826684
"nig_cor",114,163,0.0590072075859876,0.0064142542258796,0.0486975140711185,-0.126501273739526,0.389664137076335,0.255833615881818,0.283732464637427,0.715766198253583,0.00152072352429316,0.000236295590987975,0.00144690473211954,0.00916071984768618,0.00857042181728221,0.00859522460263447,0.00854514149252943,0.0124501956867547
"nig_cor",120,878,0.0995422581654118,0.0166242464513907,0.0718739925639914,0.0311340187869485,0.38353014881779,0.261433590848376,0.280500984095758,0.711680124160586,0.00113360445790848,0.000309725294917017,0.00155895421464969,0.0102185356739259,0.00429579114727539,0.00482032181197237,0.00545347538055409,0.00936995168415619
"nig_cor",121,772,0.11394963013801,0.0287727028288914,0.0830875662586761,0.104374279273116,0.386302003661795,0.245052465645177,0.272270971858823,0.689779919734439,0.00463368051558161,0.00181673158097654,0.00505440227611883,0.0232861282690762,0.00457310009644391,0.00531557316017626,0.00653680474180263,0.012764935882802
"nig_cor",123,360,0.602158185340522,0.687040763607871,0.440415621416424,0.910990447473112,0.565266718656402,0.510369531713275,0.402303294828456,0.883197956501631,0.0140179503781513,0.0254822322744659,0.0162768828513081,0.0184792589171965,0.00951947150797057,0.013335908313474,0.00993572017029128,0.0146142688062158
"nig_cor",125,442,0.180215762323861,0.06426474274143,0.136605236548691,0.361581076946182,0.577931373148027,0.502365917467468,0.398505492491547,0.881948622369841,0.00413612071922399,0.00214396206211116,0.00414845114227184,0.0143427992279744,0.0114115737251624,0.0162477020184146,0.0151823763644795,0.0153922823868082
"nig_cor",126,898,0.106704592795844,0.0236943148697726,0.0777156719290669,0.0449982051822471,0.655298188483087,0.709228442412864,0.466994384127336,0.975405038489519,0.00277531129975445,0.00124500385795335,0.00298471914052098,0.0166750876999366,0.0137507423267719,0.0232377857242389,0.0150464531453233,0.0178408379338007
"nig_cor",127,971,0.0684297627462704,0.00894508772081513,0.0497812721572367,-0.170488449556846,0.554713668368491,0.531957519793468,0.396839449445597,0.879736901942062,0.000877479621004955,0.000160541229400662,0.00107226755975713,0.011280895122339,0.00794649897168441,0.0110297003553386,0.00974328900505061,0.0126959990823902
"nig_cor",128,478,0.0798950810792637,0.010595822900951,0.0566573080685834,-0.0956242439483756,0.522770030267999,0.527594960909626,0.38094815407085,0.854455989956431,0.00117460164504224,0.000210349234020585,0.0012174299465749,0.00994553099325577,0.00857431887441033,0.0121598641401741,0.0115053974641652,0.0148008419958312
"nig_cor",129,321,0.104799310401443,0.0169686771076327,0.0730756461015798,0.0264454972321137,0.48372678013435,0.445426076816762,0.364068475099527,0.866248451356272,0.00167412155529433,0.000429336167612409,0.00184221330809922,0.013557632694179,0.0137352547140931,0.0155227585179295,0.0225790401815037,0.0228760115373108
"nig_cor",130,331,0.0819070407490723,0.0115730155205504,0.0591489230063352,-0.0741499081103796,0.48303630872155,0.429873359672987,0.348425278345894,0.816883284468399,0.00152764328738044,0.000330363865095109,0.0016093016079129,0.0111562943933067,0.0119582117076616,0.0132035211080012,0.0185721878791597,0.0280074863005491
"nig_cor",131,294,0.0903718242887195,0.0130029718300957,0.0640011249644803,-0.0274649987491253,0.29677418220049,0.145552622494904,0.218876857712942,0.606535353948434,0.0021042261883542,0.000489667399990693,0.00214476136256376,0.0126270773672821,0.00532975859837784,0.00348886536191134,0.00651485602913737,0.0115557816082413
"nig_cor",132,374,0.104618128175021,0.020424454889419,0.0761794055958807,0.039619318600799,0.292494373286432,0.13973202815667,0.209276784885728,0.570669665677675,0.00203899099088571,0.000519238484450623,0.00215008973031987,0.0130724171791457,0.00334335185293036,0.00270335407786563,0.00559123754469415,0.010213882429334
"nig_cor",133,715,0.109353831304788,0.0230404805913051,0.0797401566606084,0.0656157156810404,0.298196723102985,0.139843882337188,0.207925880505732,0.558398224015944,0.0017641888409071,0.000566194433559172,0.00230798081340923,0.0153301142348621,0.00439513055813718,0.00321573691577717,0.00561702170277971,0.0111447493296167
"nig_cor",134,382,0.142407256909641,0.0338218147516647,0.102536664680947,0.226127990697107,0.278040874510342,0.13688195066209,0.203456916764795,0.549605586048868,0.00247172880354877,0.00083669315869708,0.00258566629853281,0.0158806684989315,0.00396712867871156,0.00312512241483646,0.00445707704750791,0.00989513490544545
"nig_cor",135,329,0.135507787178282,0.0306545934498511,0.0953362814331979,0.162211648595811,0.388598792401315,0.238370875766169,0.272279557229128,0.686741451989787,0.00240410470428555,0.000843798553479187,0.00225502324198328,0.0110141014648314,0.00473451863775688,0.00471312867586776,0.00666573463305776,0.014709328198626
"nig_cor",136,301,0.187266103277481,0.0520201854483736,0.128496411275995,0.315786718527161,0.464639119269592,0.316967722369354,0.320282162176327,0.780420039414469,0.00383985584879863,0.00158828809162644,0.00369134356953788,0.0138912995642434,0.00519683819236094,0.00525450133849309,0.00885463511936426,0.0153067967180888
"nig_cor",137,295,0.160371826657637,0.0519461222588732,0.119069706057385,0.265997041535151,0.590822341403501,0.546344739112747,0.416841851469929,0.900063122594257,0.00428281739536903,0.00151946308093688,0.00519581685889796,0.0173056279457721,0.0116609444969216,0.0175843618816948,0.0124303058189793,0.016296198596971
"nig_cor",138,168,0.119430582986605,0.0285551999154362,0.0906154796833301,0.165578965817989,0.598975962149473,0.693392629942541,0.426885978236565,0.893600657306915,0.00257161733523882,0.000874502575598648,0.00311980772924672,0.0130508918437439,0.0132423940431487,0.0235302487973066,0.0153690012419018,0.0223402628496856
"nig_cor",139,235,0.148739609039313,0.0467021065997538,0.108849373790465,0.251554635127757,0.650810451166816,0.658794702198306,0.452092997793646,0.940540854485345,0.00474015061776039,0.00168901385551263,0.00458127419486041,0.0182216676213955,0.0115164126827064,0.0191403143694864,0.0115165340123228,0.0111835173974178
"nig_cor",140,182,0.146854950994182,0.0338372247020295,0.105261655802656,0.235538883922744,0.54141916159049,0.562789217274986,0.402457762148783,0.905920854346232,0.00369748128689598,0.00152880846023298,0.00458487299471641,0.0146319762927886,0.0160605947560603,0.0221431167334606,0.0168675802390113,0.0174116195199256
"nig_cor",141,264,0.133089747232485,0.0413796296666882,0.0990960306407555,0.163610482182988,0.420039641773755,0.301303693358288,0.309774050110861,0.785725090539344,0.0024168418115372,0.000835262003252827,0.00333665071122114,0.0163873924999146,0.00775952311970962,0.0077894028836759,0.0116222750163764,0.0162107562069668
"nig_cor",142,343,0.234120292567269,0.100393416287794,0.169610061533003,0.456311664164465,0.307253621872314,0.147691843754516,0.220598715614526,0.608274285617455,0.0105951430430635,0.00861009505819991,0.0104338878126403,0.0346477332429381,0.00546887658884476,0.00397553940441773,0.00694050801802838,0.0134482135668429
"nig_cor",143,415,0.200092038777076,0.0874053843666633,0.146571773064728,0.346498612239915,0.279850118277279,0.122601575282993,0.196037696172428,0.531711265107495,0.0115194671728631,0.00957338301690276,0.0150516430876496,0.0414948945220338,0.00167185116603919,0.00117154405464148,0.00256443399547394,0.00668092027005494
"nig_cor",144,473,0.101136489115969,0.0233394354866743,0.077179390101532,0.0649632437888398,0.254309632213728,0.0999445882755174,0.177236114121236,0.486055326125194,0.00363698033460831,0.000934465978047652,0.00422570926133276,0.0208992502436996,0.00155948648991277,0.000992102137088761,0.00255458885599042,0.00632803761241118
"nig_cor",145,449,0.134319498244535,0.0308981477852595,0.0953131490418015,0.174071914372799,0.336636684399557,0.178511173713056,0.238231939411808,0.635095455044752,0.00375536965198535,0.00129177558314951,0.00571636594491463,0.0245131444801885,0.00303928559799719,0.00252474099265457,0.0041582611261255,0.00757749388884743
"nig_cor",146,303,0.163005701468219,0.0475628164700131,0.117698668568919,0.273147635112086,0.552281990088575,0.602838964745817,0.397882713068827,0.872679992960423,0.00442025286640607,0.00202192483777986,0.00502194059374202,0.0227038909015428,0.00647679081407015,0.010648036553681,0.0080231005366511,0.0126383022412715
"nig_cor",152,171,0.14574002198683,0.0347335539266098,0.104262858776855,0.269090955970505,0.327646257329077,0.18460650348848,0.236686020955542,0.625358893308619,0.00193553115648775,0.000871179580672156,0.0025697267340241,0.0147500514944331,0.00475800673371743,0.00467460188743009,0.00844102752472532,0.0127297891050213
"nig_cor",153,412,0.148215866368341,0.04006767198194,0.106775150028919,0.20740533011292,0.415405303020573,0.323963402035459,0.306632522929538,0.762357601887914,0.00368714023570033,0.00126459896875811,0.00414463906495758,0.0187385642336369,0.00593659556203748,0.00696291237627489,0.00695526967215026,0.0142397905860946
"nig_cor",154,595,0.229320966445217,0.11625093973744,0.170048281271254,0.443379261645757,0.267686130781548,0.115191465589445,0.192537831425511,0.530494760484703,0.0132474794380847,0.00954215101012789,0.0152389010703994,0.032921979649705,0.0038510138180062,0.00231960254713342,0.004888893872062,0.00998541699508796
"nig_cor",155,118,0.661091904084698,0.708618811123737,0.49584573937856,1.0385744988794,0.327302712698077,0.18871775245521,0.235549695300874,0.612440029107634,0.0155981973709812,0.0234074916915242,0.0184588578169867,0.0270614289511935,0.00691206303774835,0.00545878014988875,0.00594778685198932,0.0131308796640441
"nig_cor",156,863,0.446573101564368,0.418196910731891,0.328596827657066,0.780259826483673,0.29106644682375,0.166593153492968,0.21609620757534,0.579492689057313,0.00861833859829428,0.0096968561100567,0.00835913602711279,0.0169238587676505,0.00433666469581729,0.00315758909497392,0.00454362380142588,0.00998375736941803
"nig_cor",159,199,0.208872505081662,0.0706260832717731,0.145062453603182,0.389064301713422,0.686286513144291,0.72339037505389,0.468394413453693,0.929576674238271,0.00302754122878204,0.00156523308544075,0.00475719687718284,0.0156778872915391,0.0129485632191313,0.0231959421598141,0.0161463159019482,0.0182137616686848
"nig_cor",160,555,0.0971504604454703,0.0179466886524672,0.0729086948634602,0.0376028871234287,0.24427030923832,0.10425401028291,0.18359651411484,0.538875834679699,0.00182122742164338,0.00044997657428859,0.0020056256179582,0.0117652301281755,0.00649413438422766,0.0039687251203674,0.0084040363009029,0.0134218651286803
"nig_cor",161,436,0.10298371313715,0.0192540830499564,0.0732139637376021,0.0163155162104033,0.198889809259295,0.0652606993278262,0.149181222960087,0.427745791883555,0.0020710778658906,0.000673736108653676,0.00207165563578799,0.0134286914566328,0.00245090478214869,0.00133884094169629,0.00314579669700851,0.00652434770284569
"nig_cor",162,314,0.115747118060003,0.0222200404612788,0.0826288358583195,0.0982767581192274,0.177081853429197,0.0495954436180405,0.126748349722778,0.324044122562663,0.00199193012100987,0.000556441609704236,0.00225214072191098,0.0111562737550704,0.00307339532318776,0.00139663063654261,0.00304152055020881,0.00878039628218531
"nig_cor",163,295,0.129655165787443,0.0283874303621955,0.0928942065459561,0.154213219907442,0.171012638677136,0.0526245346284217,0.123912326268316,0.299859122453935,0.00192212705395833,0.000672157866066072,0.00261736051404719,0.0126325771730698,0.00178381849458499,0.000753589019507543,0.002776318798283,0.0103664568339517
"nig_cor",164,315,0.155020833544446,0.039092172371911,0.107657555947294,0.217464027401137,0.204031074466707,0.0629493425738117,0.140507621065647,0.360399424678098,0.00251782242323389,0.000911136945781686,0.00340971738246863,0.015636171914697,0.00298721738729038,0.00154515468132396,0.00338211667652949,0.0106928742096765
"nig_cor",165,437,0.161235723445073,0.0521057804816508,0.119612664097301,0.282774446867284,0.212947737485886,0.0692752674990808,0.148036628206752,0.395440024402122,0.00261634569929783,0.00109060349260615,0.00300716673182952,0.0178575873009504,0.00288833692537345,0.0015806670442699,0.00329327552411963,0.00961782816081695
"nig_cor",166,391,0.156508694405589,0.0427544095487702,0.112058243555047,0.242115633743572,0.244097680065323,0.110405993677247,0.178185216893232,0.484675104506942,0.00229382679447138,0.000879946375154576,0.00239229558993746,0.0119528866941228,0.00315890321118485,0.00191632141580812,0.00379531639729192,0.0107228583494374
"nig_cor",167,331,0.148479253345526,0.0368070035897948,0.104950036664028,0.20698509969375,0.242744411563462,0.0935151811314792,0.174978677991652,0.485930182009255,0.00197004880460935,0.000737946027292259,0.00232057803891623,0.0106893622841678,0.0032342386316557,0.001963271918365,0.00477095959990696,0.0110554449766807
"nig_cor",168,370,0.124693198973472,0.0259883681155709,0.0882965657456032,0.116039187017837,0.316357287161029,0.179216866500841,0.228058240199249,0.597636840074625,0.00164565241148135,0.000507823005400162,0.00166169148953117,0.0100766230994414,0.00412476621509475,0.00348012961555698,0.004404356850215,0.00884880153556584
"nig_cor",169,262,0.154339860302241,0.0384683767220308,0.110399482179786,0.248585589590773,0.379677955342027,0.262260700126193,0.272104876311641,0.688094477223089,0.00162763697040978,0.000604320957011092,0.00188200505048618,0.0100597951522369,0.005492768554191,0.00596428798795974,0.00600866151592041,0.011442385425788
"nig_cor",17,191,0.155492836027827,0.064592735945294,0.124349466848196,0.340045683538036,0.591146761992335,0.630023219651206,0.422616827308115,0.899503594320154,0.00210641929456947,0.000865863004196955,0.00262550007678415,0.0360625916202007,0.0112384819438393,0.0151020041529581,0.0129066288409729,0.0194401104244801
"nig_cor",170,287,0.164750661672162,0.0406535296794459,0.114168442495852,0.266229400492508,0.380537650020238,0.256713487063891,0.273811393877447,0.697261803904585,0.00201082385391436,0.000745234829628311,0.00228022730130526,0.0107262352711042,0.00514865023167906,0.00506445400217378,0.00552244174960205,0.00868670069201516
"nig_cor",171,423,0.179148642361493,0.0512063722443716,0.125043780635456,0.296838582988852,0.270166913812492,0.152252488856404,0.210916042907763,0.595340152585712,0.00258549540587603,0.00114870646670776,0.0034190094796315,0.0130917724945944,0.00638475577017003,0.00474695705854195,0.00608316293623069,0.00933110315104053
"nig_cor",172,414,0.212575785437276,0.0779597309802551,0.153180080738836,0.396593842075229,0.271408785384492,0.12599771209521,0.213152133479725,0.617916827101335,0.00280329930317388,0.00166514536252127,0.00375086282186319,0.011366973561895,0.00536204980905725,0.00361950930725206,0.00637702759417013,0.00920234852371715
"nig_cor",173,391,0.223545966128043,0.0815679603300673,0.161290172113055,0.440097129115293,0.417816015914291,0.408152520534151,0.325804274062951,0.798936211485601,0.00299539069061789,0.0016391055584581,0.00434621755593803,0.0118819117575606,0.00824435641600205,0.0113941087757281,0.0109456492881449,0.0116871544247429
"nig_cor",175,141,0.509814493381983,0.50844093005028,0.376014701395784,0.844066144181681,0.494603511382344,0.619798677932438,0.388686041776674,0.884575430626049,0.0125873820600582,0.0144663798681635,0.0195585554920429,0.0228091793984032,0.0126139624699541,0.0157605157411526,0.0214492182704323,0.017320280824822
"nig_cor",177,202,0.365925517256837,0.236654577200419,0.265065631931409,0.696140979219812,0.202909424785445,0.0676380324839396,0.143612443157138,0.377642702486421,0.00616310857249876,0.00502405748781719,0.00736297711730316,0.0155793694998653,0.00319241314373878,0.00155261446455642,0.003783939725005,0.0111554450091781
"nig_cor",178,278,0.239193915109122,0.103563122225555,0.176698755924281,0.495395970024876,0.23922613439745,0.0982616636478992,0.173272984444939,0.463548521876114,0.00577702163640451,0.00324285515283532,0.00890273227266668,0.0210100651813786,0.00341214522643682,0.00201948055940164,0.0035713023343763,0.0107210651140602
"nig_cor",179,284,0.203166663369223,0.0695846109085529,0.144335783654636,0.372097040232681,0.276675750513375,0.12906726705596,0.196299087751713,0.530525231556608,0.004012461812362,0.00200469782163862,0.00512236969778392,0.0173783974873209,0.00259099848639376,0.00195090012455486,0.00387363012577447,0.00797484324929376
"nig_cor",180,627,0.180031548307195,0.0555858686999071,0.129413721747463,0.316480973663279,0.388118506518642,0.254981328110371,0.277601883238777,0.705733460280269,0.00277455027507674,0.00135452899715185,0.00310489579508634,0.0123611241284659,0.00346612762193378,0.00303222710864714,0.00366222061924728,0.00672455681630168
"nig_cor",181,204,0.268682937963376,0.122584099486326,0.193462357924417,0.521796999851235,0.539167548083784,0.603749512946074,0.403940978859805,0.894463693637355,0.00377228434410787,0.00253593888516746,0.00432003322430054,0.0160660263850966,0.0185304445440161,0.0620926049029948,0.0169777086450844,0.0263595604079416
"nig_cor",187,128,0.106293455763872,0.0212611664670005,0.0770393884139694,0.0812836667424455,0.585409226063917,0.543466232063997,0.394822240216258,0.863499429891992,0.00174592354286625,0.000347179276018223,0.0016888259924427,0.0107172492546278,0.019375824634199,0.0271362392632184,0.0189501406196522,0.0270580656895998
"nig_cor",188,260,0.0882623931335532,0.0143328082997427,0.0686953191795006,0.0353573763535961,0.431442440583283,0.328277453996274,0.316797465220664,0.773777148047273,0.00274764312774241,0.000644259567928164,0.00292258287582699,0.0131052683607993,0.00622880964970535,0.00719472781706873,0.00697234533534868,0.0144783573055837
"nig_cor",189,346,0.171257861915903,0.0625694723990335,0.130293390816048,0.317341845602681,0.291217311148018,0.153276243426923,0.210526940869256,0.560791406890435,0.00350216471513152,0.00171551833949456,0.00453883942129331,0.014350657156692,0.00610094230103147,0.0049235704566308,0.00749298552109617,0.0162031074190272
"nig_cor",190,452,0.246989699818755,0.116593705950187,0.178627091137576,0.487574967297229,0.248680822292932,0.109354853669911,0.179545271120211,0.487972760236498,0.00566496179322785,0.00347744731095413,0.00548710929230051,0.0127517004324782,0.00474491210294129,0.00301143191158729,0.00504790316940679,0.0129111619281241
"nig_cor",191,616,0.219424413954224,0.0833885348662746,0.157800050748234,0.425766407693743,0.19674159175735,0.0632488320312589,0.141426619548739,0.382021421051396,0.0038283893463384,0.00220156549576611,0.00343146403301624,0.00931188774703031,0.00426352311602361,0.00202187252789937,0.00494369079477293,0.0127539663540732
"nig_cor",192,351,0.271550128317873,0.112666950286494,0.190685048960759,0.518618022158421,0.208576028429189,0.0724023226616064,0.147832554297935,0.388553409681075,0.00268020770924158,0.00173554206475686,0.00338043307574372,0.00889987251087442,0.00197915455541174,0.000976888009210137,0.00295849750363955,0.00996977885256551
"nig_cor",196,182,0.13495218277269,0.0311821222035839,0.0956621373141682,0.171456840762177,0.327129694010451,0.202373568838872,0.24638144142297,0.687281758403804,0.0025924344361104,0.000997202541823187,0.00288085761623167,0.0133239688321067,0.00442616387506896,0.00398100774936663,0.00504789327418539,0.015451336763774
"nig_cor",197,273,0.151126405260575,0.0442770211194154,0.109107065431271,0.198097584307836,0.205598319977233,0.0762305457938839,0.150124852323202,0.398335204737591,0.00240820951477554,0.0010146465645264,0.00308664283534393,0.0135379853785498,0.00470943934965653,0.00226739065914383,0.00407666057451806,0.012421907642077
"nig_cor",198,400,0.15032149966409,0.0416573492788521,0.109339737142662,0.235302665159669,0.185189852664433,0.0608084405322406,0.132669596176434,0.329622308438532,0.00186173819502912,0.000751194882879693,0.00227262648338331,0.00913757405237448,0.00192225732073264,0.000837530968854148,0.00237220415041087,0.00813921990836096
"nig_cor",199,434,0.194544081420785,0.0585508972742877,0.136393559692855,0.348854243871303,0.202837168641369,0.0733557997820254,0.144094627441643,0.370587191906849,0.0025124642908188,0.00108919808518834,0.00325505144998135,0.0132613551234368,0.00249245741329954,0.00123635774799093,0.002625840876523,0.00862475894929441
"nig_cor",200,474,0.136228497800199,0.0363244674672166,0.100269171002306,0.185934809587248,0.247476366645008,0.114567034931108,0.175740622684446,0.458305556130426,0.00235022065553298,0.000867509073412641,0.00239616971982553,0.0103993547350947,0.00562549491637615,0.00454761649448951,0.00486078218509951,0.0129530722556703
"nig_cor",201,442,0.110312870850344,0.0208100665815114,0.0794183236969772,0.0884754856625851,0.340609156170526,0.2340282779782,0.246772428791134,0.61357144430981,0.00276537208217551,0.000872161463195704,0.00284754446949036,0.0133067741296763,0.00659273263588438,0.0067639733226036,0.0068547022481738,0.0167240531226685
"nig_cor",202,407,0.116164693232023,0.02466056025718,0.0835750408121772,0.105388735150357,0.302671572108647,0.157051533751304,0.215988406303376,0.570884875881188,0.00306099438309654,0.00110939220544286,0.00316346281360234,0.0146100140607118,0.00439635144031192,0.00324201558612173,0.00431518192267853,0.00902830396803945
"nig_cor",203,459,0.113265926142598,0.0292196036752691,0.0782285700777855,0.0557030718498286,0.383964133448782,0.257251897917008,0.269980985673089,0.675664564454822,0.00356555577894464,0.00167085068950551,0.0050641283575134,0.0194838804657244,0.00381289772024967,0.00400111992779455,0.00517665288209871,0.0106727354394278
"nig_cor",204,422,0.100327676287823,0.0173061143366682,0.0725763871302635,0.0344124918782593,0.370970578727652,0.237854939833839,0.266144022570293,0.679193546769605,0.00101912963856856,0.000243789637345367,0.00133859259795965,0.0096180728395091,0.00479967559479115,0.00462742141156924,0.00531403206042929,0.00934370029507234
"nig_cor",205,492,0.120435451579495,0.0227990519297156,0.0846985034498492,0.114482335930098,0.484593483201028,0.413153811982895,0.350495945907001,0.827778027852051,0.00111142166984558,0.000299531488429985,0.00141546876702146,0.00802155865179801,0.00240283461249716,0.00301128034548422,0.00346409803450415,0.00719141596702998
"nig_cor",206,415,0.14239578791013,0.031417420176179,0.0993240319035068,0.192148041209038,0.441935292462345,0.363726862740853,0.322864457489297,0.773290740894951,0.000882204533913481,0.000296659285766091,0.00137700272599987,0.00747638561583931,0.00468268802975452,0.00490090485173254,0.0058020896991182,0.0104449975224368
"nig_cor",207,482,0.147180404759162,0.0378340023941916,0.106159156894703,0.223748174110741,0.540155750253178,0.498883844276374,0.389347065108294,0.880142245183451,0.00203698279312288,0.000756971628982667,0.00269103708687321,0.0109199183003924,0.00569523930149695,0.00883279441446609,0.00751173764688596,0.0118090053101829
"nig_cor",208,551,0.171953695540262,0.053496561036091,0.129296335944781,0.339035912441707,0.606747988754421,0.663164158029881,0.439680252745696,0.94135061428134,0.00310424871668507,0.00135289543530307,0.00360486536297578,0.0105831347827445,0.0142996738797712,0.031002197007856,0.0177443977770153,0.0188150215421386
"nig_cor",209,462,0.261307666810003,0.130487574717117,0.191722489790171,0.511827189716851,0.733323291148239,1.01120920515708,0.538020319286163,1.03221663133106,0.00575063900878693,0.00424254665913886,0.00696836149434916,0.0176480170184704,0.0182349863586271,0.037616949717741,0.0159786224427304,0.0154227991539232
"nig_cor",210,259,0.483801352198377,0.532445369430736,0.367385700401115,0.81836632505124,1.09016554358568,2.81047275750745,0.802310432038034,1.23098620868696,0.011957093627019,0.0200350716496155,0.0141340667554931,0.0244690460717698,0.0368370557719291,0.160732610698236,0.0355120472708325,0.0276202105757379
"nig_cor",214,100,0.130863228936991,0.0295651131435777,0.095776104986818,0.1923689799393,0.157707733635937,0.0361185268615767,0.11447373102002,0.284140778854662,0.00240959364692184,0.000951530021510283,0.00279717326051846,0.00887098988595203,0.00237973451161857,0.00084327989265863,0.00353473256594213,0.0108020730080053
"nig_cor",215,254,0.123416965008349,0.0300496859911039,0.0922627220026759,0.156903725494304,0.20341486877139,0.0705114164208019,0.148284790754367,0.400195569471029,0.0025898445718429,0.000936133975536574,0.0029741409871269,0.0128648352790939,0.00262577471420721,0.001364693003496,0.00419472050744169,0.0120797460704107
"nig_cor",216,431,0.172357567267666,0.0566853259387281,0.126989285097586,0.318174872719597,0.276583636277115,0.128602902054852,0.197400808893033,0.540162103149535,0.00218600745390117,0.000876281680267426,0.00247856451293366,0.0133601390664353,0.00258521676110387,0.0015744479598175,0.00331769428901017,0.00886670827948376
"nig_cor",217,400,0.161412662082246,0.0461056064195142,0.115312945959392,0.256550190117726,0.290618144589456,0.128312700061089,0.202807104655561,0.553263695166503,0.00291657298340811,0.00136024334815629,0.00395788419417675,0.0162650361378891,0.00228601356468743,0.00147384583241637,0.00277735849879572,0.00635185967749097
"nig_cor",218,312,0.190745715811783,0.0623286448625895,0.139219822421123,0.36252060447568,0.341687445639096,0.201385848697192,0.246514873264246,0.645748752781588,0.0035236005086708,0.00127841205313302,0.00379593147767814,0.0124753633013477,0.00262033605620017,0.00209147207438003,0.00447252556512847,0.00939916358704458
"nig_cor",219,226,0.487559516146,0.482394515311128,0.362145680875567,0.831716746366092,0.380746163544665,0.281093012122319,0.282136543672107,0.720848932997775,0.0102789302392945,0.0119638394794645,0.0128729287905808,0.027676669042007,0.0062227987914067,0.0050130586123957,0.00700049776649594,0.0110813886053576
"nig_cor",223,173,0.134243498367573,0.0345637723982087,0.0988422741161934,0.181599433364332,0.343167206563918,0.186649969395519,0.245304699883586,0.664424439335152,0.00155423203978854,0.000553743370625619,0.0016440750301831,0.011263495838785,0.0125486130271199,0.0099195248172964,0.0119008510029445,0.017219761778619
"nig_cor",224,276,0.129731176508234,0.0299715271196391,0.0948625598131013,0.178285314552524,0.417319257379951,0.339438136450021,0.298262598110013,0.721255794574853,0.00256156446830091,0.000682725659042635,0.0028177065939025,0.0164824379872906,0.00856561651451514,0.0100162061363893,0.0103045726411329,0.0153144356743296
"nig_cor",225,373,0.160858573495487,0.0439926812467601,0.114112148243697,0.253016345150686,0.303045490543408,0.154892980607083,0.212564625812928,0.566856815329227,0.0036868860314865,0.00136221050503264,0.00389124513427353,0.016831233763115,0.00580558837120231,0.00472101022860539,0.00715264545909001,0.0134930111676246
"nig_cor",226,385,0.182136306818573,0.0563948015622308,0.130185536180454,0.322326512460704,0.326859776234156,0.235605379382403,0.242926610535122,0.626639758931433,0.00418775264574076,0.00202741022606987,0.00389250637979575,0.014157375504392,0.00620137253414338,0.00521841396208709,0.00616371134282513,0.0119057076353974
"nig_cor",227,409,0.153865882968258,0.0447951299698244,0.115933213299468,0.268944284039889,0.371437638168975,0.31051282897483,0.273279707742986,0.67610606227367,0.00280899419564839,0.00100157742590419,0.00302524971710306,0.0107070912023742,0.00463171503138711,0.00484697100506827,0.00701432597341817,0.0155903114777397
"nig_cor",228,339,0.216063487558864,0.0803438525052495,0.155457340828431,0.411929286861394,0.328148741091549,0.168203289152462,0.229826844066781,0.611983279316788,0.00318773935970818,0.00147342911396657,0.00423269604784558,0.0133677043313713,0.00360604184874662,0.00270740500430023,0.00632149187697775,0.0114937583911332
"nig_cor",229,293,0.178280188335988,0.0541884628485909,0.128302662960411,0.31887227681053,0.400639724504401,0.264949067463019,0.283594626602383,0.713162405639122,0.00242908232312014,0.000934996994418596,0.00297865971318592,0.0129579952133141,0.00420584425448788,0.00400059392323002,0.00516358737047086,0.0112168033759621
"nig_cor",230,120,0.17261446491021,0.0438655635655211,0.116746151191058,0.258284205673334,0.511228236629535,0.422802612443933,0.359402066123182,0.831706069271825,0.00177895601124209,0.00065347942324984,0.00248443457437608,0.0115850453387855,0.008970695957664,0.0110109805917553,0.0103920707164726,0.0151106266932764
"nig_cor",233,223,0.189720346622991,0.0736637814805001,0.142934422949827,0.363957625324776,0.355029798333384,0.215875427431423,0.254997785567495,0.661278852039535,0.00234321567502439,0.00124644676952355,0.00296619080709002,0.0133901679861808,0.00262713748089146,0.00229102763541322,0.00388267909816811,0.00850645079915385
"nig_cor",234,491,0.122065142178742,0.0255725329819989,0.0896057169470546,0.147286887321769,0.286824051362681,0.132143500858331,0.202330957362682,0.548794601383288,0.00174077023371356,0.000542012870866314,0.002232517208446,0.0105107393671806,0.00189642755614458,0.00136531419923123,0.00261542470833816,0.00639693107497308
"nig_cor",235,475,0.14042836343878,0.0357565630876128,0.103283031014667,0.211275060320087,0.216290641523741,0.0794489035429666,0.160405782813843,0.454948528472735,0.0021129014435361,0.000680095391772365,0.00247071513151932,0.0103627566202312,0.0023047797717232,0.00135822290198034,0.00304830007749878,0.00707787702303239
"nig_cor",236,315,0.172031022499774,0.0545935748319557,0.123663061279356,0.279003249003735,0.272661765829072,0.128788666554849,0.194243575427115,0.527562622302504,0.00312806476523344,0.00146283465564031,0.00329482060986239,0.0145635968359568,0.00271080547880807,0.00174870315044454,0.00363135274383433,0.00667265384012709
"nig_cor",237,413,0.134131261989715,0.0301027745456058,0.0953377838728715,0.15741471308593,0.202334426792338,0.0707206281596672,0.15291190905665,0.436279826861474,0.00280637688083101,0.000893023817292883,0.00276303720014534,0.0157362030305248,0.00224533808890151,0.00106905216811182,0.00302466221801786,0.00668091906038159
"nig_cor",238,436,0.0992356317498916,0.0189004474554672,0.0724547192444244,0.0277267916858007,0.196098487947129,0.0660288376679705,0.142746034395967,0.39136429954473,0.00147950372708579,0.000374983385694852,0.00174615674344318,0.0125609552083175,0.00257389140551012,0.00116487872069879,0.00273634650370801,0.00664312768492577
"nig_cor",239,320,0.0878053805733836,0.0150194344321524,0.0639382872851947,-0.0442370125459436,0.223171364990642,0.104142058484879,0.166875083339796,0.454163323968719,0.00136362408990369,0.00037661491300653,0.00172321698863957,0.0112885150820474,0.002904275984996,0.00190786439459616,0.00388502784119781,0.00912584060643651
"nig_cor",240,434,0.0890070073083094,0.0141027117049216,0.0640919024512727,-0.035853594630819,0.195371833102912,0.0864513195704922,0.154790428535246,0.432698559639855,0.00104511560915765,0.000232669686109661,0.00118659572922517,0.00850348164089265,0.00185732994817566,0.00118172010748546,0.00305996525753268,0.00719199714084656
"nig_cor",241,437,0.0901609208585003,0.0138506621285491,0.0663769763152468,-0.0012890826795714,0.201222312195212,0.0688614932866165,0.15169547453399,0.429851624390575,0.000949542045903977,0.000197345933345803,0.00134387549279136,0.00860178367364314,0.00219566162188082,0.00111499114113519,0.00324176777697039,0.00680873770786
"nig_cor",242,298,0.0945283226247396,0.0147988521226373,0.0672138414606174,-0.00342662220336986,0.243962825797651,0.0993893858043456,0.180140730837035,0.514637696837501,0.00138661677149472,0.000317518079974964,0.00178480237194873,0.0113519124829824,0.00318611734857341,0.00229624656978524,0.00452336943336198,0.00794785314117496
"nig_cor",243,322,0.094456931614123,0.0167975165537807,0.0700444921746492,0.0124485865165224,0.292030962954297,0.139134360298451,0.217835856411571,0.617905559996165,0.00127339387636495,0.000282927786795245,0.00146596459130295,0.00987626947702576,0.00314582588042707,0.0025396066755506,0.00393994900071631,0.00545305272934924
"nig_cor",244,394,0.103317384297752,0.0196212792950951,0.0773242359390863,0.0718479578197722,0.413028366323544,0.260303083043101,0.297446136091247,0.766638157873542,0.0017712168405843,0.000440846119670221,0.00228297185208148,0.012653819452229,0.00426647306543254,0.00419859925898891,0.00606751771071756,0.00702038652640279
"nig_cor",245,395,0.0955872941142109,0.0175917414820167,0.0728329815535831,0.0640041617876013,0.661427815981522,0.650817253715101,0.457567583137916,0.960080844475889,0.00336006734078175,0.000875080517736883,0.00470246279360076,0.0206039770702393,0.00572800419936671,0.00953159290901939,0.00811374687495781,0.00966772846790638
"nig_cor",246,195,0.0920440153301391,0.0291744035440657,0.0719312824386824,0.0976796874359325,0.920048854088836,1.6500781989142,0.668077182315561,1.10411559880295,0.00390565664324731,0.00104563601713341,0.00491914002344874,0.0269024445919272,0.0105420547732191,0.0271837363028645,0.0138319459662668,0.0115311565397597
"nig_cor",250,139,0.0831468966901064,0.0119554314833595,0.0586671277486068,0.0172061042638453,0.204451529960194,0.0848704429247988,0.147133333835256,0.404749722110517,0.001989245090209,0.000394282276516152,0.00188978804616232,0.016132403512013,0.00192910993969289,0.000952021848579415,0.00214246157648441,0.00695813919323198
"nig_cor",251,392,0.0880612455698597,0.0119283248266055,0.0620504054060728,-0.0298701668816497,0.231938045816153,0.0820275721934656,0.162316450198512,0.446641605020591,0.00280643453499778,0.000597182382596195,0.00306231133121025,0.0177573060881817,0.00184574995667871,0.00104638549385709,0.00266965040497012,0.0070562383069328
"nig_cor",252,289,0.0952781716706369,0.0143926683515597,0.0679190838157296,0.0223467764474948,0.351877277747012,0.179702183312557,0.242238222747989,0.639708645491295,0.00318953690353538,0.000681150872231824,0.00396895672037296,0.0221727384357395,0.00200157769734004,0.00171385034890828,0.00326777090602047,0.00885604036909199
"nig_cor",253,331,0.105226150869065,0.0215154951425174,0.0768910265030228,0.0986967026980047,0.423035256746116,0.264741289408601,0.289058542145506,0.728849987860632,0.00393247347840451,0.000919053115893199,0.00658540870950189,0.0247912344504799,0.00173392925768154,0.00171655367496387,0.00299154537037481,0.00474428798043706
"nig_cor",254,322,0.276398873729804,0.217861294185716,0.205085224323203,0.487243884871361,0.492401733051698,0.468028848949729,0.358334150214066,0.826528361306727,0.010895098313062,0.0105667990979062,0.0120293127407971,0.0279529539196968,0.00363873556959862,0.00348064792296334,0.00536465272295819,0.00814440741130792
"nig_cor",255,104,0.239173573424167,0.107112074576911,0.17324325928292,0.463394491907426,0.559220748413276,0.745858098188857,0.416645041924024,0.894812825663737,0.00650840917066398,0.00340770295202301,0.00757368144617914,0.0166922218816499,0.00830911694538774,0.0106743407262514,0.0104929627732469,0.0106666667890589
"nig_cor",257,125,0.114569610584601,0.0223305467262849,0.0846492114970635,0.13867677462198,0.656690790504609,0.698280504540875,0.461814138592812,0.971494250995749,0.0025799498440979,0.000764630267587579,0.00353652011269993,0.0228195732454553,0.0074138904856657,0.0130833779959519,0.00777784437980937,0.00880187791316634
"nig_cor",258,174,0.103268676986951,0.0219203101631384,0.0770777234856621,0.0562646167550056,0.408478672226429,0.289408095439696,0.297681337074046,0.745812135711224,0.00231668144698323,0.000541050471903139,0.00257966129819328,0.0193420092992846,0.00541054355563594,0.00558165546724816,0.00730144400575916,0.00971284318108789
"nig_cor",259,317,0.092039529823228,0.0147050513211028,0.0671712883669542,-0.00220024304680622,0.39951035000134,0.272393413481377,0.28607218765837,0.722686505756528,0.00115917802973818,0.00026110867547063,0.00169618526706083,0.0108078614149027,0.0041066626341262,0.00395849093388335,0.00681702291133029,0.00939282381145623
"nig_cor",26,263,0.0566822528571093,0.00673228527558485,0.0437811522849108,-0.198661420287011,0.334462521223117,0.183284902886091,0.235637914801622,0.614928949621279,0.00193577377658602,0.000219869375932942,0.00226587112689252,0.0175261862080444,0.00686434731074972,0.00570459928094122,0.00700197094869772,0.0143788615867795
"nig_cor",260,320,0.122789935957923,0.02584044355852,0.0883424458029469,0.127099385792819,0.472130252102127,0.418675005543437,0.342126083769242,0.816771836757495,0.00194692020359574,0.000528777317256048,0.00235318712331382,0.0126505056967042,0.00534239256065474,0.00589178812487602,0.00759157000578232,0.0143041521026704
"nig_cor",261,327,0.14483019671384,0.0350480883608466,0.103272000014099,0.208119290622581,0.4912371516373,0.427858163545301,0.35418324397572,0.826098212307489,0.00183779530875599,0.000678959660354511,0.00283001244693952,0.0153457449189233,0.00759510312916341,0.00857861787333327,0.00857585608831892,0.0149324968178735
"nig_cor",262,319,0.156353571284497,0.0428832526921964,0.112360956043054,0.240235092782543,0.436871437134953,0.3174674649894,0.311871604074012,0.753693322818761,0.00258279962098423,0.0011458700134615,0.00345228843530601,0.0165594771786234,0.00831765492546336,0.00859483887306835,0.00877392471825608,0.013072356210263
"nig_cor",264,339,0.0971473124472478,0.0179671698961431,0.0719659992100435,0.0396050717014779,0.530391379417987,0.437051858085834,0.371529352421749,0.852371682251518,0.00248855237766333,0.000816427551373776,0.00414399297061532,0.0176811004887919,0.0138297920627715,0.015958326167582,0.0115955546710709,0.0156900512873592
"nig_cor",268,358,0.137181817662702,0.032552205175425,0.0978857119174435,0.185251216596025,0.42558232222002,0.281550033194843,0.296157876864271,0.737410389498697,0.00116354853289717,0.000345921633019243,0.00149513875241971,0.00903195162335662,0.00221908339491453,0.0022432145228158,0.0035578056648632,0.00595484932210029
"nig_cor",269,366,0.121292073615929,0.025604734352272,0.0870531238441731,0.126294232216655,0.437734251515456,0.293944424087203,0.303183984259388,0.752276895530376,0.00146857398735451,0.000431652799839993,0.00192088312150211,0.0100864198941558,0.0029325849606495,0.00336186827419315,0.00430956411816806,0.00820158894760934
"nig_cor",270,422,0.128705263281406,0.0304275715117002,0.0936139698972409,0.161444817518501,0.496720674373491,0.431440972576107,0.357127215933986,0.832878028521729,0.00200956153721534,0.000614875726253062,0.00204754156209559,0.0113838974380595,0.00218979980419245,0.00254106759732829,0.00275693187088314,0.00434884080793831
"nig_cor",271,398,0.111896803892852,0.0213389123380375,0.0802306618383471,0.0813981883811166,0.49141430547038,0.406573802843422,0.357357640938005,0.846734305427097,0.00182726576693999,0.000445768247084059,0.0018733747973177,0.0108756278425629,0.00487510480574539,0.00563939812536038,0.00613231398410232,0.0111856294600625
"nig_cor",272,395,0.148699972777424,0.0396039003385239,0.108305108795368,0.230269679914872,0.393248755883939,0.299185806368639,0.287882894318585,0.712553401752501,0.00254226756916217,0.000964629460265368,0.00243234676164422,0.0144703950701308,0.00503387173474349,0.00541613273217957,0.00696504333255875,0.0119909692820797
"nig_cor",273,301,0.135085077967371,0.0306906997140944,0.0963639340925139,0.166355988746586,0.422719553094251,0.34422745580458,0.310794312739985,0.749683520493473,0.00272639713961442,0.000851645919952167,0.00275254350558462,0.0163630725174535,0.00766493535265042,0.00934762781731648,0.00973091581852927,0.0172715448668921
"nig_cor",274,264,0.117238400039463,0.0239596314505192,0.0863764690630802,0.121842491744401,0.355413305265392,0.226359919346798,0.257679437809572,0.676562290086776,0.00145634929959518,0.000381962169211062,0.00259610689764198,0.0152152721262006,0.00519646169541152,0.00533096113660548,0.00830489815207559,0.0131472436078605
"nig_cor",275,230,0.11273957586492,0.0220473924582466,0.0816730288017231,0.0892556642775725,0.355920254180002,0.215078163928578,0.256419821813269,0.664591888420072,0.00306685721084569,0.000799902468014215,0.00291948959118569,0.0152946300283935,0.00388954546076177,0.00376664548944932,0.00653931010152026,0.0100439743708549
"nig_cor",276,254,0.106288145276327,0.0176836376602919,0.0738680594076388,0.0363693205767956,0.320984243959708,0.165266631050787,0.228108531872965,0.609967290911892,0.00230036404366769,0.000589940006203044,0.00264299281776777,0.0158178858947852,0.00277384600053834,0.00225568021228468,0.00373101465910237,0.00746709705418924
"nig_cor",277,372,0.067103512920194,0.00748844795068326,0.0504962011202993,-0.127046160765432,0.317368366020432,0.155362019234449,0.22305036157084,0.609263687550562,0.0022170626397766,0.000322419778460328,0.00197679043999048,0.0138626883809933,0.00249813658345526,0.00222786697871722,0.00421507223759412,0.00682252697198678
"nig_cor",278,354,0.0694982527617016,0.00823122087574276,0.0498928476065857,-0.159574574264558,0.437181241417503,0.294886402682729,0.305054679523226,0.763743757468851,0.00150371149837327,0.000271286868880662,0.00156928144169712,0.013061840092238,0.00200466373655069,0.00215608267299108,0.00315496307990739,0.00455560464006184
"nig_cor",279,399,0.0826855439404814,0.0111741891687087,0.0587906632477442,-0.0768497812357193,0.586892213831246,0.517742214674859,0.404934878345487,0.894648029273672,0.00141698010000616,0.000294600786796271,0.00164377153501174,0.0146156179654784,0.00441038281294661,0.00617974996036604,0.00621589329854726,0.00742493467893169
"nig_cor",28,161,0.113648669049025,0.0235190357630794,0.0840160575967691,0.144875924966823,0.453560288782324,0.32260335303113,0.319556536802716,0.774118138620134,0.00193359222110319,0.000530658183541689,0.00235528468177108,0.0222103548441086,0.00991503552093381,0.0100617984305823,0.00909720728567887,0.0138751138815788
"nig_cor",280,153,0.123389217220615,0.023410478644941,0.0861767617866792,0.147575797627349,1.16113143284784,2.8440924399392,0.830208142729108,1.21435997770053,0.00181104269441219,0.000552181719376691,0.00211632208072281,0.0131563096450416,0.0211040508627804,0.0781875680390423,0.019926059869116,0.0152249783021511
"nig_cor",283,151,0.133186855318566,0.031056947776338,0.0973349378214019,0.202879770561377,0.333028013479806,0.183186321733963,0.237402623015366,0.637931069206066,0.00314412351665063,0.00106931899993951,0.00358277142434046,0.0148196104059228,0.00413014624730039,0.00302178453056627,0.00463308060909198,0.00671290275122386
"nig_cor",284,411,0.117582374424533,0.0249811542827569,0.0855145572073706,0.122566746565819,0.367172025762327,0.208739523650382,0.264182077364476,0.703885202565525,0.00216472051534279,0.000632114552912152,0.00297493689999245,0.0207876498876999,0.00283081267071508,0.00240368752057055,0.00437534150539144,0.00605761639293882
"nig_cor",285,282,0.0788383961880267,0.0104632790342754,0.0563660141432715,-0.0860127090727423,0.617264468182734,0.608670026619842,0.446011725499653,0.949788927480001,0.00178888390405609,0.000331319518975068,0.00239047679044472,0.0158943976291469,0.0130455944754583,0.0184483928114411,0.0169027554940492,0.0162882278817438
"nig_cor",286,302,0.079489246791949,0.0104047859896614,0.0567042908590272,-0.0895454848129197,0.763895491857847,0.875734492543409,0.533932580297053,1.02581790744609,0.00123883243319456,0.000244865744758322,0.00157826145252141,0.0129624376324816,0.0156946972264349,0.0287131123304934,0.0146053990878908,0.0136861142916205
"nig_cor",287,437,0.089381611365691,0.0127604559909018,0.0641575394883706,-0.024263367529423,0.462451512535397,0.324209029443154,0.320661287658651,0.776553385809634,0.00148189637543645,0.00031845654708125,0.00191722333225286,0.0138502290817978,0.00206548492531657,0.00265404498034293,0.00304536642461703,0.00539244946763898
"nig_cor",290,320,0.067422529072434,0.00849763979182486,0.049099129175154,-0.158422786810258,0.745403601096951,0.850383817486038,0.533167264652524,1.05977971386421,0.00143436923678125,0.000235006889665537,0.00197734124606275,0.0174777101088387,0.0185889767117313,0.0331595637450654,0.0218192116452419,0.0162830425359326
"nig_cor",291,272,0.114161154982978,0.0285649441161056,0.0835853953987568,0.0976961939561819,0.836600067015866,1.13587050073313,0.602482596052047,1.12026886561616,0.00399879971110818,0.00136387184542433,0.00656069051443383,0.0379352690426957,0.0162288986944153,0.0276680048651762,0.0166799732593034,0.0169039213368542
"nig_cor",292,309,0.0941828877013857,0.0153083073030333,0.0679041792984954,0.000765767768885597,0.677691166026085,0.720915837696436,0.475640338546419,0.97804555789643,0.00241356256073943,0.00061594229603778,0.00272745929977831,0.0172968518352245,0.00789603273148346,0.0114447047130713,0.0102337119946177,0.0114301004103064
"nig_cor",293,281,0.107138342527981,0.0185088684452862,0.0755622978810515,0.052798468071529,0.642670256693712,0.634837725923443,0.448757722454034,0.941199256190421,0.0019844864092718,0.000456333449169577,0.00248919218060973,0.0167318993460974,0.00887243980282392,0.0135437921420885,0.00986339715154049,0.0128281127659479
"nig_cor",294,332,0.133220657444691,0.029632721866196,0.0960247941662876,0.173853960834933,0.538640547296943,0.468231024693244,0.376200607480515,0.85380225402933,0.00278677849382125,0.000846357049258636,0.0030653489800006,0.0189918190562119,0.00685533132673443,0.00899310770882081,0.00725050859051042,0.00861588727449699
"nig_cor",295,380,0.146235489407389,0.0403158138209949,0.108309456063457,0.240978849769911,0.572151776851864,0.55578849687754,0.406433316793859,0.889388433644191,0.00347347325660041,0.00126818419467212,0.0047861168238173,0.0230106333798708,0.0110317547619221,0.0164832328659451,0.0112399421347025,0.0140019471931514
"nig_cor",300,249,0.106050169892084,0.0202032652290691,0.0770976587911975,0.0685732680381278,0.781424762937286,1.16120532803622,0.587616637046867,1.10528690710417,0.000709147165642725,0.000163941622127142,0.000924289349199619,0.00903168816219745,0.015075005220997,0.0291796667937461,0.0184203061023696,0.0169598444721364
"nig_cor",301,296,0.0720846982016717,0.0104977012190944,0.0562236329470775,-0.0798114606395879,0.589014926318237,0.605473173591329,0.419233890382633,0.904368123249973,0.00214113356622507,0.000366681136758544,0.0029735285698693,0.0194417403192512,0.0142929596620925,0.0200744153070758,0.0165552350629465,0.0161378924468767
"nig_cor",302,301,0.103779733547336,0.0168532376889567,0.0719437771559728,0.016438267775946,0.533959320358833,0.489866953316414,0.389458727996179,0.8779994341698,0.00213781095410639,0.000572303093383189,0.00247727594502899,0.0146659550055311,0.00739738917947837,0.0107749165590229,0.010220106970262,0.0112680094528046
"nig_cor",303,260,0.102308787734779,0.0213389597031897,0.0746450271603366,0.0354092215187905,0.646839632284785,0.655464121621875,0.45309525227941,0.952945781043127,0.00183364524969711,0.000579357496311446,0.00206672914211688,0.0132923876229605,0.00994273059909563,0.0174959976696862,0.0159320891452076,0.0143594716537227
"nig_cor",304,329,0.1018697217593,0.021595304220388,0.0764377381727398,0.0480534050322671,0.552049477640319,0.521799438554558,0.398863728836137,0.885854135541909,0.00203980201909029,0.000487363500774033,0.00220144601808998,0.0134091874485051,0.00615788505092506,0.00864840328613679,0.00946696620049147,0.0111609084942257
"nig_cor",305,174,0.10919348601459,0.0201982149699865,0.0787405972318227,0.0658343738764822,0.605118914524705,0.59079661152929,0.427106398368166,0.920762296446919,0.0025112193135437,0.000602988734568392,0.00292247201677999,0.0165480138551266,0.00745138609907965,0.010912761978029,0.00864793298734744,0.00980600364793549
"nig_cor",306,189,0.160279440133048,0.0410234602262937,0.114873752480278,0.28298566464716,0.667754117030365,0.735651018302236,0.474867177762316,0.963630397127007,0.00188293858568651,0.000813991148822591,0.00171423119352419,0.011850522389063,0.00766250113027117,0.0140323678003414,0.00942926190830748,0.0117087771847344
"nig_cor",307,240,0.179766675590959,0.0474818462223636,0.124862356022142,0.306748037936582,0.646272486706441,0.684207158400707,0.463713536239756,0.95994010664904,0.00380220015743924,0.00152342694935763,0.00405898601062571,0.0200867837545414,0.0113611187466563,0.019752220730064,0.0152936037624869,0.0143721428623343
"nig_cor",308,240,0.154168512300805,0.0367698503156986,0.109528151378106,0.253693848445955,0.551985120129543,0.471874391826819,0.379889769072946,0.85790960949878,0.00221981285423785,0.000778509017618256,0.00209392169487951,0.0150416117864534,0.00371781880028492,0.00494230802306218,0.00563379725098263,0.00687635510840032
"nig_cor",309,253,0.129410802476432,0.0262167526577112,0.0915323859563573,0.166488138063529,0.523914237285443,0.477827247161182,0.38343555702574,0.872998233815621,0.00178074471661983,0.000629176672840213,0.00282382731511321,0.0208640558225197,0.00476648377411947,0.0053656239274381,0.00548742931472263,0.00657007502148453
"nig_cor",310,246,0.101808342816426,0.0161206032467533,0.0708303538551868,0.0153048160495366,0.54172466206995,0.495435423116204,0.403575920999726,0.91634188628299,0.00142631940843944,0.000349940316398017,0.00174391843819749,0.0139475484432225,0.00951958661841686,0.0135033222206642,0.0173424810311702,0.0147633295626497
"nig_cor",311,282,0.102107658013879,0.0172879943763967,0.0735823980436889,0.045131226710539,0.513079680349854,0.404316462792848,0.36071179701847,0.853833918134259,0.0016321394765853,0.000402896253084494,0.00205862058567921,0.015097522176317,0.00590070551058315,0.00755420430105039,0.00921415144445155,0.00923926723707128
"nig_cor",314,376,0.277377676401524,0.150531010373032,0.193500667409214,0.504310798442016,0.74990497921827,0.90975266309455,0.533961818606954,1.05018419516334,0.00789407861428407,0.00583291407347116,0.0092546376948513,0.0232253988765491,0.0190158186479674,0.0343655816210269,0.0236295015270628,0.0182382680868127
"nig_cor",336,181,0.0758451626217657,0.0145156350313169,0.0579025264872583,-0.0962850387327626,0.78335364870893,1.04288826618465,0.562082973616455,1.06136441460798,0.00265597302488733,0.000673499706471294,0.00325742707772823,0.0287636333079007,0.0145175020349376,0.0206273620365529,0.0173222509110191,0.0150040668673462
"nig_cor",34,492,0.0420407848035312,0.00351264761138857,0.0312270990166825,-0.397319131376291,0.373625143345848,0.291255319768167,0.273690520009025,0.672040570357257,0.0011424372568273,0.000134666533168829,0.00100814517589686,0.011487614656896,0.00602994989620054,0.00549895118815619,0.00679945421074342,0.0139616843103397
"nig_cor",352,387,0.0590656449960877,0.0102971156667921,0.04726436972271,-0.230757315584401,0.432253089245409,0.332169430456191,0.315771712037857,0.772759765719132,0.00216589881400718,0.000491043063758893,0.0019809707245508,0.0229843365669065,0.00822962755455747,0.00936988724362615,0.00949720787399251,0.019181515823554
"nig_cor",370,145,0.0826930062474637,0.0113459218975959,0.0598228233710832,-0.0548829210546991,0.468882071896312,0.324902823996739,0.323046384728383,0.780998861593212,0.00193834765617283,0.000343775043031944,0.00211898145475424,0.0225679161502513,0.00993136586884887,0.0126131826784029,0.00994192951778788,0.0155256472003483
"nig_cor",372,201,0.0856065317144708,0.015519584167738,0.0659006878568734,-0.0153684281860736,0.549070584632442,0.503365014724236,0.394886348925385,0.88748000467851,0.00158324411342484,0.000348661020245462,0.00167562909192374,0.0276150057655089,0.0106368084761401,0.0126384650764638,0.0100507939878164,0.0134183709959113
"nig_cor",373,293,0.0950752933168788,0.0229353005647501,0.0723360241609108,0.0420351075825075,0.510989641879025,0.406144335680931,0.36071650370701,0.839114418651872,0.00505780554722428,0.00158199711474998,0.00431033549603994,0.0324125994880585,0.00964011016430947,0.0110652305928953,0.011840509544132,0.0173765084605583
"nig_cor",374,491,0.0821156538291112,0.0209832093345671,0.0692592389739385,0.0200699415014936,0.450737412029688,0.34232676753952,0.320261457062635,0.781999480112435,0.00200439448910527,0.000463456680454563,0.00206127426458447,0.0134505009155499,0.00457852990440607,0.00423637324661744,0.00512590356126792,0.00869801021307061
"nig_cor",44,168,0.0996719097106342,0.0154149317051415,0.077409686299424,0.168560145574343,0.541415032442766,0.45099965957082,0.48020897039545,1.07393939620141,0.00452003986631496,0.00116843885265847,0.00644456030617652,0.0208681607148516,0.0250786345297141,0.0301495597393514,0.0281912599518493,0.0140958934147715
"nig_cor",45,490,0.0599626290971473,0.00632734732620588,0.0456401699970598,-0.158035456163615,0.44660131128591,0.330108779512794,0.322129275247237,0.795769555942881,0.00243205320925778,0.000394407804924685,0.0033201827851019,0.0205774161612357,0.0136275324147715,0.017348056322923,0.0135449907171613,0.0143494938268108
"nig_cor",46,483,0.115074773872128,0.0247653766215775,0.0831631566526957,0.121528205452699,0.41716129369826,0.314256409704291,0.303863190709987,0.751140141324683,0.0034049419846158,0.00086820100229754,0.00412730009938367,0.0273529564834272,0.00867719604605071,0.00735045089662828,0.0116152708141189,0.0162729276536842
"nig_cor",47,654,0.0785804092073769,0.0140806407268586,0.0587224729882749,-0.0814830245679287,0.364612410685092,0.261671908683885,0.271555640892224,0.70441942672247,0.00236046984760302,0.000476282794485368,0.00268292795602874,0.0220472161719093,0.00812557749846582,0.00749707810047143,0.0113145662197073,0.0159880481095454
"nig_cor",48,707,0.0450318556667146,0.00412712100344137,0.035221525833378,-0.324644512558022,0.339519637316401,0.189431806196599,0.240790916292495,0.633702468579545,0.0013129900433124,0.000161430501819785,0.00147241362069636,0.0146612399067793,0.00888261914066641,0.00831263114275476,0.00959236844988384,0.0147875521317538
"nig_cor",49,414,0.0856121290955861,0.0239120018780862,0.065641791608593,-0.0285308673455161,0.323721949426223,0.174976700110618,0.231241070794161,0.612362340255241,0.00207989842976272,0.000533815728281222,0.00198401968107968,0.019519948953492,0.00411186011736974,0.0036030597008882,0.00442215333758673,0.00832404994897502
"nig_cor",54,359,0.303436191583474,0.259644848974841,0.234633932541376,0.57322557353817,1.53122709651888,4.74801197876966,1.1237137097439,1.38537401681738,0.014901416670286,0.0181514197933825,0.0157864920901067,0.0256665515940738,0.046711143310973,0.19405271146111,0.0517344149785311,0.0267485647348958
"nig_cor",56,668,0.0751998184469129,0.0109152626890628,0.0551764786079216,-0.108156366736077,0.416731632949792,0.301536418442211,0.297944119080883,0.736901290307859,0.00175875881373905,0.000358650978126028,0.0022097913723917,0.0188606224056666,0.00826958001357837,0.00802573405948164,0.00912041771139642,0.016345566585581
"nig_cor",57,257,0.0633238880466358,0.0138956250715096,0.0515624663032047,-0.17875545144479,0.273674198651909,0.123299827344541,0.204831780940897,0.581481674726476,0.0013454485505395,0.000292471401176202,0.00177378029059473,0.0149012072091123,0.0085826910429953,0.00554822118724657,0.00861995812914462,0.0132191340230932
"nig_cor",59,323,0.0733443030749658,0.0105868435222344,0.054848154255279,-0.09413288188248,0.603646993450623,0.572811540812513,0.428296899816568,0.926522739961974,0.00156504828723528,0.000350691775347186,0.00141874019218514,0.0120464466388451,0.0140809291652969,0.0221213035143805,0.0133334575449852,0.0136297686712109
"nig_cor",67,688,0.0724337997689213,0.0108722523325952,0.0546653311580015,-0.123564704959171,1.44888294518868,3.64655555587817,1.04729045685525,1.36887878820865,0.00158131121827583,0.000292579585408098,0.00180724595502299,0.0139041406686286,0.0283590624012039,0.116434603468423,0.0316152179279676,0.0196840709787655
"nig_cor",68,1145,0.183835259716546,0.0740809752761686,0.13882429870357,0.372928071070293,1.66191288632787,5.19357319102864,1.22356330608388,1.47435162860785,0.00505124151327149,0.00298198968571737,0.00476551087009367,0.0261045575599824,0.0385607358842459,0.172672332884607,0.0353919691677688,0.0187904822511383
"nig_cor",69,631,0.159970447032189,0.0514095623207347,0.117512434220623,0.268428467175929,1.17408801103442,2.19515121596916,0.822523286155112,1.25155808722942,0.00304126119245967,0.00118861435258352,0.00333154527051876,0.0187641325749566,0.0224836349791394,0.0616658370000717,0.0273232344945166,0.0177838200569415
"nig_cor",70,395,0.132768397227219,0.033650311601916,0.0976705467218176,0.164848217388104,0.821548774107759,1.14848949837684,0.592691556823673,1.07861782663201,0.00304094115236724,0.00108180971296757,0.00343537219063049,0.0249810475917437,0.0204484420208977,0.0417752492707132,0.0197635009279828,0.0173080921056936
"nig_cor",71,389,0.101436978855577,0.0186999825773294,0.0732889361263601,0.019110361242991,0.604849835698888,0.594051417977381,0.428820872407065,0.917126848127806,0.0016892314185066,0.000469066682226895,0.00188090308158961,0.0154161476081049,0.00592528087983934,0.00878000335884442,0.00778884151985037,0.011287127064075
"nig_cor",72,713,0.0948188375989982,0.0163719145759201,0.0684209559154012,0.00156197856994058,0.457702344349147,0.342331863447642,0.3220773283044,0.775349757639864,0.00178448460146887,0.000396012802830181,0.00190519757173788,0.0165746060031939,0.00451648662404028,0.00498084163829688,0.0052824601400658,0.0078599707081298
"nig_cor",73,410,0.119099113185161,0.0255886374861823,0.0862638611106239,0.10323285037221,0.53715514793468,0.469362454285076,0.383153077672055,0.870016555242826,0.00212924103260412,0.000688540804513648,0.0024823972028117,0.0157774573900623,0.00903450705801724,0.0115405436186051,0.0107636880227575,0.0137670600554106
"nig_cor",74,562,0.113292899042275,0.0216967785670281,0.0804509314169097,0.0805544969010098,0.511555745008322,0.415517910102055,0.361475919257465,0.84122813160835,0.00162588549462391,0.000504905189687102,0.0020928194181101,0.0151359283369033,0.00422157984487356,0.0053050907391702,0.00487951369804503,0.00909461572335593
"nig_cor",79,495,0.339181607192685,0.216162497015065,0.248353495632521,0.64670117821486,1.5143512993953,4.05269185209006,1.10348726250205,1.39402370662711,0.0040096206043258,0.0030973472688338,0.00399240378132963,0.00920302660778761,0.0175809956127978,0.0572286984895658,0.018616262752598,0.00878103825305108
"nig_cor",80,509,0.365175486934619,0.303551727765557,0.281730175439258,0.700282279806876,1.37841515095839,3.98126722680238,1.05278893087254,1.37000939534297,0.00911323162429341,0.00960598205239418,0.00999625859486385,0.0181060056885058,0.0236921480066331,0.0747117281912464,0.024984730658489,0.0153230492155204
"nig_cor",81,408,0.34594786012806,0.3534999469503,0.271917244968263,0.722308343882037,1.41393341316535,5.30811464081885,1.09838068625715,1.42487482738497,0.0145701441693846,0.0194037513476868,0.0171019206366111,0.0472265640928963,0.0617765539234454,0.312893889150731,0.0718390570130762,0.0380618432117771
"nig_cor",82,441,0.0776269248175147,0.00975322020907658,0.0547223933808393,-0.109819056102949,0.462302238885577,0.351435548266418,0.330697979914056,0.794540333675739,0.00126097313206696,0.000221380418602791,0.00160831578686358,0.013866196119047,0.00871424201980777,0.00977040039994783,0.0102190716727281,0.0141612328681223
"nig_cor",83,579,0.064028603433464,0.00703285482883575,0.0467562599059421,-0.181780686225003,0.415867164381965,0.259534825006252,0.289628881453899,0.741250999217064,0.00100412376554355,0.000142416469321703,0.00111091238627256,0.0132833700104087,0.00427694436243808,0.00445581326543371,0.00594233022949862,0.0131458676470752
"nig_cor",84,816,0.189795684700306,0.0578180700626637,0.138467934514539,0.384929151448807,0.605022666335278,0.588687891727338,0.432617236635417,0.943294778144099,0.00254755085442427,0.00106633454337273,0.00339919963018348,0.0180700023002619,0.00893887755045143,0.0142389738589267,0.0121944868422014,0.0164382914648457
"nig_cor",85,908,0.126208493205229,0.0318287667145942,0.0942450089943874,0.176334218516075,0.53055576837488,0.461981570076638,0.370837432028161,0.851917957615433,0.00275518434219592,0.000908907366919246,0.00296368345492928,0.0133799797842011,0.0117499168352014,0.0159264333052187,0.0151105775535099,0.0171049054284332
"nig_cor",86,616,0.0913560189970281,0.0167806673415949,0.0675474249494075,-0.014051082541677,0.614997504138534,0.6389720684765,0.445082380901075,0.965217314175804,0.00147506288916385,0.000326592742530474,0.00177731267083321,0.0149203457116385,0.0145863692717542,0.0264974620943078,0.0184904833345905,0.0153292166050062
"nig_cor",87,101,0.0377192973725781,0.0032152106921981,0.0282527939128124,-0.448834714509617,0.499211222008378,0.403077205867207,0.363890980120369,0.851890784568079,0.000615519521731005,6.66183608332991e-05,0.000555818243187137,0.00554017494758573,0.00349566905279403,0.00464068746666119,0.00535335213046298,0.0117254593090137
"nig_cor",95,617,0.0396725227109473,0.00282803886190536,0.0300193387197038,-0.392038552745781,0.715295790294157,0.882641986297424,0.522828914332242,1.03786689662161,0.000867434328508464,9.61044460276517e-05,0.000950075734143171,0.00971643371995351,0.0206033849209409,0.0340516217746809,0.0213114492965149,0.0165909291423606
"nig_cor",96,1009,0.0474889185505499,0.0045314341781221,0.0360927660476564,-0.293701050408589,0.739314403117535,0.953835409040138,0.53210832478724,1.04680550770648,0.00139357923534699,0.000205296282250194,0.00168383042689968,0.0141037804094465,0.0233958218491711,0.0433464392302628,0.0259473366448687,0.016065337907947
"nig_cor",97,592,0.0835371627908868,0.0119415652099767,0.0606703979358296,-0.0475490393671371,0.908559823688614,1.41923484324574,0.653552314847748,1.13700981669817,0.00161586549071413,0.000311587518230494,0.00171066752855777,0.0114236950970282,0.0174096747018779,0.0381084092142566,0.0240686939995992,0.0162862160673429
"nig_cor",98,450,0.0815204078675783,0.0122083549396423,0.0615100517629732,-0.0332686381646495,0.841544118630447,1.12928481886031,0.59594863785506,1.09097228790985,0.00162641733399671,0.000291269921413314,0.0016871337923308,0.0137982741941544,0.0156440030617706,0.0298552248979376,0.0171690035787707,0.0138215476589181
"nig_cor",99,319,0.0982273203747124,0.0145092897690812,0.0685549653192258,0.0215616192110528,0.832590228158462,1.06519334550137,0.584119988543378,1.07530447311057,0.00198806094378229,0.000390771980388925,0.00194262148727144,0.0157693771021116,0.0136196882100712,0.0287066760813545,0.0175080084854837,0.0155715722283776
"nig_indep",100,428,0.0953087318856661,0.0158888020785574,0.0689039137665663,0.0148566588653593,0.631894257383863,0.6110449318443,0.445094977199304,0.943872614869498,0.00199807295618452,0.000471755268401337,0.00235133810055161,0.0191903389996817,0.00791291571248992,0.0131792059454167,0.00998871318583684,0.0127729580879474
"nig_indep",101,423,0.0880910133444873,0.0143603559347122,0.06521580117445,-0.0249469228230023,0.589677352142488,0.524899071352646,0.415814963801473,0.923461694299643,0.00155736350852555,0.000328902934560628,0.00175259918148783,0.0133668593570963,0.00546488294966151,0.00782718597205149,0.00604284456289549,0.00958086147087387
"nig_indep",102,457,0.109412719627991,0.0204607530660692,0.0780895920814682,0.0641741684111881,0.446382237151593,0.348246634530617,0.323577609778779,0.784322448169577,0.00163367208725507,0.000470669471139796,0.00238076699118191,0.0156554677648904,0.00607668420018449,0.00704897232283899,0.00632376571677754,0.0110841709391408
"nig_indep",103,426,0.135526062423122,0.0339232336521467,0.0993648215076001,0.192065860578877,0.376049038350227,0.237953557652085,0.271815128706544,0.697736486242235,0.00204900938462512,0.000724143708165748,0.00268143072092815,0.0145525433380567,0.00491767613041606,0.00464068374544423,0.00572375168516291,0.00957100035633829
"nig_indep",104,565,0.125010708907612,0.0267989495955684,0.0890836129113525,0.124088462963333,0.455835674324997,0.410527381690401,0.342469925950672,0.8005613975714,0.00337709134693769,0.00104326547039197,0.00350710212287673,0.0162555584263113,0.00981592365046992,0.0129943616483371,0.0106538318575803,0.0123082294244687
"nig_indep",105,239,0.117447145672534,0.0231934825141761,0.0815846887910304,0.121920097676959,0.583222055862248,0.570313569042771,0.396380454537493,0.822311423545922,0.00212456968580719,0.000598343681173339,0.00259515554197236,0.0149506764469971,0.0112564678049305,0.0193892543385314,0.012923753066918,0.0134814396361087
"nig_indep",107,367,0.11290436540454,0.0395498327350052,0.085084854367734,0.0784180889164879,0.639913872360315,0.675289982694681,0.455130140288395,0.941281153135846,0.00267568267291909,0.00112128785033958,0.00376224682900593,0.0179831430418822,0.00992483930149599,0.0164337874735088,0.0110761835413154,0.0116435477949592
"nig_indep",108,404,0.0654046973828419,0.00919118874746582,0.0531111980872588,-0.104587620178907,0.818412940579881,1.25518336675984,0.588213391572579,1.05685255855488,0.00215352986321052,0.00045610572000525,0.00265678682736742,0.0140733767891767,0.0151161869875867,0.0312511166436772,0.0153608970679579,0.0115729569055491
"nig_indep",109,643,0.0443774735521396,0.00388056732281095,0.033187354945299,-0.363475971093108,0.47670443953059,0.392764014747003,0.34186366960028,0.808899563118632,0.00098535119402247,0.000101379422453177,0.00103266792285323,0.0139180432236987,0.0116988400693069,0.0128025968376459,0.0105811155770768,0.0140566917446908
"nig_indep",110,555,0.0848146465779546,0.0129435949363213,0.060755476366968,-0.0531872578423988,0.47471225837764,0.370164545657843,0.338072601534398,0.815933026024545,0.00270099845113578,0.000595830633357209,0.00266913828456449,0.0156559934952566,0.0145392364340284,0.0166916419227174,0.0158550876879639,0.0178136669529833
"nig_indep",111,342,0.103919841864889,0.0192354115138088,0.072803778516995,0.0568877298622178,0.473535157254782,0.372752777857201,0.335851720756471,0.818018507746273,0.0038568710560807,0.000985672031024106,0.00555446052440688,0.0308703105919929,0.0124894308532544,0.0140839749725088,0.0175432348260655,0.0218693726876822
"nig_indep",112,358,0.0837352596957871,0.011964382213459,0.0609378225078957,-0.0405762180506043,0.392093283313703,0.240103569859558,0.279097872754853,0.712280621727532,0.00177603564348218,0.000300819509500992,0.00194560598130493,0.016156652801604,0.0054589440804694,0.00479043907327043,0.00572749732619459,0.0104515783512176
"nig_indep",113,523,0.0723821153077659,0.00877402733242977,0.0522622032495475,-0.131748624933607,0.359507044064689,0.203306444167152,0.258410327144775,0.683464099063518,0.00143540025061029,0.000269412892474483,0.00182055839002681,0.0143069516649547,0.00678083495473919,0.00578487200140605,0.00725399627697552,0.0113692193401948
"nig_indep",114,163,0.0579981373863669,0.00635213134366229,0.0491136260509594,-0.11494205606817,0.391713779331268,0.261250051644471,0.280950025672964,0.705437292036155,0.0013233235676091,0.000207683446860932,0.00130690062638079,0.00725492958691642,0.00782175529010895,0.00775733030612467,0.0090126772373213,0.0149670358914519
"nig_indep",120,878,0.0990132929455419,0.0164385907930649,0.0718087162494306,0.0307259978504758,0.372506452068444,0.243963088689533,0.272694912320743,0.701027713030979,0.00125469805713023,0.000296609817271679,0.00129923165934383,0.00861992096432869,0.00284178777439903,0.00307299073537314,0.00408599802493979,0.00889916494015737
"nig_indep",121,772,0.109681893292821,0.025730237638683,0.0806789189317691,0.0833759466508518,0.378772212798477,0.227560978017727,0.268455897902542,0.690192331895275,0.00253957937019903,0.000734602002947338,0.00331716200712941,0.0159017310885695,0.00441062165903414,0.00471758090506397,0.00572272297456696,0.0112236871767903
"nig_indep",123,360,0.618766019327943,0.715901670661373,0.449985522440842,0.922607659488723,0.562309631694383,0.502931272110015,0.402287001367045,0.890802548248164,0.0138188543480185,0.0207460856733071,0.0181924538983147,0.021887629245194,0.00844476587525247,0.0123224073734322,0.00988830639954901,0.0170500317473451
"nig_indep",125,442,0.18159926912909,0.0639568107776316,0.137150922856688,0.364556141065337,0.578747523731853,0.500274697262527,0.399560663788319,0.883996130719025,0.00387841933556159,0.00187519580772194,0.00493132698479816,0.0186951251382838,0.0101381171814617,0.0151605043280418,0.0134013309212439,0.0138023143600411
"nig_indep",126,898,0.106151289151666,0.023487507906015,0.077920586640924,0.0478147424238677,0.649431004583826,0.679687888007389,0.462760923861674,0.969804858995731,0.00222344233861509,0.000711999780372577,0.00254786894186017,0.0166895702025354,0.0101446370453928,0.0169691800491584,0.0121140034408853,0.0138928891202542
"nig_indep",127,971,0.0687187168221456,0.00888925986199143,0.0498332081570012,-0.167330148289397,0.564806058421965,0.550721934303698,0.406729956944343,0.89225483115972,0.000792101993327302,0.000145682567881859,0.000950043761959567,0.0101617151286148,0.00767448204071167,0.0104986909175844,0.00962854612982117,0.0125216859183953
"nig_indep",128,478,0.0804173309047519,0.0107321020560916,0.0569140102554222,-0.093288640654568,0.521667619353771,0.524484344824523,0.383412012265615,0.859379358748867,0.00118052266656693,0.00024158323956371,0.00139580693128609,0.0122436654449332,0.0074964373901517,0.00964683216168331,0.00826967307574833,0.0108361514592622
"nig_indep",129,321,0.103058403572106,0.0167235576684318,0.0718453302102078,0.0187517891469591,0.485880160809682,0.449978957288066,0.360901161786874,0.840007537411294,0.00151055541538164,0.000362185177387741,0.00198289656089155,0.013986518211851,0.0103841941470888,0.0115673560578871,0.0141960212643086,0.0198883259630778
"nig_indep",130,331,0.0823654964103551,0.01165086086637,0.0593354735847275,-0.0715371384755937,0.497662087639484,0.451090305584027,0.361954786519764,0.834522884126313,0.00151147120440602,0.000267191597354897,0.00147706052226856,0.0113734244527096,0.00789109757159319,0.00969483132824528,0.0127861422955039,0.0212633408293381
"nig_indep",131,294,0.0898500833295777,0.0128538860955781,0.0632451988489288,-0.0321407860125341,0.297021939076712,0.145637360501654,0.220462604907879,0.606562777679649,0.00160013901432378,0.000353396050983967,0.00181931485421227,0.0103999576209372,0.00574566996194478,0.00415718878573435,0.00589034651865211,0.010771144923792
"nig_indep",132,374,0.102735314940928,0.0195216782784524,0.0752121142807889,0.037032544540387,0.292053981735891,0.139583998679606,0.209654898035128,0.569119922026184,0.00166531186377571,0.00044516070705334,0.00213610350584022,0.0127996638626231,0.00419577947885421,0.0029550927378422,0.00465992538336768,0.0088964990003851
"nig_indep",133,715,0.108917468966028,0.0225607883208531,0.0795187043358738,0.0667494790883684,0.292931888918407,0.135605586372826,0.205703352769797,0.552247099177955,0.00154206217931152,0.000442104707629951,0.00192254632491392,0.0135690631615926,0.00349113967242873,0.00255643517545373,0.0035776649289923,0.00811232935713598
"nig_indep",134,382,0.136679834957902,0.0318405430156564,0.0990489733711538,0.20788193694748,0.274941824309238,0.135206700143427,0.201536604079827,0.545179193569514,0.0024224378140891,0.000758082957733925,0.00250005291316659,0.0164455018110345,0.00357739209286539,0.00277145416441674,0.00457609896193341,0.0101384919973733
"nig_indep",135,329,0.134980463579755,0.030475744045168,0.0959372646816713,0.1670814406505,0.385183220636039,0.234919744810276,0.271710952764173,0.686609806240062,0.00187359523069336,0.000628871032808712,0.00236955138505833,0.0120116593222485,0.00485946757702631,0.00498643577068779,0.00687598614795924,0.0153023654881787
"nig_indep",136,301,0.189564912960477,0.0523857615273026,0.128977284463176,0.312900727804384,0.456603972255738,0.306781064011698,0.316610312531524,0.77708990012324,0.00316735728902023,0.00131128248017797,0.00341899346377174,0.0155407830996576,0.00745373586589005,0.00829351323421205,0.00771003579405144,0.0142383893318197
"nig_indep",137,295,0.145905295581989,0.0456979330051408,0.108868953364427,0.208499038395873,0.520199948894436,0.399697351918574,0.362872410102458,0.843515187113361,0.00293665685104627,0.00106108439404947,0.00343958147245835,0.0145310401468595,0.00913063766159171,0.010644790308944,0.00982380527310525,0.0138994297050263
"nig_indep",138,168,0.119523554487218,0.0283543655260165,0.0893937093070644,0.156834486936422,0.584366431901779,0.661606383910377,0.415817518784974,0.886110383280185,0.00226298305621881,0.000895472858003181,0.00273885754025098,0.011153862005023,0.00869677185989387,0.0124382640417636,0.0104089246161064,0.0154351825109395
"nig_indep",139,235,0.147662991383982,0.0455204346666885,0.109448602089058,0.250545443705755,0.649337121367629,0.656066161853462,0.451409285353235,0.94094190463318,0.00423437394977859,0.00173191541337383,0.0046890189075802,0.01921150897858,0.0117624664404251,0.02021003240524,0.0136821550653375,0.0148966631992839
"nig_indep",140,182,0.147217109835383,0.0342878540649412,0.104705222238762,0.230190171345313,0.540142661646986,0.555223604030318,0.400368870887876,0.89783510659248,0.00288209996263618,0.00111494813223076,0.00460443423373795,0.0164061385567821,0.00957748294854555,0.0127984801748096,0.0103149185455058,0.0114909262048947
"nig_indep",141,264,0.138288996369667,0.0432873105330032,0.102619688076348,0.177455553456151,0.402277446702233,0.277936276355876,0.297962257403072,0.761900136020969,0.00325616353428194,0.00131540061867551,0.00394019631141594,0.0170964946916749,0.00842941602453033,0.00867993501082581,0.0101820943127405,0.0137472251492192
"nig_indep",142,343,0.224486720025806,0.0923807501258118,0.164836469337296,0.442677194650368,0.281558298782707,0.121622526977187,0.200341883349664,0.555615960352947,0.00556366594171649,0.00329434865071951,0.00594044812241802,0.0225617848571067,0.00328650182089667,0.00226206143127843,0.0041132580254681,0.00766193791094623
"nig_indep",143,415,0.191738778600546,0.0784349073026008,0.141663964910876,0.334125194095078,0.280832100688827,0.12330870959666,0.197693291215375,0.534487938033896,0.00971755899330304,0.0056318657481666,0.0105420982852573,0.0301950538721337,0.00174082880819507,0.00136062967240214,0.00288686406894828,0.00722383457255313
"nig_indep",144,473,0.0996390807362406,0.0227310750149813,0.0767021293155175,0.0571643875365533,0.253789438400873,0.0985826426418117,0.178239706896427,0.492264991717398,0.00314408251110517,0.000778694116757975,0.00299539594225094,0.0161403960673048,0.00145319866373253,0.000793905933247737,0.00220058785847491,0.00544467992270495
"nig_indep",145,449,0.132324824752706,0.0299585728919789,0.0945344473464573,0.16617384153324,0.334774480271012,0.177807585575336,0.238691379354752,0.638031706663776,0.0031533552572179,0.000916550575752057,0.00379712932860409,0.0215553824918,0.00315243060534328,0.00253797981339942,0.0037818756792293,0.00678383184606838
"nig_indep",146,303,0.161705716747355,0.0468757869364168,0.117820863455356,0.276403132624999,0.553047630947338,0.625411666528309,0.40575303937731,0.888608362499823,0.00309121692152567,0.00117596485058891,0.00338847001273143,0.0196207321719532,0.00737260168212687,0.012629812279755,0.0100389336090896,0.0146360506441866
"nig_indep",152,171,0.145531710952151,0.0343001113121591,0.10369963313482,0.262415436677941,0.324562127116121,0.180114285739522,0.22991221299206,0.603348011942645,0.0014441333300556,0.000567293100635728,0.00193873685576008,0.0129444139337448,0.00398326358921715,0.00386353345851846,0.00520370871774832,0.00924900935384236
"nig_indep",153,412,0.146835797630824,0.0397486326599722,0.106326775155118,0.206243994927186,0.402195123117291,0.298428915741684,0.29605593581446,0.748830638711841,0.00282250051584005,0.00105417932812712,0.00375135099651198,0.0200494293624466,0.00392716992645005,0.00343199982957792,0.00459322793640648,0.0104417953827275
"nig_indep",154,595,0.217588663472191,0.106323459061562,0.162246926335262,0.412306206283743,0.267054258928145,0.113736919643622,0.189866855825709,0.518302932598648,0.0087911869013523,0.00683603115237351,0.0101790598250339,0.0287591251846816,0.00312744925749345,0.0018893049459319,0.00407327822820806,0.00981570191397582
"nig_indep",155,118,0.612862555965169,0.641145089529164,0.457871732766255,0.993262773774191,0.339866729393803,0.204640144317347,0.24468650254367,0.629737498530457,0.0109749193343964,0.0161973686009485,0.012477484012753,0.024501564370058,0.00734276210732452,0.00520392528176035,0.00532854068757534,0.0115170303713932
"nig_indep",156,863,0.444447564238675,0.400818192437267,0.32896262041233,0.78374948979788,0.291625017920343,0.166328510746262,0.216416336569687,0.580495808973652,0.00665179550628232,0.00671276800793156,0.00804221851142764,0.0137162066644674,0.00431445769383805,0.00338241978386902,0.00472732684407489,0.0106422410581423
"nig_indep",159,199,0.209248988278996,0.0713129277155849,0.1479933119486,0.398905251462672,0.707405574685535,0.756297208308691,0.483351388186475,0.946334945447343,0.00342612877135271,0.00167702323553005,0.00418346446718092,0.0151726348050847,0.0118495931449177,0.018255995073187,0.011893646944714,0.0138323409088258
"nig_indep",160,555,0.0985039954055497,0.0179968837663743,0.0735899055336053,0.0425275155784259,0.247745300518416,0.104818979874655,0.19054740459753,0.558022481149902,0.00165454191357512,0.000412780025910176,0.00188911630893398,0.0115118375279774,0.00692368281081646,0.00412767872628717,0.00644759750647811,0.0110171529886975
"nig_indep",161,436,0.101799651769679,0.0191358390806579,0.0727391197947763,0.0199843375051657,0.202372616616578,0.0668119530506124,0.152588158466721,0.435498869669802,0.00189346610088011,0.00051780515876885,0.00219013550115312,0.0128730046477233,0.00295273396486488,0.00183004671119312,0.00370523050120787,0.00856097716878591
"nig_indep",162,314,0.116413870543017,0.0222098738804279,0.0821866833273587,0.0935909017659395,0.170974343455008,0.0465193203362705,0.122864135276026,0.308302623914697,0.00158781169626471,0.00044112136884894,0.00217733026013915,0.0123795671936539,0.00223560995490185,0.00105376276676567,0.00292284166406798,0.00887547100769085
"nig_indep",163,295,0.128250494791321,0.0278362415585313,0.0916860682300054,0.145609528239729,0.166516049568773,0.0500787768167887,0.12168509011044,0.292355250507023,0.00264683472417558,0.000877738704504546,0.0030119026718668,0.0148654447515696,0.0018401024527644,0.000862073586065252,0.00255781924128387,0.00918897801393262
"nig_indep",164,315,0.150920992942887,0.0376692083996366,0.105572877097378,0.210983648026256,0.204057483738064,0.0629925996041305,0.140502217016884,0.361715262486876,0.00229329214588966,0.00087840777650997,0.00302086018255806,0.0148263510771734,0.00287469228487165,0.00134946500538372,0.00339177882044336,0.0110777231615286
"nig_indep",165,437,0.157958394095966,0.0500286983440721,0.118090745351982,0.27779455616691,0.213233398486226,0.0696026871754186,0.148775863199532,0.395763074051906,0.0019824845634275,0.000749779607724503,0.00243013172796137,0.0125998033861007,0.00322101871386336,0.00175317611161412,0.00304508239999315,0.00914503930776772
"nig_indep",166,391,0.154507504483021,0.0417846273904543,0.111187217348763,0.241554697046399,0.248022860113394,0.110320511812349,0.180389223037267,0.490578153495919,0.00133546234885557,0.000537802710357393,0.00236948302350695,0.0133704861513928,0.00355805393180278,0.00213496782806416,0.00389387377821135,0.010563358366228
"nig_indep",167,331,0.149875009176883,0.038060772938465,0.105785393678535,0.208650503418359,0.24080900310648,0.092389415700418,0.17431724082166,0.487271273872573,0.00188824977511849,0.000755479260850614,0.00224285482405696,0.0112284021176265,0.00398294005419067,0.00224612408229507,0.00407219934937295,0.00836656915171393
"nig_indep",168,370,0.125944570802232,0.0264222832610014,0.0893773420741108,0.126996314966907,0.318718849425722,0.178675437827677,0.230914804973091,0.606816278767537,0.00150069731689268,0.000556083053421271,0.00183511985871225,0.00993897874550903,0.00481976734666462,0.0039659321205604,0.00539312898562992,0.0114603142464689
"nig_indep",169,262,0.152049617228844,0.0367538434002006,0.108024759890261,0.235505938922861,0.374088961622544,0.254004395767011,0.273287999952854,0.696349708801187,0.00183550532096362,0.000608287989305863,0.00221952307014447,0.0110118697922125,0.00633316477873021,0.00596851923122002,0.00618322765445165,0.00934164072498086
"nig_indep",17,191,0.15094847565399,0.0558536647701135,0.119421135782617,0.316315247637281,0.58860683905311,0.587523952585371,0.416699766248135,0.896909215928094,0.00259242423744644,0.000820221494459772,0.00273252700690638,0.0302035038551969,0.0122559795080263,0.0164616925008304,0.0129085400793231,0.0180409426365209
"nig_indep",170,287,0.164020194488787,0.0404762709333628,0.113189138834258,0.258107767502501,0.386552420364777,0.259331090754237,0.279954271316824,0.707116106055855,0.0020545143036328,0.000857543630063189,0.00249651515340169,0.0118389216011069,0.0049230227431367,0.00495011075705197,0.00490334009608722,0.00826898818070563
"nig_indep",171,423,0.180312531945793,0.0513798910354504,0.125559352174145,0.298826719712039,0.267152869220269,0.145763979606331,0.209388172475946,0.591512768606004,0.00327519326554393,0.00155486701881628,0.00329575101964743,0.0131066018996181,0.00755377545280416,0.00500709899802796,0.00706832179633107,0.0112096341715905
"nig_indep",172,414,0.211548588944165,0.075915279210555,0.1511612705794,0.391708704656747,0.267694361800417,0.123287566981409,0.216114360270624,0.62713068959018,0.00253008913425182,0.00136144266923732,0.00310417228015943,0.00960803618773991,0.00546338396850974,0.00375817126410958,0.00487295814468472,0.00720544606782068
"nig_indep",173,391,0.232084300236044,0.0854266070126559,0.165503862587739,0.45303270760308,0.431713171407775,0.412827860974548,0.338710473990485,0.817824788360792,0.0033567547679952,0.00188264522230594,0.00421415102490616,0.0108875799727679,0.00658803319854708,0.00852787659838494,0.0083650977408389,0.00933973277803166
"nig_indep",175,141,0.487858947374639,0.936272276588587,0.414109952068619,0.908855867305765,0.406001853445839,0.339875325241005,0.301861706473098,0.722122548949378,0.00857947789646158,0.0105853283096681,0.00911380710913103,0.0138785329974653,0.00965141099850281,0.00942471260172042,0.00695808870782902,0.00745841007083381
"nig_indep",177,202,0.357304370518246,0.225975566397809,0.258770862175411,0.678816775289953,0.197558616326299,0.0653507657018948,0.141890754048002,0.371380127380997,0.00617247937696982,0.00510456120837948,0.0062678065605154,0.0146094362116562,0.0022866611071336,0.00114640414291715,0.00259809427348035,0.00867307755081167
"nig_indep",178,278,0.235961507625078,0.101282121344771,0.174045989460918,0.48138791191613,0.22818745925801,0.0899379364195379,0.166992703910789,0.4507648464104,0.00560365183099739,0.00290594211113966,0.00540951979666697,0.0178741591997131,0.00209668587139125,0.00116600519480627,0.00329996294813083,0.0103611614444927
"nig_indep",179,284,0.198135319082452,0.0668049192747527,0.141081302839609,0.358101821669792,0.273793788877006,0.12727727172741,0.196504490760794,0.53050453395448,0.00393187029313728,0.0022724668337051,0.0043110977983013,0.0169930623015019,0.00352185511397059,0.00251375003112396,0.00392837470964421,0.0100992161078662
"nig_indep",180,627,0.184055567361627,0.0578687136788894,0.132593787700062,0.326881548921116,0.394107017656827,0.263508740979157,0.283787841426461,0.716596022057086,0.00357795825768527,0.00154472794864757,0.00368374534495557,0.0141907383138131,0.00575374783753178,0.00487408007638112,0.00564767955871369,0.0104324918719113
"nig_indep",181,204,0.272038215620057,0.126291592346333,0.195537661262833,0.53442424043844,0.522333700046443,0.553464911004476,0.392953068890678,0.881952759204184,0.00434031250322852,0.00252290467000519,0.00474356700869498,0.0161328385706983,0.0107602636964645,0.0161759153530917,0.0124131522827742,0.0175607121005939
"nig_indep",187,128,0.100526669899111,0.0195736818349814,0.073318408854255,0.0573825177812546,0.600607297368389,0.56752400653619,0.403878367601545,0.868314957044873,0.00119907934358569,0.000392559889133465,0.00173104816043896,0.00955142574407462,0.0137331243281079,0.0203633843073254,0.0115842003946415,0.0178236454792533
"nig_indep",188,260,0.0826144664018557,0.0123104896733128,0.0662723289193689,0.0301355162284291,0.432796202730547,0.323994882745272,0.315054963841776,0.769029929044121,0.00281794465010882,0.000603249169424012,0.00202320858621212,0.00965014622480535,0.00808130624959953,0.00788656570030122,0.00781406290502359,0.014800801996957
"nig_indep",189,346,0.169643413200857,0.0589866554847409,0.130437642017985,0.331040806355105,0.283499542145694,0.141906939859891,0.205151596700053,0.550273037389572,0.00402298526418188,0.0019550959172585,0.00408127513157203,0.0125636685784075,0.00452460647773273,0.0031858409382118,0.00531623920288032,0.012957209488375
"nig_indep",190,452,0.254315416743592,0.11785618180781,0.180534248038561,0.488377331340322,0.242031475041683,0.10333315484803,0.174007021218802,0.474625461245606,0.00751573248925156,0.00429634175698333,0.00652232266266732,0.016221569814665,0.00583525817775221,0.00356480195879476,0.00573639155195438,0.0144200011965393
"nig_indep",191,616,0.221102901447616,0.0851394351456651,0.159561491401981,0.433314355042784,0.180644110374478,0.055564648331896,0.13086102532806,0.335194317863982,0.00360224381941396,0.00187551314913303,0.00352064037670144,0.00905764894743557,0.00273576451475432,0.00109156949902671,0.00238867027765509,0.00767382679793945
"nig_indep",192,351,0.272060670882106,0.112922482971585,0.188431420646609,0.513365241126953,0.205309469157767,0.0704085544800231,0.146269554362858,0.386119961258127,0.00217709900966027,0.00156774511382868,0.00297237635859022,0.00828390426041157,0.00195714786642152,0.000983434314624604,0.00211732260810212,0.00724382897915068
"nig_indep",196,182,0.133477159340513,0.0302128452938035,0.0945848835636094,0.160553924402684,0.32831974397989,0.201766830248882,0.245126400050677,0.6817925980867,0.00176739392429237,0.000658357368074853,0.00254661276071087,0.0135448348040347,0.00493358171263812,0.00360942224287294,0.00620429911143173,0.0192602137195483
"nig_indep",197,273,0.152221000542833,0.0441994312058399,0.109387547722023,0.207823819511259,0.20760950288534,0.077887624988287,0.153054509987729,0.406044677369261,0.0027377355495847,0.00108813523267162,0.00324739196966406,0.0152235201093846,0.00279554723378014,0.00142434330675407,0.00322965815812989,0.00916547327019393
"nig_indep",198,400,0.151556657555014,0.0418270369003114,0.109802595620062,0.235605960977546,0.188352242393289,0.0626996987678879,0.135182602691938,0.340231945842779,0.00175578024581271,0.00068347873897357,0.00200437053879688,0.00933260482856834,0.00201704997348836,0.000924478381748123,0.00234754863271587,0.00778626222188531
"nig_indep",199,434,0.197056526739715,0.0595894301906132,0.137768790081383,0.35415530725596,0.203568892422081,0.07330479729137,0.145337470579135,0.37463245496972,0.00226054707985613,0.00097125923342725,0.00249569773648013,0.0116421113851888,0.00268146130507449,0.00138682120353968,0.00260034677365729,0.00805962490825201
"nig_indep",200,474,0.133683523368223,0.0353487172307731,0.0991564232815757,0.181560958506923,0.245867611469926,0.10422331828447,0.175615273158819,0.465929769384669,0.00169119163447616,0.000639640528402985,0.00206176313267292,0.00913245448500864,0.00448810824093135,0.00344128729019326,0.00406546909482371,0.0118925830320955
"nig_indep",201,442,0.10824207790565,0.0196218758112201,0.0776825938981705,0.0776929420989271,0.343086657568805,0.213445714625412,0.246950661132951,0.635186474535387,0.00244813213421934,0.000597132303181859,0.00244438621022996,0.0122004995796138,0.0057550187245661,0.00629036362447838,0.00506807895060769,0.0155978339981433
"nig_indep",202,407,0.110745021699818,0.0226249033165265,0.0798460960663455,0.0819099563347426,0.299774620376859,0.158808757217485,0.216480456037798,0.571346064520722,0.00173541235251001,0.000517680950440188,0.00191454602164077,0.0112928068082897,0.00348671941093962,0.00256654220918711,0.00392554681052377,0.00932291717972767
"nig_indep",203,459,0.0929645709735052,0.0138656947889507,0.065677666113708,-0.00992620966236173,0.377870398773581,0.239476614692142,0.265731778487308,0.672541042031097,0.00142694499514323,0.000312436263077084,0.00156438686586621,0.00997014917458367,0.00333448476913861,0.00330409443896082,0.0042279722532403,0.00963632063696021
"nig_indep",204,422,0.101934698918187,0.0175540244183304,0.0737029409930762,0.0452132498361624,0.380185957258758,0.24022848806769,0.272652653865476,0.693349826555261,0.000888574254511508,0.000208642129626495,0.00110049548757407,0.00675691183654971,0.00340341255080712,0.00327803131841466,0.0041827276083235,0.00824902410635988
"nig_indep",205,492,0.120302179267317,0.0230785892784803,0.084526220457817,0.112825164853099,0.486586235537106,0.415804914708218,0.354501679361745,0.835985971920358,0.000895384131111114,0.000260012348557226,0.00116449021297169,0.00715006633152896,0.00343005183369301,0.00386269878416507,0.00414011790094333,0.00755608091333858
"nig_indep",206,415,0.140895747014294,0.0306997496078038,0.0983648706637406,0.185920915934872,0.449467773304948,0.373202078128513,0.329553465312616,0.783968263188155,0.000841023943873199,0.000290975304232807,0.00123086900543129,0.00674499541187266,0.00582546000338839,0.00669755174046163,0.00701302269819823,0.0119903885069971
"nig_indep",207,482,0.147983000864206,0.0393900124333732,0.107360707201572,0.224539472024794,0.538251228779479,0.49515604677893,0.388280781803049,0.878583275103115,0.00153441405950498,0.000536849936814692,0.00213156677333799,0.0103871219113289,0.00572928327591697,0.00784112151002275,0.00677335368985094,0.010716002158803
"nig_indep",208,551,0.180529471755219,0.056019978025979,0.131159836216868,0.340093944178487,0.576259560164325,0.589001783460065,0.421013207190239,0.918386911525525,0.00261653794338922,0.00107487513182547,0.00315752994988299,0.0107689921855841,0.00760573702154584,0.0110655306813522,0.00970812510863141,0.0123268659362295
"nig_indep",209,462,0.260572795461237,0.128374018530153,0.191182191694665,0.515005311425301,0.713734138160943,0.995745181584518,0.531787290373271,1.02720586532023,0.00373351110552028,0.00227645351095594,0.00479524689107498,0.0126394909235743,0.0139940216282582,0.0301746204680948,0.0151119423300917,0.0133212736503454
"nig_indep",210,259,0.499471298034259,0.537273365500614,0.374270440063669,0.836821303256141,1.05321463306588,2.54861068513447,0.795138516023915,1.23389799101612,0.00658235364642471,0.00833788259065681,0.00765124798661504,0.0118558350784183,0.0167332382963896,0.0344956589765733,0.0184917022289462,0.0129332519146461
"nig_indep",214,100,0.13200695852018,0.0295680778584406,0.100940814975222,0.220756671108597,0.159000610352821,0.0368725533296325,0.112511741898256,0.278099143673464,0.00179642413910331,0.000609327109236603,0.00213550222945567,0.00762189079911457,0.00345536891319849,0.00142124556806493,0.00343410370393695,0.0111248884039199
"nig_indep",215,254,0.123210338589749,0.0297802225568053,0.091738878062231,0.15478981622185,0.205123969874617,0.0672080327386196,0.146154130633263,0.392683256301617,0.00229777411593521,0.000697168271900083,0.00238382732197178,0.0114374523662513,0.00205798300933536,0.00092038084224139,0.00261327359742881,0.00783600523917543
"nig_indep",216,431,0.175547661264435,0.058911532286058,0.129464806889425,0.325924606665971,0.277353495516161,0.128445400562015,0.198140368694557,0.540926075378224,0.0023101133285652,0.000973699398364789,0.00323881145405122,0.0131390447860136,0.002339099924155,0.0012970375745959,0.00312252894421712,0.00805171197802366
"nig_indep",217,400,0.161918023624608,0.0458910361118879,0.114546739002023,0.255010894627716,0.290629779853214,0.129236710651295,0.203212712908027,0.555680207115193,0.00367506544792699,0.00163610227503253,0.00336715126193172,0.0144764823398611,0.00276900085580917,0.00166782280984089,0.00341951167602953,0.00751654332486333
"nig_indep",218,312,0.195531076447194,0.0645303105567523,0.141512687953859,0.369673196753227,0.33790220864905,0.199638327249146,0.244889366892725,0.643141407230741,0.00375679284187499,0.00166544876419199,0.00435060394087391,0.01509355487555,0.00283370790802723,0.00201498101331557,0.00359904563208666,0.00754296047028958
"nig_indep",219,226,0.480892195208237,0.46502723301214,0.358743635554356,0.843574410077281,0.381976256561495,0.275011239153819,0.282516023452351,0.720369605695502,0.00851505499828343,0.010373314956765,0.0101706182938061,0.0190936259844295,0.00416579580070602,0.00345523580623112,0.00504404663001157,0.00795866143422259
"nig_indep",223,173,0.132683362346978,0.0328696676054688,0.0969095704688209,0.171675994592236,0.315390305781004,0.157447994121965,0.22872279191409,0.632840527160678,0.00169563143628003,0.000569145490478788,0.00218798457206003,0.0142619461008836,0.0081788647737033,0.00612309662316858,0.00735036349885339,0.0121144515189477
"nig_indep",224,276,0.128743367284524,0.029314207766782,0.0944923066897833,0.175312820086011,0.392376476915175,0.319359053156564,0.289718576305508,0.714708599930722,0.00170062141761801,0.000570008253903722,0.00191180886393849,0.0113751304032094,0.00504804452829993,0.00506810261592028,0.00594240235682966,0.0124184499657317
"nig_indep",225,373,0.159275109991959,0.0433580800155025,0.112906090531334,0.241441367344176,0.289884834933789,0.139616594723381,0.205166580714113,0.553456468353146,0.00233720974458911,0.00093164794451125,0.00278503499433808,0.0129379404330789,0.0067396834496003,0.00540592080628561,0.00625174933801038,0.0127230035787421
"nig_indep",226,385,0.179123863048393,0.0535648877915519,0.126846093761514,0.30686260438729,0.314614514374047,0.200688084420483,0.230901429511426,0.599481567422455,0.00300627646163945,0.00142965226776498,0.00319877039815876,0.0109099964327788,0.0056984133607439,0.00551929206457791,0.00512169218506129,0.010957599999171
"nig_indep",227,409,0.150302785680636,0.0416488522069496,0.112435249455349,0.255102464180774,0.338630937421829,0.252160243907811,0.248882317718516,0.641968805249041,0.00241649918645542,0.000871819278826036,0.00301777640069157,0.01081103605033,0.00386672379757664,0.00359986673099032,0.00414913958357341,0.0110229113962522
"nig_indep",228,339,0.20987202357318,0.0762083478161256,0.150564816623577,0.394363644617411,0.330698093335419,0.168951162470534,0.230319391530222,0.609105444691002,0.00248248917583397,0.00121629111975751,0.00244541774958515,0.00934067513918551,0.00338400431186382,0.00279425010686235,0.0044314462676882,0.0103759134357626
"nig_indep",229,293,0.178300733690386,0.054031316218705,0.127645196412748,0.31500096195802,0.40587208446049,0.267876692959952,0.287311307412069,0.719491341265464,0.0026935143825448,0.00105416890106858,0.00266635607689315,0.0112763555259789,0.00450556806619319,0.00466224911783974,0.0053104182163148,0.00951266298143104
"nig_indep",230,120,0.171174311790499,0.0435277983948259,0.115480335076238,0.251542264924866,0.500638474140115,0.409171760929508,0.351163739027581,0.817344182678813,0.00236488030660307,0.000933215999695507,0.00267870488244599,0.011401366625096,0.0059349530930363,0.00701890138791742,0.00673392210831972,0.00907025823079049
"nig_indep",233,223,0.182455708193785,0.0682853775062532,0.138728255387746,0.349911855544968,0.348713159017008,0.209570760211715,0.252392030589667,0.658317563268768,0.00251051206632075,0.00114696812117818,0.00332780078265596,0.0146908786701025,0.00247643839374334,0.00208731179998815,0.00353811986851495,0.00812750486963344
"nig_indep",234,491,0.121959385036447,0.025566446212016,0.0891059117734501,0.143353008766316,0.283580925937424,0.130721878728545,0.201896759622134,0.547347605752053,0.0014833938393856,0.000446103059757304,0.0018109124366895,0.00858235440850064,0.00156934427275023,0.00113326384960667,0.00298318176294775,0.00679486030166567
"nig_indep",235,475,0.139426479104261,0.0345877874606418,0.101199974527703,0.198197844735011,0.218536500473097,0.0792605359213202,0.161603743748954,0.453645023547852,0.00209337867265955,0.000711190181183401,0.00223103438249281,0.00956112792626161,0.00264925554918569,0.00141749169877229,0.00291890136907681,0.00653001004454377
"nig_indep",236,315,0.171338581664327,0.0546386518611908,0.124790687726395,0.286426548950323,0.274570296868401,0.131073993151764,0.197373439407591,0.535093754138457,0.00344574149235878,0.00157280758249748,0.00376027269013903,0.0155913809938218,0.00325837776795546,0.00256243456893884,0.00325078531502457,0.00692210851069841
"nig_indep",237,413,0.13394131774984,0.0303565948818665,0.095522905783703,0.157074647920324,0.227035771147959,0.0879743443618569,0.168451583379652,0.475293998380723,0.00240620515067503,0.000827081279641453,0.00294528281843688,0.015600127240293,0.00393894773867496,0.00203117294003188,0.00470995955204339,0.00995361360261316
"nig_indep",238,436,0.100609853207366,0.0192006972820746,0.0730126433873887,0.0313009867569514,0.197007725034321,0.0661102197147634,0.145650197438702,0.399338900094662,0.00291215474080657,0.000752718413770733,0.00270074353909544,0.0181161079250105,0.00322427985082725,0.00166701704022156,0.00351059009977977,0.00787056374625376
"nig_indep",239,320,0.0875208014909408,0.0148676573889013,0.0642336231361972,-0.0367822117708666,0.224333767063475,0.103984939511407,0.166443273544119,0.445949194347351,0.00142057173135856,0.00043716572835418,0.00157147243932948,0.0103915971335243,0.0031730885666879,0.00206593595197285,0.00297122202493601,0.0073639571793911
"nig_indep",240,434,0.0883948005044641,0.0140738973106195,0.0641003515936526,-0.0344099672621498,0.204381312194387,0.0928558317525862,0.161205735882574,0.445559009386387,0.000990109765326106,0.000241309494380931,0.00121896673852871,0.00917053984939836,0.00185928611304014,0.00109867757820607,0.00285488370584762,0.0071283001517892
"nig_indep",241,437,0.0899534634435811,0.0138057043711205,0.065577180806597,-0.0122390776399947,0.202550864550906,0.070515607275648,0.156294594463655,0.448239426805873,0.000975526472400164,0.000206887835875857,0.00114620782370289,0.00841639817799961,0.00286832726760768,0.00136404954832428,0.0031858474054958,0.00675531331746733
"nig_indep",242,298,0.0911840702003894,0.0140662499825874,0.0650588751837092,-0.0219242836432044,0.246204631907019,0.102930328884248,0.185785290356349,0.52733081662473,0.00149706245306306,0.000319010166581508,0.00147640328507067,0.00998644152474976,0.00283427801240995,0.00216763835462083,0.00298175789479259,0.00597337446283428
"nig_indep",243,322,0.09407175424634,0.0167789745212151,0.0695772281906224,0.0103888098349196,0.291268836853779,0.138271968383648,0.215926082387538,0.603780574435979,0.00142396315140894,0.000357053434157534,0.00136077313503982,0.00871909947776275,0.00429854203098859,0.00327079828783317,0.00444637047038786,0.0075023177064902
"nig_indep",244,394,0.104133443790393,0.019806004640055,0.0782718288163359,0.0813574147001113,0.412990453495601,0.261501402867383,0.299753149194771,0.765703681752535,0.00167934898213138,0.000401884012125966,0.00187930153362578,0.00997543229250954,0.00626836855726336,0.00548341082088373,0.00677131619063559,0.00857429234545184
"nig_indep",245,395,0.0953652745192387,0.0172996131297853,0.0724126721074594,0.0455469452005169,0.668905581406516,0.655727380086973,0.464891399527604,0.970236022322341,0.00186551647863614,0.000393716078752272,0.00244467029866302,0.0120620912675412,0.0063975791548926,0.00968181486198047,0.00967443089558462,0.0099242174199086
"nig_indep",246,195,0.0939801978539545,0.034497199946558,0.0749079800467877,0.0823108524370845,0.948407863716029,1.78133565215946,0.700436289105468,1.14234987712829,0.00215501183495422,0.000809593093517102,0.00288225148558908,0.0218572820494533,0.0050820743305484,0.0144676695178809,0.00723694699858046,0.00679364797345332
"nig_indep",250,139,0.0822593097743859,0.0115851884505644,0.0566095042066503,-0.0051502227306895,0.204241728762213,0.0847914552480834,0.148815678304658,0.405106234997678,0.00109117481936796,0.000254380271808686,0.00166239223321771,0.013392830684999,0.00180501825022129,0.00103294434540965,0.00185583073319082,0.00512822052173496
"nig_indep",251,392,0.0767292292220098,0.00952286658352513,0.0546878805507882,-0.102781840894757,0.231923753551195,0.0811766828097541,0.161584638989334,0.4394190129256,0.00135692642607186,0.000259873004135301,0.00160690918763681,0.0127790644298146,0.00176616281105335,0.00103715483779547,0.00242762437669825,0.0066881413108386
"nig_indep",252,289,0.0856376032277667,0.0122071181267326,0.0625059587572806,-0.0369037649808133,0.349212105902588,0.176948556680018,0.238725176776061,0.629913628646431,0.0020859151385243,0.000439930727039186,0.00232553873384484,0.0136159559160728,0.00216100117085497,0.00180689680956777,0.00288352353399671,0.00602099372179933
"nig_indep",253,331,0.100612523011577,0.017198231616819,0.072192126186201,0.0536547578678635,0.423210160312507,0.26280967922183,0.292069839345705,0.731893821713707,0.00293221655451624,0.000752705526398579,0.00519889531395822,0.0217645186626364,0.00188430465934597,0.00187977590907036,0.00272270483556826,0.00542188532501343
"nig_indep",254,322,0.27355997699487,0.207979711161492,0.203861613701926,0.502349860213726,0.493455385512127,0.461163028417713,0.358412973410116,0.829663401724101,0.00629378669210591,0.00434360833217329,0.00816889494463117,0.0302421232891084,0.00336865931414012,0.00374123761087574,0.00391520251949255,0.00534657012861237
"nig_indep",255,104,0.237419794872457,0.10617639903277,0.17416524193892,0.46559679920923,0.541558318139614,0.636619419818969,0.397892915372175,0.871250409964264,0.00415252636338699,0.0023833813859586,0.00506392819292734,0.0116930759570807,0.00498150608153816,0.00769551862669343,0.00647970542615155,0.0076569334280166
"nig_indep",257,125,0.107950369523,0.0198229835199764,0.0764928521332563,0.0615961618543888,0.622798721802405,0.612364118387561,0.433522665912897,0.92844528266746,0.00285877117114373,0.00101258134690683,0.00332656060983561,0.023173404557105,0.00675537026054476,0.0103651839240946,0.0081118393766829,0.0108530674805309
"nig_indep",258,174,0.0994282433800592,0.0207841247333188,0.074553953401545,0.0400865738822574,0.412597099560196,0.293140890319618,0.299336006646346,0.74741280963939,0.00238730594598103,0.000538159212239462,0.00219668001178808,0.0141846897758381,0.00526393498231274,0.00570379746647728,0.00570714692272364,0.00826609790833024
"nig_indep",259,317,0.0917097429718534,0.0145140181945316,0.0676061126532224,0.00334183800367013,0.396429589112785,0.267399002241541,0.285319575519244,0.720315871907429,0.00138512867756509,0.000295718956766421,0.00137936681349115,0.00891398595830163,0.0046728006796324,0.00464087270068112,0.00564808336707816,0.00860852366211607
"nig_indep",26,263,0.0576421916496797,0.00680124312915041,0.0442652687789792,-0.194764941841976,0.333324043175474,0.183136074938086,0.235451880122677,0.612357328703334,0.00192118510985631,0.000251133408980053,0.00192618345964803,0.0174732168454786,0.00527993058624692,0.00449183676490403,0.00512395052732998,0.0107052169003641
"nig_indep",260,320,0.121068830811953,0.0250478636612949,0.0870146288297114,0.119846533396343,0.471156328695177,0.413281789335633,0.341209303020968,0.811865114519733,0.00205839301725259,0.000623131043845831,0.0020211028521274,0.0113856448064488,0.0072918937743254,0.0087792859165229,0.00730877135223314,0.0111443450800941
"nig_indep",261,327,0.146419986733897,0.0360704657231037,0.104376736022669,0.212799360519813,0.487513599547779,0.41944354846967,0.353513019967887,0.824588974231026,0.00217984197655618,0.000668373682494678,0.00226700696275262,0.0120556314597755,0.00757339713982995,0.00939883320799405,0.00796277160463875,0.0135897720717405
"nig_indep",262,319,0.157729335712915,0.0409800243070744,0.110351287995439,0.231432241843179,0.432608532096095,0.305427136805138,0.304578332300355,0.743093083729573,0.00205209152406231,0.000750985850268622,0.00257649384889244,0.0128824894098362,0.007365461071026,0.00789633366763364,0.00737870300038162,0.0120122191363571
"nig_indep",263,393,0.146170924844405,0.0347849086829498,0.103360288196952,0.210012023216277,0.518256016361114,0.404721783961999,0.361857150698028,0.841625283419224,0.00178063651505334,0.000601228196544722,0.00221827827739331,0.0121194881723162,0.00695967820753511,0.00850637038622209,0.00933373066124691,0.0145079069346774
"nig_indep",264,339,0.0910196140360552,0.0148636012658587,0.0691594246798043,0.0224486661929694,0.525717438436588,0.448742834617637,0.374562849199103,0.856463883317119,0.00121114051007741,0.000254598081961051,0.00163974621795221,0.00938317181795827,0.00381432177263328,0.00475226538584005,0.00525605581560106,0.00868065145442087
"nig_indep",268,358,0.13824254900455,0.0328148314595938,0.0986091324471634,0.188144278991125,0.422182507487249,0.279998475447487,0.296740359682994,0.736367937781929,0.00107573328927128,0.000345432887369078,0.0014290349992971,0.00818334980345349,0.0037759712779296,0.00353404368544884,0.00446733140576971,0.0085142896961873
"nig_indep",269,366,0.12173897178455,0.0261346574668036,0.0875795595237356,0.128254311401738,0.444228394008612,0.303637608261299,0.309039195288783,0.758964682936601,0.00151016673121827,0.000423994545109289,0.00148597357721429,0.00944003919682007,0.00310578549100612,0.0034248593252261,0.0039482162712243,0.006852709935065
"nig_indep",271,398,0.109658170220882,0.0204886570521252,0.0784530758438908,0.0687989070015624,0.474879317096201,0.380552001656147,0.345248592113535,0.822279377330704,0.00143222569935157,0.000377974307096193,0.00140561881125742,0.00892227498620563,0.00343004468434969,0.00379720130572287,0.00433409560993014,0.00752015736446601
"nig_indep",272,395,0.145242937405536,0.0366673899879834,0.105366304648696,0.22792596537117,0.383647664806055,0.283389466399845,0.279982505540046,0.698147087174797,0.00178444046915469,0.000756817639979745,0.00214438770473462,0.0132689353655564,0.00296598089280072,0.00298681471861062,0.00430287936352191,0.00904705266874102
"nig_indep",273,301,0.130489349742972,0.0278340531486433,0.0917853997839632,0.142322963970044,0.411611256939636,0.321182281459788,0.306382767252222,0.760828608737196,0.00188641493048898,0.000594218381626529,0.00189490843715413,0.0115257748466309,0.00398019001559487,0.00434753087555413,0.00445047382863052,0.0098058150411226
"nig_indep",274,264,0.114649748771327,0.0232728310480238,0.083653107065228,0.105088978706281,0.371442300054516,0.240630338674363,0.265875538705174,0.685042082692541,0.00141730057065575,0.000412751040267332,0.00185777010878794,0.0108939087451721,0.002861824841246,0.00291959660379954,0.00404876292374912,0.00966239629588566
"nig_indep",275,230,0.110680485911561,0.0222570314774474,0.0805598159773243,0.0739568955731659,0.359248039055443,0.218617406560904,0.257923673533328,0.665023208410438,0.00222096283292673,0.000615077744761719,0.00208879689224378,0.0121561680500137,0.00398344204938696,0.00324895762032845,0.00540484816368824,0.00934100273808514
"nig_indep",276,254,0.107312157596098,0.0180969716680516,0.0743463290516661,0.0393374993361867,0.322291453514183,0.166880662857104,0.231943510849887,0.617525700235094,0.00265054890071585,0.000669884299261139,0.0029484689860536,0.0177433009760371,0.00286425207506059,0.00216501093325993,0.00423107263403475,0.00819844290835217
"nig_indep",277,372,0.0657456323042766,0.00709157545625282,0.0483546370803028,-0.150399949281407,0.317448787880667,0.151435971928921,0.223706830768448,0.609885646476514,0.00211624555803071,0.000335469527921578,0.00167829763126682,0.0125682734198927,0.00268807122417858,0.00216230527655225,0.00341781361131304,0.00606004870002922
"nig_indep",278,354,0.0694488309514267,0.0080964517560524,0.0494673134621873,-0.163492009280616,0.419453885550659,0.271552647449254,0.296218342547828,0.741141098779,0.00117266771864056,0.000218040884041763,0.00150567913295723,0.0135518848076446,0.00174859799549195,0.00181121148420858,0.00341442163024776,0.00530960495767258
"nig_indep",279,399,0.0850940118821157,0.0117561666706268,0.0603267132000576,-0.062609135430093,0.592042723318192,0.524499231860149,0.410000800721512,0.900759179060432,0.00152924743676757,0.000278708595600601,0.0016142466341127,0.0125878081398663,0.00353240770874893,0.00543060837015391,0.00537783362005395,0.00656264600325832
"nig_indep",28,161,0.11398752697768,0.0234963047974559,0.0846500304048262,0.143503045767114,0.429569559207514,0.273079293011943,0.300020390699159,0.750057243660252,0.00290290703454159,0.000666436969346864,0.00280024244249885,0.0226546608679981,0.00560460253503872,0.00607057184761335,0.00768081074316395,0.0165935515017352
"nig_indep",280,153,0.124171378529645,0.0234929101220787,0.0861800710645901,0.146680936239356,1.15099205012128,2.72165441413619,0.809895694885588,1.20923568835122,0.00188667230897425,0.00052811553792806,0.00243423928241536,0.0163953343180225,0.01863345038865,0.103352256664566,0.0205629580826296,0.0145982922124412
"nig_indep",283,151,0.133559731451646,0.0316024330388344,0.0978332011699369,0.20284452310178,0.330554158873548,0.182254276616298,0.237961581076863,0.635155913790333,0.00280172580970691,0.000966155325281963,0.00373182449969362,0.0168510702299356,0.00236975833095335,0.00198301248207854,0.0041591820547401,0.00737547496056373
"nig_indep",284,411,0.120734823720499,0.0262421772975363,0.0873198128523301,0.13210511271525,0.366891244753086,0.209113687013001,0.263015815042137,0.691582343122103,0.00277793869811034,0.000731869955991786,0.00309531140260789,0.0185713210155535,0.00331505931525816,0.00259113707524933,0.00385891125624394,0.00623120567838265
"nig_indep",285,282,0.0789288787559035,0.0108510506519478,0.056655810983378,-0.0850012246058848,0.441383833985937,0.329191346353285,0.320674032303272,0.777509278948399,0.00171240655547699,0.000338632131080892,0.00230031337244604,0.0173819635687897,0.00411722041051271,0.00461114241322908,0.00503577691115831,0.00778526758354747
"nig_indep",286,302,0.0788492385430212,0.0102227515002092,0.0563987130296384,-0.0911928273177741,0.430776523034238,0.284983861932038,0.302229214745997,0.748356790565102,0.00134060635334698,0.000242152801261315,0.00157404006286154,0.0132984581079395,0.00194480444838446,0.00216771378034015,0.00400388155941336,0.00610004452977145
"nig_indep",287,437,0.0905596072445674,0.013040649188024,0.0643638110100684,-0.0227357524329414,0.463437709100391,0.328257479734025,0.326251991110542,0.787597820749045,0.00140136288294275,0.00030599373343132,0.00183411166446368,0.0141288508645663,0.00252671128160589,0.00300871891360085,0.00444566219119171,0.00647349497604434
"nig_indep",290,320,0.067650648768966,0.00847913226614309,0.0494526053828143,-0.158203970015038,0.725942714237652,0.826556549386275,0.513297292228068,1.01170500967018,0.00158230415939345,0.000280967602651257,0.00168042298076284,0.0152689526816327,0.0107721185738572,0.0207572132320169,0.0154773639555455,0.0130241722951495
"nig_indep",291,272,0.111428955370206,0.0271744150462884,0.0829039622312673,0.0956457982151229,0.704580233787535,0.812307226409366,0.49978290908664,1.00403544812563,0.00302708163365225,0.000888612785464633,0.00341176303570624,0.0239337281014998,0.0076704387792805,0.0119225191808824,0.00925146742551604,0.0101885310526631
"nig_indep",292,309,0.0945944181411951,0.0151158710409008,0.0673724334572863,-0.00524268919345702,0.67599454029506,0.716580729145158,0.476988922890135,0.981403943070536,0.00188211579287514,0.000440439042519831,0.00192927319364419,0.0128385848585961,0.00579373694962493,0.00824706604601771,0.00676839898694178,0.00881376312691032
"nig_indep",293,281,0.106840945760212,0.018258952584128,0.0745821067226344,0.0452516141091276,0.642297876274006,0.651873774031578,0.455462280768748,0.950600836409634,0.00191850180509373,0.000419948271591395,0.00184754882022471,0.0131731471984993,0.00539108524756144,0.00839272731132722,0.00681635960110557,0.00890504985018605
"nig_indep",294,332,0.134228821677852,0.0303224595542765,0.0965954523932774,0.17791732463158,0.540125923191111,0.47664785611593,0.381087186828997,0.858942482304137,0.00265584316068822,0.000737720219429502,0.00303170086308816,0.0177561909906759,0.00562584884736173,0.00750828684374024,0.00842770275132433,0.00982462000402857
"nig_indep",295,380,0.145014836738924,0.0390782662743637,0.107656586544456,0.23729455329158,0.533639003598493,0.497862621796016,0.386331369366386,0.869820173622663,0.00272438953255361,0.00103383208026181,0.00338902100677937,0.0194010940786722,0.00544934190055889,0.00713576303744193,0.00813724948694,0.0117006907195062
"nig_indep",300,249,0.105581615124393,0.0205179712698112,0.0774372241894486,0.0713355637521402,0.701478659494449,0.91789586765837,0.528193030986813,1.03286016961592,0.00112752231173445,0.000281293369022251,0.00127257141272828,0.0111406007819336,0.00792611508831486,0.0120551743790531,0.0105398256578949,0.0105622308258081
"nig_indep",301,296,0.0707895241345783,0.00949021476022478,0.0531605446651409,-0.120089852970736,0.555173395609964,0.54506236644913,0.404672135243333,0.889083779855502,0.00139570202377542,0.000231456546216466,0.00168186807786728,0.0134761710712959,0.00690165154420061,0.0095881122306535,0.00879399128496701,0.00997072397045435
"nig_indep",302,301,0.0963778426668733,0.0147524481397219,0.0673483313734307,-0.00876243848918497,0.540508793184304,0.47016836018335,0.383094123384199,0.867044301112246,0.00180240231311711,0.000416926989179683,0.00199482596834701,0.0126928702914085,0.00458026467660094,0.0058366059506486,0.00608485292919407,0.00718172154251735
"nig_indep",303,260,0.100884145112259,0.0201514028149,0.0726497387562638,0.021916687814314,0.581372245299899,0.522495863498439,0.408253711539949,0.90051611606514,0.00180870034081569,0.000414474756412616,0.00190665308319619,0.0129455111481195,0.00346798401691068,0.0048697949470825,0.00460390222718338,0.00527725026999981
"nig_indep",304,329,0.101258946684172,0.0212928784675584,0.0765405399989104,0.0517537253965594,0.539613097006656,0.486043642264363,0.384950456048378,0.866326920693299,0.00161775068781223,0.000435742649105878,0.00186635821928297,0.0120834157315782,0.0040600095600648,0.00555517772580307,0.00552866015494794,0.0071888741663032
"nig_indep",305,174,0.107389461499067,0.0198619064111752,0.0768415824748011,0.050655620950825,0.600479560286425,0.597233830647591,0.430308507511139,0.923281856784942,0.00162463134481255,0.000453253708572856,0.002130428281074,0.0121434743967081,0.00502857665155582,0.00739662687549606,0.00638479862860228,0.00916534840596548
"nig_indep",306,189,0.160158217595943,0.040825313305473,0.114145051669467,0.280350317372005,0.593614335155074,0.57897484638758,0.422102913907835,0.907078199535213,0.00233436427549948,0.0009002929263612,0.00296939351177055,0.0172261960878643,0.00537825030417265,0.00896855821596227,0.00706279980484887,0.00949822740755716
"nig_indep",307,240,0.177929493733943,0.0471421284325046,0.125521879793181,0.314565364779866,0.587774868340322,0.582759929896217,0.426488083104536,0.920289631582236,0.00208076000590484,0.000849967528897615,0.00301354226548632,0.0156383934442704,0.0064622406446729,0.00997331054280285,0.00654081364325424,0.00902738036101193
"nig_indep",308,240,0.155185246985201,0.0371394723119037,0.109219805021318,0.248565791376789,0.556480633060714,0.479686269589926,0.389566309191557,0.869594848420411,0.00178201467696943,0.000687001366112478,0.00253374292890743,0.0162722842885454,0.00367912874239474,0.00507074753337157,0.00622249744470748,0.00748937515462143
"nig_indep",309,253,0.129513708920468,0.0263501773815666,0.0915775560788927,0.165384845891737,0.531125235984329,0.488717780025381,0.389821075376184,0.879770308484241,0.00160360905260026,0.000464206446603424,0.00190736167136857,0.0135468422803814,0.00348564829932828,0.00393062642016895,0.00510459186282576,0.00625401310550889
"nig_indep",310,246,0.100285180258694,0.0158458887512514,0.0702940777844723,0.0113528175052648,0.515960934158695,0.432488563324462,0.368670435311823,0.858501631695232,0.0017703177497755,0.000438788437420203,0.00232138088329734,0.0190125235652848,0.00657394992655758,0.00820600497537609,0.00704794436507763,0.007398547166338
"nig_indep",311,282,0.104625543257404,0.0178474379113991,0.0746951230344248,0.0522192460457459,0.519490416910585,0.409010480813965,0.366654946426646,0.859684026220499,0.00162309943136744,0.000401736775665469,0.00202669323458799,0.0145742088299414,0.00761594661682045,0.00886779850766673,0.01005664655036,0.00986734018340504
"nig_indep",331,144,0.106446152705057,0.0206499294849905,0.0769479415905908,0.0632735852215371,0.880775192759174,1.19810969944401,0.609925637368354,1.09862384625101,0.0017500624035593,0.000378338271708084,0.00210948354952511,0.0167016354098507,0.0164387321698999,0.0370684743167712,0.0186216829824613,0.0142906144949897
"nig_indep",336,181,0.0728251339822673,0.0147405210925201,0.0588648415923617,-0.0824296322568694,0.622873450043927,0.63586179098637,0.442771932705065,0.938575866960678,0.0017447229599945,0.000314517970659487,0.00336768256721607,0.0282039412432286,0.0114389342833396,0.0167801150344284,0.0122223588349847,0.012105867109072
"nig_indep",34,492,0.0452020622374365,0.00388950149443533,0.03305170754754,-0.36401866667632,0.38447566809041,0.303918900084996,0.280304433294055,0.683294282459859,0.00120534962396762,0.000128079219907471,0.00151939908518503,0.0164073904783025,0.00740097416185709,0.00698262527803898,0.00860945436496557,0.0144768104393863
"nig_indep",352,387,0.0584690182127582,0.00970975266516081,0.0466006865630781,-0.231345542335823,0.425363764052904,0.312312820621111,0.306593534713353,0.75042958949246,0.00164633002162453,0.000298352761890117,0.0016114255337688,0.021671216643496,0.00695177586517161,0.00665627167152234,0.00757275514079427,0.0154937378976755
"nig_indep",370,145,0.0817060391140116,0.0112750602171749,0.0604489157394884,-0.0191191952436849,0.473420462479289,0.324142562402868,0.325475744221281,0.786049960061387,0.00147412261872555,0.000301401575512768,0.00180861420024513,0.0312288853134468,0.0100834149000707,0.0124918995891802,0.00815119432656475,0.0137674001502347
"nig_indep",371,125,0.0584036337691892,0.00743558092990713,0.0438712594039377,-0.224869425516424,0.379410074052667,0.21974032471764,0.26684695205018,0.691364710518729,0.00125654032828628,0.000174584922685914,0.000955673177856788,0.0149332326160572,0.00638687642047913,0.00541675776769497,0.00570045535102177,0.0120407654189619
"nig_indep",372,201,0.0856830707480856,0.0155306095445363,0.0660402273472305,-0.00470061057514035,0.538183099075501,0.48391370727693,0.383569023244702,0.863604481418193,0.0016935614125682,0.000396455638272229,0.00208240269017665,0.0374799201291507,0.0101688654998851,0.012473067612876,0.0111959076041747,0.0148945047406974
"nig_indep",373,293,0.0939414208284629,0.022287113142399,0.0719525851166618,0.0327224042768556,0.51739038437971,0.396071621115077,0.349171399309362,0.807704389530205,0.00521135513864031,0.00159123146719935,0.00486119808983347,0.0264648685172856,0.00799315367820804,0.0100652686231975,0.00851177492554725,0.0135146024018449
"nig_indep",374,491,0.0800114589504657,0.0206236229962639,0.0687979103958321,0.008923831585863,0.444650610464552,0.332551885850287,0.317198915915976,0.776536963960675,0.00173001991828536,0.000356769831428268,0.00174382774537779,0.0122277796735677,0.00425827261010303,0.00430877491210439,0.00594464613606554,0.00888030352509112
"nig_indep",44,168,0.0925238419640593,0.0136788714760164,0.0750973717198052,0.142818097384966,0.525867135594789,0.44357481121767,0.447960028784063,1.03303196761557,0.00406990639544067,0.000845231414951057,0.0056102188268129,0.0185302602925137,0.0169695964377626,0.0202324987537175,0.0290059607586362,0.0162284651778846
"nig_indep",45,490,0.0662718517212344,0.00754732175917318,0.0483411597217701,-0.155527619123691,0.438263784484943,0.299594210006933,0.342097637135964,0.859696021321251,0.00152991827064038,0.000228441375703101,0.00188336281714535,0.0149045649123701,0.0162876059730167,0.0181879124249863,0.0181994971317614,0.01463354414135
"nig_indep",46,483,0.116384481791324,0.0251048894443235,0.0844253347204143,0.132228677637193,0.377988843657753,0.258048615150296,0.275411315418398,0.699034350160251,0.00253650861195011,0.000623191544106737,0.00299916778588546,0.0227243230393231,0.00825443217847571,0.0077139060869461,0.0072327633378667,0.0120032833325692
"nig_indep",47,654,0.0754914505999268,0.0135465647465668,0.0571863371861271,-0.0965674759089014,0.31030443407108,0.176564629428313,0.221139656156414,0.58275335507573,0.00191565484583932,0.000335973078604903,0.0020248324554843,0.0179224602553561,0.00526025561188577,0.0048069517061511,0.00609429743743919,0.012598006818219
"nig_indep",48,707,0.0413363858556314,0.00344159885783064,0.0322131196810333,-0.369136787973737,0.287356261833708,0.133285437687046,0.204746036610085,0.553578952819665,0.00108313544744467,0.000105100561586664,0.00130587315920181,0.0146843117892448,0.00471330943979967,0.00361598535286756,0.00490407891742906,0.0102439364426589
"nig_indep",49,414,0.0833334431823424,0.0233522700528471,0.0642138630837693,-0.0431653927803923,0.322681221468735,0.17311244073677,0.230539316065814,0.61201003730022,0.00170858479169478,0.000451215098698095,0.00225896184823156,0.0224169055672041,0.0042192383863385,0.00287932317489732,0.0047818490678503,0.00909044206972543
"nig_indep",54,359,0.306744181660738,0.266190538399123,0.228796396291965,0.564199926202195,1.53755473179688,4.78080510064274,1.10583210235793,1.37523921935725,0.0134077841623082,0.014277449271039,0.0180167070508629,0.0293015168986078,0.0394415994717543,0.158188637641774,0.0557360301794544,0.0297498286018889
"nig_indep",56,668,0.0816410636892357,0.0129696427319734,0.0584262791983917,-0.0825424087621772,0.439221586873422,0.328682086352522,0.310588867385723,0.762130935574528,0.00252794299113239,0.000703190789034783,0.00264530541460256,0.0224833862151854,0.00958289887824757,0.0125610725080421,0.0102505817356766,0.0176766289513589
"nig_indep",57,257,0.0617565493720142,0.0135904686966663,0.0515549971274659,-0.171707861749215,0.263670059631849,0.112616109116982,0.197204089139384,0.562458192532266,0.00119384766683979,0.000205475195165794,0.00133717637658422,0.0114906617358183,0.00718063260812567,0.0047966239658294,0.00765706080935736,0.0115131532750568
"nig_indep",59,323,0.0699040070335952,0.00986150980203819,0.0525515346214345,-0.113227784404648,0.625282590436885,0.60710078489862,0.445984389333471,0.962494179891682,0.00160445241867635,0.00029219301005737,0.00209488440048601,0.0149251415159032,0.012953642792959,0.0213749594255159,0.0139677602112701,0.0127412235423711
"nig_indep",67,688,0.0690792826232305,0.00969687810021259,0.0518542276748576,-0.139163776007647,1.42705891597327,3.44238005729425,1.02683020130127,1.35978529973432,0.00130007610724401,0.000224185441649471,0.00139992306486513,0.0118409038387,0.0233399031349635,0.0752975351458231,0.0286701393160823,0.0172139018146604
"nig_indep",68,1145,0.193849619242514,0.0830636143117069,0.14363306292028,0.392736446966521,1.66383536701411,5.26852744862337,1.23328740758779,1.49435848676613,0.00564762397449382,0.00497308411139916,0.00573178078189857,0.0267803608714079,0.0376623207168572,0.213833457100987,0.0362197171842975,0.0202716627991378
"nig_indep",69,631,0.165441626507303,0.0545875997776272,0.119886289884421,0.273310265863895,1.23133475082544,2.47724409864799,0.851009597303743,1.27099247913431,0.00395403976414737,0.00191493456878165,0.0046199056626624,0.0247671338865763,0.0338076980453436,0.112531404667535,0.0402394616031989,0.0215531026317476
"nig_indep",70,395,0.132240594597061,0.0341279665741205,0.0975229244120382,0.163340564515416,0.801343659809114,1.12608526409567,0.581673112310748,1.06599124871504,0.00273448986136046,0.000945843481206056,0.0034113908526624,0.0239645321998829,0.0177532496643718,0.0311105263321536,0.0209607152573961,0.0182482133705028
"nig_indep",71,389,0.104809883843056,0.0206491624524635,0.0762987861879002,0.0362119161677587,0.604138082322242,0.589993109617741,0.425037481126291,0.908328650073407,0.00179946729666509,0.000538873553075376,0.00236670675934708,0.0155319419553918,0.00707221760309205,0.0111886664887529,0.0090979008018307,0.0113540616119871
"nig_indep",72,713,0.101822384927157,0.0183450303231727,0.0728735302313059,0.0263548074008864,0.463773934837407,0.36687283927751,0.331634122488165,0.787259796839926,0.00221449528709241,0.000567043833769896,0.00219393654880459,0.0175982354885763,0.00562333639833785,0.00697843119923111,0.00744532418301819,0.0104191243270244
"nig_indep",73,410,0.117825018422427,0.0245245794743584,0.0848260710122401,0.0946534797801123,0.494900391009907,0.393611789550616,0.353517687296454,0.835962116864961,0.00187951384810021,0.000555548824241317,0.00250298584452772,0.0171580820515752,0.00553697845943812,0.00679459770554882,0.00705354883028252,0.0113675189192271
"nig_indep",74,562,0.11743536852851,0.02383018747241,0.0835141530697857,0.0948664091509397,0.511398820844877,0.415134449483468,0.362967068074618,0.846300175488853,0.00189808792734303,0.000546134784943638,0.00258465100501699,0.0170717225602676,0.00504216712290353,0.00662733154706727,0.00582820847692415,0.0107041573819275
"nig_indep",79,495,0.292460961495459,0.237588336425549,0.230969505571597,0.583202719364623,1.4828137548871,3.86190320028918,1.06777531146192,1.37555946202266,0.0101066328487753,0.0121424661969014,0.0111819893262103,0.0315567234545255,0.034903748170532,0.152141838743785,0.0383246687020092,0.0218445414162729
"nig_indep",80,509,0.363693487911973,0.352646110925688,0.275422815064416,0.645534358092854,1.38495437803657,4.35162775300905,1.05758054053337,1.37115275657569,0.01521898171994,0.0219895393201609,0.0172353826206485,0.0321302173268437,0.0384826795856314,0.160682440550818,0.0410395461295221,0.0243437067103583
"nig_indep",81,408,0.36409453040484,0.408865835536991,0.274517043369487,0.710029444869756,1.47822958107456,5.81532699557538,1.12623400085256,1.4737890924737,0.0224652587911665,0.0499095476991181,0.0345306846554825,0.0726750846644789,0.073038794500523,0.538675954860668,0.111334336803458,0.0581887939123176
"nig_indep",82,441,0.0873781905883953,0.0119666952579397,0.0615650243627858,-0.0345821967776987,0.470347365258558,0.347280333183152,0.333311957385756,0.804706568231882,0.00273040601969749,0.00051803191254464,0.00264330649053756,0.0181934592234554,0.0106345230153121,0.0110334969261413,0.0119267455092655,0.0157627380511162
"nig_indep",83,579,0.0666282004030332,0.00774632447232276,0.0491954663509076,-0.151181515797771,0.428530146601039,0.283637274174333,0.301348734848917,0.762577617339363,0.00115711278622119,0.000186928525457392,0.00127877615695232,0.0132696799667648,0.00543357419773656,0.00554677999748527,0.00702372907104994,0.0140640605621064
"nig_indep",84,816,0.188437897242041,0.0566923548613942,0.136595669128378,0.384287788187122,0.598330800459075,0.568851483222687,0.426523126816108,0.937993452851466,0.00213533682136429,0.00101368574519394,0.00282797247315705,0.0153330407543099,0.00787535128149898,0.0119062077765714,0.0105312015128546,0.0153580247035796
"nig_indep",85,908,0.129131408158747,0.0325232615124983,0.0956363003603899,0.182688072054701,0.513869944741434,0.439445563575027,0.364977531404973,0.840529355454276,0.00282708206079037,0.000847201794071015,0.00255275634658293,0.011954052765568,0.0117083834107287,0.0152178123933092,0.011102377773326,0.0126511414504172
"nig_indep",86,616,0.0911267740806734,0.0164977942187419,0.0668589771533213,-0.0123485112260089,0.615094694201992,0.643706529274059,0.445396685670551,0.962915307365835,0.00189719645112311,0.000550069934689118,0.00177845542600041,0.012877755532626,0.0150623483324435,0.0259121133925634,0.0153562272781312,0.0156803555794967
"nig_indep",87,101,0.0395185505924131,0.00379902501707906,0.0294605363774266,-0.451885069150987,0.476841455239425,0.364422942212612,0.343496519108753,0.81997880579703,0.000474761616415387,5.6570576638876e-05,0.000471109284333421,0.0076909598594162,0.00320530924238814,0.0037465937873648,0.00470006935725959,0.00839945294929917
"nig_indep",95,617,0.0393051578497709,0.00273854385004837,0.0292613734762512,-0.404144137186907,0.700689841971516,0.820769495339124,0.504408238981327,1.0116157447397,0.000873812814723667,0.000101965064528803,0.000843130750211276,0.00967327757296745,0.0121034447513094,0.0195804741004382,0.0140325325734738,0.0113760265650621
"nig_indep",96,1009,0.0464609540556385,0.00432048728735555,0.0354186811475284,-0.302820204835493,0.717716877401299,0.90090779443325,0.515654444755576,1.01566173850545,0.00121667632254889,0.000153828200323203,0.00151684792897623,0.0132123126089154,0.0152448121460758,0.028253482015209,0.017965290619406,0.0132594301348786
"nig_indep",97,592,0.0849419841146743,0.0122621124875628,0.0607116231334358,-0.044723217663828,0.992892631451055,1.68813596543109,0.696009902130387,1.16742147138073,0.00192837011694096,0.000377095217977017,0.00195962004886946,0.0131717633195428,0.020666413732338,0.0547934744159371,0.026368550005242,0.0151437746839389
"nig_indep",98,450,0.0826590684994543,0.0125744295519647,0.062352022308878,-0.0242827788161534,0.847208418054427,1.14490935855842,0.600965982653706,1.09406519126977,0.00176146653416951,0.000353066902118191,0.0021062188089826,0.0169461689610969,0.0139749695806184,0.0280513853814284,0.0175832512554955,0.0157232258306162
"nig_indep",99,319,0.103148642519217,0.016077914932943,0.0725112920628422,0.0541030444452992,0.864804738284026,1.1470273873073,0.60296996518273,1.09192548655451,0.00172662276444108,0.000393724597865359,0.00196737303119677,0.0151607199616526,0.0158382962997576,0.0317383981712769,0.0154188217014875,0.016338382629705
"gauss_cor",109,643,0.0434781666506414,0.00372737184657999,0.0326354551080637,-0.365162817759503,0.464095757710745,0.368486852985374,0.330531141204785,0.790606792848659,0.000810058682740786,8.07550495791836e-05,0.0010486218299987,0.0145621024009587,0.00841393310899444,0.00778575697563617,0.0110236147240806,0.0175906128598177
"gauss_cor",140,182,0.140355121489602,0.0305534586142074,0.100893090330634,0.20088471924146,0.52455350660104,0.532908881311485,0.407214267197233,0.904755874463363,0.00328543917374718,0.00107972691047096,0.00436562693992927,0.0167256764366722,0.0155962444173014,0.0184457089997824,0.0115652604324835,0.013835018169706
"gauss_cor",141,264,0.133943365162186,0.0412110999976308,0.105902677365846,0.204922076421373,0.406846924179258,0.283949250637025,0.303890481109793,0.771296514991294,0.00314423124245721,0.000929551539456021,0.00322691761345444,0.0149128119958729,0.0100216219352109,0.0111407433168139,0.012090726956729,0.0173110571729568
"gauss_cor",155,118,0.597544353716436,0.612626167254371,0.437820858103977,0.952773146675544,0.338523460446169,0.201230464144703,0.239218006759465,0.616384475973748,0.00934987641657911,0.0157307724489608,0.0126809768750721,0.0240521618949281,0.00685610965786477,0.00495610686716086,0.00741078499014753,0.0148232494260896
"gauss_cor",159,199,0.202553766497623,0.0681124525251404,0.143681156261093,0.384099776465102,0.722308726524526,0.796703083434695,0.500472609466543,0.965457927208595,0.00361434858087167,0.00203271375624012,0.00533539820225135,0.0195827077021994,0.0142596180322602,0.0226009193568139,0.0133865891685956,0.0167828008874013
"gauss_cor",175,141,0.460627953604495,0.78273788161837,0.413918269485618,0.890325307593217,0.394365616061695,0.336756224155882,0.299322592739708,0.728898197929165,0.00960302210930986,0.0102942635886953,0.012726316379073,0.0299123081210854,0.0108652225942466,0.0102324073865553,0.0118188270199046,0.0125158541045811
"gauss_cor",178,278,0.233124349468832,0.0979350779320754,0.17210466303311,0.471028053299571,0.228415001641213,0.0899766870672332,0.165771451243153,0.446982484373166,0.00412639284788109,0.00219065964190249,0.00508008472855075,0.0154125244431617,0.0031708444514719,0.00167007660699342,0.00438938391628121,0.0135085443160515
"gauss_cor",196,182,0.13266404835143,0.0301799927570349,0.0959738910627189,0.170121695806742,0.328467326707351,0.200721634471531,0.242512349836812,0.677734862690132,0.00244181819177411,0.000861730042781778,0.00326084371363387,0.0165728636313192,0.00408189007695142,0.00359843589944089,0.00606520454677108,0.0182175095335183
"gauss_cor",214,100,0.132622116339246,0.0297707398965781,0.101446104874957,0.220376056926845,0.15928310154571,0.0368446933047337,0.110801437802388,0.276317547804693,0.00360048201430491,0.00126541883291899,0.00388903188770979,0.0143141410137706,0.00433005362057743,0.00153751844245996,0.00329287790453178,0.0102644350355442
"gauss_cor",307,240,0.177048097901129,0.0470019145242443,0.127681183905419,0.330483879154926,0.585085280641719,0.575896663890831,0.404610686107066,0.893820656098599,0.00273279041315967,0.00120946642754452,0.00370131303697463,0.0198618688800569,0.00668489827126979,0.00906281297593112,0.0115329168759757,0.0130828589814109
"gauss_cor",314,376,0.256122937842409,0.123037443073902,0.188252408028409,0.507836053319755,0.646304000903215,0.656978581279919,0.458546487981097,0.960037882984048,0.00623525542963206,0.00397124725191535,0.00663785785299507,0.0165562128040703,0.0094206522779137,0.0136113713902694,0.0115752293959953,0.0107381032452167
"gauss_cor",331,144,0.110307214950111,0.0217109977303071,0.0809986981242128,0.114100276809009,0.770888112727363,0.910846390517108,0.537987552194473,1.0400426787916,0.001575586906281,0.000378413441007423,0.00226234074930642,0.0216479913906074,0.00815421533575726,0.0142295032539833,0.0132452926640876,0.0136458934874128
"gauss_cor",352,387,0.0587994617569316,0.0088626052647447,0.047292342572098,-0.198657999347997,0.416472852590137,0.300716332549905,0.296563129653801,0.733191816052789,0.00185362224292985,0.000250114796976492,0.0020874750957161,0.0222140199592128,0.00874016988740898,0.00738155396559812,0.00977620340644113,0.0161787911627426
"gauss_cor",370,145,0.0817690666625534,0.0104811399395765,0.0593262687031144,-0.0241767000189467,0.470377398116148,0.320458957805049,0.315035092767024,0.770818360799534,0.00135435383740525,0.00027013445182332,0.00225891151785378,0.0243633449622372,0.00946420971362737,0.00992525499937138,0.00825904857779958,0.0141902939824058
"gauss_cor",371,125,0.05657848052069,0.00694917025104047,0.0416735571337219,-0.266145816328468,0.377920228783677,0.21755755305283,0.264852144917701,0.688695604515819,0.00116051944290043,0.000172997050719365,0.00141834184668286,0.0210155285959529,0.00690195939034608,0.00666535417530153,0.00785730801694834,0.0135175284436004
"gauss_cor",372,201,0.0829988161942043,0.0144258871621071,0.0631042351403786,-0.0407369436816199,0.541821027632752,0.498701636260967,0.390871306283825,0.876598553738954,0.00216156436894367,0.000410829344555062,0.0021974052956862,0.0283844015806466,0.0120955687737628,0.0141129289332603,0.0126473943716527,0.0154130114297654
"gauss_cor",373,293,0.107926442639734,0.0295760205475539,0.0878159992024779,0.141273169077815,0.513377938448285,0.387930086380413,0.354538613585393,0.817206162293707,0.00241820842565205,0.000592283733404572,0.0027264973583771,0.0145282511531528,0.00770296874996827,0.00893167227295064,0.010701394814491,0.0186120116539306
"gauss_cor",374,491,0.0812679985547709,0.020755757685102,0.0706769432880282,0.0272916161240112,0.440687484224731,0.329990182660927,0.31499248366647,0.773877463187946,0.00192294311071449,0.000300602224474195,0.00183937531416095,0.0120521611536566,0.00541839859535093,0.00546810489484864,0.00618537328003993,0.00963587752701516
"gauss_cor",59,323,0.0710090448152777,0.0100022779949617,0.0547807260075202,-0.0971732539929145,0.612380518552885,0.567981226722206,0.424416910908353,0.910430279596899,0.00155707996540891,0.000278536692708364,0.00191771882969198,0.0144691236411761,0.00971206877617672,0.0147808576676213,0.0120704455767672,0.0139094342686277
"gauss_cor",79,495,0.281995814584632,0.192097801464843,0.232644857920182,0.618764986653741,1.40006875496492,3.37553467066818,1.03076627632414,1.3564879929301,0.00443147241277471,0.00277270818445079,0.00537348652985248,0.0140002764775907,0.0245008862096423,0.0684083296019574,0.0287706733255399,0.015436139101771
"gauss_cor",80,509,0.367239404014426,0.309669718374292,0.294486998780859,0.737976397973201,1.37853847877342,4.02733428755004,1.07022881343409,1.38221167691903,0.00720201476845202,0.00553261252469392,0.00794522923835842,0.0181191037491152,0.0257544266217891,0.0792923658829259,0.0322605726581411,0.0197831283509933
"gauss_cor",85,908,0.127750875815235,0.0318769762179014,0.098185578792639,0.193407020865696,0.509182382117985,0.4314636295674,0.36585296069318,0.840404350233452,0.00273849160245585,0.000872086014852309,0.00311336227829359,0.0147145857296106,0.0106830092782088,0.0149275199345717,0.0112178374777194,0.0142567065298511
"gauss_cor",87,101,0.0373481377630661,0.00321731595121973,0.0268465750280289,-0.490075782398841,0.518006741142026,0.416577541828766,0.36862623182729,0.864049578936883,0.000612093799199198,8.81892620522816e-05,0.000757284029259403,0.0127931112798138,0.00586450008269453,0.00688246624025998,0.00899754288080587,0.0155049671017155
"gauss_indep",109,643,0.0434934788880405,0.00377566072606537,0.0328038850955502,-0.36315303948623,0.464452759671483,0.368753292775923,0.328553741983472,0.786686167066633,0.000959170847883215,9.67970235666966e-05,0.000961708868302234,0.0138968734306243,0.00924260412860606,0.0091377198216128,0.0104052008514768,0.0157193443666002
"gauss_indep",140,182,0.14331987409386,0.0320433904313708,0.103366295257462,0.210278059723234,0.540164360644163,0.544532560704029,0.406001255646161,0.900766024083931,0.00341010685607729,0.00127709472741397,0.00410539617570778,0.0157822128411601,0.0122890777078772,0.0203105324168642,0.0128068506943709,0.0155562916362196
"gauss_indep",141,264,0.138760262434402,0.0430530166631021,0.103286655353227,0.197712754333467,0.4117048725499,0.290726116733011,0.307833700961485,0.780423185752333,0.00367043871061333,0.00130426020805153,0.00346745546275131,0.0139284785308679,0.00925705844424549,0.00857204159094083,0.0125933737843178,0.0152254113973032
"gauss_indep",155,118,0.598514918046164,0.613691062280417,0.435346938033661,0.943455694592963,0.338729335391346,0.204190393588589,0.247665927072149,0.634164024426418,0.0103671781833889,0.012860055990518,0.0133213850314167,0.0256462404266006,0.00705699845120478,0.00497586908049309,0.00741565402759041,0.0165652170262532
"gauss_indep",159,199,0.204519396468747,0.0690863885585873,0.14404117589858,0.386008129963232,0.72413867338523,0.793626505748557,0.499046253424912,0.961938046139474,0.00301551313412961,0.00191432272148518,0.00499721026427569,0.0136112567887112,0.0138831011116592,0.0275223046227606,0.0130305314361584,0.0137898341215018
"gauss_indep",175,141,0.46798636094915,0.824537635369821,0.430292627259037,0.905665802378376,0.375116825812322,0.328985973275286,0.303395124679325,0.737762151594356,0.00820397066254081,0.0140791448722878,0.0190781645573147,0.021721834402708,0.0102499996723649,0.00993273911390484,0.0123216398022529,0.0123182555579246
"gauss_indep",178,278,0.233418610912339,0.0982082278757899,0.171593266311157,0.468470728238006,0.227510701446226,0.0899452230077684,0.167604357127556,0.453342454620738,0.00502916433595805,0.00294916588104059,0.00604049867553531,0.0175477437687984,0.00254817510055193,0.00164480690937733,0.00438981797836175,0.0139601580331323
"gauss_indep",196,182,0.133612222394993,0.0305809735314911,0.0962222866872169,0.169200692874069,0.329541009472697,0.202029468202123,0.245404045840295,0.681809146960103,0.00224754076637944,0.000729312823097872,0.0030885088339599,0.0171903410446086,0.00466502889411428,0.00375830135952825,0.0059362128205151,0.0197990753985375
"gauss_indep",214,100,0.131838346098075,0.0295228389901435,0.101365179409348,0.222260656318804,0.159629486672681,0.0367286339892991,0.113372967490943,0.281129788101959,0.00259570207065738,0.00079834825197107,0.00293307198755841,0.0103721693997036,0.00383043692310239,0.00118492177025587,0.00366280882306043,0.0101484529009681
"gauss_indep",307,240,0.177671373338327,0.0469251520953295,0.126536520988846,0.323218849452662,0.58202711774994,0.575968131094956,0.423314185006746,0.917637256888214,0.00268788648257435,0.00105615368808872,0.00327209669094844,0.0194570589422445,0.00673630670173755,0.00893328655193797,0.00898775865376123,0.0108287220473909
"gauss_indep",314,376,0.258557806274019,0.125857329135332,0.189354479744055,0.509900243384344,0.650869626451626,0.677429307121375,0.470756654998838,0.974754174029622,0.00625826517363654,0.00388852370958801,0.00752395258682597,0.0179487309110003,0.0127256504251,0.0194209916739472,0.0148549701617895,0.0132131237241203
"gauss_indep",331,144,0.108886567592967,0.0219458758964448,0.080306636121127,0.106502272032421,0.790036885798929,0.986930398685872,0.553934488267671,1.0548329132818,0.00200530353846861,0.000445311798688379,0.00259661793415318,0.022636372070193,0.0120105850153821,0.0229391915662373,0.0118864279054997,0.0104709636563686
"gauss_indep",352,387,0.0588525605426811,0.009090742332652,0.0476903262410444,-0.202217520644455,0.41989053572307,0.307830389536008,0.302931268433234,0.737918747317573,0.00182846716739195,0.00020078110326825,0.00179162486129677,0.0203907307735497,0.00876272721903972,0.00781434193423347,0.010738328299578,0.019082980776681
"gauss_indep",370,145,0.0818384608094536,0.0105372450844313,0.0590651123472158,-0.0217882733508144,0.473656937725638,0.325863094627922,0.319804048392352,0.777274016968249,0.00159099168285561,0.000324581791597356,0.00169170413926205,0.0250505973804714,0.0125306255811326,0.0161968200498531,0.0127378426092299,0.0187310739329196
"gauss_indep",371,125,0.0569515049559606,0.00699341636370862,0.0419880571455228,-0.260793259016131,0.382517715011466,0.224232933086128,0.266193540179852,0.689250923110845,0.00170241220962196,0.00023912032513944,0.00180079880502019,0.023803703904623,0.00863193968938263,0.00807545538351307,0.00954259393291523,0.0168236001800869
"gauss_indep",372,201,0.0826773151350457,0.014362916174533,0.063386999164714,-0.0310635346479262,0.545269825998148,0.496335812890891,0.391770153156752,0.878404176560025,0.00172043653349807,0.000290783071620352,0.00183034629771219,0.0200547131423886,0.0124860712375205,0.0155244781690539,0.0142048482590821,0.0185863138087608
"gauss_indep",373,293,0.10828234798677,0.0290859287133751,0.087173869175724,0.135182142610596,0.511265504600175,0.386680450087624,0.353465999183415,0.815272868058773,0.00279076538787916,0.000507829085047883,0.00283637075241011,0.0187383467914064,0.00892370375926135,0.011055111009343,0.0127381232441625,0.0200993166923741
"gauss_indep",374,491,0.0804792274309038,0.0208601059921853,0.0728545081782819,0.0389472781662004,0.442354658856996,0.32861087070921,0.322464627650256,0.783753512027761,0.00180937707998693,0.000318993204402409,0.00223023528876942,0.0149525914986549,0.00412222783405015,0.00429524346393411,0.00767412501639295,0.0118869943861522
"gauss_indep",59,323,0.070861404820072,0.00980452749119519,0.0531442785836588,-0.108459836686091,0.612737226519624,0.568390625723062,0.425427090907141,0.914311169629271,0.00182431657200207,0.000362350488118253,0.00156887219694691,0.0123815705816891,0.00776511682234598,0.0112669305093489,0.0121450456680132,0.0128382916528957
"gauss_indep",79,495,0.281316242430406,0.203676703918818,0.234219440057168,0.626897076545595,1.42437326850857,3.53172500507425,1.04182627013949,1.36694189864938,0.00544030219990818,0.00324582417652751,0.00651564598185801,0.0203761761027824,0.0273906048721799,0.0789043682711065,0.0316091554552477,0.0174269632021945
"gauss_indep",80,509,0.37785380124202,0.313996069510478,0.29666999027436,0.74993860601492,1.42927733551133,4.22896003867197,1.10418897934025,1.4127375131717,0.00887041464020561,0.00719039599038173,0.00902283879322582,0.0215222832877,0.0352212280381171,0.11510469200907,0.0392934238673559,0.0221077616213183
"gauss_indep",85,908,0.129205006435122,0.0322575710641693,0.0942048364961248,0.173940187267694,0.512461826193881,0.436106014019194,0.362340656010289,0.836008375839223,0.00245469629423982,0.000726387903820443,0.00322300056688868,0.014605511150392,0.0105693465902306,0.014860346179995,0.0126781437519449,0.0156317214948407
"gauss_indep",87,101,0.044987821563191,0.00381192681827296,0.0323864899798934,-0.391081197683504,0.492660126000861,0.419027060890663,0.37319855189284,0.87932337314756,0.000689197046603472,8.71691323479239e-05,0.000793102787691452,0.0143895085670312,0.0164014172649014,0.0157829406824678,0.0123655621769448,0.0194258277606557
"nig_cor",18,976,0.0527385322929417,0.00862508111358476,0.0391354213191703,-0.343025361720936,0.513573363010159,0.470463890233001,0.365524474884434,0.825702979208362,0.00288398626419847,0.00147784038244897,0.0020762984918168,0.0211914367353035,0.0148633195712577,0.0271919912526351,0.0124590784777108,0.0175093832889319
"nig_cor",263,393,0.143994487882151,0.0338628451476181,0.10159308789803,0.200061562387431,0.497509273469056,0.373523682447077,0.345679336587379,0.816557169736376,0.00210460056415436,0.000663139906035434,0.00239963359271459,0.01314471810689,0.00700790749573044,0.00810920994937803,0.00838661448058517,0.0137069689998637
"nig_cor",296,390,0.101096886480273,0.0191387721236467,0.0748067348061816,0.0516986148339782,0.503113470431715,0.413828854786964,0.361607769680125,0.849524169521784,0.00278774393484116,0.000785837191859952,0.00359124941272431,0.0171100886706957,0.0123977546323412,0.0135652902539932,0.0134775496654988,0.0130088612587155
"nig_cor",315,378,0.167069034028542,0.0454356024852785,0.119038658086468,0.27868816182724,0.695150913402164,0.867522659066009,0.510383056823073,1.01493090401209,0.00337631742645388,0.00127907810387995,0.00367730081793474,0.0170193481421484,0.00769916879415288,0.0129682377288086,0.0104121712285774,0.011557954184772
"nig_cor",316,391,0.125470387124531,0.0255873313957201,0.0890021164767017,0.133518086257568,0.792946484271306,0.961019384969033,0.556642028948708,1.0599286093867,0.00238621082004451,0.000741416864877586,0.00275811882414272,0.0175395419513755,0.0135892392818796,0.0263267440600511,0.0166772076500553,0.0139785479332417
"nig_cor",317,456,0.101313912909116,0.0169501630313962,0.072577348720972,0.0306815916161003,0.561196785864305,0.496089182983365,0.396962495969622,0.887883784221851,0.00143306582191632,0.000333194230725372,0.00175682745290156,0.0134070549710668,0.00706283828847366,0.00945266519655843,0.00941439457596848,0.011537783864085
"nig_cor",318,416,0.114532112912637,0.0259724826933552,0.0848359204028592,0.104985933624895,0.65305135975086,0.710152428658227,0.470685277631273,0.977461576668621,0.00242641910327658,0.000913201277952597,0.00325832343819378,0.0206516935233109,0.0147861568160677,0.022101542801949,0.0176982263357405,0.0170266503941531
"nig_cor",319,321,0.0851974834747165,0.0128148602997267,0.0637634252622996,0.0121323376257174,0.563918104269245,0.57677592802159,0.414319459032408,0.936410120543297,0.00275415364580997,0.000490358215790893,0.00363282178221793,0.0194348746453834,0.0177066205135529,0.0244953435286146,0.0209016749554592,0.0195875161975242
"nig_cor",32,761,0.178519300367732,0.0837980273890219,0.138662539830283,0.330586850586565,0.642663802914373,0.819954573130308,0.475713887261018,0.97745159760924,0.00901247908351639,0.00539556901617653,0.00887459495533069,0.042338345876541,0.0333220434993905,0.0677256081219183,0.0326744830672277,0.0266257768994612
"nig_cor",320,498,0.179342365034457,0.0792452382790543,0.136270761129295,0.347846137205157,1.40655752075995,4.10090433192287,1.03783665347663,1.38838649716166,0.00414516317079554,0.00274200962843978,0.00557208892559527,0.0317220627195394,0.0187235481852859,0.0787515424106188,0.0228973606207543,0.0186347058224425
"nig_cor",321,416,0.145179381622405,0.0460792672115324,0.110224436871584,0.205380963360102,0.991113231362622,1.46777106851731,0.687928885545576,1.16761784112083,0.00744188218632184,0.00337254933296638,0.00796579173276307,0.0448114387366684,0.0218963902934114,0.0511294067903813,0.0248574523579837,0.022808817209246
"nig_cor",322,379,0.249985032114395,0.164751401549252,0.193360779506255,0.553185220663467,1.11999673627721,2.39534259661175,0.814954881583953,1.24266683458163,0.0200664606916567,0.0272930465957596,0.0187753687401387,0.066692238427024,0.05620730019209,0.289831762499823,0.049042010460319,0.0326295392222085
"nig_cor",323,292,0.278074276538035,0.160042688768412,0.204199798061241,0.556583502231934,1.17953589183767,2.20819110139641,0.811839795649566,1.25010460843682,0.0110819923823671,0.0100016890027354,0.0120659415394066,0.0428744891411384,0.0513084142396933,0.17762121878804,0.0475401723766355,0.0285524623889798
"nig_cor",324,375,0.160110798769307,0.0495365245060196,0.119125969752415,0.301149614051042,0.851294723968886,1.14016410666319,0.602711082245336,1.11435835141596,0.00347406740244722,0.00124891079045214,0.00439796805214556,0.0200360554525038,0.0159726635285378,0.0296631721172474,0.0162608645250715,0.013781613035636
"nig_cor",325,469,0.119383504291474,0.0285885736535897,0.0916024586057624,0.183483305143984,0.735984273991207,0.835756947529918,0.512155746462481,1.01552323173407,0.00350121006195885,0.00109854479391696,0.00466990718536988,0.022954004429801,0.015835511016798,0.0291144007389214,0.017590407982427,0.0170717633915103
"nig_cor",326,596,0.138381952413651,0.0363943117571102,0.0984131775893691,0.199569561737465,0.5720984884282,0.567053588301073,0.417090608940237,0.93563283143525,0.00465874451890481,0.00185908399410587,0.00492160316260222,0.0227229700247487,0.0176094942541453,0.0246231562982549,0.0171111804766273,0.0166010203392389
"nig_cor",327,502,0.108978636250377,0.0241258337582512,0.0812490574954647,0.0822449173693774,0.546698869664885,0.535314337115947,0.39410993514877,0.875414834904183,0.00238347267267324,0.000741435620112994,0.0030628982832826,0.018923504715046,0.00834605671881257,0.0112678110893478,0.0103048059958218,0.0147320800671721
"nig_cor",328,573,0.101967951406322,0.0171849003182887,0.072091779028344,0.0249445056247624,0.514091246041617,0.448346454598806,0.370094903689588,0.847844736814547,0.00173364900867508,0.000399595752942949,0.00203686255745909,0.0138049529730346,0.00507524642921395,0.00606138011038753,0.00702608815010612,0.0120658352632384
"nig_cor",329,362,0.112054312631827,0.0233736557972084,0.0819163063870905,0.0922961280749914,0.825868116446419,1.19294472050225,0.595875956983639,1.09628722027929,0.00274787956565289,0.000693434836045983,0.00280544811281341,0.0179801906496415,0.0164127492816635,0.0315429281344229,0.0202827007049621,0.0203420006485901
"nig_cor",33,969,0.0539608557282195,0.0105126212223085,0.0411844355323129,-0.242544991927681,0.443440867199468,0.384133147458823,0.324808167491761,0.773639470148312,0.0023974551452736,0.000752456793188273,0.0030139897184304,0.0220081364956611,0.0131371984831674,0.0160015383003802,0.0140611940589517,0.0174640170610497
"nig_cor",330,573,0.103797919470463,0.0192948301018449,0.0755742891149073,0.0531571614120879,0.814497790490971,1.10489373248681,0.583092875028332,1.07958258770692,0.0015092137214548,0.000389135338517119,0.00157916927464448,0.0138720695651496,0.00764936775315726,0.0154354306672439,0.0114503596357108,0.0136292073108796
"nig_cor",331,144,0.105027061138557,0.0198864492662361,0.0770810217852833,0.0615902644746833,0.945651216586234,1.33925728356771,0.656419442948399,1.13852973374374,0.00184842385126744,0.000462604034657353,0.0023149538015224,0.0172348080177397,0.0218483779644439,0.044520388421856,0.0216848876481167,0.017486950474387
"nig_cor",332,375,0.101421724642776,0.0177032101875866,0.0732653177605462,0.029813448094582,0.693946828510681,0.770392880943607,0.487998192610929,0.990080096842799,0.00188690045697383,0.000462881330561469,0.00201351210917002,0.0147463801451579,0.0043047926847133,0.00618387420486181,0.00640540376122562,0.00709982823030055
"nig_cor",333,431,0.0978632423255472,0.0197097289373378,0.0735907120546726,0.0248313070185588,0.710940597859767,0.864298842704547,0.515672202137897,1.02056146051677,0.00223083475415758,0.000492215176487442,0.00307677771042578,0.0254836863020125,0.0121593128406752,0.0225324339003464,0.0145365573768088,0.0148582845395434
"nig_cor",334,392,0.0685566741166586,0.0101173356125662,0.0508865911828756,-0.155624965404318,0.654675519880535,0.692877082599855,0.464130889844793,0.966147246394681,0.00153153081799394,0.000281849685887187,0.00209090653773046,0.0212766491776035,0.0107601300521781,0.0146627265653258,0.00985979820296793,0.0105767436453858
"nig_cor",335,308,0.0946123514323517,0.0194494539892906,0.0731905744353711,0.0380059123159891,0.700393437647287,0.807680157225111,0.501316465233915,1.00553340354231,0.00234135214282721,0.000579978086103121,0.00314018186650691,0.0284053989418566,0.0178432544749244,0.0293502429121051,0.0157243865223531,0.0135183785477072
"nig_cor",337,289,0.0466267144531149,0.00542051304833707,0.0374412299126338,-0.290852033627332,0.802759802783539,1.06217461742566,0.568666585220507,1.05625598427145,0.00138429054219805,0.000164738753222391,0.00141455965842331,0.015684658827063,0.0152731767643967,0.0304210549033979,0.0182845509183252,0.0163405593383878
"nig_cor",338,346,0.0597235929434801,0.00878112274145442,0.0463650930810493,-0.176905620017166,0.757097326999892,0.905108229137842,0.529447588432187,1.03160773770087,0.00258999698320063,0.000466768051095245,0.00468953006632695,0.0367503012646513,0.00570727246520248,0.00966678726032653,0.0088493652335613,0.00939373811539282
"nig_cor",339,302,0.100522819652874,0.0252320300796547,0.0765003988631495,0.0454629417785651,0.710037360938129,1.02912000262858,0.531772617684911,1.03467420830659,0.00287115668534018,0.000953056081253214,0.00484714320077575,0.0335760223561888,0.00880099909736093,0.0173412006487533,0.0122443044439564,0.0151484995393488
"nig_cor",341,332,0.409363767960569,0.337533522451472,0.310491701257963,0.807259813172386,1.35607308130475,3.22207233347424,0.986573845322399,1.34345263191869,0.0109852250933951,0.0143181034712876,0.013423419010496,0.0351971681530596,0.0372233370935548,0.114579485261144,0.0386091736263914,0.0182437015479819
"nig_cor",342,416,0.21917005610592,0.0943003621809776,0.160186956993048,0.442277849578121,0.945741874531663,1.45521542037866,0.678168873845999,1.1818976734111,0.00645776949293781,0.00381348051046088,0.00859996955030368,0.0262954218800462,0.0194915895959281,0.0421824621639861,0.0210483852692753,0.0157753756930753
"nig_cor",343,474,0.131438217921816,0.0287386912454834,0.0925750702762794,0.142916255144941,0.753004648810505,0.93220620383452,0.544380902652956,1.05440791743443,0.00242875945256029,0.000795372906542268,0.00308614518705953,0.0188923133395238,0.0169703133092345,0.0318049905973856,0.0172988279705527,0.0145704534984063
"nig_cor",344,246,0.120091898497792,0.0235958604282611,0.0856863012419285,0.128867363797347,0.679464828069208,0.780967597489076,0.491942355606362,0.987042181261465,0.00183698734855067,0.000459152640924263,0.00201846939846295,0.0155936843607141,0.0144189661650575,0.0224255873625853,0.0138348170702737,0.0128296648549445
"nig_cor",345,420,0.129510149961843,0.0273907274190073,0.090307300912928,0.117419404061051,0.677966340729201,0.718986750065224,0.473563382667589,0.97539206792059,0.00340112679569818,0.00115093174071174,0.00339819611070352,0.0204666533469877,0.0166935519402041,0.0268715945368681,0.0197617625623619,0.0187322731297208
"nig_cor",346,596,0.206232705377306,0.0828246325808395,0.156055838011192,0.461734068072879,1.26388658859039,2.89919034068896,0.918410395819783,1.31423368307352,0.00415539241568352,0.00276563342647693,0.00488195304059113,0.0309205383466091,0.0307023020709069,0.0919506526929482,0.0374953132305943,0.0279948361194732
"nig_cor",347,361,0.071056527586207,0.00936390555722697,0.0520682196927845,-0.123608184244519,0.59192251829405,0.57375072089093,0.421580847302495,0.919499588090469,0.00260464295715301,0.000519866132488854,0.00247501759547656,0.0139287814850402,0.0151789591211463,0.0205852882747708,0.0165629762860902,0.0160810858934105
"nig_cor",348,350,0.0394633651160137,0.0026316168588132,0.032888839409966,-0.266269795731894,0.530240003062598,0.458187958804378,0.391191972362509,0.909463584411218,0.002798296311126,0.000287430221600521,0.00401294526656846,0.0252467154764257,0.0130497986334929,0.0151216016633485,0.0147238649864036,0.014683513104902
"nig_cor",349,343,0.0722263036708436,0.0116933862312518,0.0534123262485278,-0.156117712535188,0.608474570702328,0.703567157513871,0.45030845380855,0.953093931456518,0.00364837279483366,0.000829858078754515,0.00392188761385498,0.0232574839977165,0.018890453608133,0.0258860783328555,0.0196047338832771,0.018053760698004
"nig_cor",350,667,0.111089804515452,0.0362049643174413,0.0838891953483704,0.116894503685441,0.776664801327009,1.18166502301757,0.575936211464958,1.11163880936245,0.00499234495938393,0.00229910617468906,0.00695724204586155,0.0405804804944247,0.0188793840722752,0.0443100083272692,0.0239003476117377,0.0199450157227674
"nig_cor",351,345,0.107223597473494,0.0284582720981698,0.0804766779443719,0.0806365153380664,0.768482629468678,0.999126874859981,0.550740008488601,1.07521119006534,0.00257951803073766,0.000689118865531952,0.00279297153758605,0.020386404216057,0.0238669994099957,0.039436438769025,0.0239326966394067,0.0189537922901266
"nig_cor",353,371,0.0789500799299017,0.0119513673436059,0.058091635013066,-0.102152635420729,0.554888558990268,0.485651954399375,0.390546459966709,0.882740097379421,0.00212252461772495,0.000397586308168366,0.00192099741045986,0.0205234668567726,0.00859080120306143,0.0109941222720093,0.0108125113770222,0.017641265753373
"nig_cor",354,499,0.108971209698884,0.0294331494103459,0.0812314482241826,0.0660130497986704,0.591301160436092,0.619880576065383,0.425765561627202,0.924899539021334,0.00440082517031246,0.00395596569287644,0.0042809982778095,0.0264914818748886,0.0177143166534941,0.0474860035316914,0.0170957346955757,0.0175324068755187
"nig_cor",355,717,0.125446453111638,0.0271727257345516,0.0908882458910614,0.154747831728548,0.682132186970352,0.785421672965871,0.490638904154143,0.994395277004723,0.00193986896677669,0.000525197078237243,0.00229583032042416,0.0162023766155154,0.0106960772741785,0.0148767716063774,0.0118402173186031,0.0137289343761243
"nig_cor",356,346,0.0989260990814858,0.0166341127168817,0.0709709316514834,0.0238989952371627,0.662868647401059,0.80766498814557,0.480293349756243,0.97435712790513,0.00158295060449391,0.00036428080616945,0.00190047761513895,0.0161816805362833,0.0108313674662995,0.0146544995483124,0.0132590112715929,0.0148279220355577
"nig_cor",357,500,0.0883153404745156,0.0139410593789902,0.0642515080362696,-0.00671390693182191,0.838417302274064,1.15277449343333,0.596793863887279,1.11948458425579,0.00154037458600579,0.00035678650921044,0.0016035371670447,0.0165161852778344,0.0173273740020493,0.0323315435414698,0.0202725160366935,0.0175098160225289
"nig_cor",358,464,0.0775455560477454,0.0104850048992085,0.0560223732698617,-0.088379591478616,0.708854653645968,0.75584766448939,0.496454800549679,1.00894662966177,0.00184455460489751,0.000323892749091507,0.0020980457164004,0.0239471279022647,0.0131207084822062,0.0213939821210638,0.0146742531112632,0.0136776317231345
"nig_cor",359,349,0.075851172902914,0.0111767826545725,0.0560434966132371,-0.109757892480251,0.843082336158837,1.08429028133214,0.594188036509292,1.10113818629595,0.00144914361194413,0.000264520923708862,0.00146715778796028,0.0189160614579026,0.00998588862222518,0.0197709148331556,0.0111228621837686,0.012743750268575
"nig_cor",360,333,0.0549408747428606,0.00604566567748746,0.0408673547920077,-0.284731439125663,0.621069864453685,0.625057951663884,0.454936984355981,0.979269467518729,0.00128888495539689,0.000213059743531803,0.00162239608388279,0.0220407901475925,0.017477316098028,0.0238211532777469,0.0190092961540303,0.0152426644566765
"nig_cor",361,250,0.0396893362669559,0.00304816698985029,0.0291750997188717,-0.428981750606823,0.556928398731177,0.47452216812454,0.395827328980668,0.903312883433311,0.000704080931587609,5.79736443479035e-05,0.00109440272581963,0.0194534610798978,0.0235054026982716,0.0293643238932824,0.0207301506028159,0.0190476736269255
"nig_cor",362,300,0.0249368277056527,0.00101589798935922,0.0180488008751376,-0.639015782599279,0.514262131161124,0.404966505611013,0.358824042741435,0.844075601786638,0.000594718605721525,3.31842258508922e-05,0.000689614373167124,0.0165364025173222,0.00924733422041256,0.0115738310311004,0.00994556261706058,0.0120344741173281
"nig_cor",363,229,0.0585498056507328,0.0139282677902653,0.0435681274847771,-0.212401187486022,0.390429616710731,0.267396069703704,0.283576934158358,0.722465474509062,0.0035430972118729,0.000690565587359187,0.00352070008118065,0.049263231048066,0.0034412043498158,0.00372481952760524,0.0046964687114988,0.00742614777519694
"nig_cor",365,446,0.181472796043135,0.0939187238991115,0.137448901187157,0.40750537753672,1.05528152554142,1.73496281540625,0.737307062173967,1.23506758196228,0.00841420549354866,0.00615791303142928,0.0107476443547161,0.0691921495110455,0.0292876907572431,0.0793491822321318,0.0366235095382976,0.0301256855296905
"nig_cor",366,472,0.119502587006554,0.03080041675643,0.091439687820805,0.169042960387547,0.799554565297436,1.18419630363282,0.588606054534138,1.0842389037888,0.00265914425039864,0.000856885617241616,0.00363282493916936,0.025630364141662,0.0143210963328564,0.0279952281960278,0.0190784008565179,0.018749446301717
"nig_cor",367,401,0.0612773029121115,0.00717466971974165,0.0449825135073949,-0.1889512606691,0.643686038652832,0.669600748578799,0.454383826063973,0.952703316421675,0.0016016964333588,0.000264017153593708,0.00175651909338341,0.016982048280391,0.0112927586307087,0.0170575695539437,0.0134981845186365,0.0169988696455271
"nig_cor",368,422,0.0515207794855576,0.00556457734493217,0.038380985199036,-0.287045052907829,0.502192822831113,0.424091570870834,0.36439472028953,0.857349951925924,0.00145462333360738,0.00022273736126439,0.00192531564323199,0.0201878311359106,0.0125483092897034,0.0147416151827593,0.0136019540161927,0.0156141881904151
"nig_cor",369,412,0.0574344959801808,0.0065243332565868,0.0435619649290393,-0.203424206256374,0.495636321729906,0.39047011671621,0.351055910840741,0.839626102560577,0.00223864719130387,0.000343545022202764,0.00288689124656308,0.0200160841238936,0.0134696957049057,0.0156271585491004,0.0139782256530642,0.0140599691989213
"nig_cor",371,125,0.0590447041371458,0.00753060806898785,0.0444158512892899,-0.21606439305542,0.409977935156678,0.259698216415505,0.288061222792098,0.731520257230753,0.00109102336833462,0.000149417726046098,0.00164333782594592,0.0299976777825825,0.00801132282263826,0.00644713123061562,0.0118940741383179,0.0174777177822285
"nig_cor",375,394,0.0538707824943556,0.0152523852889025,0.0435524241020449,-0.257204594099834,0.574903445830011,0.594512822074863,0.423603525471368,0.955123261190639,0.00312334202717163,0.00243732254202711,0.00327222921039029,0.036946163250381,0.0200862458942449,0.0468027818902542,0.0169316950694445,0.0187778311569841
"nig_cor",376,421,0.0893525777851383,0.0159462974813129,0.0671938521205352,-0.0121681774578301,0.760659500214566,0.879604116996391,0.533568057546315,1.07958167093334,0.00200586647427936,0.000436239833140798,0.00218932772137235,0.0191492016423257,0.0159013741423405,0.0283635077029121,0.0164028121892401,0.0169223094295614
"nig_cor",377,536,0.078619213872508,0.0120596891450306,0.0581713598218184,-0.0747872753356952,0.623913795148673,0.636341463496156,0.44385307574359,0.971821299421717,0.00191575838350703,0.000348291484362985,0.00195870580028277,0.0215729706448851,0.0178391298013595,0.0261327497953721,0.0163468427806233,0.0182636402999535
"nig_cor",378,434,0.0549616845954626,0.00642252573028777,0.0402409896091216,-0.295217057989953,0.663606473015158,0.759919900062664,0.479134004160957,1.02004865740486,0.00124458051182238,0.000174816104414581,0.0014393952652315,0.0149912717272579,0.0217711653921456,0.0363767030421331,0.022208541386778,0.0171269667949654
"nig_cor",379,309,0.0671828992041281,0.00929251760858615,0.0511618681933232,-0.100403243922077,0.766469762777859,0.914988806746366,0.544368253441434,1.07163817413417,0.00157333139155325,0.000240628794744118,0.00149076158439722,0.0150948078794933,0.0116939866050278,0.0209359419572952,0.0120129577781778,0.0141951142356697
"nig_cor",380,381,0.062011342662904,0.00992491405064387,0.047218855241637,-0.167997646145469,0.685552945253297,0.758294513486515,0.494186836912843,1.03093064011751,0.00120395817013125,0.000204988897958666,0.0012977057526072,0.0266746165666945,0.0106962474153902,0.0161571872367877,0.0131931339160174,0.0170818827250475
"nig_cor",381,355,0.042368871138072,0.00296414774386103,0.0300980181964945,-0.389489987662619,0.5252856543071,0.44752811489482,0.370010152938907,0.848574640061421,0.000683024447448188,6.70119417798964e-05,0.000694828203263436,0.0158367756365319,0.0102191337027108,0.0126768611373187,0.00887495370184309,0.0134731886368119
"nig_cor",382,377,0.0524442319902783,0.00747257123944287,0.0389189832669012,-0.322940859455962,0.523973434574151,0.490029364539659,0.379140725534042,0.851997818085764,0.000927758242739472,0.000132641461271825,0.00105643647459427,0.0146010826947441,0.00871370074798505,0.0118069523093684,0.0100142565766011,0.0147415028747958
"nig_cor",383,356,0.124640801820426,0.0295354178859181,0.0908839938271421,0.151741260359516,0.710788023851493,0.870962539208948,0.51472246230136,1.04433865948904,0.00251539760115386,0.000792594463813671,0.00327429660592647,0.023435810309877,0.0118809147579338,0.0190195304313905,0.0147935507909676,0.0173973520120891
"nig_cor",384,276,0.134038462166842,0.0404877408079871,0.10057990702243,0.176320266551322,0.431275171437655,0.30401850224899,0.311438882507851,0.774156319262079,0.00298091409727886,0.000954508932783449,0.00395543628735525,0.0366142355232999,0.01032911828259,0.0104386927576007,0.0116046954566016,0.0155576899280588
"nig_cor",385,188,0.124239604558308,0.0257993419469887,0.0911468953912009,0.154832191394872,0.53611097988016,0.486875627606778,0.381293176047824,0.854103878476144,0.00359357349060505,0.00129778232093901,0.00375427957211498,0.0332166056836664,0.0111397597803335,0.0129779599399444,0.0126675656120541,0.0165334397507327
"nig_cor",386,233,0.102035647835122,0.0209242560703701,0.0762213035276782,0.061905765530464,0.409739127163729,0.263644731837686,0.287603666460552,0.728419703756189,0.00180666526662145,0.000453993988251871,0.00240070934779088,0.0257263220052112,0.00797195158855856,0.00809598355841108,0.00966564836415751,0.0163256925796909
"nig_cor",55,871,0.223041656840363,0.165270295416179,0.168914776333565,0.439602960449485,1.08176308499211,2.76830855040067,0.808832104920623,1.27698663588974,0.0186547323630865,0.0451616389722635,0.0176830868203493,0.061738776709001,0.0492118304195712,0.36227375991117,0.0504099542886639,0.0436215983470002
"nig_indep",18,976,0.0520878649486657,0.00781606050152955,0.0389999103909852,-0.345257904118579,0.507818517989974,0.456222720465306,0.36445200442713,0.824998768533388,0.00121500049179967,0.000232949064945795,0.00129057209549297,0.0160956440029258,0.00789984767927711,0.00969023419329786,0.00859108427196169,0.0133715432845123
"nig_indep",270,422,0.129962852860882,0.0313513739121783,0.0951257121669999,0.170069354696752,0.480165248459774,0.413643530722253,0.352645359840147,0.829275988334556,0.00176069105218445,0.000507930394498845,0.00181671183525246,0.0111401478126469,0.00255988398237033,0.00344052842768638,0.00390661661420547,0.00682463390861027
"nig_indep",296,390,0.0997184021106964,0.0190071015476475,0.0751945590850247,0.0501844452481653,0.501349882631685,0.410619807158728,0.357929176957146,0.832772508409037,0.00249074831891028,0.00063188640100434,0.00323599237048117,0.0171592442415794,0.00936068791060322,0.0108351982954127,0.0103819483835307,0.0135013475222596
"nig_indep",314,376,0.260867108674324,0.128625777309374,0.187102271401349,0.49812049452393,0.696133094019057,0.782462160812947,0.495362689372598,0.998498267117177,0.00708915371551076,0.00428805860006994,0.00758788409589478,0.0190616754793538,0.0124354379709158,0.0202747946024059,0.0169291026515768,0.0144716797984886
"nig_indep",315,378,0.1669671656327,0.0456477809097503,0.117867620222975,0.271357885166707,0.675553055163507,0.800030173605744,0.493431943597393,0.994789032849714,0.00298314728243243,0.00122496917658663,0.00301812431543702,0.0149899394781611,0.00744777385828366,0.0142013114149758,0.0100525816035059,0.0109636678859292
"nig_indep",316,391,0.124638211489349,0.0258011768259154,0.0891087144089789,0.134611394222427,0.7075863113311,0.805219549320908,0.505813595822068,1.00600930904379,0.00195759086029057,0.000588914456795714,0.00230129483802893,0.0156133546543588,0.00560704003134755,0.010855334053201,0.00898505870260926,0.0105256644143318
"nig_indep",317,456,0.103574595610427,0.0177459656932805,0.0740558260649495,0.0370686722059347,0.561714952961821,0.492763229210881,0.395277362256917,0.883940120607806,0.00173284473458008,0.000439363625061767,0.00228275544561521,0.0156947233436054,0.00631876585524522,0.00915226710956584,0.00922199311225854,0.0104339165067556
"nig_indep",318,416,0.114155305940822,0.0255214548329954,0.0847978154441638,0.1143794957967,0.589983742794842,0.558307929023778,0.420909180092752,0.915196211086352,0.0022237988315173,0.000671985133089761,0.00272204905324822,0.0194311951770216,0.00927673129375668,0.0137387384814216,0.0106738631456756,0.0133958242680268
"nig_indep",319,321,0.0852806961110032,0.0126781215661057,0.0625137530685646,-0.0145088625496982,0.537514688668251,0.526189522111024,0.400149305060228,0.901691611585724,0.00260687584109196,0.000472740534795351,0.00263223192736324,0.0156537762495507,0.0128473979225966,0.0147429120124067,0.0128235754980061,0.0123013075777228
"nig_indep",32,761,0.187120338608139,0.0945169680594669,0.139503807365356,0.321080744847447,0.617116995380392,0.783989621228911,0.447176720326012,0.921639781443683,0.00680826178719292,0.00552220692470013,0.00842651063950261,0.0343054985456137,0.0187349030589493,0.0360126824564519,0.0212421497064058,0.0230395776298457
"nig_indep",320,498,0.201481209320857,0.123213393956701,0.155617105656803,0.413536583913027,1.47266362331795,4.57420535171077,1.0834742425875,1.41839166145694,0.00617928859034599,0.00643419223257968,0.00803983756208241,0.0443239863179551,0.0268439923806846,0.139925820139222,0.0347366044676083,0.027142873100624
"nig_indep",321,416,0.150248036786635,0.0484111410414585,0.112266167046497,0.225193558295696,0.983674452973195,1.43515247793573,0.677464097003287,1.15089236000945,0.00680488290264011,0.00303205408608512,0.00790835642036621,0.0456338960254547,0.0261824520708042,0.0587223541330127,0.0286025565839973,0.0234972689153579
"nig_indep",322,379,0.255694937526332,0.175913083035441,0.186680652879214,0.566652293812523,1.15171949320915,2.56879349834314,0.81408036135157,1.24250079925864,0.0208197672009215,0.0202414550588984,0.0216521418893843,0.0806429624397176,0.0608443296629039,0.217844540652591,0.058874320321239,0.0377690019648636
"nig_indep",323,292,0.263056502150807,0.142315018972431,0.200653723229435,0.565535497339817,1.15036145467278,2.05589785682805,0.813414324359466,1.25924246842495,0.00918533776588436,0.00709191728943649,0.0112873759474834,0.0485268466803334,0.029941858026889,0.0828068934090225,0.0323313377791641,0.024932706029539
"nig_indep",324,375,0.165130495676632,0.0509237452881801,0.121039217909483,0.320619693969818,0.83801552641107,1.10328270259593,0.587868146932858,1.08547953678436,0.00328895340658418,0.00141813784791745,0.00442379970610304,0.0238673404161816,0.0136942218511954,0.0279488201699082,0.016087512897638,0.0147920214652818
"nig_indep",325,469,0.121609343797061,0.0289030433244783,0.0913763331926732,0.182113176032045,0.704500467774423,0.782214096446182,0.495878821154614,0.995461525343963,0.00354516506239381,0.000953775247238798,0.00403562641799951,0.0209092179681533,0.0152842469600631,0.0249696689078318,0.0141491836089928,0.0139255987690226
"nig_indep",326,596,0.137765512288474,0.0360417442142625,0.0992879599924312,0.2046388172099,0.55972242748027,0.544143593679336,0.408231012273466,0.913763808908909,0.00458850970145906,0.00160773300937722,0.00534066030918209,0.0258894855588633,0.0135084023185024,0.0174221833618868,0.014816921194615,0.0166317774971508
"nig_indep",327,502,0.10944542808974,0.0237270728497375,0.0811465702537958,0.0838134089463432,0.556272494048541,0.550640187418157,0.401728693361158,0.883510559361842,0.00265773940188307,0.000722479503165403,0.0030333794788414,0.0196191085418408,0.00950373999135898,0.0125849997182251,0.0109788766496052,0.0144924678363249
"nig_indep",328,573,0.103184996641233,0.0172623453934379,0.0724174812979194,0.0265268554345155,0.522656231041889,0.460882244661829,0.375573043394434,0.852814575547537,0.00171232939162807,0.000428747105783562,0.00220857158999364,0.0158123785654009,0.00723805934307216,0.00932805928686057,0.0088297300531605,0.0125710245425842
"nig_indep",329,362,0.111080620327647,0.0232925281120745,0.0822245203796936,0.0951232589716543,0.810523133341646,1.16265423585312,0.58996468384475,1.087005265856,0.0021440211634658,0.000528368106279953,0.00240745720988822,0.0160202707973472,0.0117962713109157,0.0222359327767089,0.013252207758329,0.0148581441066485
"nig_indep",33,969,0.0556146208179888,0.01218255091258,0.0426161817947512,-0.221817041470406,0.397517787086287,0.311974068747648,0.287508972377294,0.718173389857584,0.00293150507611146,0.000741522477473001,0.00452187524301399,0.0292123353100453,0.0119091411252605,0.014664526020049,0.0157263791282352,0.0184691398385926
"nig_indep",330,573,0.103667979659494,0.0193260509763602,0.0757762983229352,0.0562692881068779,0.813021553654779,1.09698769667002,0.582688195778429,1.07156244718681,0.00135559073935379,0.000404747966923192,0.00171439777841069,0.0152064835688759,0.0112188706631511,0.0226941068086433,0.0120669380296702,0.0123988233470747
"nig_indep",332,375,0.102121247914569,0.0179517991982298,0.073664031452469,0.0337801157684191,0.75287566549819,0.924555980651481,0.538123601799644,1.03785139006459,0.00212360438200923,0.000479032407877521,0.00228397477318366,0.014721697964606,0.00804734295676115,0.0135427559631139,0.0120109645128522,0.0117134734170588
"nig_indep",333,431,0.0992990608353497,0.0200400499277221,0.0745084343960019,0.0346503079977506,0.663695449828334,0.725135642571194,0.469644521134932,0.969175112631013,0.00169431918635505,0.000396827053512378,0.0018809108063716,0.0174056320862177,0.00531829768495689,0.00838935434567099,0.00706433530473199,0.00883981930385239
"nig_indep",334,392,0.0676703032724838,0.00966364717376085,0.0502100749211324,-0.151433234870282,0.615058627736554,0.618118483698825,0.442204440023439,0.940030738707163,0.00182311490847516,0.000304899379904161,0.00234791720429314,0.0223374411749998,0.00697703522985807,0.00895458740458282,0.00844649878398234,0.0092755309976444
"nig_indep",335,308,0.09538770256994,0.0194130585005939,0.0732569842113911,0.03557082132422,0.548748048712021,0.50523768051013,0.39855843689404,0.890003294062888,0.00187234478514339,0.000393594568348705,0.00216895148682842,0.0227276203273595,0.0078280953327239,0.0091549893529585,0.0076214476030606,0.00971317867188629
"nig_indep",337,289,0.0481215385946732,0.00550081208454219,0.0383633999203232,-0.271234523512173,0.673831591625951,0.751961072756402,0.47749839570848,0.975266420252618,0.00154228410705818,0.000238351890398001,0.00218786320971173,0.0202046385199669,0.00376014065934771,0.00662931237529246,0.00600119281920843,0.00637786347260132
"nig_indep",338,346,0.0576253694926995,0.00835650766415363,0.0450105581116754,-0.203738125388236,0.775735626271688,0.945012972882394,0.547598822231703,1.0484126090457,0.00124496776600862,0.000181753239808654,0.0016119127665757,0.0193810420124829,0.0050280345127052,0.00992179967525467,0.0074543527929512,0.00778446561618395
"nig_indep",339,302,0.0966120969922074,0.023121460759955,0.0741583422560121,0.0373659946846248,0.684602873642595,0.952306139807987,0.514109878889825,1.01896597749073,0.00305964745252618,0.000731076181393854,0.0040701847269794,0.0356270264265374,0.00544512662276838,0.00956971034339912,0.00760963114769627,0.00814695332455408
"nig_indep",341,332,0.413013487881504,0.351456358255655,0.314243098576166,0.797371022433699,1.36914031873661,3.23354972775365,0.993832140346037,1.35032466632236,0.00935372960613037,0.00959137427262578,0.0109729674875273,0.0258899781832795,0.0183778388944543,0.0545037272851596,0.0206307612349705,0.0142257748191881
"nig_indep",342,416,0.216168945560844,0.089224238510689,0.160445782843538,0.438758524873961,0.899134797899704,1.29700970793671,0.63733936430158,1.1256495892399,0.00530285251279218,0.00306832232202046,0.00652622899273701,0.0219873143802674,0.0151106314223798,0.0344813933826337,0.0161946320899176,0.0126406293662634
"nig_indep",343,474,0.129660616601279,0.0285196010533526,0.09230315642255,0.143286900307989,0.724165756928589,0.843878397175301,0.51151716388931,1.00739093941964,0.00198703346865414,0.000597282073101995,0.00235815048582956,0.0153968482816993,0.00925190442815754,0.0155009324694149,0.0136875928225749,0.0128151576910802
"nig_indep",344,246,0.12046161699187,0.0238170350298483,0.0865277079377885,0.132230760443904,0.682278288389243,0.789876449453878,0.495233158610991,0.989865185240512,0.00184683553537311,0.00049171769307949,0.00172534893216893,0.0143325296942555,0.0114738115638927,0.01949368821397,0.0109502610005818,0.0111293402099597
"nig_indep",345,420,0.134722621631594,0.0289063717239091,0.0943080536138978,0.136360235588194,0.666853511091835,0.696647269308379,0.46668218032139,0.965215274454066,0.00421798339582698,0.00144676999712845,0.00434170082657088,0.0242403197991049,0.0160544647685587,0.0251375391971546,0.0175133918276035,0.0171100867495214
"nig_indep",346,596,0.218418654763337,0.093777875909465,0.161627452872478,0.461175560366444,1.26201253920907,2.84906535604915,0.925763722141302,1.33362411547238,0.00614796517948795,0.0046205482583807,0.00628096110154018,0.0338162625025683,0.028513372072785,0.0948592312567218,0.0276456919969515,0.0257342590820996
"nig_indep",347,361,0.0648477184998546,0.00814568261134212,0.0487002996784169,-0.137059301467592,0.56841197563459,0.525355889151112,0.410514442132318,0.914587278109133,0.00268208052299341,0.000468103579906805,0.00342488644361227,0.0203280821125387,0.0136819615702584,0.0191017871489573,0.0155796213053751,0.0136628520704625
"nig_indep",348,350,0.0373873628109149,0.00243133301221004,0.0317094013264844,-0.281582281962615,0.517751726215108,0.433303476433275,0.378064473383369,0.880432274357541,0.00224601906317293,0.000212786187256335,0.00357037389421831,0.0228604452305952,0.0107999698197222,0.0130568413390671,0.0150245878337496,0.0150248353349584
"nig_indep",349,343,0.0668870505006993,0.00969689395908193,0.0505697005006547,-0.135654720591794,0.619793566247525,0.732854058302885,0.45053000911301,0.939653477229557,0.00522497547207549,0.00106390702060889,0.00624821608633877,0.0323456418199612,0.0181754574909223,0.0310902623077181,0.0182166333715241,0.0187878654662731
"nig_indep",350,667,0.10804451817598,0.0349890017902723,0.0834852853394656,0.0989892673234558,0.762682938915034,1.12001090877667,0.562289289724769,1.0895603312633,0.00489896617708942,0.00197332644209561,0.00528076571514556,0.0310972208794497,0.0176586188949486,0.0365972688693277,0.0193621099777428,0.0194640542180455
"nig_indep",351,345,0.104738414801278,0.0258385614737346,0.0777415031286257,0.0621339697169774,0.752422841901486,0.948155947308272,0.533566929675389,1.04146016763536,0.00299134994878484,0.000784981278723313,0.003148326224824,0.0207280056649122,0.0156088155589802,0.0255490690389477,0.0150035280983477,0.0151037788941604
"nig_indep",353,371,0.0785331989802881,0.0117149253044246,0.057477574480675,-0.108798784508389,0.553707330551442,0.492475561668354,0.393697208890232,0.88223340342374,0.00169606333081601,0.000340993193991422,0.00181895976629696,0.0185745632957493,0.00833809169536428,0.0105405317469082,0.00954798590848143,0.0138206975384288
"nig_indep",354,499,0.107059072136163,0.0244914920464485,0.0795761620407937,0.0784285171986987,0.596003357494038,0.603821423924468,0.426045198899094,0.923845740390579,0.00247631012594949,0.000898310986363374,0.00364456454070723,0.0266776806837465,0.014186636072921,0.0246207562878928,0.0178122293107666,0.0175255509631453
"nig_indep",355,717,0.126827077183328,0.0281947387139977,0.0921573720148984,0.167612866715873,0.701837658800117,0.850170060182814,0.508976733307989,1.01196300997763,0.00207603393837378,0.000624424025261909,0.00226609596701025,0.0153468706981735,0.0126805499882456,0.0221744382253104,0.0131882707219347,0.0141467248949388
"nig_indep",356,346,0.0992630700364686,0.0167972680356771,0.0714957225549049,0.0288095771509447,0.667801016779516,0.802939157334158,0.483879227098582,0.978990571494797,0.0019044387052464,0.000492562929919155,0.00214917403563695,0.0194404515582412,0.0172167327346196,0.0261908851713364,0.0149456268373092,0.0157483702496001
"nig_indep",357,500,0.0888461103777827,0.0143093519123375,0.0647634060907176,0.0013042223127413,0.737441608498066,0.897969924168297,0.528354199094269,1.03623545532295,0.00165423376702656,0.000374876369836182,0.00165017584445941,0.0174569625659241,0.00865775784768256,0.016146062628907,0.0109708858681129,0.0129108189918624
"nig_indep",358,464,0.0771466389917828,0.0106117283622124,0.0567584882745015,-0.0700966248139035,0.671936378329361,0.67399927373337,0.462991550935539,0.960192458409073,0.00125122836583111,0.000236326080403559,0.0013546874780649,0.018556826570166,0.00867327151600038,0.0135377602468147,0.0112724619879218,0.0131626429780316
"nig_indep",359,349,0.0756789586961958,0.0111125369875726,0.0555722961929055,-0.113037729886224,0.80441330966465,0.989343035885533,0.564952468871787,1.06201927611563,0.00159870726293429,0.00030836580690288,0.00181462726196602,0.0229132291085099,0.0099065675911848,0.0189431210694529,0.0112216121260485,0.011750474623089
"nig_indep",360,333,0.0542880991321143,0.00621283187925607,0.0406891692666666,-0.279171774493795,0.489364557123273,0.389143426260273,0.350226874731315,0.827251921435652,0.00112567761817252,0.000190801174859067,0.00121263112303131,0.0197349814350791,0.00889172123849899,0.00983501074157695,0.0100821433086078,0.0112107387597973
"nig_indep",361,250,0.0397413693306607,0.00312948888744491,0.029332350882223,-0.423141373167848,0.463192111593417,0.337817759781873,0.32962270422589,0.796221330244822,0.00079346555178194,7.93307525091384e-05,0.00104395817354217,0.018385979205155,0.00885515442418501,0.0105297166724987,0.00901255095054765,0.0119661152984282
"nig_indep",362,300,0.0246877629209543,0.00100076314330523,0.0179651714466466,-0.641115875047972,0.419269411100513,0.279088641693183,0.304056628587975,0.765986797830664,0.000642423523483306,3.61284192494853e-05,0.000645265756644434,0.0157984239989928,0.00462037825241403,0.00481935070611753,0.00607644594469157,0.00843767257952945
"nig_indep",363,229,0.0584322464787525,0.0138769245034742,0.0445557980196619,-0.202913630663185,0.39532856905169,0.269643516897706,0.289507852909577,0.733118796398847,0.00282695418608001,0.000579355482213045,0.00342047459715136,0.0448774472633535,0.00392305418317682,0.00328717188468905,0.00542675571949341,0.00743381021021426
"nig_indep",365,446,0.18199727095907,0.0968982142809829,0.136582254240893,0.378796670971585,1.01500289542497,1.66660062482722,0.704474584114936,1.17739850548873,0.0106095182744424,0.0104290913362951,0.0107736908472879,0.0513130548531673,0.0371786497555011,0.114747411623637,0.0325981267717441,0.0244472193780331
"nig_indep",366,472,0.115380172396105,0.0294886595235001,0.0879960898520257,0.140754250830256,0.774437017461939,1.0809485737708,0.56763220811141,1.0599711579326,0.00298467956041717,0.000895618786990261,0.0037153440701263,0.0265030336096565,0.0140049958627779,0.0277770267479737,0.0152025538784394,0.0155605571192379
"nig_indep",367,401,0.0607012308052429,0.00717581161606069,0.0453198135164081,-0.185780887028783,0.610748725351193,0.600788729278994,0.429070188183076,0.917069829104102,0.00143050789039134,0.000206596795676284,0.00149176946945612,0.0154023811739847,0.0104171752641633,0.0158011575440052,0.0112619416656929,0.0141416183869005
"nig_indep",368,422,0.0499574676276095,0.00544835642379277,0.0374639094005504,-0.319098873605589,0.480513385319131,0.394050818926723,0.347622773150567,0.811180872250167,0.00117839438831376,0.000147733975488928,0.00140831184698477,0.0169021596168511,0.00891377189309953,0.0107501436900982,0.0101356234763452,0.0136212261113798
"nig_indep",369,412,0.0575447781140337,0.00662432843953536,0.0427871868816737,-0.218767860981111,0.468782284793408,0.356757936212252,0.338099912758961,0.82339175072849,0.00234879356887327,0.000383134358264985,0.00305877949541937,0.0215265691230137,0.0160744441207913,0.0180749975132372,0.0139827144680592,0.0144076347614734
"nig_indep",375,394,0.0536174217236663,0.0152325952431628,0.0409281826075148,-0.286360472449529,0.533407565639504,0.501675345523342,0.377887274566128,0.867031125373219,0.0018443692626636,0.000797148963753898,0.00495749743473814,0.0429300812867525,0.00881404902341517,0.0176830112709652,0.0208886713133999,0.0216463858392766
"nig_indep",376,421,0.0878111042721641,0.0154394542651104,0.0660099169958281,-0.0195767112209394,0.699275125867619,0.751545554853707,0.492334792370005,1.01093858134595,0.00214337620762511,0.000450772886246173,0.00208945714516225,0.0179336730213186,0.0109447850032181,0.0168871081480353,0.0138518061250305,0.0156897235441134
"nig_indep",377,536,0.0784552093484319,0.0122050825394432,0.0582591897170473,-0.073201598752892,0.576553128719486,0.547318457278865,0.410614790850076,0.900687324876522,0.00160247472139433,0.000300667136200568,0.00164999950396498,0.0186159234457087,0.0104013061725929,0.0137497863448048,0.0110322750368404,0.0151328667170927
"nig_indep",378,434,0.0539695566115092,0.00635162165785724,0.0398523117023276,-0.29979904667018,0.574524453094502,0.595854601520411,0.413436479047213,0.884517215476541,0.0013084731124108,0.000165446398482437,0.00146235043955958,0.0166507597458605,0.010659248033395,0.0172304395305902,0.0117514054728801,0.0135365962844126
"nig_indep",379,309,0.0667621834369965,0.00925537019464321,0.0506663427354973,-0.109055515955438,0.753059177038001,0.878855576577102,0.532698946984679,1.0391232696242,0.00144437249021194,0.000223478437485998,0.00141034180431627,0.0171202123559374,0.00979362766523394,0.0156031948123413,0.0120761337275566,0.0125636361708058
"nig_indep",380,381,0.0617077215665811,0.00990317385727756,0.046903378942429,-0.165187509399507,0.656486631912321,0.705677193660636,0.475788377504997,0.995705581570621,0.00106782310612455,0.00015358660321301,0.00115212318752561,0.0232746259619975,0.0091231818710501,0.0142404859652227,0.00973495685432912,0.0133200945677424
"nig_indep",381,355,0.0427734463445262,0.00302128890927506,0.0302664192384107,-0.386912218360507,0.522354046535411,0.443205613677399,0.369622525841834,0.845130203946369,0.000813613443961769,7.83612603126911e-05,0.000817940060317971,0.0184088495269539,0.00893661182051914,0.0116717633706961,0.00891945416648016,0.0137273377562994
"nig_indep",382,377,0.0522773765327725,0.00718893719845607,0.0387625142649627,-0.31596943544885,0.499598374768674,0.452234032548201,0.363108515766458,0.832646646500467,0.000840468374126234,0.000108586312231111,0.000893632315415214,0.013994837653568,0.00794790495930126,0.00999237633601334,0.00896102773803362,0.012398380999252
"nig_indep",383,356,0.123575196515612,0.0287280431985172,0.0910728280846973,0.179906002050258,0.672663867437997,0.795435399677708,0.494791073945392,1.01574790004737,0.00195925122929196,0.000551427493572343,0.00214722632981916,0.0181935452319081,0.00858190475505815,0.0131176573130966,0.0094375934865326,0.0124842550864867
"nig_indep",384,276,0.132722979278129,0.0397666218636268,0.100034906883917,0.183288636901045,0.425906200954408,0.297340234630089,0.304686061587567,0.749171540248114,0.00208633432071939,0.000720483851486767,0.00243785748443048,0.0203805511318531,0.00668616776404923,0.00646868360390146,0.00814120948849286,0.012324137530467
"nig_indep",385,188,0.123447145944858,0.0256885065342112,0.0909714769168385,0.160649787439992,0.489302822292797,0.419496777340605,0.349812940721829,0.810497856457171,0.00285174764736928,0.000939319719053549,0.00291888564373134,0.0288495936014068,0.00703255712379362,0.00819663062992483,0.00775638709841973,0.0144768750789379
"nig_indep",386,233,0.101121605518848,0.0206327121510307,0.0758719714646081,0.0555601992815081,0.374241378452063,0.213868254781773,0.262326896575227,0.681917048836399,0.00184600311432754,0.000516011876090315,0.00226422869290093,0.0330612616827266,0.00544876618281703,0.00534889263018812,0.00606676495561194,0.0103038133206528
"nig_indep",55,871,0.246769210489838,0.198651762242268,0.17801896365874,0.475138339981071,1.11102654082633,3.0384724154998,0.824634264448079,1.29172992854318,0.0237408259628411,0.0452546757102897,0.0278411174261034,0.0864594572920728,0.0478204592601921,0.288810458396731,0.0532433079020959,0.0425372107833409
"gauss_cor",100,428,0.0960571471657496,0.0164767720189942,0.0707129790942798,0.0301910790862165,0.627379544710425,0.609370887888522,0.444558251825875,0.946932509357509,0.0018289460049407,0.000459347087196129,0.00239861446319083,0.0196158943655267,0.00652086830023602,0.0103000793758862,0.00974906936382357,0.0137238253819405
"gauss_cor",101,423,0.084847559778949,0.0134101182746461,0.0633465121729515,-0.0364128998680334,0.587962032920313,0.52213360115768,0.415049593838013,0.925771876793668,0.00172633126240472,0.000348856653700913,0.00217258972941269,0.0170647015104032,0.00657252915507325,0.008481392466982,0.00831268478386169,0.013419439793281
"gauss_cor",102,457,0.108141573357251,0.0197298360691095,0.077603927239464,0.0645375173410975,0.444756734471991,0.339899270250145,0.318680920198974,0.776663607159034,0.00172093949904376,0.000486888833579688,0.00270490558863101,0.0180621913478421,0.00597998295286125,0.00649395038897369,0.00878373912407693,0.0161007675903958
"gauss_cor",103,426,0.137546827547722,0.0343360986437373,0.100697380540021,0.204593382627132,0.380744536726948,0.237698272256287,0.27021005806565,0.693204016088986,0.00287146514489954,0.00100518907413069,0.0027952598508341,0.0166429150629223,0.00526566765959899,0.00485255913102931,0.00696616976112527,0.012130914747876
"gauss_cor",104,565,0.116832269405012,0.0245250047602632,0.0862713384251379,0.10805042337645,0.422708174436544,0.341899396531545,0.309307584729063,0.74572395428717,0.00261666067558618,0.00063968314317697,0.00306693641120399,0.0181413321717996,0.00744989002232008,0.0079510680572394,0.009111792984291,0.0159475757844738
"gauss_cor",105,239,0.109749593671283,0.0208612106683642,0.0774024522412034,0.098144411709277,0.558169403264404,0.535540292427678,0.375476612085133,0.794389856918599,0.00207477885401151,0.000678500882315196,0.00246825315707238,0.0175301415630885,0.0134152756400223,0.0266222608589547,0.0162399386382809,0.0176077716694071
"gauss_cor",107,367,0.107745006280358,0.0347108767094925,0.0851129086251595,0.107109005434189,0.6371922772153,0.668319918783746,0.447949729099114,0.93363657978724,0.00125369065923375,0.000348892136197261,0.00162192493425354,0.0103871413877808,0.00906540698390178,0.015506248985831,0.0137225200277902,0.0145170568792143
"gauss_cor",108,404,0.0663827461618305,0.00923341241321721,0.0638034929436955,0.0365146717187404,0.83346021338937,1.27570512171126,0.595238364279797,1.07178536324146,0.00252644482272767,0.000469004057631509,0.00324095269817852,0.0115266968693017,0.0137855091954594,0.0316357426090401,0.020128411260975,0.0145749976010442
"gauss_cor",110,555,0.0862876456683015,0.0132800584244706,0.0765407766609377,0.116503352274823,0.456496795567164,0.344681564490107,0.357362892657676,0.868094850597081,0.00515070513612083,0.00101723552312721,0.00427275890236643,0.0152864273942979,0.018908769168842,0.021100612021625,0.0182167859897058,0.015567808968012
"gauss_cor",111,342,0.0975808071330586,0.0168321809916372,0.0744847450171113,0.0626553716050358,0.44419642563334,0.326269444706122,0.320828939567853,0.786312601899144,0.00276362802023316,0.000689776173772773,0.00315227023337224,0.0161513734988175,0.00876521179616881,0.00916254549633016,0.00986335471393176,0.0119605993363885
"gauss_cor",112,358,0.081353356292653,0.0115588099325068,0.0593456139078424,-0.0569834775909625,0.386947835022981,0.234472414180693,0.271713189661941,0.694648815274781,0.00194961110163565,0.000344905707634331,0.00210344728863201,0.0182202124714271,0.00565845845844815,0.00502338788555714,0.00694401632205776,0.013697088900266
"gauss_cor",113,523,0.0705554872140254,0.00810719763116552,0.0500009015980678,-0.156904034060078,0.344338876195203,0.182643654336829,0.24036282538976,0.636019371609732,0.00162860248921237,0.00027379719268672,0.0019036346387865,0.0169250064542329,0.00412386338849894,0.00349293475194319,0.00567650268587057,0.0108383544443372
"gauss_cor",114,163,0.0578882652849466,0.00626607807859289,0.0499437499507508,-0.101035150780422,0.380408236198375,0.248502825446936,0.275109073045971,0.699204605820302,0.00187338267800463,0.000270544481328122,0.00249967750636528,0.0135098007754886,0.00736887343874712,0.00617143345334954,0.00885570882671675,0.0131980329915281
"gauss_cor",120,878,0.099124330215017,0.0163780819227996,0.0717543099544184,0.031362328978707,0.369372958063553,0.240002695585292,0.26911018332625,0.694647127073219,0.00159507552590214,0.000376619204755451,0.00187033958822632,0.0127145326191635,0.00435779638236171,0.00430286357434908,0.00531558249721579,0.0124908561272128
"gauss_cor",121,772,0.11098947802503,0.0257053534796729,0.0843466936973818,0.114653831201483,0.375026521367526,0.221396712190724,0.263957597585139,0.683425943009243,0.00233504193601566,0.000602821455454882,0.00256415479354279,0.0122609237472618,0.00527313884790682,0.0051640314985698,0.0066927613815898,0.0143759178090604
"gauss_cor",123,360,0.608583368469892,0.674176463578988,0.436582260584481,0.913530394620473,0.550346502988509,0.476164453803337,0.387546259720823,0.872574635344086,0.00796283598200613,0.0126780253661557,0.0140099774895107,0.0173258274559423,0.0069570512418428,0.00889012830584237,0.00851890779261502,0.0154020010164788
"gauss_cor",125,442,0.181619966928888,0.0643662054692057,0.137179060973604,0.365338515429043,0.574370407338211,0.502439264278563,0.395287100393996,0.872551461425697,0.00383009931618194,0.00176929824679565,0.0041464962627638,0.0147439992743304,0.0117716642382078,0.0160277155367867,0.0159199721834367,0.0164579209954861
"gauss_cor",126,898,0.104154756095336,0.0218980027063893,0.0783347340443199,0.0659758842724457,0.650379410995682,0.662528264193739,0.460226753198081,0.967572270593506,0.0016283234823159,0.000433304892189749,0.00234862534141471,0.0140441914389901,0.00969958032602947,0.0146257995812361,0.012912103871949,0.0158553526114971
"gauss_cor",127,971,0.068645406465316,0.00868867090363542,0.0501804391129307,-0.161183048452356,0.555825155108269,0.532733781980713,0.402971389036896,0.889079981558135,0.000826526298138196,0.000148637100739763,0.00113041615003964,0.0125024201244961,0.00858910813081994,0.011766033185709,0.0110156283429509,0.0145574985746324
"gauss_cor",128,478,0.0804535831765737,0.0106213154273029,0.0570179928540188,-0.0911711645674341,0.518689650440504,0.521594312446258,0.382972539818496,0.859612464377605,0.00140651052086985,0.000261888904302814,0.00186935355058024,0.0164956368353181,0.0100207953911933,0.013212528251199,0.0120668081882997,0.016952243949483
"gauss_cor",129,321,0.102538192640007,0.0165352699320965,0.0711376447698345,0.0139642586620613,0.477165584835466,0.436183584698428,0.358250084616875,0.835421989526207,0.00231858344922418,0.00064860168202782,0.00233550152579431,0.0157482950334612,0.0107158012287295,0.0120246559705551,0.0129890236941404,0.0162943916945384
"gauss_cor",130,331,0.0803719677378734,0.0110207963502441,0.0582011839541291,-0.0773137511425879,0.48533639039646,0.426001028933222,0.351175861117895,0.819870291605667,0.00165691919904557,0.00033747354716389,0.00227548074480364,0.016034994831058,0.00972538243431636,0.0115890182133364,0.0112513818497537,0.0160190020680701
"gauss_cor",131,294,0.0896823200776891,0.0127585580698859,0.0634990913432461,-0.028037030759719,0.29355075091671,0.143652069502247,0.217051042301927,0.6043240303255,0.0023298869868939,0.0004516385949378,0.00285623104171605,0.0169318388981676,0.00666566223115741,0.00423133117477035,0.00642194365743163,0.0107377972670781
"gauss_cor",132,374,0.101716507376249,0.0190217531520933,0.0744384911591115,0.0332224795837059,0.29322686220425,0.139078497363587,0.211102699749484,0.575570423498885,0.00229627839963591,0.000539856186856634,0.00287239043834018,0.0182582323608074,0.00454926095846834,0.00334589001589032,0.00563834658705026,0.0102771877557765
"gauss_cor",133,715,0.107460661236213,0.0218154179352937,0.0793147671727491,0.0721181773310799,0.292248406978795,0.134919179041753,0.205335164703251,0.551711063899261,0.00159447047869835,0.000390063094185154,0.00206351783888486,0.0145437373384709,0.00404650971008128,0.00322036544896541,0.00577546940982754,0.0120667379895227
"gauss_cor",134,382,0.136344802165215,0.0314653507862771,0.0988587674196206,0.209361172459116,0.27689128789651,0.136087946237243,0.203770266133796,0.551178080693561,0.00206469060641222,0.000542440028252163,0.00250346223354227,0.0166254624169997,0.00422746379333365,0.00291276894121206,0.00585793954288189,0.0128382662722669
"gauss_cor",135,329,0.135134660407367,0.0304248704533745,0.0962564972421953,0.168968876988415,0.3792983714869,0.226738424498494,0.268780820880201,0.68426422441915,0.00296350143593978,0.000920535901347314,0.00306509026925234,0.0153122095175425,0.00581645250007222,0.00619036803788095,0.00750248933865346,0.017619615994595
"gauss_cor",136,301,0.18872510655721,0.0516979336047519,0.12836487875431,0.311766364949488,0.450615905961539,0.300195390301182,0.312151351408108,0.770120738591761,0.00351759624880824,0.00142036469429572,0.00424652891884543,0.0185205048260516,0.00693417699587245,0.00648948165206521,0.00776794009685271,0.0131922518197494
"gauss_cor",137,295,0.144589910132398,0.0446159850671732,0.107907212361269,0.208717732614715,0.520976178566134,0.399824622420974,0.359167743665368,0.837460030286432,0.00367216518527528,0.00149300739869887,0.00389699513057278,0.0155986171910843,0.00623271722680452,0.00825185729088006,0.0095341242696952,0.0152383260398957
"gauss_cor",138,168,0.119123093868775,0.0282148730034943,0.0893315420664275,0.153813617869101,0.513371611342303,0.529490592381181,0.373704388023923,0.827909216300489,0.0031137460254364,0.000932371944442503,0.00351997839171402,0.0151949358582336,0.00962410443545118,0.0164711023853321,0.00960319025001231,0.0130078904511405
"gauss_cor",139,235,0.134377159317147,0.0379558451854584,0.104371958534614,0.22490678997493,0.65520435715159,0.655267964881386,0.454871545400119,0.945741504774187,0.00339935086693627,0.00108101547015371,0.00377679625186914,0.0159822744123636,0.0133145950515715,0.0206365109745309,0.0135406760775419,0.0149058253995869
"gauss_cor",142,343,0.212092771114611,0.0843477778371239,0.156808821644219,0.41420252098555,0.27557127591194,0.115779196615194,0.198238735522345,0.549609232249388,0.00415372105839667,0.00214759844053039,0.00469408652053995,0.0153782756511077,0.00374298461770613,0.00235440456203415,0.004794869653676,0.00949967617116852
"gauss_cor",143,415,0.180464122700011,0.0677817565008688,0.13777901456004,0.344649587616676,0.28122282206572,0.12339159473414,0.199283411318142,0.537206895722414,0.00415000452877801,0.0016632032193282,0.0047701921710727,0.0172036859844105,0.00269303494871701,0.00194179607005934,0.00367292130998125,0.00883818586900411
"gauss_cor",144,473,0.0986383335002161,0.0229154236504578,0.0784988856225231,0.0752389708418784,0.253751186220372,0.098585138750161,0.178386811240194,0.492445983430379,0.00271438338424609,0.000627589891497575,0.00300558960142626,0.0149800865816547,0.00196326556395919,0.00118653856144223,0.00350189823645525,0.00840183185621773
"gauss_cor",145,449,0.128721892503365,0.0280591525142803,0.0922692351359952,0.154834153005961,0.335659765010967,0.178320416241536,0.24012723302625,0.640795061107614,0.00298567832384066,0.000836377633196592,0.00331314785517429,0.0173104782476059,0.00312629172833626,0.0024183146293168,0.00537999528294763,0.00970825890415163
"gauss_cor",146,303,0.159702717944757,0.0448162727548049,0.115988476064385,0.268995155936912,0.564555138532485,0.646194019116318,0.412590748392098,0.900393978880561,0.00326768613659475,0.00130854465198152,0.00363427638295027,0.0213806688964762,0.00668091166031085,0.0109526810215081,0.00971080992450348,0.0141265822689377
"gauss_cor",152,171,0.146435265911378,0.034719486245525,0.103331878757122,0.258780720012131,0.322898107685915,0.180972734780855,0.227637132314822,0.599335075717106,0.00143082192329839,0.000649563954919479,0.00258115662621435,0.0194542464655146,0.00520353046243389,0.00455490960332344,0.00709827977647471,0.0105238402365547
"gauss_cor",153,412,0.142435465267569,0.0380045900886141,0.104154889438057,0.201970332305173,0.399726831445428,0.295810355347446,0.293229542184683,0.741681340311281,0.00315017217548457,0.00103062732229824,0.00322422290558658,0.0175731635150807,0.00504468052856914,0.00501358065909694,0.00566506158361476,0.0121323637001785
"gauss_cor",154,595,0.211372551026073,0.0904166553535337,0.159426908434451,0.423015444021083,0.266702766295704,0.114416332541735,0.191202215551942,0.522819602891719,0.00336969669149535,0.00191170372030748,0.00471123423801918,0.0169213668193948,0.00336246243331359,0.00224933389921471,0.00520711056676019,0.0117780717092053
"gauss_cor",156,863,0.442542419195952,0.399548578729745,0.331467597896861,0.789795588426183,0.292440870927303,0.166887345027795,0.217462606031116,0.584296025271973,0.00699614720790789,0.00713881762670645,0.0084355164104903,0.0126919868355213,0.00416906373888402,0.00321780465726718,0.0050972608549999,0.0124697391738479
"gauss_cor",160,555,0.0991193909164866,0.0179078850723169,0.0743493863755292,0.0481969755782393,0.236654910157497,0.0982601155872315,0.188351294375219,0.552996711071713,0.0022759122993612,0.000545385504664119,0.00231638307264871,0.011857813688962,0.00564289413328058,0.00377918093207757,0.00699952461020012,0.0113243999866547
"gauss_cor",161,436,0.10134155592279,0.018897007328907,0.0735725678123551,0.0249584487792797,0.200809476642,0.0656253461885116,0.152484370778435,0.436622590062122,0.0017002457236817,0.000501867398638952,0.00250013179064274,0.015969530188502,0.00303826600552628,0.00149370484040636,0.00394365073679539,0.00869298383826559
"gauss_cor",162,314,0.115897174162351,0.0222783836649927,0.0827319065407382,0.0965319468823383,0.171965086687732,0.046956802282304,0.124083050231184,0.31410306367128,0.00209402880226259,0.000698663978413814,0.00297794251318484,0.0173864791717723,0.00291651817683878,0.00125713527941125,0.00379668629331999,0.0107397068786416
"gauss_cor",163,295,0.129878499162338,0.0283971523977328,0.093938340872984,0.155294991529972,0.165847868559378,0.0495663965645603,0.121418760721718,0.293672307783223,0.00252448077120963,0.000878246338167177,0.00310505310060326,0.0157796544284216,0.002344017374452,0.0011241721357218,0.00384218446878692,0.0131238428289085
"gauss_cor",164,315,0.152114962549394,0.0378593616214752,0.106966259288253,0.220749745266512,0.203712689474918,0.0625389785350752,0.141424975527019,0.367255177917602,0.00297281842194446,0.00109504503476175,0.00300511453640452,0.0142720538916877,0.00335155393780763,0.0016970017682406,0.00436278364276452,0.0137929539241546
"gauss_cor",165,437,0.156666942796987,0.0490082424328586,0.11813980839603,0.279114537552954,0.210860155438749,0.0680473317665224,0.148134628607529,0.3945898058181,0.00177652404577005,0.000675039857438693,0.00259255644891,0.0146027598635353,0.00375418067643724,0.00194363165308302,0.00429882801725007,0.0132907233816332
"gauss_cor",166,391,0.155123324797822,0.0423639655019485,0.113099928626764,0.252403518566707,0.24441481711857,0.106637450073275,0.17733362563135,0.482268464574917,0.0020730655867038,0.000809092053284728,0.00263296194178927,0.0153300657414539,0.00290726982464146,0.0017340535953892,0.00444039813214233,0.0117905840565037
"gauss_cor",167,331,0.150455433582414,0.038354197327541,0.107492606520698,0.218127254782878,0.244407835224632,0.0952684207271873,0.178824819247904,0.498232595774418,0.00251353278435221,0.00106588049659865,0.0032218103453494,0.0160412714156163,0.00420909122327629,0.00251577522077613,0.00645368989029506,0.0148185079820875
"gauss_cor",168,370,0.125035284918699,0.0262384521376443,0.089630324246121,0.126638656454052,0.316477601963641,0.176084255328175,0.229841696183325,0.60473437109874,0.00161396349892698,0.000550317687497436,0.00217214625378914,0.0123293249861386,0.0044572722462172,0.00322554826349064,0.00653216745076097,0.0134550365435705
"gauss_cor",169,262,0.153591092979356,0.0370891720985268,0.109375927098414,0.246829577317664,0.378093446637934,0.253724110289316,0.277218761204353,0.704734997193427,0.00187761713250247,0.000712230764234783,0.00226812531680766,0.0107121100810032,0.00723947855031808,0.00613399126105713,0.00615712419656663,0.0115174727488831
"gauss_cor",17,191,0.155970936719853,0.0563101947308592,0.120403749820776,0.293353557180744,0.577463160544077,0.59391457776904,0.41024639549959,0.886790586149141,0.00250480475639682,0.00106309155836537,0.00289270662072435,0.0229002667928148,0.0122287157627028,0.017348897730555,0.0113773287580336,0.017744035546211
"gauss_cor",170,287,0.164448292786328,0.0402831056151008,0.114498780759746,0.265754781089421,0.388029376169181,0.264034304241808,0.284799962639466,0.715500090096462,0.00220096093526835,0.000921755831689668,0.00271133603731522,0.012274495925704,0.00556271733387445,0.006064822949135,0.00680523728230162,0.0111892536788275
"gauss_cor",171,423,0.1789580431955,0.0507346776898196,0.125483884582783,0.302314312835055,0.267555200970678,0.14460325881925,0.211540526921624,0.599587924692445,0.00255846148225771,0.00117533462939817,0.00372419151104394,0.0155661651388697,0.00527128411716753,0.00384180800764296,0.00627994500387062,0.00927883669058957
"gauss_cor",172,414,0.211243831766321,0.0770090025413653,0.153618581659089,0.402649965295972,0.268885924803836,0.12463159450584,0.219131304892489,0.634614625376826,0.0029863008133173,0.0016605796764593,0.00383760213550977,0.0131277782915183,0.0076809569318027,0.00531109033845164,0.00861975954951064,0.0119833844745719
"gauss_cor",173,391,0.224753549906701,0.0813113412826402,0.163663232487669,0.448079964462153,0.424630545593173,0.415050467657257,0.339445261376153,0.820556960357852,0.00396659861229675,0.00217040795611395,0.00540840975432915,0.0140999893250583,0.00768919923824353,0.00780035498760096,0.0112503896131701,0.0128516526134017
"gauss_cor",174,154,0.620779692909218,0.66199735627915,0.454471982101198,0.956245604013154,0.868578452809368,2.39125854489725,0.69239648455675,1.13130442278081,0.00824915458370264,0.0113882895448263,0.0116276423689583,0.0220891230029458,0.0138880065369167,0.0331841179292111,0.0149851323330394,0.0125619297936568
"gauss_cor",177,202,0.353555556766212,0.219720157304929,0.257859941513091,0.675085119491591,0.195779002006614,0.0636410220210261,0.140524515549194,0.367167751515148,0.00566845387594387,0.00440297838220904,0.0086176739627286,0.019860939109852,0.00267992905286853,0.00112845494592358,0.00358242883845446,0.0115843986482145
"gauss_cor",179,284,0.199755000463791,0.0670290073832293,0.143674514106844,0.369845518643348,0.276460027828271,0.129394332724268,0.199062911456844,0.538615432919682,0.00416720142714438,0.0019271609639032,0.00515784468332251,0.0179603263340828,0.00319743656669776,0.00214870926073784,0.00392248011661413,0.010760156451906
"gauss_cor",18,976,0.0510047860970876,0.00744515587074653,0.0408722261835931,-0.283755030690069,0.511529823719806,0.460816367493092,0.36721148971195,0.827272934260854,0.00118018495420459,0.000162885908989824,0.00126866858272123,0.0143160081559901,0.0093571394928086,0.0122411470340141,0.0109686647798061,0.0171139748062001
"gauss_cor",180,627,0.1787586592582,0.054522965740962,0.130502950606899,0.322624161701757,0.384469802362302,0.251226584938004,0.28142942454512,0.714532546104915,0.0029240070523552,0.00120469132962097,0.00379265198686197,0.015714038574373,0.00389831960189951,0.00319201737137582,0.00536457866696633,0.00884621734437434
"gauss_cor",181,204,0.263154201211827,0.116785158688067,0.192980998720111,0.53939631973138,0.491102549459491,0.466556473761822,0.371381604405657,0.861407092851523,0.00333851603823586,0.00221457490348048,0.00453222442032088,0.0186068067883584,0.00561504315134943,0.00618767996999734,0.00814916358101208,0.0130185945488023
"gauss_cor",187,128,0.102833922582348,0.0200729028487685,0.0749321878040359,0.0703727564001176,0.585772329330771,0.546156578588942,0.401070115171555,0.869253663437723,0.00226859182812162,0.000611323850915857,0.00248329444358895,0.0151332976466229,0.0103368680426233,0.0134123970002245,0.0123774570332954,0.017567188674477
"gauss_cor",188,260,0.0830591114621465,0.0121313874973283,0.0683932509235251,0.0386480317663149,0.427343054367069,0.318922118804741,0.314361879318022,0.768508781872293,0.00215353839508196,0.0004107207521088,0.00239079064430834,0.0112024519500178,0.00588192280639308,0.00618595202940538,0.0084884069688704,0.0148725008355477
"gauss_cor",189,346,0.17118369542772,0.0587153184767923,0.132872983819031,0.344161627820724,0.282057014819738,0.140721766796273,0.204354382041065,0.552019039135696,0.00379644271885248,0.00154943234665355,0.00473875637434709,0.0140341134398398,0.00376637330563535,0.00277492275395013,0.00519788416395126,0.0125811301455623
"gauss_cor",190,452,0.248680553376433,0.118351210925682,0.18428830636074,0.500475875941178,0.238190039094474,0.101684986213043,0.173827526460181,0.476337346369015,0.00524931470733168,0.00291325262720677,0.00566572906511402,0.0123864835771474,0.00329433383899964,0.00163244396911004,0.00439977088789162,0.0136728897818942
"gauss_cor",191,616,0.220959455485978,0.0843962583799959,0.161976911341975,0.441287234622635,0.178809021948182,0.0549510008764085,0.131583625590409,0.338002770074107,0.00299841296547665,0.00158069424703047,0.00448796300808356,0.0121643521357328,0.00223416336033994,0.00100124839433484,0.00318854803473683,0.00998225208383814
"gauss_cor",192,351,0.273245581908747,0.1135503292263,0.193131082716382,0.525933907557511,0.20621034437991,0.070740755457861,0.147083499155773,0.387753287400091,0.00318286164919236,0.0018425419145199,0.00455615565364603,0.0123765805900923,0.00244508695855478,0.00130376955090914,0.00312416095372216,0.00997067360509848
"gauss_cor",197,273,0.153179684474617,0.0451709268440319,0.111869940990196,0.223417174046309,0.208828158410991,0.0786706904874339,0.153358563173616,0.409634724997756,0.00261585482547067,0.00101797886799332,0.00330130234146349,0.016266267312302,0.00261990331113827,0.0012488906677378,0.00351245935994176,0.0108475934101301
"gauss_cor",198,400,0.150830546230389,0.0416519699351218,0.110435546106592,0.236844500884673,0.188134080204641,0.0623212793026539,0.136843054698027,0.346126402594218,0.00253933269036154,0.00107609025944527,0.00325838973527102,0.0144788420434947,0.00217368676476011,0.00102003989426562,0.00340810485814422,0.0106267548620206
"gauss_cor",199,434,0.196075002685913,0.0588788560970106,0.13808539597176,0.358411093275211,0.203421686278712,0.0737669050486345,0.146386205760514,0.379436742507959,0.00289878850516682,0.00136452157077399,0.00345671925538908,0.0162593362186064,0.00311585181747268,0.00149149514511773,0.0038717931889593,0.0122790801467519
"gauss_cor",200,474,0.135697352012154,0.0358521584445583,0.101729048057277,0.194955705780357,0.24350980578556,0.104705674699453,0.176173723368809,0.471272577025192,0.00209992369894983,0.000743551954434064,0.00279000638871224,0.0126932066198811,0.00353573833082552,0.00207350657876031,0.00403141679659501,0.0126259872042962
"gauss_cor",201,442,0.110025110970206,0.0203510624925201,0.08068963200395,0.0943050945861366,0.348272941484631,0.217422466144346,0.252972845372711,0.658337706680202,0.00195820320114357,0.000474251330375967,0.00220569836847975,0.0111015255261278,0.00368389171468099,0.00359698991798519,0.00557762902439031,0.0152801549477069
"gauss_cor",202,407,0.111927293962224,0.0231678320706589,0.0821418261248299,0.0953088151292653,0.297674777988856,0.154970981164598,0.215058008464805,0.571506785899977,0.00186215616616861,0.000478288852777476,0.00200227492933381,0.0133929766501742,0.00318796326156901,0.00230255122820539,0.00437901001768796,0.010795465637972
"gauss_cor",203,459,0.0908600830682769,0.0132673477894448,0.0658704140332561,-0.00873843138170339,0.378065804788981,0.240817594065435,0.26678274511207,0.677237599048445,0.00122935389767079,0.00026099743252486,0.00175583305978782,0.0107327921235404,0.00360479000175338,0.00358168654321043,0.00533749841552302,0.0123415927466983
"gauss_cor",204,422,0.10227836875377,0.0176224086727007,0.0750145515322941,0.0519272434226323,0.380528473060632,0.240394208870952,0.274016306028378,0.69775719720876,0.00110298105273161,0.000257212962751247,0.00149944513486619,0.0101488024850078,0.00429877144367639,0.00389717565219136,0.00609392985390905,0.0114746573021169
"gauss_cor",205,492,0.11973451345611,0.0229496143043279,0.0856698312759009,0.118718100978312,0.48345280683824,0.411716364043506,0.354954958788359,0.839811054084186,0.00104446596935528,0.00028656924754044,0.00145470246665216,0.00903193370160259,0.00328263040155955,0.00398962686787027,0.00560248194039671,0.0118249989330454
"gauss_cor",206,415,0.140556728592133,0.0306437116111032,0.100054431176871,0.196502848809816,0.455966719887669,0.380388811947909,0.333942974432367,0.796099400523119,0.00132852012375769,0.000412163581374369,0.00190080443643172,0.0110584127927309,0.00348734076260813,0.00377959240289487,0.00526368935431897,0.00963812702262966
"gauss_cor",207,482,0.148149172436682,0.0391037723115942,0.109323430625264,0.235685203732442,0.534832509148562,0.498167019772207,0.3898103990208,0.886241559521167,0.00168130698225483,0.00065699998716773,0.00256419926811864,0.0121293820582488,0.00441169144309116,0.00503506512471417,0.00690505058860443,0.0109504473716778
"gauss_cor",208,551,0.173780682204933,0.0532539076113036,0.130665472512838,0.338868082954499,0.580737311089108,0.587147687563615,0.421249253380368,0.918508762442276,0.00265455210313092,0.000941206636591343,0.00379926415829727,0.0134398750391606,0.00567131001455418,0.00731021921234018,0.00759144097499167,0.0106743773068786
"gauss_cor",209,462,0.266974648310011,0.129007432779966,0.196084689263984,0.53202861646972,0.740335786756801,1.06978252557775,0.549307785162631,1.05024490922147,0.00426897145982511,0.00256297716381566,0.00471975029990814,0.0123314780708511,0.0115333819912399,0.0206755239967838,0.0130229167295397,0.0141592261431256
"gauss_cor",210,259,0.476819483309492,0.514383141234813,0.371074724556288,0.839455300230817,0.992656021041245,2.40099315257383,0.74804519432116,1.19965435720026,0.00827498703800157,0.00775921398683565,0.00692754609890269,0.0146037035751424,0.0139285377364837,0.0261905633910904,0.0200668623782853,0.0129116690395484
"gauss_cor",215,254,0.121770816393377,0.0292450061568933,0.0926357595257563,0.159449142658219,0.205964369108053,0.0683212798648512,0.145429557884398,0.390304725992525,0.00258191613267171,0.000699506869849997,0.00299916217511613,0.012763784568187,0.00285836876923256,0.00128294860788807,0.00442433611241339,0.0119450548244306
"gauss_cor",216,431,0.171844375656227,0.0556548837201649,0.127627238281056,0.322521614950109,0.273215284176651,0.12521204864367,0.196347675605854,0.535145945242322,0.00202118457251848,0.00084349139570561,0.00302312580072652,0.014951765031302,0.0022692301723239,0.0014170269193145,0.00364717351042951,0.00972158338151938
"gauss_cor",217,400,0.159191008937614,0.0447053251752838,0.115950612896145,0.265234027751466,0.297505364845244,0.133568744028907,0.208336711782069,0.566359904887965,0.00240585922157558,0.000980319991563166,0.00305384757665446,0.0135893961511864,0.00248850808297724,0.00168161175979732,0.0037004127484849,0.0083913810394964
"gauss_cor",218,312,0.190998362133103,0.0611180466018304,0.140275818002303,0.367893512973678,0.33262428502609,0.192340409457108,0.240972971452395,0.635507923792967,0.00334220278144449,0.00143613687521316,0.00477938339004153,0.016228942449675,0.00334695556748593,0.00249601575110906,0.00530639768090235,0.0112356587895653
"gauss_cor",219,226,0.485616825684522,0.468898344916098,0.363104637437503,0.850919389536816,0.383604879806214,0.27763012759691,0.281224203791833,0.722084604457634,0.00773630680105121,0.00922044700981536,0.00925015060967371,0.0201725599764122,0.0056279388589416,0.0055291244719214,0.00734502896179211,0.0109626789408039
"gauss_cor",223,173,0.131463115152495,0.0328709067456517,0.0974357314159577,0.176166402672433,0.320577808423985,0.165408108875897,0.234394043631625,0.650125681091,0.00159651073978077,0.000454244338494945,0.00221101263392477,0.0142553539154764,0.00640162529489089,0.00510543870461512,0.00887830578997269,0.013596249793975
"gauss_cor",224,276,0.128184054911726,0.0292641718837462,0.0939407500480205,0.171015382034704,0.403335867806121,0.337347177157733,0.299202816295396,0.733560600647456,0.00163575669944538,0.000519374133886723,0.00235380850057443,0.0132168836169606,0.00541967586467329,0.00639715882185188,0.00561976543062042,0.0109453841378277
"gauss_cor",225,373,0.158811521531244,0.0432797607090425,0.112993896593778,0.243410102050092,0.288767513364763,0.137930924996064,0.207354407823447,0.565471700172312,0.00293281577781716,0.0011554590684435,0.00395586552728118,0.0172685577935415,0.00419188605157974,0.00282806002718234,0.00552152161284683,0.0107957217958064
"gauss_cor",226,385,0.180403239274071,0.0530462512579481,0.127668931752148,0.314788156633694,0.304198219529171,0.185686754025789,0.223862713111955,0.590246464041299,0.00431270307055978,0.00191312991480076,0.00506484341362666,0.0190460979783657,0.00488186294659249,0.00414110287844729,0.00641643250084039,0.0134314867068084
"gauss_cor",227,409,0.145366796639484,0.0376270337351866,0.108541902666447,0.240572298492481,0.337471699832218,0.248999517774792,0.249955015364443,0.647077677523808,0.0026449681972366,0.000923364858333541,0.00405238339630912,0.0160015742069182,0.00412394184012377,0.00351560812543361,0.00495898580726294,0.0126882336877627
"gauss_cor",228,339,0.208280728006436,0.0754431830201462,0.150079953033739,0.395046997434719,0.335481931516789,0.17219990067645,0.234187877749833,0.617776956230929,0.002519556526635,0.00126680454047449,0.00363242212402996,0.0147003571966275,0.00468952294434286,0.00397917207330788,0.00671785036493828,0.0141135406707302
"gauss_cor",229,293,0.177791336813221,0.054411414013436,0.13032570260042,0.327744053102289,0.39905347576884,0.265003064954876,0.286664280344585,0.720217434090065,0.00310057825583325,0.00122738150858844,0.0037617020006709,0.0151622135368431,0.00508760526730781,0.00477930129894216,0.0067341696413318,0.0130193642538491
"gauss_cor",230,120,0.161086325685302,0.0392276545411125,0.110813022904985,0.234129598357074,0.480214067658836,0.368682032553896,0.331889874066128,0.790637961375403,0.00281231935325782,0.000931401837643478,0.00304319459464816,0.0156516998986019,0.00482058361645993,0.00528930126297679,0.00787203155868438,0.0120056883882619
"gauss_cor",233,223,0.185842804695024,0.0683901265550874,0.141112028355618,0.362808987858035,0.346619758783951,0.205379096787286,0.2483436235731,0.648134693458778,0.00304954189954697,0.00130536029691894,0.00377131321332819,0.0155728368704554,0.00312430610216551,0.002307456468125,0.0042757952244464,0.00921270921255722
"gauss_cor",234,491,0.121801805349083,0.0254898469683677,0.0893919165668952,0.143681624205403,0.283447983913357,0.130915133816493,0.203331365420386,0.552550959838224,0.00189222227368529,0.000557766255821446,0.00244383031830079,0.0116129543008209,0.00224349633285848,0.00142914216283624,0.00313037619194758,0.00796889942874642
"gauss_cor",235,475,0.139938548848672,0.0346090846911405,0.102288303636712,0.201940628685355,0.217404439800384,0.0788735179846583,0.162696347118899,0.457279408977311,0.00229182519554995,0.000772611659882057,0.00280518718377517,0.0136025517977881,0.00228111573212411,0.00120431002589389,0.00365382782794693,0.00803889065177071
"gauss_cor",236,315,0.170168447224509,0.05355097694718,0.124728747238045,0.284997579671434,0.273444873506495,0.13242283395369,0.200765626642974,0.541374699893888,0.00330755547318377,0.00145004146430011,0.00423829253666974,0.0191258356684179,0.00321763001764252,0.00239160817659995,0.00476384767113972,0.00991244358741189
"gauss_cor",237,413,0.134353784415891,0.0303766071142139,0.096323667287525,0.166995724933606,0.203571969802114,0.0729082611192675,0.158050619894527,0.450117110041317,0.00204829052590766,0.000662088258121088,0.00270095861578998,0.0158540307119643,0.00304301418579575,0.00144147541939965,0.00447773870951633,0.00903884326565711
"gauss_cor",238,436,0.0988766758367389,0.0186900057064946,0.0727086775529366,0.035488188435116,0.196217278964244,0.066053123305567,0.144461363396422,0.398993506962583,0.00152208358415604,0.00037295196598277,0.00214570045132193,0.0142001060721117,0.0023687049964362,0.00124936250798261,0.00341498848780416,0.00805053219152463
"gauss_cor",239,320,0.0887645010376267,0.0149018142155651,0.0655200248447703,-0.0260984401548101,0.222243857424898,0.103170929627295,0.16732950970526,0.451017644275559,0.0014979376212323,0.000349539573173622,0.0016619951407242,0.0125091041408675,0.00342369719462782,0.00255221938572489,0.00519313726029978,0.0121512178169424
"gauss_cor",240,434,0.0893660292554211,0.0142407451880153,0.0648194140368964,-0.0296653629070449,0.202120343010094,0.0910132181090237,0.16027855532803,0.445784823407886,0.00131471972418126,0.000283356737518623,0.00148328614102199,0.0108035618835574,0.00297718922075501,0.00146374215480178,0.00384613336804021,0.0092619160942771
"gauss_cor",241,437,0.0903575609397777,0.0139084263939211,0.0665743790658073,-0.00586659049581114,0.204041643182245,0.0707964887043322,0.157654817127928,0.452889706717463,0.00121022990957304,0.000222844235552383,0.00192135026816993,0.0137631869664874,0.00287438254175173,0.00136035348807973,0.00378074157843686,0.00831107800492894
"gauss_cor",242,298,0.092125113361488,0.0142051272858307,0.0658994175042441,-0.0165478915279623,0.245312887926494,0.102029109572305,0.185904193038066,0.528577742009679,0.00148874232901792,0.000318577958300713,0.00153024709635921,0.009836747114805,0.00379901582181618,0.002499192736727,0.00456759027929205,0.00904404428223777
"gauss_cor",243,322,0.093534188599293,0.0166178620315972,0.0701274722310692,0.0163088124444499,0.29381726085516,0.140385866687016,0.21820873135576,0.611490640342259,0.00130341141784883,0.000271678258349036,0.00186422141410831,0.0109484334075386,0.00418045368387158,0.00313091668704771,0.00439715861744632,0.00747398461725505
"gauss_cor",244,394,0.104471527233653,0.0196696115303951,0.0793012907904167,0.0874661014774995,0.411542394625397,0.257842148065658,0.301300674267949,0.772592204262862,0.00186146898136642,0.00051763036224813,0.00249811662309439,0.012495008864944,0.00456319965827869,0.00511876706924888,0.00735336491305537,0.00882124856328567
"gauss_cor",245,395,0.0967246728290002,0.0173483060855222,0.075266576031995,0.0775871885199972,0.668505259257383,0.657494745270142,0.466540860227495,0.973160193850277,0.00306862335873731,0.000704115121826081,0.00353888111357617,0.0153083213881387,0.00606188984830519,0.0103081607566217,0.00941723172755045,0.00886402762936914
"gauss_cor",246,195,0.0887011984078945,0.0280745140361584,0.0738176955924532,0.0771706658067364,0.945596302170384,1.78070422239884,0.704644505132266,1.14796243841413,0.00270513913581899,0.000629934244742868,0.00247848023069134,0.015819991125851,0.00524512413925017,0.0180624216566869,0.0104794410340624,0.0104112245424835
"gauss_cor",250,139,0.0824649249235433,0.0116871654155976,0.0571144381074721,-0.00508441301129828,0.204878125605676,0.0853742891497184,0.150118546960783,0.409545006553213,0.00116749388219436,0.000230272256114095,0.00158659478978178,0.0166750460072916,0.00196166391085013,0.00115257472119169,0.0026699754180197,0.0073052569646996
"gauss_cor",251,392,0.0762152570835441,0.00939518170166247,0.0546376970580712,-0.103092391048119,0.232310210374085,0.0812842500065683,0.164636595721156,0.449674741897855,0.00152317063560454,0.000264167684809654,0.00206714184773703,0.0159974004087441,0.00235211232301323,0.00135591690426516,0.00383091294729565,0.0107204512403728
"gauss_cor",252,289,0.0872331828052824,0.0122301460205163,0.0625854727885272,-0.0366204315477327,0.347792682097098,0.177574995129224,0.242326530147478,0.637252197199819,0.00250055969627799,0.000518704259312205,0.00275870268541417,0.0172321319202972,0.00278076188440054,0.00251322088488007,0.00398514387369977,0.00897918659161328
"gauss_cor",253,331,0.0991495983556637,0.0157271932371941,0.0759799052528861,0.0916810660224859,0.423193783692067,0.26376082670156,0.295306669551873,0.737480746918479,0.00371787211059386,0.000755214424090583,0.0036894760557996,0.0144787513270717,0.00257757720367706,0.00261915951387771,0.00410066051198076,0.00715459832770191
"gauss_cor",254,322,0.266553156138648,0.202568136258655,0.207466604235967,0.548435722932947,0.491320656172322,0.460921821821661,0.36210528951044,0.837558258521338,0.00384464260732141,0.00205236197743064,0.0051355233326742,0.016550344075164,0.00495603173125065,0.00564611836244293,0.00606502653832229,0.00906961113756739
"gauss_cor",255,104,0.235389539423047,0.106027149474611,0.180392829691228,0.500242462890836,0.536095301503145,0.612389329795006,0.410718098657473,0.892864246145601,0.00659121491218847,0.00297965845009703,0.00782841874153251,0.0170928836490013,0.00525531436954889,0.00849674206292835,0.0073012866685341,0.00958362251112672
"gauss_cor",257,125,0.108888460379785,0.0200609368398531,0.0766036234490751,0.0621979270224143,0.618810140232133,0.614174757495495,0.433616366291792,0.929916900251519,0.0021371528591041,0.00062973118959527,0.00234583320459648,0.0159814976980846,0.0137034005225741,0.0185037087978565,0.0133239601584241,0.0163295845767998
"gauss_cor",258,174,0.0986384678265726,0.0206972948487283,0.0747605830067893,0.0457334279585086,0.408882433308104,0.290000440254128,0.303091062823727,0.752820105010758,0.00240177145932985,0.000603183368562485,0.00214525648303098,0.0156258566672379,0.00587658312537558,0.00593688868562024,0.0102101098016254,0.0140360604989343
"gauss_cor",259,317,0.0917348317586268,0.0145242854196062,0.0670279514992604,-0.00188830792014656,0.397922966753499,0.267319676019241,0.288765935879977,0.727084024560563,0.00143921640282521,0.000343705320643082,0.00189271914177185,0.0125899464690039,0.00611072164548578,0.00638057425411587,0.00691018361299368,0.0103934165242816
"gauss_cor",26,263,0.0567482767605524,0.00661413002833453,0.0479565467402746,-0.137842234524507,0.319585870401177,0.173062152677504,0.228742739462031,0.599569674042517,0.00235547560389707,0.000336308998187258,0.00251488927127585,0.0164303648385728,0.00506628181003381,0.00390403493451509,0.00709809955263107,0.0144758441397573
"gauss_cor",260,320,0.121605192420714,0.0250063583694192,0.0865808705675703,0.11508772710123,0.475273927842011,0.42151365462256,0.34778980710292,0.822431743796465,0.00198898215828254,0.000534591090388826,0.00292049104811579,0.0168810194486136,0.0061522567269952,0.00695105351715106,0.00852296514211903,0.0134458449010163
"gauss_cor",261,327,0.145070828745587,0.0354342000034218,0.103696168173459,0.209442302968765,0.479400359809255,0.407803041484949,0.34821871632551,0.817660528962144,0.00277858875505471,0.000953669287908341,0.00314687959252878,0.0175321777846089,0.00700514125396461,0.00856503612170625,0.00817418486214506,0.0133990879951052
"gauss_cor",262,319,0.155435750759664,0.0387702112725411,0.109622463979603,0.233745561029901,0.430038695150619,0.300185960987112,0.305170024866555,0.749068942838142,0.00239935111568662,0.00088305476425068,0.00312063434786313,0.0167705195547521,0.00688191120736899,0.00697570658906149,0.00889790294069301,0.0154960008258982
"gauss_cor",263,393,0.140799664664823,0.0325318043986445,0.100193736320677,0.195506262985316,0.498496812023273,0.371593932556452,0.349049946147177,0.823811519961957,0.00229578112096941,0.000801214187784498,0.00295892065614741,0.0173122583186905,0.00661421803202288,0.00859929257142845,0.00789990528390679,0.0131065562817516
"gauss_cor",264,339,0.0910283688806551,0.0141170332594688,0.0685377614314227,0.0193145701132867,0.528660522678114,0.446110070240265,0.376982773618415,0.860245920454396,0.00162562209583591,0.000365454737766927,0.00214036423295765,0.0115631089640325,0.00553759188913384,0.0075517089599287,0.00757505530505385,0.0124036888241107
"gauss_cor",268,358,0.135472435261281,0.0312550655621076,0.0976377955199605,0.184465039428508,0.418048752360907,0.27501404167789,0.296383461710691,0.736512950278793,0.00158697657115772,0.000502002821815271,0.00201726118242014,0.0108779530641836,0.00320674947956875,0.00303228217992607,0.00511028324025045,0.00966692710773308
"gauss_cor",269,366,0.119000447591503,0.0249162408704018,0.086243734813131,0.121848466634281,0.437669757832125,0.295444914952968,0.306964723177959,0.755441228054138,0.00182566641467173,0.00046845961162977,0.00214838234884974,0.0129017300858177,0.00394781521566838,0.00398647451872257,0.00569724446929158,0.00980461029760382
"gauss_cor",270,422,0.128494255947048,0.0304674220794087,0.0950493530656229,0.173086411448164,0.479017640032556,0.410361843250553,0.355257802629498,0.833433840613937,0.00217559571614746,0.000641533302104542,0.00257632610180737,0.0160131254344405,0.00313667864789806,0.00391956283858813,0.00523978836718419,0.00912310059122231
"gauss_cor",271,398,0.108627882644398,0.0201349208420658,0.078827424215693,0.07228623754839,0.476447789217958,0.384961827027153,0.350499132078867,0.830887845665233,0.00189439492167273,0.000461077430805697,0.00228825635873634,0.0145656015991334,0.00387249306528213,0.00450524601786387,0.0050156338205184,0.0102455784397571
"gauss_cor",272,395,0.146375402628095,0.0377052806153862,0.107084441125515,0.239106805495451,0.384560374582085,0.28258713720767,0.282981926160414,0.704654721959427,0.00206560595335141,0.000775768513677227,0.00265357229735613,0.0167909866881162,0.00391511607760573,0.00427118380022431,0.00595074022701675,0.0112228756225807
"gauss_cor",273,301,0.128643306971782,0.0267183463137973,0.0905676768214951,0.138897744000305,0.424651987214206,0.346112366520819,0.318918272058494,0.788186224754697,0.00235106394551112,0.000778280075811507,0.00282970295865107,0.0180516685439799,0.00422918760095064,0.00543669220446713,0.00648259942694493,0.0154008798970385
"gauss_cor",274,264,0.114597896692419,0.0233010671602306,0.0842681185512879,0.110902145521821,0.370524270365597,0.239994311105785,0.268040891179588,0.691672255495686,0.00159389738666631,0.000445666096408001,0.00280184865453567,0.0210425725166043,0.0036197675110519,0.00363156206118957,0.0045336970712406,0.0111402704834657
"gauss_cor",275,230,0.110245356145797,0.0219476311279354,0.0805646812810436,0.0752754079870606,0.359931999720342,0.218509626314432,0.260670884412559,0.66831991930244,0.00299223666466165,0.000845326417036482,0.00275732701098285,0.0155812108875881,0.00456146189474352,0.00434522384884357,0.00629183446451467,0.012412463492124
"gauss_cor",276,254,0.10698767914413,0.0181308971534212,0.0752882082136292,0.0479371952134326,0.323818522498906,0.167049282456219,0.232462331929477,0.619573499952102,0.00237271374986401,0.000576727886951448,0.00279518821714876,0.0173092715886809,0.00333648225234182,0.00274152438763075,0.00540452113635826,0.010049625684581
"gauss_cor",277,372,0.0677859728835334,0.00740947965000562,0.0495060166153454,-0.146203437909434,0.318762999827539,0.153030063182278,0.223195208529382,0.606573738330111,0.00152264475252776,0.000252585071299237,0.00175423804236445,0.0134751209132773,0.00253867585375535,0.00205893587579459,0.00540359323856655,0.00983337160114564
"gauss_cor",278,354,0.0683502617355835,0.00799719138857396,0.0492578042635162,-0.168690351787588,0.421526757557248,0.273257448037349,0.299114197254568,0.745999922621993,0.00148064526890659,0.000256631460177744,0.00209024871094468,0.0207917615238268,0.00263355282373958,0.00289504291310443,0.00392196430244439,0.00619404402360018
"gauss_cor",279,399,0.082674165804825,0.0111573232507946,0.0586902690866503,-0.0773409843696459,0.58784837938546,0.518822725806519,0.410200942153736,0.901122722645883,0.00177777117801198,0.000361273620037979,0.00199115671753409,0.0162293985742403,0.00488109126998949,0.00738449675967842,0.00713331850697535,0.00854646292777619
"gauss_cor",28,161,0.110360822495086,0.0223645175107211,0.0830994749588124,0.132654919770577,0.418750427965541,0.251151486528996,0.292070619658884,0.744759246294309,0.00214917494104917,0.00047145264298189,0.00265393546108946,0.0259186179989305,0.00627126968298205,0.005865582082731,0.00811628629047202,0.0199031580240054
"gauss_cor",280,153,0.123404498159852,0.0237008737225315,0.0873992780946368,0.16103740635656,1.05853206345392,2.15500122257195,0.763433802303121,1.21416723738972,0.00195456148043138,0.00061371328570903,0.0029277745382894,0.0247184676181124,0.0120627076767859,0.0394366832207295,0.0195964136421443,0.0190444961022169
"gauss_cor",283,151,0.132975753238782,0.0312319111471946,0.0981150816305511,0.203059639396191,0.333242355027297,0.185781033512708,0.243321399149301,0.646282500072646,0.00314447912659573,0.000874295512481766,0.00356667286948832,0.0174273607963094,0.00371649117926107,0.0027648565739811,0.00623883813939095,0.0100935248641186
"gauss_cor",284,411,0.120552764265687,0.0263154616116106,0.0896756621976358,0.150475001756833,0.366064393746815,0.207160689395452,0.263430890840902,0.691511649875577,0.00255823499870175,0.000844020542231368,0.00334114094309769,0.0173781893331174,0.0039346411019356,0.00322934796270511,0.00517736121395203,0.00793654436945691
"gauss_cor",285,282,0.0763133824600596,0.0102354468124723,0.0563890619559105,-0.0814680998694815,0.415906545511223,0.289730203999561,0.303603573961624,0.751555847929583,0.00214231606252876,0.000411317964983603,0.00248474700245809,0.0168853985421329,0.00359484886760365,0.00402499988280233,0.00601690487582253,0.00897697207618033
"gauss_cor",286,302,0.0778250115041176,0.0100158202009454,0.0562087095852213,-0.0914334029923514,0.429418844222961,0.282714917362177,0.302642956162279,0.750308466018674,0.00165329541418318,0.000317317227606696,0.00231676029247058,0.020132131751831,0.0032358499686706,0.00378036124675501,0.00477995825315087,0.00815485222854612
"gauss_cor",287,437,0.089709105740837,0.0127482895194223,0.064298928970344,-0.0227100497875092,0.465489684403787,0.330264103580617,0.327106927038612,0.787982013508638,0.00168378612524039,0.000354591930255494,0.00242496241052615,0.0175582191927161,0.00271578694140238,0.00354818333982157,0.00500058359657286,0.00770914119885266
"gauss_cor",290,320,0.0676008404872354,0.00856152880588693,0.0514346685284018,-0.126903309532548,0.730351686072773,0.839569593204215,0.516044032311724,1.01416180469175,0.00164883456807024,0.000264620366741543,0.0019192374866407,0.0145746910306458,0.0157551920933616,0.0260034099299747,0.0165795280345389,0.0150527821753658
"gauss_cor",291,272,0.111673209450218,0.027159793681034,0.086151509702577,0.123114165769733,0.704091038867929,0.805284096967359,0.502226260327606,1.0047586250235,0.00199098714255357,0.000526130899360596,0.00242004952370932,0.0164862194227374,0.0121510673585108,0.0180819037095511,0.0145935017638746,0.0150167369978329
"gauss_cor",292,309,0.0931984777776898,0.0145408738871585,0.0679586869550612,0.00237140698108458,0.676120649851799,0.720366543990421,0.48171464430011,0.9860032136942,0.00182978028938509,0.000396595744097144,0.0022104350691872,0.0162415550623801,0.00812099008705391,0.011536035123666,0.0115156033099209,0.0144262629299149
"gauss_cor",293,281,0.106360488007225,0.0181390247102182,0.0750206919910626,0.0500620355038162,0.641028513265448,0.641707854948183,0.457419580370967,0.954362428150049,0.00233030902299491,0.000560361939503992,0.00258167501207229,0.018537035339584,0.00937700294180588,0.015155607091714,0.0110973377507406,0.0133552848473932
"gauss_cor",294,332,0.131614197496201,0.0293338826898477,0.0962182044066837,0.177256216709081,0.537946306349953,0.468609778508327,0.378884410040379,0.855455059103899,0.00234897200477132,0.000712952331095906,0.00314600802103208,0.0187872540697394,0.0072874174826687,0.00896931007396283,0.0105168800871792,0.0126363533305572
"gauss_cor",295,380,0.146662004943191,0.0388717628714954,0.109049286550306,0.2468467317555,0.531471105398762,0.491659747194147,0.38610744680997,0.870456784760567,0.00309724651585241,0.00114564126657466,0.00346960119867999,0.0187048279436781,0.00889002830686511,0.0112027435127608,0.0100828045126098,0.0139535247910828
"gauss_cor",296,390,0.0978462558517857,0.0181471650288479,0.0747020825206293,0.0487884595958882,0.500085655610089,0.412476876271725,0.360697023195323,0.834626226478601,0.00250988902992312,0.00060666583039095,0.0029485821561412,0.0152154130726753,0.00888717422890929,0.0100929702942908,0.0132738962730025,0.0172176849106592
"gauss_cor",300,249,0.105421050511221,0.0202672226020823,0.0772540283216434,0.0689163144065268,0.71347613622038,0.928996824887693,0.539028848006686,1.04314663012976,0.000964869692291017,0.000227258527942702,0.00160732695209348,0.01473152597812,0.0112975067283467,0.017558677890129,0.0166150833637122,0.0172337266689042
"gauss_cor",301,296,0.0713576305129291,0.00959663393514945,0.0546151854091497,-0.10823685327015,0.55227567652926,0.540787423642252,0.405590166034309,0.890811052964782,0.00167297480366145,0.000285429642990865,0.00199338822604599,0.0137975627722385,0.0105534892755611,0.0141814969333497,0.0106889072432083,0.0123641331471723
"gauss_cor",302,301,0.0960495987273799,0.0148303968314382,0.0677513513332618,-0.00612159840476917,0.546208468259789,0.477936840825416,0.388178979348702,0.872479711532789,0.00195614950752326,0.000514025798413194,0.00239263581200064,0.0156683538408166,0.00504249209890652,0.00650050626084772,0.00739698339877441,0.00976284607014474
"gauss_cor",303,260,0.102487189737975,0.0205305235547654,0.074019759098349,0.0295415477795859,0.580000914727618,0.521065853457378,0.411803960272712,0.905096048729466,0.00201223008377494,0.000534147729505276,0.00249945380000048,0.0173717193023251,0.00493984695747116,0.00708545576409715,0.00797400520263337,0.00994103076694245
"gauss_cor",304,329,0.0996704549505426,0.0208778852802959,0.0764489070034008,0.0554514034126421,0.542141012896515,0.487614909967818,0.385553910792075,0.866710820152986,0.00167072902795418,0.000417814680186115,0.00245710928156646,0.0172870392362277,0.00369921242317025,0.00515000844931804,0.00718767994177086,0.00989795376902617
"gauss_cor",305,174,0.106973544501296,0.0199232198367342,0.0771477346685284,0.0524712091117744,0.600065544592351,0.596785970749892,0.433086608756029,0.924752168651072,0.0024483640972511,0.000652747648983409,0.00243868205622451,0.0150490563856886,0.00640796372280908,0.00834334261870139,0.00978204155760175,0.0141585259174625
"gauss_cor",306,189,0.153862506296763,0.0374691945715723,0.109253197437168,0.262407150198716,0.586354976090995,0.565500348764428,0.416935479805221,0.901302217854984,0.00227789877941191,0.00097853305325737,0.00298265063242308,0.0191084514015212,0.00678610818401284,0.0110368278657556,0.0103557624937476,0.0128682780512298
"gauss_cor",308,240,0.155142366344438,0.0373882292787079,0.110397988918188,0.25632842221766,0.551229763431895,0.471051499491591,0.386098074263421,0.864636689535204,0.00249151870774544,0.00097285305271566,0.00296702058125019,0.0188169290417105,0.00493291473463368,0.00670638303515871,0.00740946253845301,0.0102371597835463
"gauss_cor",309,253,0.129916681137741,0.026734121624472,0.0919296823912752,0.167618886339045,0.53508922141116,0.498628523106035,0.395765622544474,0.886015150063954,0.00254943278003421,0.000816712070743326,0.0024901404656392,0.0173829753215381,0.00404955898469402,0.00568057310502884,0.00568605332963532,0.00745358736166919
"gauss_cor",310,246,0.100191830640973,0.0157787190333344,0.0708072070807717,0.0208697270899829,0.484083975271842,0.389289678222682,0.354052801457452,0.835306154550733,0.00169212466868322,0.000392311890537785,0.00285468375313882,0.0228040581372772,0.00480985654714609,0.00625403392935891,0.00771780986433294,0.0093906195316683
"gauss_cor",311,282,0.102608307707876,0.0175899681772305,0.0747028715469281,0.0546592889932087,0.514030170699771,0.398729395419787,0.365608454060283,0.862000743471153,0.002181672441237,0.000526640679548783,0.00243808842406239,0.0189102402727102,0.005294445535673,0.00650050452071489,0.00738623600102452,0.00772411758418354
"gauss_cor",315,378,0.167935517438923,0.0446614363713409,0.117976394634415,0.273125291805321,0.649235154263127,0.734934681369886,0.477903277003523,0.979414725974338,0.00335379954779303,0.00121460455159256,0.00387446276425296,0.0179164083240395,0.00612377735444984,0.00916713808762655,0.00716152857500722,0.00943203366631389
"gauss_cor",316,391,0.124917001766915,0.024992800437562,0.0891059545431323,0.137005479134966,0.699961226904674,0.790390474475753,0.503844692048031,1.0103385575394,0.00249395602172546,0.000744088227777035,0.00281338198274298,0.0186725837031502,0.00494899963348316,0.00852842623172773,0.00716391601443275,0.00940772506009755
"gauss_cor",317,456,0.102623763120575,0.0172254298339593,0.0732081992902843,0.0348965247904333,0.544184261904188,0.4668229917298,0.382732346761851,0.867179732191378,0.00193529348019853,0.000420616561936022,0.00225921541013882,0.0176209369552638,0.00400415706884496,0.00527080304955456,0.00734758768339488,0.00958584947171493
"gauss_cor",318,416,0.112538634565689,0.024708770638894,0.0858276521575605,0.130331132968796,0.553419769148869,0.48013479460676,0.391303003538043,0.878019072388057,0.00245942010698232,0.000593018297709992,0.00309774680775077,0.0206161141632162,0.00775875200128835,0.00949085167797133,0.0087569324881638,0.0106720537872186
"gauss_cor",319,321,0.0831682119163598,0.0123583761759059,0.065288126180584,0.00373420653698627,0.509988017855727,0.491954181654022,0.393833982907008,0.897697068939847,0.00270164902592094,0.000457167642934621,0.00252840619256872,0.0137751166678255,0.0115838410289619,0.0146047943663199,0.015337208966982,0.0142122304762844
"gauss_cor",32,761,0.177558950692046,0.0858993829906311,0.143339681493154,0.372403087811225,0.587329724189139,0.719421125622284,0.441283518286159,0.929953553947249,0.00352681085916595,0.00149709821532103,0.00431936618878752,0.0192902335383801,0.0135177147717973,0.0201193836786224,0.0156387113419305,0.0177367306688934
"gauss_cor",320,498,0.168434142345872,0.0594303993771734,0.129532166678397,0.346597959862171,1.33932690027267,3.23367148816473,0.979002370805963,1.3553224895763,0.00263779134756459,0.000982154448552618,0.00292500927298007,0.0193100904761463,0.0183984553691172,0.0567502280030395,0.0244818656090549,0.0188536843502556
"gauss_cor",321,416,0.144654802411483,0.0433747465336249,0.111451440041246,0.245133191339619,0.954318262625854,1.37389320867067,0.660956602802151,1.13567936325593,0.00269506071928545,0.000963348528446786,0.00285871105993485,0.0180866474233984,0.0165744435879472,0.0363202383021966,0.0198772447771323,0.0175030536238732
"gauss_cor",322,379,0.236034053773166,0.126222904086221,0.186617316432763,0.561746472157901,1.09957258997997,2.16741146319002,0.812921150232589,1.26832782361982,0.00346461884784013,0.00195194132811809,0.00443257719658863,0.0228708128480274,0.0161904681435103,0.0445371338758163,0.0228852867352117,0.0221554881635388
"gauss_cor",323,292,0.2453408131462,0.118895877383027,0.190327014802343,0.57327580246166,1.08449820524012,1.8804297677958,0.782043808102945,1.2480493283348,0.00487876031773226,0.00272208303398625,0.00535348256439861,0.0257558215274642,0.0225203772457847,0.0522538729857259,0.0204388474558994,0.02129791104394
"gauss_cor",324,375,0.159922271148963,0.0468679050580604,0.119895215673576,0.315005678500904,0.807951265905164,1.01647861891164,0.568264324277416,1.06648815838296,0.00320270915348154,0.00120686870445498,0.00359291023830368,0.0204198328530778,0.0141962772871417,0.0304347499867763,0.0155885691119935,0.0159107208047371
"gauss_cor",325,469,0.125791901390944,0.0288867868200175,0.0933005064006609,0.174695483744477,0.67855821176645,0.721231312723184,0.478691554050388,0.977117690496596,0.00285951335101739,0.00084769368956965,0.00331283392239319,0.0196523408390238,0.0125811161947789,0.0194338138739204,0.0134098213885649,0.0168748347317705
"gauss_cor",326,596,0.130010843166734,0.0307997007858448,0.0952423241149677,0.17933555619625,0.532315087399339,0.486822568394124,0.387034216907495,0.87679804758048,0.00232075423689938,0.000709336862050896,0.00323643262763805,0.0216837152579254,0.0112567983988797,0.0135255500550881,0.0119304201517588,0.0153649380194538
"gauss_cor",327,502,0.108989126587552,0.0233728858828149,0.0824548049819398,0.101430459964847,0.522022745472865,0.496741711169523,0.38202262033991,0.865865798762322,0.00200362782561237,0.000468356694610319,0.00211725822547434,0.016387892836675,0.00706418103486526,0.00852915301939888,0.0087145023590312,0.0128134860013708
"gauss_cor",328,573,0.101271444412323,0.016801576919607,0.0724708288892666,0.0307037522872713,0.509956837536432,0.435144871044273,0.368113261201571,0.844089016798331,0.00189925904608782,0.000449524551626864,0.00219390959613425,0.0182197150546686,0.00674843519044715,0.00861217554083551,0.00862654608909005,0.0138812529128588
"gauss_cor",329,362,0.106942329320535,0.0220183895326983,0.080503872547831,0.0854055972115805,0.7946654365723,1.13086755455107,0.575837189228878,1.07124741975177,0.00247891997015637,0.0006494712278449,0.0027002872938951,0.0182061870160725,0.0127364940093355,0.0230833358383336,0.0149967853023996,0.0180197865412614
"gauss_cor",33,969,0.050771079414494,0.00926641002465392,0.0466055692162115,-0.150404724575973,0.392379162111361,0.279972013371596,0.294803847210424,0.750640548040848,0.00222618640972666,0.000285886660180481,0.00220304861300097,0.0139610451275297,0.0135443931073539,0.0137878766485112,0.0134321147281846,0.0152837286917334
"gauss_cor",330,573,0.101605788639352,0.0182815688716452,0.0746261343290036,0.0534235335596728,0.7856942755002,1.03273974054852,0.568408688703964,1.06531757038289,0.00165324472097442,0.000373056874861486,0.0018698679478727,0.0172788665562965,0.00842860871613585,0.0148434182240297,0.0121759187750636,0.0143369663987465
"gauss_cor",332,375,0.101567252324915,0.0176152900420378,0.0740382715506612,0.0380684308521601,0.697891806348297,0.764341169218006,0.490447412466375,0.991910102079762,0.00234115666730919,0.00055521874360754,0.0025429965595035,0.0202665209246852,0.00457245919690721,0.00751317133474284,0.00851705454074598,0.0103963003977024
"gauss_cor",333,431,0.0985583805212628,0.0197876923428056,0.0750767582618369,0.0421671145443424,0.652029778110167,0.717357011440037,0.468830181883811,0.966299777101823,0.00219704808606918,0.000428682323532549,0.00246930291629383,0.0198473601763592,0.00471351818549589,0.00720156510371735,0.0062999074761684,0.00875850434999245
"gauss_cor",334,392,0.0664144723209658,0.00953968935921827,0.0519009822792365,-0.130638884396912,0.598240472968127,0.577636325208393,0.426236525336821,0.920650479435542,0.00178188382696964,0.000270496507245182,0.00207650914830641,0.0181992932103088,0.00445791473537194,0.00656984333778122,0.00601182786309519,0.00813592302801824
"gauss_cor",335,308,0.0948365451976066,0.0186915421665806,0.0729038557305841,0.034284323375407,0.548726511105863,0.485899638389512,0.392101227059861,0.880697490375836,0.00214411440020517,0.000498130109547928,0.00219683140617683,0.0203742625970259,0.00545587600110419,0.00652726379389929,0.00766170773334749,0.0106284359233344
"gauss_cor",336,181,0.0713615329982071,0.0135112712200847,0.0582954459861386,-0.0909884363957848,0.601350905378579,0.561169754308372,0.426652976971108,0.920341560252443,0.002077984234943,0.000302312693046454,0.00207819686779458,0.0193241567112404,0.00749564999585286,0.0106645553800476,0.011136243670094,0.0134451139804389
"gauss_cor",337,289,0.0473117997584973,0.00561732115328866,0.0413570918828424,-0.23289695067018,0.668834989811863,0.739610837210173,0.477287725435129,0.976670846930205,0.00103610046786398,0.000134672576013706,0.00174955537646489,0.0157565656151589,0.00522604208273369,0.00795702997822283,0.00680761955056511,0.0087965287437505
"gauss_cor",338,346,0.0558534494069814,0.00815181857147203,0.0456629210956686,-0.182149109843229,0.736148431098165,0.849032424986241,0.516559441439194,1.02115774124045,0.00146716974714743,0.00017536229653983,0.00164642509159897,0.019038737710325,0.0058881651775995,0.00980567218672227,0.00743975300987697,0.0085195540231245
"gauss_cor",339,302,0.0888571660943964,0.0188889213936029,0.0724006008033689,0.0408487180342799,0.693304421240271,0.955604468716079,0.513920296758378,1.01860727138149,0.00223385520896825,0.000483711088610288,0.00256208724595171,0.0192283472185813,0.00645013639716191,0.00937773285317676,0.00797032758128248,0.0104822398478297
"gauss_cor",34,492,0.0422294963955865,0.00348081192378107,0.0324434970066401,-0.362507138062594,0.366734643181643,0.281739907869121,0.272395015825399,0.675445773597842,0.00130455136185433,0.00014040482565755,0.0012956863625469,0.0139666286408675,0.00743254360730021,0.00606261222799135,0.0094011463112765,0.0162808575784593
"gauss_cor",341,332,0.401573451804955,0.311418411722185,0.30509758170537,0.78307647602925,1.37693942204143,3.26509025362579,0.997511360709046,1.3570883629302,0.00490898603696464,0.00377444429618448,0.00708300316321586,0.0196712275652072,0.0219940959406024,0.0725938750658014,0.0283347409620681,0.0212258060507222
"gauss_cor",342,416,0.207231937718719,0.081782867201356,0.158322924610791,0.428425526682266,0.872895953925396,1.21533914900776,0.621090994188361,1.11108087949455,0.00508576718757729,0.00233073386285501,0.00513136902926501,0.0166565482844911,0.0129911248255844,0.0257865677083845,0.0163226710502979,0.0141707581148759
"gauss_cor",343,474,0.128773886628133,0.0287196397079951,0.0927883955302639,0.14825221818286,0.726746190842116,0.828589782447286,0.507986167813517,1.00374088278246,0.00247030351509405,0.00078274366874421,0.00281255610552423,0.0181382029234187,0.00968915726655359,0.017803358189997,0.0132405201942151,0.0137729633540982
"gauss_cor",344,246,0.120642832231194,0.0244108164595991,0.0881536708055381,0.148721878992533,0.670661363055376,0.754921396636443,0.481678990152248,0.97604837109173,0.00230562620954685,0.00062172128769731,0.00312977180849073,0.0242522553149164,0.00814469940838823,0.0134156229485121,0.0117429823191369,0.0135662722828038
"gauss_cor",345,420,0.131660845649403,0.0273746565948219,0.0913800883236229,0.134400251218745,0.65031764028667,0.671975046357375,0.458124933886076,0.952555749613702,0.0031707827404696,0.000926213164006458,0.0031879395524991,0.016970648136551,0.0140969487991327,0.0219356657655514,0.0140950972962635,0.0146734709019308
"gauss_cor",346,596,0.197297916007305,0.0758132261720187,0.151170103404411,0.439903645609251,1.21237543877079,2.64995756290513,0.895662705223589,1.31357864936069,0.00313589482235111,0.00120995406650418,0.00357816721810854,0.0221315665250825,0.0181472619829831,0.0497928648449812,0.0218558486388151,0.0213008041310569
"gauss_cor",347,361,0.0637810396650535,0.00801023253030349,0.0589592937485622,-0.00588338316771665,0.585132190724595,0.545782378495041,0.439918416621089,0.966468435759215,0.00288299454752479,0.000440201476650141,0.00274219856670965,0.0128005238134858,0.0154304603377396,0.0206148401755012,0.0173279208342982,0.0128803306646427
"gauss_cor",348,350,0.0409910632722418,0.0027761276991327,0.0547633539428164,0.000444615672791384,0.514128234619761,0.431329318660091,0.392462217659636,0.910597411036442,0.0043004458588811,0.000431563010977421,0.00371996027863791,0.0143821292942477,0.0164944796789742,0.0188776099526148,0.0166827214100318,0.0141092316630288
"gauss_cor",349,343,0.072778437662882,0.0119143825193957,0.0805862213013528,0.162039975283298,0.607325926211147,0.68877401878526,0.465276027296225,0.978656801081103,0.00631675624156093,0.00107473646874637,0.00464202697448529,0.0141064513509019,0.024430150957334,0.0348978116715891,0.0212620410228374,0.0157648535310042
"gauss_cor",350,667,0.101783143371625,0.028547448007398,0.08774288468224,0.126045277361111,0.727411626028484,1.00424360529428,0.542853890061909,1.06523621520378,0.00382464478285828,0.000782272694607997,0.00337538418250674,0.0185937906552743,0.0168407910461904,0.0322094766364119,0.0199388866785774,0.0188458828767074
"gauss_cor",351,345,0.104021456688688,0.0256800849457411,0.0802404581423269,0.0874404065599146,0.733107002500133,0.921142781449697,0.530686236222238,1.03605976381406,0.00293177042702852,0.000608635879421887,0.00269312748963347,0.0151129212007288,0.0144578011041736,0.0229839913481123,0.0151600782856004,0.0162392788545216
"gauss_cor",353,371,0.078137585818535,0.0115625885922785,0.0579397509365599,-0.0976525951662373,0.551545967199071,0.487420944993868,0.392677840697304,0.883025050474311,0.00193991334875946,0.000354954549533992,0.00199827335715771,0.0203788677263021,0.0101184557702558,0.0120635756689849,0.0113867902767988,0.0189735309449925
"gauss_cor",354,499,0.099852448745453,0.0205827310993606,0.0763528098433731,0.0774913235553766,0.556927939874443,0.513042420019345,0.401208970197016,0.894381806054043,0.00190799310027847,0.000424094063853421,0.00225698857392983,0.0195748735673982,0.00999124562111575,0.0130606363980778,0.012904329375483,0.0170029020944154
"gauss_cor",355,717,0.12278754157296,0.0258966795199839,0.0894767278452895,0.151253255545589,0.668775910903247,0.766487964459413,0.484005773274569,0.984670194328784,0.00222061293168545,0.000604952751446399,0.00241944511706877,0.0180142138322819,0.0112462761871218,0.0185279754917525,0.0133719858376934,0.0156738760742865
"gauss_cor",356,346,0.0998877767194959,0.0167886711134323,0.0721071897371866,0.0379151649249276,0.656937890977129,0.802794719839609,0.48498216742076,0.982138985440412,0.00185043033543669,0.000431154935038864,0.00224577002545281,0.0208752063587267,0.011409717531104,0.0180260444646864,0.0131737073933227,0.0153937906445246
"gauss_cor",357,500,0.0871061834978071,0.0135949164370783,0.0638690471041619,-0.00887170757811754,0.700839743004603,0.792101221503876,0.498672902002496,1.00479939650466,0.00169136427232577,0.000276171319932997,0.0018529753013631,0.0186964062003697,0.00766660358232478,0.0115811584556547,0.00921167967069047,0.012059713656191
"gauss_cor",358,464,0.0774075916211131,0.0106509713248604,0.0571713679450799,-0.063782353965453,0.632472911927474,0.610800876034224,0.443677121216084,0.940215362604584,0.00125340597379894,0.000204099849275326,0.00154313662488967,0.0206131864122649,0.00626822621016397,0.00964789587238579,0.00853631305512943,0.0112667569670344
"gauss_cor",359,349,0.0753358615623643,0.0110350824966705,0.0564229559298642,-0.0897419807700251,0.786990452851281,0.953742882247069,0.554725508421982,1.05689970196115,0.00142840224528834,0.000227198147600577,0.00154173780827884,0.0207947735412547,0.00706907212561474,0.0132155046935163,0.0105819370300051,0.0128214146187517
"gauss_cor",360,333,0.0528916171901413,0.00576397371710277,0.0404847541719695,-0.247048750478043,0.458659953570944,0.343236624510034,0.333511706166271,0.805174459517576,0.00109893986281737,0.000134201841022001,0.00133016847361685,0.0223998179136665,0.00636028344644522,0.00672659342581477,0.00889758893976451,0.011345000643505
"gauss_cor",361,250,0.0398727928695965,0.00315592120483684,0.0298816170788404,-0.406400702265875,0.444031008357474,0.306764347253977,0.312431021226323,0.767944595335064,0.00122149592348909,0.000112184961323368,0.00108619569246197,0.0174264916341735,0.00554219517806559,0.00598323332683768,0.00738095530650223,0.0110440091547711
"gauss_cor",362,300,0.02421482198273,0.00096607044934774,0.0181632755409432,-0.639829613490016,0.362559855785894,0.224352740498222,0.272236405868227,0.717111814720942,0.000840614203670669,4.37132996405764e-05,0.000725072006846557,0.0175054030341843,0.00327492021289745,0.00274145723718958,0.00509911800838192,0.00681252426054367
"gauss_cor",363,229,0.0585055229997994,0.013999558185328,0.0514749222527648,-0.116112011639503,0.410225664383958,0.283073444545918,0.293491739130701,0.73384698057223,0.00141914198295545,0.000173029998703892,0.00152165015356932,0.0136425560304434,0.00325097108808699,0.00301338155363017,0.00510933261712231,0.00753516651709075
"gauss_cor",365,446,0.143693403778181,0.0465373287474612,0.115909376498086,0.280471811502406,0.926419260164532,1.3405378352223,0.651284916882348,1.13252151653615,0.00359416560394894,0.0011369308787885,0.00442834246714172,0.0171092061604799,0.0196370794712926,0.0395007286937585,0.021548670859462,0.0177051158780958
"gauss_cor",366,472,0.113192243275277,0.0278059160530231,0.0890221817386708,0.146534755416558,0.75924441929707,1.03837611081146,0.56374133756672,1.06360664950309,0.00262109349527177,0.000686381501986839,0.00264923790544662,0.0178822025707373,0.0141339075027325,0.0258925517167322,0.0166540942256845,0.0193516202309563
"gauss_cor",367,401,0.0607276930724086,0.00709212729173981,0.0476532563120655,-0.152886803170837,0.601910603285694,0.583827441916631,0.425534933284443,0.912233836269613,0.00184378891957048,0.000264225153588446,0.00211082503556182,0.017211147417673,0.00986525654113453,0.0145396156475017,0.0125976267968166,0.0153506084380289
"gauss_cor",368,422,0.0499904808061826,0.00534690833243676,0.0386657728399436,-0.288618110396197,0.466583983041014,0.367452800813453,0.336534713658602,0.796873739441993,0.00161018672688874,0.00019488366164069,0.00192147903797326,0.0172313285243569,0.0085738070740709,0.0101511223723082,0.0115741863738256,0.0161229938634186
"gauss_cor",369,412,0.0588271807920728,0.00652037140430047,0.0524652213521132,-0.0715140745928179,0.45747702921416,0.346133682574577,0.363691993339549,0.88391290392747,0.00268641776969182,0.000411921729987263,0.00261310937457708,0.0131221075244297,0.0179399372818141,0.0196623730018523,0.0183422563898761,0.015085261530615
"gauss_cor",375,394,0.0463203329883411,0.00650002795207092,0.0415462088107707,-0.214350128827902,0.494062321284376,0.389383822088318,0.355098946480141,0.837306245181029,0.00167909057984985,0.000181401653329976,0.00176457670425407,0.0160748841347452,0.00900721262384559,0.0100628657413814,0.0120865052077029,0.0146991752673065
"gauss_cor",376,421,0.085673777545091,0.0150179523590016,0.0653717778086614,-0.0194450602910643,0.698584525399795,0.746072375219404,0.489647451102072,0.999700646462941,0.00247781841896195,0.000454718858059034,0.00253543220400755,0.0196450493964007,0.0136732952612768,0.0204130503251307,0.015518845111897,0.0190878900275163
"gauss_cor",377,536,0.0791827867588111,0.0123776916856451,0.0596052275746612,-0.0595112873349059,0.546709886967788,0.50850361866397,0.395995273543143,0.881730798549586,0.00173064485015643,0.00031665244166363,0.00184019920371419,0.0199138214897258,0.00978558276591518,0.0138509946335753,0.0116983600720271,0.0172188385484997
"gauss_cor",378,434,0.0529074854119907,0.00609116879556106,0.0403544974464875,-0.275848371453892,0.547845232048438,0.536748923083218,0.396641853629766,0.869418871624024,0.0014299837501607,0.000201946402233658,0.00170903801424823,0.0165820455391639,0.00966176357746293,0.012878936606948,0.0115489751272326,0.0142183585441163
"gauss_cor",379,309,0.0656416624234736,0.0090031658199851,0.05040764597519,-0.138864647338938,0.739883060286319,0.872710496285588,0.529828578217533,1.03600486582186,0.00144043216585255,0.000216058819026486,0.00177517708611297,0.0189201713516507,0.00931077025987013,0.0156041314458413,0.0116219481150251,0.0137720720823583
"gauss_cor",380,381,0.0622310724529994,0.00993045111136292,0.0479995059798067,-0.150826991191052,0.607855132140308,0.591884285589562,0.436646072613289,0.948817213344277,0.00128482915376968,0.00018361574714025,0.0015187124183112,0.0223090383257874,0.00684414970154948,0.0104081082011781,0.00945204766058159,0.014431912179205
"gauss_cor",381,355,0.0435680090098009,0.00311903563611267,0.0309787078283838,-0.380679237972841,0.468774885936657,0.36978708175665,0.337001268982431,0.810858127409519,0.000959341636278155,9.44191031164346e-05,0.00107199311947079,0.0226516078837389,0.00541748160529093,0.00569534941695326,0.00746769061767217,0.0135732509695911
"gauss_cor",382,377,0.0530210941762828,0.00729127361611486,0.0412918076189311,-0.268311918125321,0.487426221916428,0.428685685074063,0.352625931113023,0.820801995837868,0.00126511882219726,0.00016687260055385,0.00125640173011162,0.0149261307925273,0.00764667303773846,0.00947160856746538,0.00904776963059002,0.013221385711112
"gauss_cor",383,356,0.123061393773394,0.0283214824550408,0.0906547694485005,0.167257739375355,0.665056600027072,0.764718225346816,0.488123272486408,1.0026585039005,0.00188765348993805,0.000477973944137875,0.00249827422422998,0.0203337302054277,0.0106670738011508,0.0164407291449587,0.0130130694139102,0.0184437357635556
"gauss_cor",384,276,0.13512978845819,0.0385896310752509,0.10096183725144,0.183746945431728,0.422332014845438,0.291898243947067,0.300088861446056,0.742820769586451,0.00266868527536261,0.000890790015790744,0.00312030407764512,0.0206210460603853,0.00894262378896756,0.00853758094680803,0.0111225666158525,0.0156948822245818
"gauss_cor",385,188,0.123304702344063,0.0253410178094075,0.0910297040393846,0.185337526503104,0.456477257465149,0.339505852564902,0.321417981650367,0.766656629684223,0.00224190454629997,0.000579767114960184,0.00256849092177999,0.0243282800450166,0.00701139386158776,0.00746471340005335,0.00874804968229631,0.0149688743615206
"gauss_cor",386,233,0.0978361029003267,0.0196691322643948,0.0729147283794176,0.0151316851189417,0.327522911957689,0.168439396610065,0.234459756657994,0.625987855603345,0.00185870020720274,0.000437626831977079,0.00185005669713525,0.0190240109095607,0.00342808720383541,0.00309739267860234,0.00566329018703964,0.0104643847190302
"gauss_cor",44,168,0.0897746495068156,0.0127703108150908,0.0766606075919148,0.133240792922453,0.516668440736195,0.444166932131484,0.489557238321326,1.07441596060876,0.00438502784053597,0.000948763120372455,0.0056485545962201,0.0196851073450413,0.0281645290620657,0.0346974133587289,0.0307579283977591,0.0167395313011974
"gauss_cor",45,490,0.0629902212258478,0.00693616298241596,0.0511025195625669,-0.103339544388117,0.40410426106979,0.259822806716024,0.305373494053868,0.783232526668151,0.00253349564371525,0.000391724037016373,0.0031136365336099,0.0176499225130921,0.0100927744336382,0.0102319975062093,0.0115816692304343,0.0128376423924263
"gauss_cor",46,483,0.116696105372295,0.0257349291939945,0.0856902986789683,0.134250935531775,0.373911578168744,0.250414370736789,0.272682979011475,0.694150596965403,0.00259299558936768,0.000681524908338282,0.00291977469318911,0.0207252367426035,0.00780516568971524,0.00694796594249777,0.00990046786735673,0.0155052752042014
"gauss_cor",47,654,0.0758079821223461,0.0135286367171009,0.0587836136950062,-0.0757840230055665,0.290996784671444,0.139485159305951,0.205689986036164,0.552601655938486,0.00234231517912734,0.000444217973667863,0.00268227064828813,0.0208198047352567,0.00366583643102571,0.0027794893171277,0.00554584406480746,0.0118092089066117
"gauss_cor",48,707,0.0420270004873519,0.0035505177264277,0.0333393064431601,-0.349826233084146,0.2857465627566,0.131828965324398,0.204222570553906,0.555291144304177,0.00143979773692253,0.000152813527791982,0.00162343603943996,0.0161441246690918,0.00455046112414906,0.00313622205853903,0.00582341052601041,0.0124453240896371
"gauss_cor",49,414,0.0882629983386339,0.0255672973965317,0.0713814677828654,0.023074902332897,0.320906216617137,0.170888184763183,0.230586036822128,0.615098975895697,0.00205696077164552,0.000468724741644435,0.00227364273233085,0.0171477363727939,0.00431698128766844,0.00364171122031204,0.00709917058701075,0.0148135403262376
"gauss_cor",54,359,0.268509827861579,0.171385012522934,0.226036603933105,0.612738764033521,1.3450685750383,3.49203616393929,1.01230725985245,1.35167800010818,0.00883569685994931,0.00499182154085796,0.00982518908846546,0.0171405052421365,0.0341105811054676,0.111192571520372,0.0401129566316859,0.0184441864100206
"gauss_cor",55,871,0.196015208567556,0.0970674984351402,0.154745388739626,0.432966337369303,0.989505592666971,2.12803547142489,0.744867880350175,1.22303465056367,0.00485836520124429,0.00217588131259052,0.00541495219327268,0.0199387552657818,0.0208011313451143,0.0484987326686449,0.0247926359074933,0.021244146272296
"gauss_cor",56,668,0.0761219492103275,0.0108712165579006,0.0565993613401031,-0.0838294762574536,0.423668508926634,0.302990145171503,0.30448572568993,0.756415868796116,0.00175840721547813,0.000305185447905528,0.00200658416382451,0.0204246868346276,0.00890562816423214,0.00873805627289258,0.0116572820302076,0.0200095243530512
"gauss_cor",57,257,0.0639036137518008,0.0141353671772522,0.0554185931187064,-0.115264293396316,0.262312734471146,0.113445128275356,0.201107759838852,0.576490117220441,0.00181970740610922,0.000412191226960621,0.00202487543493717,0.0168618717200127,0.00731892629896324,0.005028184876097,0.00785593226834458,0.0122370894766209
"gauss_cor",67,688,0.0705634683865223,0.0103476996382979,0.0547860237784677,-0.107101924863408,1.38047054929701,3.2533177377784,0.995858928869084,1.34467007610437,0.00178458708237717,0.000362962490567067,0.00192848939169235,0.0140920028088712,0.0233737081025776,0.072608955237621,0.0272900520642608,0.0187243513322974
"gauss_cor",68,1145,0.17458321013966,0.0620298927005637,0.133131152704085,0.362050641759812,1.5815600932004,4.43973033743603,1.16323445902649,1.44701431928215,0.00216957561259998,0.00092672620332004,0.00286002366428117,0.0175347694035193,0.0197064673253535,0.0696803464856261,0.0246393878370845,0.0161017072388399
"gauss_cor",69,631,0.154135070444903,0.0482573639401254,0.115493718975348,0.27037106618031,1.14044427418299,2.05745988870122,0.80550995737843,1.24174107507336,0.00251302233623896,0.000883931600872359,0.00293458778011418,0.0195887442631174,0.0198440957748783,0.0530853331473906,0.0239021833065781,0.0177707657130485
"gauss_cor",70,395,0.132252936502556,0.0340391530794507,0.0982966643231606,0.179437503978709,0.808725860452476,1.1341214472892,0.586315472704144,1.07015907138932,0.00247570847541516,0.000846592801183668,0.00319922437927765,0.0233997575010896,0.0173453629332993,0.034193898138441,0.0228019591835771,0.0222203506703552
"gauss_cor",71,389,0.101570445677982,0.0187936728863748,0.0742417348732449,0.0289741962101289,0.601315513634411,0.589065288552705,0.42982023895439,0.920593420417085,0.00255562085381331,0.000671841008451327,0.0030039875685083,0.0214431770245321,0.00924798742934268,0.0146145963839032,0.0114660895668206,0.014682089240953
"gauss_cor",72,713,0.0953474193210163,0.0164659836825663,0.0692284074283662,0.00959511135637853,0.461049709891936,0.345127591118222,0.327084483096618,0.78677916350909,0.00213411416315422,0.00047464474826789,0.00243436331686104,0.0221121420409449,0.00578391327363279,0.00699745308679571,0.0074005980483508,0.013229507680103
"gauss_cor",73,410,0.113521131766262,0.0226878656966357,0.0829464169027345,0.0934314699672883,0.483027771415985,0.37735883803775,0.346059144172012,0.823251962077993,0.00231917361057979,0.000652310662169617,0.00271581212694228,0.0191910218841161,0.00737538796111294,0.00913103728265804,0.00805910333403351,0.0130466745094881
"gauss_cor",74,562,0.112750401252627,0.0214784620462314,0.0805927747605555,0.0822033077674599,0.511244898790931,0.416953886869152,0.362993119359285,0.842312382293543,0.00205276410431694,0.000576194760108998,0.00273237906737464,0.0196354411412642,0.00503739342897584,0.00575649060135676,0.00848791971371688,0.015895656413945
"gauss_cor",81,408,0.333024208924459,0.305386274765911,0.279269864458093,0.757604108790197,1.36533978809494,4.53442786113948,1.09892822059917,1.45085573434608,0.00770982575003225,0.0057305614482069,0.00905693367298645,0.0211702806048361,0.0313342390701416,0.0923462427855718,0.0365395570414044,0.0227788871256952
"gauss_cor",82,441,0.0777707604373209,0.00990620187449164,0.0556073028023857,-0.093988160338659,0.450880712989298,0.324762621526728,0.318888959293046,0.773453679319559,0.00247589190847761,0.000442946390497473,0.00261485700673533,0.019348325947882,0.00984689106915833,0.0103509980008928,0.0116784100818198,0.0174196046333945
"gauss_cor",83,579,0.0643036422226779,0.00698107321880934,0.0469625920121583,-0.177568274006267,0.412972277906937,0.255583147979553,0.287210368706263,0.732442498158319,0.00138687005146977,0.000211786847995796,0.00148713217054756,0.0174478437601689,0.0061042297235102,0.00582628614184548,0.00763448725277214,0.0171795202942944
"gauss_cor",84,816,0.187981264781606,0.056378530151789,0.136143277025329,0.380205502706399,0.596136736007729,0.564993890867346,0.427678393933176,0.942067204017276,0.00256629571741972,0.00108037109222995,0.0028778537695023,0.0170839768561765,0.00894207748193815,0.0132663440546059,0.0117150354969137,0.0182605292622369
"gauss_cor",86,616,0.0875755369964621,0.0154748556989587,0.0645179076220444,-0.0368685084965705,0.576390986942086,0.53239527555758,0.416583923763949,0.916179776874265,0.00210180207067543,0.000479806919369976,0.00251550557988946,0.0194728343484563,0.00937490108747074,0.0127357364927369,0.0117165196561554,0.0142544947152066
"gauss_cor",95,617,0.04098204181071,0.00304080669517755,0.0316666628230186,-0.364741784619728,0.69620389386087,0.814206083460209,0.506321380236736,1.01137389498422,0.0011490920476932,0.000125534660334089,0.00119975041935935,0.0129429904759778,0.015226453313239,0.0231714595648416,0.014987043805503,0.013767076341434
"gauss_cor",96,1009,0.0455342695884508,0.0042114643304861,0.0384338563321811,-0.248826202399729,0.7109368556932,0.884422854118011,0.52378164745627,1.030808095659,0.00147090967376034,0.0001770615294957,0.00156358200487037,0.0124872599242588,0.0184625341105411,0.0331644205213755,0.0198990023472373,0.0145108778974392
"gauss_cor",97,592,0.0845013484972925,0.0120397851170645,0.0622113045813694,-0.0339379857543417,0.908173517034054,1.43286702241693,0.665051062900717,1.1413066462852,0.00178541441291896,0.000358448189995539,0.00208956679253604,0.0138929415875211,0.0175448268854327,0.0423923096366067,0.0240876531743087,0.0155113936051646
"gauss_cor",98,450,0.0806260149866982,0.0119288228622494,0.0611533164725043,-0.0370169842458796,0.839734877209416,1.12628240110862,0.598253535462922,1.0930233142944,0.00184472031813619,0.000335777437549888,0.00220069511105947,0.0187322374149579,0.0172000004372997,0.0323774845966127,0.0204666552129657,0.0165278900465075
"gauss_cor",99,319,0.0988974690614495,0.0147175710747845,0.0697011448892442,0.0316210023491043,0.845466284861051,1.10301254099143,0.59110196191538,1.08088437558702,0.00221531694514508,0.000449915260937334,0.00247792529800193,0.0221227641847192,0.0194760221116053,0.0358917712515415,0.021176466780033,0.0207184294185225
"gauss_indep",100,428,0.0986925101002717,0.0171508257912794,0.0716750232141884,0.0359017174307111,0.633087679837792,0.621458644501647,0.448990791091588,0.950030768581715,0.00229877671776937,0.000538162815548576,0.00243440538572189,0.0179545357744892,0.0079839477297818,0.0126653389452906,0.0122713751321458,0.0153098902676323
"gauss_indep",101,423,0.0872872682573842,0.0141404059446179,0.0651063724072338,-0.0237433598372996,0.590532255887503,0.527203659866013,0.417543039515097,0.928163350692895,0.00198200102207776,0.000468242814248086,0.00235998805557467,0.0167030629378347,0.0066470014044925,0.00876661669515534,0.00929889946197557,0.0154355308587178
"gauss_indep",102,457,0.109890361257081,0.0204679692834435,0.0790478137043638,0.0730765344002043,0.446795451094503,0.345110014657222,0.324577566102852,0.786615141120699,0.00233111995516565,0.000645381982364899,0.00284384203990825,0.0173678370474426,0.00716924123862444,0.00745920353307628,0.00826566717924738,0.0139519051141925
"gauss_indep",103,426,0.137471183047308,0.0345218632444715,0.100579299624867,0.201513947674778,0.37890584293138,0.24116701714564,0.273363580183456,0.70140165929924,0.00257850736680229,0.000811581520207948,0.00332807362441325,0.0179873430565361,0.00583733089992822,0.00555662564779625,0.00794271676755161,0.0124731355012229
"gauss_indep",104,565,0.11699404948463,0.0246774365172707,0.0855254306816109,0.105992487088231,0.430616475113692,0.357461010423003,0.320361245162852,0.763483631482519,0.00290858416710314,0.000730286369790329,0.00346949973566478,0.01942409698386,0.00994467026771616,0.0116221305953038,0.01111963956355,0.0141548117614236
"gauss_indep",105,239,0.112664886087609,0.0215490956207687,0.0783408593092872,0.10526218822495,0.580815363698631,0.557736375227992,0.390414210787838,0.818745023320118,0.00197396891816806,0.00057804210308552,0.00231206872930929,0.0157667577440455,0.0154687656630674,0.0282178469905406,0.0136518738865335,0.0156164132415276
"gauss_indep",107,367,0.108542653365635,0.034930381504589,0.0849763801438993,0.105693789096643,0.645169089823064,0.681701216319986,0.449950339882967,0.933681022079169,0.00150718940952116,0.000501594556443844,0.002311072909261,0.0128213857160579,0.00815247087704798,0.0151879072223329,0.0123799974830023,0.0134492547284515
"gauss_indep",108,404,0.0683889271772969,0.00947985907176746,0.0649069257650928,0.0436717969549655,0.82787844000119,1.25737540301722,0.599704583363311,1.07933118478144,0.00251319880381283,0.00043386809579212,0.00295617710195977,0.0110687145400422,0.0196797196800175,0.0398572226289184,0.024995232341218,0.018288504443812
"gauss_indep",110,555,0.0875197604916952,0.0137368206439536,0.0777552236001677,0.1198264986854,0.48240250747616,0.384752277573001,0.384993854331409,0.903337422896832,0.00425414769636882,0.000809296130905777,0.00372260415313642,0.0135026915205475,0.0182745292761606,0.0208006463259456,0.0211384297369501,0.0167012299279481
"gauss_indep",111,342,0.100152657484645,0.0171560867240614,0.0781860337428161,0.108497119221511,0.464909521946735,0.351284578010484,0.34306818994559,0.838323880942353,0.00401909829284621,0.000893947998686298,0.00399516309323681,0.0162349835239822,0.014091168145717,0.0159392926074509,0.0137244927225275,0.0156771724184335
"gauss_indep",112,358,0.082712663180142,0.0115933670557877,0.0605973265650184,-0.0415204112740859,0.3861708243312,0.234510742847948,0.274080909629159,0.702585522686578,0.0020851272611055,0.000375178708681437,0.00244645914813124,0.0177351079589599,0.00576675628919959,0.00545902263872804,0.00847567056666383,0.016443307335996
"gauss_indep",113,523,0.0754082744256217,0.00917795833583943,0.0536549389367713,-0.121034606414822,0.353337823699421,0.19498200973253,0.251501708224797,0.663775571397995,0.00167140268301407,0.000292075280134454,0.00207454193361737,0.0184644991491763,0.00631787178379932,0.00495089654001812,0.00757637505632152,0.0131781245026796
"gauss_indep",114,163,0.0580725086535406,0.00639641696614007,0.0499847678674583,-0.0973609701658892,0.383351286658999,0.25233920145862,0.278667829086035,0.702054586161732,0.00139848197269829,0.000225766045802434,0.00210191105124523,0.0118719287211395,0.00850949581618518,0.00794665713772636,0.00885145094545842,0.0124567515932909
"gauss_indep",120,878,0.0986228583551808,0.0162100142610896,0.0714174108111705,0.0315321722658995,0.369231326182924,0.237460860712697,0.269675546924739,0.694520251048144,0.00143865897833569,0.000350850186002907,0.00175421888981148,0.0117837511616446,0.00368807705234623,0.00357292848563137,0.0057785126160039,0.0109804206410142
"gauss_indep",121,772,0.110255776594133,0.025785059550882,0.083498816672994,0.111458630991584,0.377860235178519,0.223830550683007,0.2669952094927,0.690662439254287,0.0024060609830548,0.000654725803143896,0.00269815646881798,0.0132508472503423,0.00462505612361562,0.004233370036191,0.00636332678715355,0.0139763320793426
"gauss_indep",123,360,0.604985816724811,0.670699178411699,0.437809759523929,0.913971388390436,0.543432827837923,0.462818815911442,0.381137817313814,0.861567124308071,0.0104982439732748,0.0148275670901142,0.0114939210622523,0.0141059590287324,0.00772489785428253,0.00975982438527682,0.0124793636779005,0.0205220096432527
"gauss_indep",125,442,0.181371391539961,0.0646996316839749,0.138212674892473,0.373649604317356,0.588011086767644,0.514508682553437,0.404159757023469,0.88953350249812,0.00370656191769225,0.00157148768391983,0.00460213195469057,0.0182342259605443,0.0132125713941531,0.0175872855563932,0.0144343324722638,0.0142404057884527
"gauss_indep",126,898,0.1049509246363,0.0222173270587614,0.0789066902985893,0.0711613914641278,0.657328136507882,0.681877326878768,0.466188919434692,0.974914033220577,0.00224489213582946,0.000624816007217351,0.00240883658790467,0.0151830221037707,0.0110185221816005,0.0167382777185914,0.0133678820833774,0.0161824477011688
"gauss_indep",127,971,0.068745795388398,0.00882778710538671,0.0504291052072844,-0.160305799683729,0.561436811827228,0.544336740549355,0.407410733860762,0.893786958662614,0.000959011942720404,0.000160827913178917,0.00129998184003996,0.0138321723348368,0.00873412637303645,0.0128360666556744,0.0114438630236179,0.0154619835912994
"gauss_indep",128,478,0.0804507602495933,0.0106466150064762,0.0569751758463351,-0.0908468372325991,0.522471358147534,0.528094236943071,0.388698936755124,0.867213925171582,0.00155641613379432,0.000322345178964983,0.00188978960608531,0.0167535600982658,0.00876502329236017,0.0104813830270653,0.0121965837849124,0.0162090711930395
"gauss_indep",129,321,0.102811928481817,0.0165392279206087,0.0717424135429135,0.0182270003622275,0.476685879375725,0.437809847841792,0.35939800926797,0.836654417802513,0.00173672026242952,0.00043922195529245,0.00245132791936198,0.017147073254387,0.0104599167675967,0.011127220593221,0.015338361212013,0.0190500900997396
"gauss_indep",130,331,0.0797925920776761,0.0108864027038148,0.0578855155610757,-0.0789029365012371,0.499105127043671,0.452305304340561,0.361452383468889,0.833866728232323,0.0018366449369669,0.000353843952498618,0.00210332708190082,0.0154883635656682,0.0105820187736963,0.0138733842762711,0.0117583752802269,0.01701837113267
"gauss_indep",131,294,0.088647006349723,0.0125514055911548,0.0635610558474951,-0.0276805021195869,0.293209429037743,0.142891916648637,0.220479821610215,0.609803689367108,0.00234365167690763,0.000548628825789296,0.00245908882644188,0.0142826408842108,0.00622239790531283,0.00416582139712164,0.00635472505104304,0.0117634604636976
"gauss_indep",132,374,0.102987102991475,0.0193641848346404,0.0749486295926051,0.037534818905021,0.292419308124673,0.138988853539011,0.211246745142494,0.575535667473491,0.00247314250498111,0.000582169651147125,0.00297282423438624,0.0174657465841363,0.00501711130421423,0.00373350081444535,0.0059737258706366,0.0119204366114853
"gauss_indep",133,715,0.107030015551157,0.0216724374501206,0.0786464310762894,0.0667617462965173,0.292273223803449,0.135010933762328,0.205482814257288,0.553681132611515,0.0018116394353201,0.000505392907678675,0.00199764988895495,0.0137160847553079,0.00410124121969666,0.00290518604393671,0.00469785442772187,0.0100577796853759
"gauss_indep",134,382,0.136162982691676,0.0315311366111154,0.0985048045047867,0.207336335280885,0.275317126240074,0.135102516604097,0.202853174808817,0.549714944400944,0.00241079423597116,0.000686611361679394,0.00245275576629282,0.0161190790168043,0.00498631887507783,0.0039145002429472,0.00684492287776603,0.0152415533462992
"gauss_indep",135,329,0.134946113135846,0.0305765141152366,0.0962523331270728,0.169201751186411,0.379836766260569,0.228087863277131,0.269229531490519,0.685493846088984,0.00282003053829019,0.000914541115747384,0.00358371930503264,0.017911501122921,0.00516515623099313,0.00497046975528793,0.00673316415472664,0.0166738046477796
"gauss_indep",136,301,0.187050814785935,0.0507667196328371,0.126663295783627,0.304179952085595,0.450706164076035,0.302506515908216,0.315381818691174,0.776760124938532,0.00413751853067287,0.00169985387835145,0.00485820934781492,0.0192769719709912,0.00688374520654648,0.00684435254090909,0.007247494035441,0.0142366958655595
"gauss_indep",137,295,0.143770646948515,0.0440444351137298,0.107446394473012,0.206491310665602,0.517128757345111,0.394271150358578,0.356621040783807,0.8353098424495,0.00355487164225907,0.00143889848256871,0.00448385350412983,0.0186385026171915,0.00985479939785823,0.0136842466286859,0.0111148861300595,0.0166549531940112
"gauss_indep",138,168,0.11816742372827,0.0277604449853054,0.0881423683542181,0.150968268744587,0.50263246272879,0.509754532287758,0.366596278234763,0.821658576056841,0.00252585067846324,0.000816469266785431,0.00335831615859359,0.014777939040446,0.00962145260703487,0.015533408375323,0.0097958469030453,0.0148032356700329
"gauss_indep",139,235,0.134004061859469,0.0373513798070862,0.103258041443454,0.217928931197771,0.650363065106444,0.650904345442406,0.449384163116708,0.940393691574576,0.00221813537106642,0.000718974571384318,0.00320984942677433,0.0125268393436059,0.014136614363462,0.023964432212173,0.0167626606915274,0.0166432385508309
"gauss_indep",142,343,0.211160196090717,0.0839456761356678,0.157498109204418,0.415193779000272,0.27723430492995,0.118996850761723,0.199813195428793,0.55441524493707,0.00439097778178289,0.00238351060105076,0.00476295271610066,0.0173186860942083,0.00350349673675485,0.00242316462785056,0.00512768614347482,0.0102819916051822
"gauss_indep",143,415,0.181953906255252,0.0688416368323553,0.1377719747758,0.346634217501033,0.281509419920114,0.123914569556964,0.199063012746887,0.537038610283802,0.00453914423145824,0.00187741821218865,0.00501302023755747,0.0183506363231503,0.00234970344460587,0.00183595780355445,0.0042348694936248,0.0111863256453323
"gauss_indep",144,473,0.0994738773316026,0.0230709900071551,0.0783983745128497,0.074475474028966,0.254049428003313,0.0988645825928984,0.180073592160273,0.495473795480054,0.00272782806286515,0.000710895633658639,0.00269911862052002,0.0139158855855168,0.00190385026729006,0.00114423303802605,0.00320868894130572,0.00773610561225273
"gauss_indep",145,449,0.127170110057381,0.0276055377657168,0.0915380435540911,0.149586524502044,0.335296714535635,0.178051087523676,0.241302008469164,0.642843344752262,0.00333871860799602,0.000994401765816059,0.00355162644641935,0.017911828376071,0.00262913084746369,0.00223956946130345,0.00490666031040521,0.00839618783324006
"gauss_indep",146,303,0.158599480000532,0.0449470333510679,0.115486297054233,0.262486950515243,0.562110243340091,0.647096797337168,0.412329113244156,0.89697382164702,0.00301992626467605,0.00110977793613982,0.00385669266466727,0.0200065985316287,0.00587461512231405,0.0106552185464929,0.0096730502320229,0.0163531858346353
"gauss_indep",152,171,0.145922219048551,0.0342649488981857,0.103467355456037,0.262242519345544,0.326100778467278,0.183357459835473,0.234757005857374,0.610956052533014,0.00201788046548086,0.0008239119786965,0.00301813169818875,0.0213953724239685,0.00562421709655121,0.00595764462179663,0.00778942011051162,0.0139835132203705
"gauss_indep",153,412,0.142071151177661,0.0378728476526474,0.104131925434866,0.200273804612122,0.399277509731136,0.294793429753825,0.294159239754734,0.745108222981726,0.00266645849198884,0.000925278734279083,0.00311184408339629,0.0167458726299871,0.00496473603755605,0.00503736505304296,0.00704983347583822,0.0161907892230657
"gauss_indep",154,595,0.211010534645555,0.0901641151362724,0.158824949647254,0.421782232650307,0.266875269553829,0.113848333092703,0.191508702604104,0.522584173050894,0.00358025832089707,0.00183612929632833,0.00412026151438926,0.0148548382031619,0.00364574899410804,0.0023138264514667,0.00501956998167827,0.0112848855482545
"gauss_indep",156,863,0.446891408402137,0.400680167825185,0.332004672440236,0.78936897171832,0.293112164490226,0.167732053938979,0.217442826911057,0.583393884111363,0.00773594762198948,0.0088227710700331,0.00880460606065216,0.0139554982692822,0.00479711422474152,0.00269890179315227,0.00566300760323465,0.0116500740695908
"gauss_indep",160,555,0.0999531609122308,0.0181970019807113,0.0751751654727043,0.0563298260175346,0.249133424191356,0.104788741657351,0.196549580504604,0.572978783568184,0.00256159083581558,0.000634970409664871,0.00259260798068625,0.0138272895175877,0.00664581103252107,0.00389541624152923,0.0079822582874168,0.0124068397212672
"gauss_indep",161,436,0.101468424501332,0.0189200168029397,0.0734936395691321,0.0252438328492915,0.202496558059008,0.0666349308518098,0.15295626704778,0.436769091827467,0.00204508729202354,0.000552765273554075,0.00253596509664622,0.0152792024816505,0.00304442973593911,0.00168232320305317,0.00479242066186013,0.0106091053476439
"gauss_indep",162,314,0.116063809436401,0.0221063884902568,0.0823297469255685,0.0969686530662811,0.172285251131271,0.0472058150859809,0.124849005179293,0.314996958932902,0.00208522251410104,0.000525783479613144,0.00248221699893558,0.0155413686280687,0.00263127533992306,0.000979348778368392,0.00338692656025902,0.0120817365429792
"gauss_indep",163,295,0.12856380458264,0.0277923425899807,0.0921357007739783,0.147902196465756,0.165468288244617,0.0496661181210916,0.122416095397161,0.296531411800294,0.00263163680744399,0.00093985774040744,0.00281044341329742,0.0142858108925214,0.00278296708199996,0.00115314508269845,0.00364621501087108,0.0134264958924004
"gauss_indep",164,315,0.154409369888042,0.0389560827454403,0.108120519646671,0.22371110340373,0.204567158825018,0.0628995922582797,0.142109703509297,0.367994785091659,0.0035095960093851,0.00141979733934264,0.00377442662702667,0.0173233384821854,0.00389062557441021,0.00174304137644447,0.0047231970662436,0.0149482843989521
"gauss_indep",165,437,0.156803260165487,0.0489357727179022,0.118121950527951,0.282443940682577,0.210826603410028,0.0679818771032066,0.148582994769076,0.397242355987994,0.00233436040789294,0.000965922791546067,0.00294161954023474,0.0178096895596595,0.00357663833332258,0.00191906640138929,0.00428086849818955,0.012214682675415
"gauss_indep",166,391,0.153970907443984,0.0416008684088043,0.11183203190205,0.245986467921101,0.245596223132169,0.108102600455475,0.179683508680485,0.489810476646664,0.0018170007944081,0.000797089740080181,0.00266461655611475,0.0154631227938123,0.00369164244038915,0.00240823559734229,0.00461137655262666,0.0133034384340141
"gauss_indep",167,331,0.150593060365036,0.0384224306412184,0.107674559587234,0.218290747324054,0.241922552173563,0.0935284105406116,0.176194849234429,0.491580804241253,0.00214803205246263,0.000859249025822837,0.00307698450642317,0.0154408385798342,0.0048712123365686,0.00284037421306386,0.00533144630641295,0.0119544678760487
"gauss_indep",168,370,0.125621057768372,0.0263302352360186,0.0902985781629784,0.132117597228642,0.317707978527229,0.176033841872899,0.231849983707159,0.609077926882759,0.00160155807767638,0.000542954994289068,0.00232335326798177,0.0128419766804845,0.00398966913969298,0.00338408223503401,0.00552974548604704,0.0121808192927298
"gauss_indep",169,262,0.151304936118119,0.0363951577963961,0.108529749711362,0.240404770557594,0.375360560200223,0.248938263367965,0.276066621127887,0.702752816773571,0.00225057452313224,0.000837884304741939,0.00299526963592845,0.0144822373669197,0.00606391298790895,0.00600050075131975,0.00669729622469413,0.010491673201312
"gauss_indep",17,191,0.155001860267898,0.0553914026715917,0.118415313401297,0.249180569728992,0.604625191290491,0.629343905970879,0.426276230121263,0.909606132964771,0.00276715615721615,0.00104316056364255,0.00375452427983501,0.0259058515717259,0.0130949188607333,0.0187115739440947,0.0192604887609124,0.0270568472211187
"gauss_indep",170,287,0.163455171228971,0.0400429152600655,0.113877604527682,0.261664118062265,0.388603224592319,0.261989250968906,0.282348105948229,0.712219831283721,0.00209013661876787,0.000765482913487435,0.00334348843873536,0.0159609615269312,0.00492673234447598,0.00525938999448402,0.0071517168593149,0.0109070598650833
"gauss_indep",171,423,0.179530230895321,0.0513123989979728,0.125015392693646,0.299150898692792,0.264918912076769,0.141447254890551,0.211872586451208,0.60032731821863,0.00240873419611072,0.00111514399273195,0.00355692117968972,0.0143189882455364,0.00615249547000268,0.00413109178959734,0.00702115898187742,0.0117381286877702
"gauss_indep",172,414,0.210796724695061,0.0757932024516066,0.151322216532586,0.394410948321554,0.267800123391611,0.124031793811514,0.219679343225365,0.635552183226078,0.00343329502054408,0.00174236272290321,0.0045599163995689,0.0139224499730771,0.00849909005376117,0.00562756917936195,0.0102220048734334,0.0139579338433321
"gauss_indep",173,391,0.233672266239252,0.085717300110262,0.167159316651246,0.457613464951087,0.437182245046118,0.418177652943185,0.346332889043272,0.82904683156082,0.00469685054066697,0.00264594661680136,0.00449651659328779,0.0108772613623163,0.00880613004216543,0.0104826297832361,0.00980629974770869,0.0114941846807038
"gauss_indep",177,202,0.350697677467568,0.217900541024722,0.257560433848777,0.67496014938175,0.197408636942678,0.0648543467796647,0.142813547242226,0.37304808750281,0.0060840482996974,0.00488963899689525,0.00778789643708216,0.0197476277575186,0.00237390944502665,0.00111202861480564,0.0030832848116016,0.0100825172162658
"gauss_indep",179,284,0.198694657132539,0.0659757386916986,0.141293922404573,0.360949627817833,0.274860192357853,0.129019369690413,0.199945408302233,0.540725473702418,0.00308408880045716,0.00142862373702986,0.00512569576611722,0.0181185089874219,0.00307474483960776,0.00181617198668402,0.00334238330548624,0.00870639382938812
"gauss_indep",18,976,0.0518220413766315,0.00753795840688228,0.0411047279915256,-0.285487579494855,0.508635402404459,0.456905217036247,0.366608613148998,0.828314911629812,0.00120132921660664,0.000190315247400476,0.00125392467741,0.013503130476892,0.00967501373586632,0.0124253235725847,0.0112706830662818,0.0163599717052133
"gauss_indep",180,627,0.181436798694887,0.0561841928897697,0.131274365548302,0.325796496990226,0.390486112914498,0.257764995965264,0.283394049814793,0.718563139865681,0.00332883463813451,0.00152784605965901,0.00374372725988558,0.0160358874507561,0.00443960714805591,0.00363572204716005,0.004761537159796,0.00920272209784832
"gauss_indep",181,204,0.266405598967818,0.119874791687198,0.193230726256345,0.532112056148057,0.495092356729596,0.474729029610887,0.376909836462075,0.870275541063306,0.0038904717199626,0.00259910912492782,0.00526951259908601,0.0213393158573259,0.0081255810045893,0.00939684122913884,0.0113139591330285,0.016193550714496
"gauss_indep",187,128,0.102914369726879,0.0202017570181506,0.0754097153357684,0.0704405745112554,0.585969878756818,0.546556943180662,0.403064175484008,0.868602067504265,0.00253854360875632,0.000650098406390032,0.00285583235817513,0.0176811009556333,0.0103530004452226,0.0138102916904589,0.0102035052535915,0.0151029736827336
"gauss_indep",188,260,0.0837505696211401,0.0122822636470402,0.0676010117607113,0.0378381112246978,0.426586222915519,0.318848127576769,0.314965426821014,0.768766140723663,0.00220160315378832,0.000478082515822338,0.00260539448823761,0.0116593596428391,0.00629577903050422,0.00757871968719728,0.0079791217395562,0.0148923093790434
"gauss_indep",189,346,0.170361567017442,0.0584968103392155,0.132314808862178,0.342391931509059,0.282014862790381,0.141176535322092,0.208416341558324,0.561261973750237,0.00290313340397038,0.00114526150105122,0.0038978463298803,0.0111371680005545,0.0038200165007952,0.0028123559671551,0.00514894100849676,0.0118044162895652
"gauss_indep",190,452,0.249941900413597,0.118670741341619,0.184410612570082,0.500872372569972,0.238693501828917,0.101974219727641,0.174298396527391,0.476485959612818,0.00519490920265116,0.0029167843969638,0.00523102583387223,0.0135559038251376,0.00364827425388401,0.00217366290960673,0.00416511278218315,0.0114578306909654
"gauss_indep",191,616,0.220165009115704,0.0839210478160402,0.16105691832769,0.439152329424473,0.178944650776742,0.0549230044685163,0.130972584376933,0.33561261609777,0.00350529859159309,0.00197081964125691,0.00402363137200031,0.0113356606896089,0.00237076300416716,0.00124330347972519,0.00340678433623857,0.0107841405687269
"gauss_indep",192,351,0.273137734936598,0.113460854790264,0.191836875376419,0.522984895441996,0.205713816922717,0.0705363086229615,0.147505027061412,0.388837011247253,0.00349517649168597,0.00206686982351078,0.00400518088135752,0.0110658706257151,0.00221372222054414,0.00111692539670108,0.00369916952087063,0.011976988488758
"gauss_indep",197,273,0.152944869601043,0.0448834938424742,0.110862968292127,0.218203203002584,0.208374401664804,0.0789056180683646,0.154867860675244,0.413534845955707,0.00253694342819173,0.00101143989023253,0.00381346594708375,0.0155228863008352,0.00329562320928,0.00166888991603466,0.00381297433952967,0.0132511819576159
"gauss_indep",198,400,0.151132197437626,0.0416048705274906,0.110983825507552,0.241187275908186,0.187598168303164,0.0623162821311198,0.135712625965152,0.342626139821943,0.00223918421989314,0.000899270748046685,0.00288727495710256,0.0135532304570739,0.00237260857846051,0.00112009540949819,0.00300855001422159,0.00941196350491072
"gauss_indep",199,434,0.196640615864267,0.0592852418824069,0.138408951212634,0.360005596939444,0.203653067338179,0.074189910088196,0.145766395955212,0.37672505756813,0.00296761481317832,0.00138984313601476,0.00298437533190277,0.0136441914331423,0.00267298465811583,0.00136678107383171,0.00373491963200518,0.0128525010807519
"gauss_indep",200,474,0.135199981042102,0.0357728217449931,0.101187643844791,0.193266680388012,0.24467535473581,0.105239517041298,0.175665627934301,0.470096401897325,0.00232300013880014,0.000746809320690226,0.00264297914800843,0.0127731392093641,0.00311690090143751,0.00211546210081787,0.00450376556773392,0.0134968748494282
"gauss_indep",201,442,0.109584991958256,0.0202205814344555,0.0802928902751663,0.0933141936175897,0.347676738267738,0.216439550099247,0.252011642374018,0.653848472031438,0.00195249195586118,0.000504758271816494,0.00252874594096956,0.0130188982359871,0.0032945852332435,0.00330347943296442,0.00491745724343443,0.0136409694690288
"gauss_indep",202,407,0.111675979233797,0.0231807070625918,0.0815233751334085,0.0914602149183831,0.298112087404579,0.156186831126557,0.216348542036809,0.576161534100532,0.00166661459645827,0.000478489857049763,0.00198440451919671,0.0117548143208524,0.00302609703203206,0.00256452670380044,0.00476864892295355,0.0109794847402733
"gauss_indep",203,459,0.0909073883833261,0.0133809675269119,0.0657555109631216,-0.00895634748872558,0.377230528704139,0.239750978079514,0.266451441406386,0.675894850002806,0.00132181642628325,0.000295047448225841,0.00169689708515914,0.0108543767862007,0.0035747160430137,0.00365432939228718,0.00551465164847974,0.012862755969225
"gauss_indep",204,422,0.101539749598165,0.0173472746929884,0.0737497069172079,0.0457458771395257,0.378882230655567,0.239006209947783,0.274298618343467,0.697696392136072,0.0010984092111522,0.00025334259781881,0.00164862783687815,0.00988220389166926,0.00397648831786447,0.00360121774124251,0.00546845271456495,0.0108782872949538
"gauss_indep",205,492,0.120010975163305,0.0231124461028439,0.0852688265354823,0.118380899864919,0.48763407621197,0.416467770657423,0.356185720538908,0.839930331461841,0.00110800954937774,0.00029992463742687,0.0015465324420888,0.00993275120159833,0.00381337803271396,0.0042366117644376,0.00479854930943519,0.00991152500364015
"gauss_indep",206,415,0.14048160470052,0.0307166540618876,0.0990824532742651,0.19252425670365,0.454330081974639,0.378381459821141,0.333163093389203,0.796986970467047,0.00119945564838737,0.00034772145721151,0.00184918162817441,0.0106864095710604,0.0040138954103792,0.00420009401135272,0.00543592719366078,0.0101337302663825
"gauss_indep",207,482,0.149072180223893,0.0397388700178347,0.109008806850065,0.233574593907456,0.537454878235426,0.501322016014426,0.391986613894802,0.889032466581424,0.00197579828851972,0.000706004180412145,0.00243224038710415,0.0111911847097882,0.00550804873075578,0.00704523557842925,0.00767560362596436,0.0120002700799227
"gauss_indep",208,551,0.178195907573496,0.0547564064204765,0.131643321873939,0.344400568650005,0.58227533500952,0.594748912911641,0.425276748190711,0.924813351217887,0.00340174698664434,0.00132303464641908,0.00345829908116325,0.0133057574239894,0.00668048749124122,0.00821258350433372,0.00847294090212776,0.0121932447985041
"gauss_indep",209,462,0.261329076022298,0.12777387186642,0.19319572300225,0.524689266139703,0.727912019476261,1.05051877839413,0.54775098126707,1.04944414076578,0.00422559540559,0.00266407701220895,0.00473766244258652,0.0116665768322755,0.00925630032948848,0.015337061745738,0.014998136596942,0.0151982239053741
"gauss_indep",210,259,0.488912043073405,0.527936028736209,0.371349585556418,0.837029360907824,1.03259669346922,2.51190620306844,0.786275697639891,1.22381170159091,0.00805775252080422,0.00969516365326106,0.00828642576449495,0.0128871150776219,0.0180857835076319,0.0342405693846819,0.020066793133934,0.0140166258961375
"gauss_indep",215,254,0.121812930123164,0.0294842706180607,0.092547929044234,0.158437770464243,0.204205070818348,0.0675945536731677,0.146652508352299,0.393219043129568,0.00282036067545161,0.000823709126419393,0.00336366941364775,0.0150634368744527,0.00259881633637616,0.00137407165405966,0.00371058743519956,0.011549542069037
"gauss_indep",216,431,0.173591633450251,0.0575994555366363,0.128934308569685,0.326994261932761,0.277432598385154,0.128069068576048,0.198852759758155,0.54118309973122,0.00262819342399578,0.00104477100785303,0.00337348746081096,0.0146085761617497,0.00332194331288276,0.0019351766008396,0.00381088603035431,0.0107413063055638
"gauss_indep",217,400,0.16216493242123,0.0456487313705742,0.116175415631624,0.265374935522053,0.292784157318935,0.130305956056399,0.205694591657218,0.560549940178267,0.00265998864607665,0.000982014329950106,0.00284602470968169,0.0119355072255545,0.00317114539778209,0.0020444028847401,0.0041942613826399,0.00958935713381959
"gauss_indep",218,312,0.196311916419345,0.0641157780495268,0.142133089564611,0.374234026064507,0.3393591332791,0.200181735464252,0.246987636311211,0.646790114314184,0.00326252819310167,0.0016733551748508,0.00465968576678457,0.0141436955071272,0.00364725067277099,0.00287470682803829,0.00491777549859577,0.00982846781097764
"gauss_indep",219,226,0.484120970796834,0.467974519705636,0.358301281197972,0.834533388051643,0.381910833511871,0.275995992261271,0.281683073507093,0.72051107551794,0.00740244861692396,0.00698581077203207,0.00887257043442603,0.0194939016196778,0.00446314731183985,0.00393777135172315,0.00616009027926603,0.00937325825412227
"gauss_indep",223,173,0.132455760193748,0.0329947948898801,0.0979705545024172,0.176621446232472,0.317306182086144,0.159582437227617,0.237074437912654,0.652467092098454,0.00206298731145415,0.000623109693463225,0.00194951936925564,0.0124262411963748,0.00636195507109812,0.00507453450666246,0.00760876868803389,0.01166522524556
"gauss_indep",224,276,0.127885143779468,0.0291517232301977,0.0936535884911305,0.169167795695385,0.400900416313065,0.335903574738377,0.298261686203173,0.731398761687401,0.00186226422507701,0.000548655549664243,0.00224096664894489,0.0123592040069062,0.00467774899845244,0.00488380451055755,0.0065244306609797,0.0125579810891194
"gauss_indep",225,373,0.158052857751898,0.0428455387653867,0.112743943834928,0.242331757701527,0.289257613368393,0.138558819443855,0.208160213351866,0.566714988172418,0.00297145577713093,0.00115894932773916,0.00360576211998789,0.0161505738953643,0.0049149587398521,0.00322051285600974,0.0059904940637039,0.0116305172055546
"gauss_indep",226,385,0.180240584623236,0.0531096320147548,0.128192421569432,0.317157468161613,0.304205235220685,0.184445228365166,0.224647732067792,0.591658015134668,0.00363209075517611,0.00159718153856856,0.00453996350557306,0.0169021851272756,0.00389211945626311,0.00326660936769061,0.00516042030847633,0.0117601330160611
"gauss_indep",227,409,0.146824794989635,0.0384456437005666,0.110069391641707,0.248171808477445,0.339521344989728,0.25361007272764,0.251803761318653,0.65114175358542,0.00289570028622046,0.000987765421313456,0.00398577517346434,0.015135983681184,0.0032192945428094,0.00336963740911671,0.00476825534485575,0.0141399512935903
"gauss_indep",228,339,0.208387889939812,0.0751780447737241,0.150823596497273,0.396298923456213,0.333211802364016,0.170539054117285,0.231206111916223,0.611847959221933,0.00298293976549272,0.00140846012153316,0.00361871645893098,0.0138426745297267,0.00452900955537178,0.00372030258091881,0.00563148976536236,0.0132395429962907
"gauss_indep",229,293,0.176702968929243,0.0539598856357019,0.128573851081149,0.320692864160649,0.399202826009589,0.267358285449776,0.285729201342977,0.717163277329669,0.002967572909323,0.00130614986296096,0.00383881467268191,0.0158292622703935,0.00462346643980189,0.00465962130676864,0.00637201806167366,0.0117601598471507
"gauss_indep",230,120,0.160024242344043,0.0391782721137465,0.109195027883803,0.225378822206527,0.475354015003559,0.364779869066531,0.33382365274965,0.792244451177162,0.00244522360933487,0.000859902274165387,0.00203072530000719,0.00996530877462375,0.00505583196557716,0.00570989264616646,0.00604915421562331,0.0105759442654348
"gauss_indep",233,223,0.186079492589275,0.0692839696658533,0.141256893530706,0.363988989500222,0.347029016552593,0.209170291298969,0.25162238433701,0.657491643740308,0.00200858229464575,0.000847760293193065,0.00373376853865005,0.0176935949068671,0.00250214194461274,0.00196446329443896,0.00401606840662466,0.0109995745590345
"gauss_indep",234,491,0.121517754744286,0.02555222031245,0.0895670772154411,0.144547981926364,0.284044632495276,0.130668001085872,0.20364478373122,0.552996848252041,0.00220876132942524,0.000650784249881262,0.00271375504197452,0.0130786850576982,0.00192871610935408,0.00145128631632011,0.00316179310292438,0.00785833925892239
"gauss_indep",235,475,0.139692368985757,0.0344287247159009,0.10210368772908,0.20225846145729,0.217603540324976,0.0785148923041501,0.161548584163707,0.453946022011166,0.00207221507416743,0.000736971943842489,0.002701014295984,0.0123470001154049,0.00220146773580586,0.00133771777777521,0.00314116883426511,0.00721140073610997
"gauss_indep",236,315,0.170464542184068,0.0536371473855117,0.124126517469694,0.285082803346246,0.274706291350551,0.130588251874845,0.199767866366849,0.542107039182506,0.00251308293731941,0.00115426507783035,0.00330760850708079,0.016587562497099,0.00263645552301741,0.00207206481911703,0.00472156255725823,0.00972235277126589
"gauss_indep",237,413,0.13449664636644,0.030368442024995,0.0967857994776989,0.170757516971275,0.203727592808129,0.0731578237224407,0.157130426071896,0.448191357425632,0.00220270268313085,0.000720343269579232,0.0024049308294443,0.0138320597535828,0.00310279340806274,0.00178857960601663,0.00377599709907791,0.00804726792420702
"gauss_indep",238,436,0.0993994469976129,0.0187264190384066,0.0731082399131643,0.0381374953239428,0.197751343336857,0.0665382635035311,0.144813552784846,0.399297896387367,0.00169644924828964,0.000454472608109051,0.0020969464320697,0.0133137880402749,0.00297489464471968,0.00143611115842852,0.00406971739780874,0.00920648234827852
"gauss_indep",239,320,0.0886002458303452,0.0151491930015072,0.065969969021766,-0.0232005996906679,0.226097924109526,0.108153517523305,0.169865879730873,0.454690369766042,0.00159915361100667,0.000360880185088638,0.00212591959489055,0.0145407657185287,0.00382755261452486,0.00260209445584317,0.00487001862841102,0.0115040786342174
"gauss_indep",240,434,0.0887597125551976,0.0142360926124529,0.0647658094401713,-0.0293772892859387,0.205577206609343,0.0937534884328121,0.161270647975279,0.446204349068843,0.00118046292167782,0.000282579101982637,0.00169587035798264,0.0124036218689665,0.00215059737632287,0.00106053054604896,0.00343353762375561,0.00821558235773883
"gauss_indep",241,437,0.0898968037997216,0.0137771723913582,0.065834904882388,-0.0111984231263452,0.201880095362006,0.0697333526522961,0.154567383571354,0.446072376666066,0.00140499869492245,0.000303135264972265,0.00172135565864229,0.0125444046389617,0.00299941397061404,0.00145375694630221,0.0036048495453545,0.00816007949744288
"gauss_indep",242,298,0.0911167965189355,0.0140241414707074,0.0658961062868661,-0.0152433734114649,0.245316062462272,0.100937291212463,0.185679608538955,0.528659602553414,0.00126770677790039,0.000259523021251608,0.00167994219962705,0.0111164767959632,0.00387378759071715,0.00250076116060289,0.00445734055877808,0.00856077772372694
"gauss_indep",243,322,0.0934897210756663,0.0165608054100301,0.0696211645418812,0.0125592976569309,0.292402094938226,0.139167483626401,0.216621313828646,0.608711000933881,0.00153238138318539,0.000351929356935777,0.00155146487493936,0.010542732151961,0.00386811397027386,0.00285795479352417,0.00507990364419074,0.00801028450466944
"gauss_indep",244,394,0.105338548799869,0.0199438186961657,0.0794494085195469,0.0890971390313036,0.416788822392974,0.263717068101659,0.30287765393111,0.775420290158496,0.00223767161936557,0.000645719545148566,0.00289891553151976,0.0155253621254539,0.00512299703278833,0.00528342402304002,0.00849953836579894,0.0096435084666586
"gauss_indep",245,395,0.0968251172861569,0.0175710906844831,0.0761029951136338,0.0803355939929176,0.671354582158478,0.660188092670723,0.463360539982206,0.970516845241399,0.00272910718454694,0.000627994467458528,0.00285528858878494,0.0133899017429418,0.00659075946050908,0.0107194826033585,0.0121896374147648,0.0114244197845831
"gauss_indep",246,195,0.0894693198777727,0.0282373168187006,0.0741162742894876,0.079216486743803,0.936566495375924,1.7568543221654,0.699040903691957,1.14374600259233,0.00213231511723724,0.000542781604829841,0.00219908714337442,0.0134559080436743,0.00662166028162439,0.0138084698850843,0.0111131275906181,0.0130930858866649
"gauss_indep",250,139,0.0816915390796839,0.0114787772291744,0.0563274702337646,-0.0133870125789013,0.203242740642029,0.0848826740251153,0.149286799511968,0.406835869407201,0.00111692612783304,0.000246659102070551,0.00143693401306914,0.011574397117999,0.00186103516081206,0.000873121645014997,0.00265862168423971,0.00913191580301491
"gauss_indep",251,392,0.0776653682072816,0.009626780145829,0.0558644184018913,-0.0926878395189035,0.232403535349679,0.0817526811089804,0.164530875310259,0.44965560010554,0.00200110283109617,0.000393221597767406,0.00220208265301571,0.0164215639870599,0.0026573714678584,0.00143313577034141,0.00348658267288318,0.00886836963044332
"gauss_indep",252,289,0.0860315616359614,0.0122678154961073,0.0630001289702586,-0.0300591033472452,0.348325405451101,0.176458887154646,0.239712376436498,0.632367376394268,0.00243563695291306,0.000514327200775172,0.00263219367475263,0.0162120682950699,0.00225886799488069,0.00203312300987956,0.00402478505274408,0.00880611097529487
"gauss_indep",253,331,0.0997230376398327,0.0160193275295311,0.0761003735087172,0.0938100870504319,0.423787769747538,0.264075197601531,0.291362752747497,0.730888290106811,0.00341081536351817,0.000815475892491204,0.00390562732074982,0.0151968863250398,0.0030584814772016,0.00294738908519269,0.00457348499133635,0.00836679084683467
"gauss_indep",254,322,0.267930273031529,0.202554468113505,0.207286535918388,0.542334782326367,0.491360923678518,0.456300464149484,0.357418933862303,0.830956978129673,0.00507477565099778,0.00335093090425788,0.00517046329308094,0.0165786127634451,0.00466481582804741,0.00480101798582444,0.00610775703878763,0.00856343646533898
"gauss_indep",255,104,0.234730064484015,0.106289603195329,0.1837041704897,0.5066234722483,0.534843251777324,0.616317321431776,0.402225170806983,0.881168143877177,0.00549384492389468,0.0033261808280514,0.00568071933061624,0.0121056246096694,0.00483559675203723,0.00901435954796888,0.00792416439784596,0.0107914965861653
"gauss_indep",257,125,0.10889811511577,0.0200961168811673,0.0770864446180312,0.0645760264952727,0.619254211601263,0.60981445578651,0.434531472423275,0.930534397104221,0.00236360469380888,0.000498900997320048,0.00197978725565816,0.0152136628823971,0.00701745258954718,0.0103368223728461,0.0122883543083791,0.0150613697605529
"gauss_indep",258,174,0.0985268235528032,0.0207077501525196,0.0754652406340512,0.0499233942252941,0.40916409849901,0.290937733417001,0.30048932030299,0.750495027907873,0.00229716258735476,0.000534960669910866,0.00217061119344508,0.0140520357830497,0.00698905641081042,0.00795015801897874,0.00795167809885359,0.0106196997475344
"gauss_indep",259,317,0.0911910100834442,0.0143766480002572,0.0675866986305139,0.00236601208882005,0.397413834961156,0.267457574475671,0.286369635199359,0.723299626421953,0.00170856070324824,0.000347058600974497,0.00182108823453009,0.0126776296612575,0.00463648754767648,0.00484554525928155,0.00742989814219882,0.0118469035203937
"gauss_indep",26,263,0.0569749197451037,0.00672716317590704,0.0480468955881766,-0.138982048513641,0.326115906450016,0.177012087104181,0.232382794571576,0.608225864796862,0.0027092709604014,0.000377011208327482,0.00254978432004578,0.0162648337036472,0.00709315641491489,0.00592132403477801,0.00824256401089586,0.0168194606130403
"gauss_indep",260,320,0.120093542548585,0.0246215620244949,0.0865075879307215,0.117493435723833,0.480337229234192,0.42551042011121,0.347374217827762,0.820380815296917,0.0025610905148734,0.000750485339355049,0.00329160012840843,0.0181655048357587,0.00611424533776986,0.00634484445262123,0.00761594700014499,0.0132606830706995
"gauss_indep",261,327,0.14598180120422,0.0358787686250305,0.104520075400181,0.213998740643614,0.488390091203213,0.417912561192851,0.353545886087892,0.824628723884121,0.00266860775546914,0.000906996325908413,0.00371505656218455,0.0190052332787941,0.00604364250012182,0.00629662543958909,0.00955511981062213,0.0168046110646595
"gauss_indep",262,319,0.156238108543363,0.0399964127598913,0.109647762958182,0.228726352044365,0.4354601402385,0.309579357699137,0.307384800816103,0.750099275274354,0.00281187998499443,0.00112341833706458,0.00307746126204361,0.0155502811669921,0.00885641755915201,0.00959520820895091,0.0116039253298597,0.0187118135120556
"gauss_indep",263,393,0.146469648443495,0.0348125555093878,0.1037617146749,0.213039746723384,0.507783704858731,0.387233309434257,0.35625841962279,0.83526859060203,0.00269583837162211,0.000981607967880412,0.00309562713645077,0.0148515268907997,0.00922607191574078,0.0114952554483863,0.0109363383101284,0.0169398643213806
"gauss_indep",264,339,0.0918631568569638,0.0148273936327836,0.069776151724014,0.0251493930729015,0.52501668923725,0.453586266764723,0.376444547282985,0.858792938136915,0.00145159820725706,0.000297648997192227,0.0019465203170805,0.0110328552892672,0.00675930601391514,0.00828948042142453,0.00853402779275492,0.013316714127516
"gauss_indep",268,358,0.13830203690385,0.0330664836782685,0.0995105133399752,0.194727446418297,0.420396178006327,0.277774760831058,0.294708003355854,0.733991625847301,0.00166151189349235,0.000550764179179171,0.0018553954845635,0.0101832396806656,0.00323851700149243,0.00323268551662695,0.00446270468541294,0.00929725477988384
"gauss_indep",269,366,0.121399848155183,0.0259437302016528,0.0881975012766838,0.133579004651122,0.445434224411064,0.30598911440577,0.312735004836696,0.763888223109563,0.00179547243103023,0.000503676096508627,0.0020465900585722,0.012588944825301,0.00491744870737823,0.00504319313299611,0.00629384335018772,0.0108730616102095
"gauss_indep",270,422,0.129775926460271,0.0314857211916039,0.0953815494929218,0.172182220608708,0.480699804843177,0.414073732136213,0.35324704544067,0.832251738122967,0.00221686602022868,0.000617023801355965,0.00258043837202777,0.0142289293438283,0.0035931481702464,0.00401055178836924,0.00602564955077278,0.0101857952223128
"gauss_indep",271,398,0.109354320416221,0.0202784557785807,0.0789786045580314,0.0732169436469605,0.476749861597488,0.384954261617207,0.345241907600578,0.82213951154883,0.00210197549022412,0.00056315721043819,0.00248242805442994,0.0141578534957219,0.00368456406835464,0.00398205006578929,0.0055552871538994,0.0110198176443678
"gauss_indep",272,395,0.14655310258921,0.0375529280151153,0.107324131202682,0.239183390808694,0.384886773556916,0.283369793611121,0.278402269875369,0.69655445694408,0.00211561827306645,0.000759767484730568,0.00264194810026547,0.0175848643739398,0.00364505042634876,0.0039282882125966,0.00636737503157976,0.0115824331919098
"gauss_indep",273,301,0.128972109673359,0.0269096376592646,0.0906353864307564,0.139644555229336,0.426326434453502,0.34855788554521,0.320720464748612,0.790486159306755,0.00221560280872376,0.000693095062851766,0.00255146912809502,0.0173091934244594,0.00423783005136405,0.00598766430866327,0.0055849885113232,0.0133051942296802
"gauss_indep",274,264,0.114632279462218,0.0233256180484582,0.0846197531083395,0.113467027647997,0.369778849693837,0.239828770940583,0.265181178477603,0.683691647316713,0.00181130566085514,0.000514354378851325,0.00242017196203755,0.0181208322966355,0.00322084368925319,0.00332328770024882,0.00490249280656929,0.0114862891283159
"gauss_indep",275,230,0.111169220305608,0.0221675422239443,0.0814040679727782,0.077360627471422,0.359033910265928,0.217288469685078,0.256759475832017,0.661541884745985,0.00296369054745791,0.000823840413084735,0.00278084224692021,0.0171458619225462,0.00674433299061843,0.0069957870946769,0.00735463203801495,0.0137084845156046
"gauss_indep",276,254,0.108100389818751,0.0186267664912036,0.0761102269080299,0.05169339817713,0.325914378543495,0.168994811198046,0.231160643290509,0.617897842951541,0.00225427502953059,0.000520700318778962,0.00274959295963919,0.0181854060751249,0.00350764761547669,0.00315465705249746,0.00551461555999222,0.0106911781083618
"gauss_indep",277,372,0.0676870922854726,0.00735044136466919,0.0494512946022628,-0.144564319698347,0.317301059228672,0.151260167243342,0.222195876230196,0.605626166232659,0.0016877567642105,0.00029495876125834,0.0019926054111598,0.0136362633850355,0.00243830486493558,0.00195206026209419,0.00490512587463967,0.00858606840957124
"gauss_indep",278,354,0.0694377394243652,0.00813402295309795,0.050066775312162,-0.158982018836491,0.421569719889325,0.274195192214401,0.2967681919728,0.743221999851784,0.00183378678907059,0.000324474199982311,0.00166567182589649,0.0152531625029792,0.00286837910238198,0.00293320165624737,0.0052375086382434,0.00804095125026921
"gauss_indep",279,399,0.0841262645652211,0.0114653069644579,0.0593602308187496,-0.0709356587258682,0.592187448593706,0.525224118478774,0.410243249761332,0.901943688884125,0.00181424151698203,0.000362463544620382,0.0021534984545322,0.0189730016164934,0.00464360426496699,0.00648860610653645,0.00699114490091776,0.00869233629472814
"gauss_indep",28,161,0.111502719697874,0.0227682698620208,0.0834813378081909,0.12857790078334,0.424324448685288,0.260504442699425,0.296719415157058,0.75167695823256,0.0025543122177123,0.000743742497897464,0.00296445994875792,0.0248018867277261,0.00735429958588904,0.00758717671891937,0.0116476591211354,0.0247810959446513
"gauss_indep",280,153,0.123941767029678,0.0235982651195765,0.0866289125583196,0.145922673386993,1.11035220526736,2.26087334865477,0.790036439023818,1.21576126655628,0.00271783666359446,0.000760151061310028,0.00236020071597254,0.0141636554693626,0.0188094389558191,0.0573580301799636,0.0235951656254615,0.0190722571203184
"gauss_indep",283,151,0.135991702696036,0.0328776871391053,0.100794158623074,0.217165702262786,0.328851101252432,0.179835396291291,0.238041546676309,0.637985685164709,0.00388635638286962,0.00137431870991823,0.00405668897387747,0.0170826511231894,0.00434320800441949,0.00484612915797152,0.00623087230235083,0.00971401322192485
"gauss_indep",284,411,0.122955095535338,0.026882014043888,0.0901282914223517,0.150883353006299,0.367895648984151,0.20820917015329,0.260791014370384,0.68834607290361,0.00301740386246855,0.000787377832528506,0.00360787531371863,0.0197473917831561,0.00387269883706705,0.00293984411942012,0.00508877434390656,0.0075170883988203
"gauss_indep",285,282,0.0773985336043005,0.0104496716432282,0.0574306696430006,-0.0707893709633692,0.415652668542199,0.289358410507888,0.301242414652197,0.747276236860114,0.00195044627615949,0.000366695331034355,0.00218801843137519,0.0149769089697409,0.00326356312773516,0.0034392053718784,0.00649405300805545,0.010415055071428
"gauss_indep",286,302,0.0784856105682525,0.0101099862603433,0.0563584411937126,-0.0909784242417688,0.430921803892213,0.285127332119339,0.299779223728191,0.746421086505992,0.00142790458418743,0.000250938126525039,0.00192542168852914,0.0180236238480883,0.00279065357693238,0.00347498499103798,0.00471058310268115,0.00753252790717684
"gauss_indep",287,437,0.0898884319855134,0.0129022195544956,0.0641701727016962,-0.0234984146503049,0.465507246720346,0.330436169303108,0.324739466265796,0.7853862978383,0.00198966653986117,0.000414794271435559,0.00218277533462223,0.0158447183504371,0.00270377521891985,0.00305401407290555,0.00478447393791325,0.00719635688663929
"gauss_indep",290,320,0.0675061672710308,0.00860759749723358,0.051651684391339,-0.124804646181194,0.728343471836821,0.832686038870591,0.513247537881781,1.01230917914757,0.00142544033762955,0.000242602990394451,0.00197085041538476,0.0154738461065901,0.016227636167345,0.0280370860566368,0.0173552132376625,0.0145725755243882
"gauss_indep",291,272,0.112039383395577,0.0274432433737629,0.0859115334655765,0.122123052912,0.703180811549565,0.806406105574225,0.495670929395692,0.999871479596765,0.00174951597607113,0.000455564697209234,0.00250892286101822,0.0195088178577424,0.00954676283076711,0.0138249080055958,0.0125782990955386,0.0141939399578472
"gauss_indep",292,309,0.0934913307489436,0.0146491217516269,0.0682422078875281,0.00494893990348816,0.677265805884273,0.720850712573019,0.482378405395333,0.987593214538288,0.00159807866819147,0.000350159258974752,0.00213709661800988,0.0148186859121434,0.00994021924943226,0.0160429253637163,0.0111585663136517,0.013522438214046
"gauss_indep",293,281,0.105900047027377,0.0180115384555162,0.0745569991261133,0.0454138109064574,0.642136161510977,0.645122208155045,0.455344891118193,0.951897927141489,0.00191304450652283,0.000478606305255412,0.00233344702056811,0.0165102433990813,0.00789431553548339,0.0120797534013215,0.0103523503120746,0.012790803931326
"gauss_indep",294,332,0.131963157342179,0.0294643126763746,0.0963058906925141,0.177571566397005,0.539040013780393,0.466780857647923,0.376724459043994,0.852517243264947,0.00247849045937956,0.000794676949651665,0.00371398861640447,0.0212817329597097,0.00815361889053556,0.00999187123747624,0.00989172358631892,0.012778706410091
"gauss_indep",295,380,0.146706676973458,0.0389968653232614,0.108959302610624,0.245654727479222,0.530951053407123,0.492764180394221,0.386141790520841,0.871753283340901,0.00271649196689945,0.000954670424249265,0.00345032935950869,0.0182935531142945,0.00886422200540125,0.0110733562516635,0.010968931231603,0.0148468599517469
"gauss_indep",296,390,0.0983030334570338,0.0183250866422207,0.0747454099993054,0.0508367258231773,0.500099965552068,0.41356504513658,0.361106251479761,0.835352530714108,0.00262837857852408,0.000593375581002403,0.00289879050740599,0.0151153332299795,0.00805376158672814,0.00995017794075566,0.0121538309118614,0.0147034458992396
"gauss_indep",300,249,0.104774553327501,0.0201531367142068,0.0772099260018781,0.0704246558266601,0.717290202723361,0.949017967025408,0.542099439474359,1.04924486096516,0.000943132921436207,0.000238033753332037,0.00149625129781803,0.0149994004114501,0.0142347576023324,0.0183021008414539,0.0156240985057671,0.0163846810182419
"gauss_indep",301,296,0.0709135701330404,0.00949847440335485,0.0543212407966531,-0.109692945860773,0.55386544949337,0.543524182594556,0.406348188364507,0.891582822172927,0.0016986630685439,0.000320386845667936,0.00183082857393461,0.0144684685334191,0.00975385285068151,0.0115381187444912,0.0128470099793054,0.0147371287040843
"gauss_indep",302,301,0.0954486630900697,0.0146507395358904,0.0671319577660797,-0.00917529302080267,0.542207977269003,0.472317309606922,0.383007922837927,0.866755619128398,0.00221852865859998,0.000504433472845134,0.00250279600143177,0.0167171009046234,0.00520516096146659,0.00661670558261963,0.0085754303289836,0.0105166994885171
"gauss_indep",303,260,0.102190314761121,0.0203115043419386,0.0744824144562696,0.0333722154658888,0.579089645395232,0.518921954780304,0.408915963487809,0.901225402194316,0.00232652666377776,0.000573202629945096,0.00219681178080554,0.0146724100577452,0.00499478790973632,0.0063675083470562,0.00760263809863341,0.00940274522219164
"gauss_indep",304,329,0.100485617533803,0.0210252432217298,0.076131309679633,0.0531617348399079,0.538845484016438,0.482463669742323,0.383479414438254,0.865358725631667,0.00199714965609261,0.000567214996720665,0.00301085995265078,0.0179451015246242,0.00474485871693743,0.00582386785446345,0.00619200655374004,0.00857442189171536
"gauss_indep",305,174,0.107175446516149,0.0196749744683174,0.076899199828756,0.0532441729676403,0.600009886104195,0.597063839116021,0.431247860603964,0.922040224868933,0.002526164009307,0.000616471414811813,0.00316807441159213,0.0184874960984147,0.00661298976080276,0.00901054571897412,0.00801182400154419,0.0108840247543826
"gauss_indep",306,189,0.157083205517831,0.0394667471682393,0.111910826023512,0.273547647496317,0.595502890403677,0.586078265066664,0.425483188832517,0.911481575317982,0.00239071663873998,0.000971375114703265,0.0034873841073173,0.0188559916957017,0.00620567632062201,0.00953913535142379,0.00997446105364742,0.0118045810446571
"gauss_indep",308,240,0.154867782850439,0.0373266072798659,0.109979855815505,0.254771088826519,0.552301849253248,0.479656807392083,0.385586729557904,0.864956504287036,0.00213708950371114,0.000848504670497174,0.00325745247101286,0.0217029007112179,0.00488192713241328,0.00641613090476593,0.00835211368901453,0.0115447355058641
"gauss_indep",309,253,0.129277835257707,0.0265994880709787,0.0913758005136194,0.166181684607123,0.532624324994171,0.492544562397771,0.391660872111929,0.880895300378374,0.00197572557109933,0.000645462788626539,0.00346534856720366,0.0234281264299582,0.00556434434767088,0.0062019927611059,0.00721327068056542,0.0101611778747302
"gauss_indep",310,246,0.0986050496093238,0.0155493150029104,0.0694889887722568,0.00775619343513693,0.485260935036236,0.387922071850666,0.348453235184793,0.829064638850062,0.00221438744416362,0.000526347240224311,0.00277906360977765,0.0223945893787352,0.00429411955583051,0.00565081796045432,0.00813756366545815,0.00968542012427472
"gauss_indep",311,282,0.103644602780427,0.017638054275693,0.0748430367765013,0.0539958974628865,0.514921815887057,0.406434638008936,0.364732209384017,0.861718026897478,0.00233033465785246,0.000535316501134977,0.0019663960690433,0.0145588151380631,0.00592134870545429,0.00859217179091392,0.00988670355290654,0.00946587889540507
"gauss_indep",315,378,0.170060645908616,0.0459292929487115,0.11949540953248,0.280466954960087,0.653819048752994,0.739773374260886,0.478051738891843,0.980956009785489,0.00372212053431381,0.00134723166881898,0.00373895710385955,0.0198714694957871,0.00771562470122511,0.0122488608716133,0.0105017324737637,0.0134501161636913
"gauss_indep",316,391,0.123794695337606,0.0253364749502246,0.0892521182194775,0.137007270788087,0.699263981572865,0.792139347639021,0.500499249426895,1.00677202025146,0.00233474979636008,0.000675311626401042,0.00264851541709721,0.0177867619844491,0.00582501782030773,0.0101087530661666,0.00794732103140739,0.0102945148232237
"gauss_indep",317,456,0.105079120125513,0.0181742184859736,0.0751971229525078,0.0481923342657787,0.543958069186919,0.468759489400633,0.383761232826393,0.867745032974163,0.00204130069136802,0.000520450611127289,0.00218762827242561,0.0162974172667023,0.00567246657047304,0.00795110669495058,0.0079745650697636,0.00997122201055721
"gauss_indep",318,416,0.112912615838417,0.0249496703606074,0.0857874163790292,0.130905636115794,0.565691398976792,0.517340273872211,0.405384184980519,0.898024636701804,0.0021001401557328,0.000525169958050281,0.00277141863993133,0.0185396672415689,0.00930402259854167,0.0116156376992657,0.0119964313752929,0.0144299447756972
"gauss_indep",319,321,0.0845758902550873,0.0126219202738208,0.0664420965704562,0.020423913799256,0.525574258970739,0.509721990012182,0.406327021507293,0.917051753364558,0.00297315838471292,0.000622834829655146,0.00339941663863805,0.0170405504422828,0.015666051427174,0.0186158596168623,0.0153026106251961,0.0126456736798647
"gauss_indep",32,761,0.182335480622012,0.0882903221470074,0.148096442027009,0.393889988389844,0.60331429121886,0.76230126098066,0.46077559017012,0.96134198271876,0.0040363041146575,0.00169538492456492,0.0045852551747676,0.0210787770646874,0.0157818767771657,0.0227037228887984,0.0175725923010091,0.0195860699879851
"gauss_indep",320,498,0.169997931728271,0.0627224407516275,0.130809634039293,0.350284926924681,1.34994200712415,3.33195905638393,0.984680375363172,1.36155415355025,0.0027202189042504,0.00112089796782383,0.00294017081243177,0.0196090501349204,0.0206938482199025,0.0638006899556245,0.0214756587552166,0.0181894144317816
"gauss_indep",321,416,0.14445156491653,0.0430493295704015,0.110848307565117,0.243065122462511,0.959999136669987,1.37991346724018,0.659481125635116,1.13671324471828,0.00292878135234106,0.000931818288499484,0.00286044436822439,0.0162141949546184,0.0167300895999405,0.0383279191980272,0.020984592781664,0.0177718749616836
"gauss_indep",322,379,0.236678694680956,0.124360649313832,0.186975753162831,0.558641759141884,1.09662719495031,2.1471329615839,0.811402965352485,1.26864111797106,0.00410917021445294,0.00230302437032644,0.00493188287278194,0.0247790880472274,0.0180819894271667,0.0489895202247384,0.0234849171052195,0.0219111594415877
"gauss_indep",323,292,0.244635977542941,0.117553939506641,0.189863502222284,0.569865358441865,1.07796588902335,1.86041364459655,0.777585239042439,1.24630035988294,0.00529344569974916,0.00286074342948738,0.00500434641073621,0.0223788923287971,0.024063463016553,0.0585971313423524,0.0234452572328995,0.0200141030263576
"gauss_indep",324,375,0.159851682303179,0.0473366089153767,0.11959412409552,0.312555473342687,0.812857236705943,1.0304332926463,0.572809983009664,1.07127260177619,0.00318001124484002,0.00110301664344934,0.00357735106584949,0.0229139793454316,0.0127702072453938,0.0241397981673003,0.0164328047765311,0.0180906217685825
"gauss_indep",325,469,0.122621969353634,0.0282466179206594,0.0925492425116386,0.172661238777233,0.708064755270948,0.77850466336099,0.496489637491933,0.995367987842977,0.00327503602592618,0.000996047338325643,0.00366299391942335,0.0201777033477228,0.0155332914052085,0.0244314960416988,0.0186066895490837,0.0184732277759794
"gauss_indep",326,596,0.132037296568439,0.0315510197173108,0.0958917858012652,0.182645601870574,0.546057430406901,0.515672744453686,0.398842583513603,0.897263010996967,0.00291200594913248,0.000840215327611581,0.00294841569366915,0.0180581701460093,0.0122447997926883,0.0150593436024554,0.0142228535158246,0.0173365028350803
"gauss_indep",327,502,0.110827303855332,0.0241089438857554,0.083229741005232,0.101339318482826,0.554411299060446,0.547639942908636,0.402569743868247,0.887484471142259,0.00256564399747758,0.000686280733925083,0.00273723615592019,0.0179756437110262,0.0098207947218969,0.0127355973541444,0.0126505120311628,0.0181745711029584
"gauss_indep",328,573,0.102450454409903,0.0171387126231909,0.0723900587279007,0.0275022497411449,0.524687936958695,0.461149095068509,0.376000967296255,0.853526279656186,0.00197346363668686,0.000502330745878594,0.00273866573295002,0.0192715484098071,0.00836117843577044,0.0111365408743835,0.0105038199250801,0.0142057963584141
"gauss_indep",329,362,0.108279404791064,0.0222847211668637,0.0812371293881645,0.0901280269431025,0.803061285953536,1.14084769158673,0.584742722426676,1.08409842785663,0.00226577226199079,0.000583095679454343,0.00273541574368859,0.017076816300411,0.0145487500738064,0.0282785359574597,0.0165344298523027,0.019872712391535
"gauss_indep",33,969,0.0537913014467671,0.0099228211236053,0.0488242036353261,-0.131431300142766,0.394660149800963,0.285234602414161,0.299126866919851,0.759868562651856,0.00253698728176847,0.000348052045377819,0.00237013222721499,0.014686449009523,0.0141718571080506,0.0137932241249141,0.0136531617944192,0.0153114969026791
"gauss_indep",330,573,0.102378110833627,0.0186481735912825,0.0751667338348336,0.0581944128894936,0.805490874499452,1.07463649019046,0.578954173639379,1.0698016053985,0.00176126447237466,0.000422093679077357,0.00222458528340923,0.0203838004895947,0.0122750973950386,0.0248924198442256,0.0153512938182806,0.0167226986804009
"gauss_indep",332,375,0.102357500598617,0.0178691736812658,0.0740757605487674,0.0388973006278232,0.703678799376351,0.778748544332663,0.496767000396137,0.9985006756401,0.00233593829652422,0.000574044439929662,0.0027382689286328,0.0191795876779562,0.00639391247854158,0.0101891910572898,0.00761751288450551,0.00926680245471924
"gauss_indep",333,431,0.100114453304148,0.0203541186890164,0.0759484534349166,0.049662940785296,0.651670307092444,0.719159778627636,0.466154367838526,0.965143634064735,0.00190209826379458,0.000453344690656302,0.00225691763529533,0.0196216334223967,0.00435391232329469,0.00722105933698676,0.00712366653308315,0.00993341206126704
"gauss_indep",334,392,0.0660724927823786,0.00945967944612241,0.0522594889467017,-0.125868716926443,0.596187175503022,0.57675167643416,0.426393463094379,0.922492555893232,0.00170490416372015,0.000256675064335294,0.00237381066458358,0.0201015629457252,0.00473392991372379,0.00674862238399809,0.00638784898771317,0.00841456804612956
"gauss_indep",335,308,0.0955029891339498,0.0190380871796754,0.0732453418222217,0.0355604290199362,0.541663506449817,0.47971117399904,0.386908598299156,0.874729005362861,0.00227874514101901,0.000474917897876677,0.00230223726664653,0.0184231171937325,0.00594100024068354,0.00707190010792267,0.00757453166701802,0.0108507035460273
"gauss_indep",336,181,0.0713669026653605,0.0136687739713865,0.0576382535869139,-0.0918980640815594,0.602837728466096,0.562096798799428,0.426441559778957,0.91887699308067,0.00168005969646219,0.000237280273565463,0.00225461559038582,0.0165059086661091,0.0105239623457694,0.0152619131490808,0.0113083929556736,0.0130246889329468
"gauss_indep",337,289,0.0470930959942578,0.00559892565884199,0.040970124456883,-0.230699590820366,0.668924221666801,0.739818724471189,0.474152855514271,0.972417921755062,0.00172541361283089,0.000185847823313927,0.00143697996189816,0.0122452005266656,0.00536077774751341,0.00748202390495318,0.00821089646003229,0.0105090923542211
"gauss_indep",338,346,0.0562908999677522,0.00822942518551121,0.0453191464362429,-0.184712683176198,0.737090538265146,0.851668393568401,0.518002607056366,1.02096733556914,0.00131447608833213,0.000227694072284404,0.00150202910430579,0.0198503932891615,0.00467611235814011,0.00791907408877194,0.00696865627618884,0.00819893598731933
"gauss_indep",339,302,0.0885841895326232,0.0187047122173329,0.0715899838018997,0.0343266313406598,0.688785289429467,0.951655618007163,0.512233337447418,1.01645691990663,0.0017894401669575,0.000351371205979353,0.00213745248383762,0.0165502701295433,0.00554551932506318,0.00990461788776871,0.0095514938037562,0.0117429337365074
"gauss_indep",34,492,0.0457322599138936,0.00395805795743788,0.035279031849821,-0.321276244725898,0.371110830116127,0.287801344933586,0.276427245089313,0.681104872626836,0.00158151435784582,0.0002021664778237,0.00185835499321138,0.0174902109010092,0.0087350941883697,0.0087720987836282,0.00932784078933329,0.0169241657712237
"gauss_indep",341,332,0.401194543190893,0.312146955382497,0.304466248634987,0.781177709592112,1.36930858144009,3.22829493979876,0.989522638390024,1.34870830052877,0.00553320181650596,0.00453362719267418,0.00640485667880984,0.0169749205626238,0.0242111816012712,0.0692842960796378,0.0269376575306451,0.0186922360972627
"gauss_indep",342,416,0.209453723070266,0.082548043409811,0.159574434036207,0.433830256934022,0.87719458722101,1.23603959206687,0.628578664767099,1.1177702883123,0.00453865827594405,0.002041592607251,0.00569840204687914,0.016861888633506,0.0125701586355819,0.0265105283515317,0.0170513178037195,0.0141645132490921
"gauss_indep",343,474,0.128547625745519,0.028593375577966,0.0921435205479541,0.144682081405825,0.725438947988142,0.833277022965761,0.509813434895945,1.0058338731092,0.00247136738933694,0.000834786643121624,0.00327476638348433,0.0216152025548278,0.0115462490461428,0.0197151906815655,0.0173844755719124,0.017253015802695
"gauss_indep",344,246,0.12131740173715,0.0241619554320115,0.0878969363829247,0.1433200460246,0.673741269237729,0.759749488567577,0.483637887601469,0.978256517891987,0.00272895856026808,0.000798901891825838,0.00313252025912792,0.0221055159351242,0.0106064767085899,0.0190564127296907,0.0133064523746116,0.0157327874703964
"gauss_indep",345,420,0.133558399724326,0.0281829135728449,0.092639412057892,0.140045201502101,0.64916682759445,0.669649915698166,0.459384771565571,0.955606858030191,0.00275529176591483,0.000889835811181429,0.00344506158044001,0.0184234425888965,0.0132227208476053,0.0203023983329022,0.0142634773312281,0.0136572865411328
"gauss_indep",346,596,0.199215039127149,0.0771123922420205,0.152137098617647,0.4412880020286,1.22407922099551,2.68869886893992,0.899765653370052,1.31290711864071,0.00310191397688689,0.00148601935509418,0.00420525058385985,0.0251258934367778,0.020525541990906,0.0579266898049689,0.0226226624278257,0.0189118314107014
"gauss_indep",347,361,0.0646178229304609,0.00797318747754685,0.0595317083484985,-0.00555731484829644,0.582369979863865,0.533602212940208,0.448752723995683,0.980574754629954,0.00315002830900875,0.000464016450277229,0.00319668448559415,0.0143196700003464,0.0206618807164404,0.0276418867857375,0.0209753649347351,0.0142746226743909
"gauss_indep",348,350,0.0391361296133915,0.00259799756557403,0.0540848022273359,-0.00391401048265997,0.516415594155138,0.432699445830429,0.3964378776086,0.917941643297277,0.00392087515188176,0.000372348116846059,0.00327835080238168,0.0128006418491465,0.0160539337406068,0.0190723748030265,0.0167736177930455,0.0148894263884358
"gauss_indep",349,343,0.0730732555936198,0.0119008035714957,0.0812671993248449,0.16259863734142,0.608688719848072,0.69168908800355,0.474445902547133,0.98615584282802,0.00557310155273065,0.000836508875939676,0.00484657433112525,0.0151232344130748,0.0225475234146076,0.0349518209015137,0.0218479359175642,0.0156651273786812
"gauss_indep",350,667,0.102738060823358,0.0285530261202082,0.0889240802707753,0.134715600874728,0.726158215875071,0.995969004834667,0.542253022398677,1.06729533958895,0.00377940471278215,0.000858821980438882,0.00380385754692889,0.0163703503602558,0.0169373278475708,0.0293446894001688,0.0180342923988852,0.018199328025428
"gauss_indep",351,345,0.10424549787126,0.0252632911728835,0.0792535195957101,0.0805804240122615,0.733229902546777,0.915946679493919,0.525387227675752,1.02943032242301,0.00286889511502022,0.000751764753924891,0.0024385188058843,0.0156046094302752,0.0166025117660439,0.0280182297029508,0.0172386561547401,0.0171278759890208
"gauss_indep",353,371,0.0777606849177779,0.0114721552467307,0.0577386402381643,-0.100650775576723,0.551053257534219,0.483202450433366,0.389635779727772,0.878040421138458,0.00210192787808902,0.000342901474678336,0.00199831456110032,0.02048423747349,0.0107522833500207,0.0137030137601979,0.0120513253947589,0.0190894289251907
"gauss_indep",354,499,0.100234446635832,0.020941859127504,0.0769248251429691,0.086774869477314,0.566038727661558,0.532481995051617,0.408091342598933,0.909691297631523,0.00220640980413958,0.00046270515514522,0.00238781039361487,0.0190358975308806,0.0125442799117635,0.0158202503652062,0.0136228858510738,0.0174041209048727
"gauss_indep",355,717,0.124053713382695,0.0266108378141719,0.0905836089337419,0.161289682221551,0.683651597588653,0.800655250221303,0.497198783391165,1.00179637867819,0.00233752928952187,0.000714949862655376,0.00257325058786397,0.0181208872613875,0.0141575537541015,0.0215320011190147,0.0147214656307443,0.0156662329701277
"gauss_indep",356,346,0.101764899071256,0.0174059596404976,0.0733529643721498,0.0401870425086208,0.665701621090587,0.801949961547354,0.484803258054781,0.9818991451887,0.0022500294923988,0.000597023148085646,0.00259292000343042,0.020862770987089,0.01305451476408,0.0239095309063025,0.0148345745827127,0.015476702224028
"gauss_indep",357,500,0.0878550657573968,0.0138804310915439,0.0646520062486812,0.000695710919738363,0.724557920502604,0.864453541352587,0.520081662939704,1.02835255105144,0.00176711091327278,0.000327787311199602,0.00197857093268403,0.0186993224875642,0.00938434986713841,0.0161637362517025,0.0119290018161919,0.0160456447649384
"gauss_indep",358,464,0.0775716843969615,0.0106527461324942,0.0570686156634319,-0.0677539827628525,0.637618750445741,0.62199015740277,0.446859774909873,0.944768728100876,0.00130873259729025,0.00024795000117211,0.00154974378386252,0.0211746394638475,0.00704756672701818,0.0107963313538613,0.00835224767286505,0.00983386992990276
"gauss_indep",359,349,0.0759730189643027,0.0112288774121889,0.0566001054847685,-0.089877903157411,0.788795610083521,0.960157036742381,0.556278409123195,1.05829657269334,0.00134766456046181,0.000236433309821792,0.00158525900378074,0.0203403739384136,0.00812661908357661,0.0151051619452687,0.0094897018089012,0.0120168437876095
"gauss_indep",360,333,0.0528605797810708,0.00573827556101418,0.0405263556580654,-0.246610763106534,0.459726755618757,0.345610846494212,0.33124464530703,0.803483684489136,0.00106636288261215,0.000121331523042342,0.0011708400285473,0.0214848151880102,0.00525032427634598,0.00519512635015872,0.00784625427568556,0.00980388400029043
"gauss_indep",361,250,0.039997322562297,0.00320540444089347,0.0300158855697395,-0.406657582223857,0.447754834898805,0.310288467208251,0.3139970262745,0.768737085413579,0.00100486064743364,8.1112487995421e-05,0.00120097522920516,0.0208898582683138,0.00469193456311826,0.00530177808253553,0.00717066818460951,0.0101850428360471
"gauss_indep",362,300,0.0241691710130676,0.00096607474852916,0.0180234355337438,-0.645515999808682,0.365106107942628,0.227121441268167,0.27439967876298,0.720148554515465,0.000679839677609344,3.57994799664199e-05,0.000858525030345453,0.0192449330780791,0.00451757178335354,0.00416178556501587,0.00576547144934462,0.00778721960527677
"gauss_indep",363,229,0.0581537288731624,0.0140684287274263,0.0506515124206497,-0.120766071481478,0.411461268982972,0.285517127181613,0.294938841450975,0.735241292586689,0.00128619356260679,0.000185229841546194,0.00164085624469311,0.0149814053745713,0.0037435608821369,0.00384470988747931,0.00572179811635588,0.00785688858065116
"gauss_indep",365,446,0.150635076997585,0.0496557212405298,0.120286513109809,0.299399383784172,0.931421851153976,1.36154590400805,0.656075950023862,1.13695426722587,0.00376390756090472,0.00125125684065391,0.00410970613675385,0.0163550931710503,0.0187882655568933,0.0420086627743173,0.0218412753844299,0.0171600623688272
"gauss_indep",366,472,0.11350315646561,0.0281444612360513,0.0892333805843495,0.147644635714798,0.768434239191979,1.06999839677967,0.566372208494006,1.06263805919513,0.00273874614739573,0.000742334570466882,0.00300921943861973,0.0182373911090988,0.0154682801864374,0.0272488860591779,0.0165532865222868,0.0175838356401857
"gauss_indep",367,401,0.061347480093048,0.00723167698181845,0.0480259733362738,-0.148561238490744,0.602360114109612,0.586919180584669,0.424243815738168,0.91249626298479,0.00218045685611626,0.000304867051777897,0.00197872331446374,0.01625043744802,0.0105061762162244,0.0155169362954309,0.0120193015783253,0.016686890311985
"gauss_indep",368,422,0.0502666910176385,0.00543128869668882,0.039187322358658,-0.281884993563893,0.464457428015812,0.366375758007855,0.335127396380299,0.793126621881591,0.00186168979500685,0.000235065772922849,0.00164117832713889,0.0160633924808447,0.00912427922525094,0.0116984644640719,0.0124530562480213,0.0178159997441093
"gauss_indep",369,412,0.058633779236116,0.00638376468015281,0.0526070538030152,-0.0687468959136101,0.456600734886637,0.347580648052011,0.369568641991409,0.893292618878057,0.0031026929961831,0.000412521593293972,0.00264281401094195,0.0133912410676195,0.0184056910970399,0.0185589638334604,0.0180871865125366,0.0146448032851354
"gauss_indep",375,394,0.0474642664874527,0.0067985337507522,0.0427459539100361,-0.197243816537199,0.495838455591035,0.395868529233435,0.359320030868563,0.844805015393982,0.00191098096079629,0.000186858271574049,0.00203085491413865,0.0174770066302593,0.00950584207407265,0.011905564334884,0.0114313469684435,0.0138302474445278
"gauss_indep",376,421,0.0863151865906025,0.0151666108474632,0.0661892631188309,-0.0109084215908039,0.709477614672186,0.770583124029891,0.499469776919518,1.01669019934913,0.00226450074665054,0.000490438243493314,0.00264474241070492,0.0199062718821895,0.0150876981598771,0.0224974705110792,0.0187935202474704,0.0215263668217695
"gauss_indep",377,536,0.0797932028582935,0.0125394042357865,0.0598627489940299,-0.0567988165003758,0.564460065722566,0.533673518971217,0.408469018572419,0.902567990965658,0.00196319476264799,0.000346120426989238,0.00215851076432798,0.021912572485941,0.0120147507036573,0.0156989451800071,0.0140232019536557,0.0192624347754901
"gauss_indep",378,434,0.0527489366494774,0.00605102277103036,0.0403937012312315,-0.275779841404992,0.553293115145227,0.554110625762936,0.40435184073791,0.876167218499436,0.00168623668870649,0.000222277025296236,0.00149682610440293,0.015465299963215,0.011025702368118,0.0159553547984196,0.012912170151947,0.0147135362287817
"gauss_indep",379,309,0.065761545240779,0.00904025375689988,0.0505749905672804,-0.137094133566,0.741850661213108,0.878872206519673,0.533362979625648,1.03946503864518,0.00163050238877028,0.00024711620636953,0.00179948662233315,0.0192069497778323,0.0111146184710137,0.0214369997339078,0.0126256013357901,0.0148129082410301
"gauss_indep",380,381,0.0632283629895858,0.0103219323258073,0.0491467184040058,-0.136250797713641,0.619112511520043,0.610956154503068,0.444753077043334,0.964002969060272,0.00142125482653489,0.000221120450089665,0.00158948183610096,0.0236469837967875,0.00780927868510946,0.0109445852640998,0.00974683268257251,0.0153930134687413
"gauss_indep",381,355,0.0432494574954289,0.00309599980825207,0.0308716127481108,-0.377101250936058,0.473455291364573,0.377782526911029,0.342988821262049,0.818981223426281,0.000856153916358118,8.53276939120754e-05,0.00106132357629155,0.0217545784160249,0.00649809655945463,0.00732829289374363,0.00883255409068383,0.0147555014207779
"gauss_indep",382,377,0.05240705191652,0.00720687094205678,0.0405614179383538,-0.275861498896021,0.488170592308165,0.434677171504348,0.357335353339037,0.826497132092615,0.00120234041273764,0.000165466751733761,0.00133335711760556,0.0155581404382917,0.00853462264687131,0.0101800590714749,0.00896440557324929,0.0146390976254209
"gauss_indep",383,356,0.124207727112581,0.0286574983493468,0.0910751745187226,0.174628197414295,0.675318434216146,0.789754972898334,0.495558455968108,1.01768715072138,0.0021206288179187,0.00062266969707602,0.00263237065582743,0.0215073804427444,0.010740220648935,0.0151355632397718,0.0135664460024278,0.0173661183581483
"gauss_indep",384,276,0.135436368392452,0.0387839376788689,0.10138247125423,0.187720648657427,0.421092251902905,0.290024893868127,0.302799659505233,0.747728249473375,0.00224268848900817,0.000655636201944718,0.00316910100216531,0.023999698823457,0.00786467933669675,0.00749244176191246,0.0108306478499944,0.0161538304870157
"gauss_indep",385,188,0.123124161351654,0.025263329117797,0.0909855307980589,0.185132125914185,0.46024758723119,0.346580722595956,0.321060492928375,0.764466829077729,0.0017640447070579,0.000499387814452431,0.00286111400981807,0.0294781700804678,0.00597401475771929,0.00699444515819745,0.0100185951998887,0.0169079432546443
"gauss_indep",386,233,0.0974594621077838,0.0195605310692398,0.0725441090275366,0.0115788391505262,0.327591327768331,0.168660438810427,0.231742214187381,0.62051338413293,0.00215130243682852,0.000526722540468048,0.00233192332674376,0.0267109095557481,0.00290473104560486,0.00232356844065611,0.00520009996776718,0.00914821864630723
"gauss_indep",44,168,0.0894027411500987,0.0126499089137177,0.0803966857568135,0.157202910555811,0.556845118596519,0.510523282713061,0.524340332428658,1.10237835141784,0.00492970256814739,0.00107441304614386,0.00323092040016281,0.0103704863574844,0.0275815824722274,0.038398251436726,0.0218077159086554,0.010726941362458
"gauss_indep",45,490,0.0631618260964317,0.00690996364673022,0.0517708757980358,-0.0944911031160549,0.416093583928499,0.275655498854043,0.313493246312075,0.800078568232779,0.00250993051862654,0.000384203239990411,0.00270987554728334,0.0155003218902973,0.0128824577947351,0.0135002974940205,0.0152734038512289,0.0154986081001511
"gauss_indep",46,483,0.116821901456041,0.0256481812760994,0.0853638740091457,0.132299822493907,0.378343965869905,0.258196929206665,0.277389811936949,0.704138146844197,0.00268825599890856,0.000691253932886489,0.00299163455661603,0.0215088522354498,0.0083695693833315,0.00745653879593116,0.0110275255357856,0.0164203270038348
"gauss_indep",47,654,0.0754298921442717,0.0134782563209116,0.0578942517254808,-0.0825673192099799,0.2909574535856,0.140437978235437,0.206774355706402,0.55403860944806,0.00235775740187991,0.000411473758730399,0.00270166718172431,0.0217648221041825,0.0035185484160003,0.0028354159724764,0.00549058400205123,0.0124637683382624
"gauss_indep",48,707,0.0421729994903933,0.00352304911738064,0.0332345648237683,-0.348171354251886,0.285743050932137,0.132128447971326,0.204803564078779,0.555770908259245,0.00137272502524447,0.000145766139379364,0.00169990384904615,0.0183145465512971,0.00378321534688019,0.00247557263168271,0.00535675758988708,0.011509860833777
"gauss_indep",49,414,0.0878457301785909,0.0255169741211964,0.0706957440367964,0.0196289077442676,0.321085065930267,0.170691389770034,0.231715635254814,0.616206779055093,0.00233965388247326,0.000457192102435559,0.00264777427431732,0.0224327699817138,0.0050936799119161,0.00416349718187,0.00630924584613547,0.0123334769884669
"gauss_indep",54,359,0.290064866869313,0.182069190202925,0.237613725286025,0.635157174755957,1.39328832918789,3.69912981245618,1.05182927370192,1.37075725634397,0.00976649409765675,0.00589692677702503,0.00992308138906721,0.0156102410180497,0.0392406320096824,0.128548700963674,0.0367562826758706,0.0169932392982564
"gauss_indep",55,871,0.209143011354462,0.11073703359499,0.164517255112263,0.490334773919514,1.01852182397729,2.38806807054206,0.781335642149635,1.27367367438517,0.00584275945188026,0.00260412075534056,0.00592119405973746,0.0215425031423353,0.0262868763472295,0.0572954273155625,0.0250375364086743,0.0192587718337218
"gauss_indep",56,668,0.0807393216952166,0.0119728315027548,0.0598068839424329,-0.059104969077827,0.433510475455482,0.322759558109629,0.314038327752505,0.773303739073208,0.00240468759647707,0.000473393840185085,0.00255893356741455,0.0225371002134189,0.010395717532911,0.0113797280618069,0.0118172364051615,0.0189301986549417
"gauss_indep",57,257,0.0639813885652609,0.0140555780332894,0.0548846127309513,-0.122432013103287,0.261059008346379,0.110056457641878,0.198185315685987,0.567872163011195,0.00202599144534069,0.000409845774698659,0.00211947908907681,0.0141311802261158,0.00798481594929947,0.00484932480092508,0.00816831087378589,0.0131453622954902
"gauss_indep",67,688,0.0725557200142572,0.0105542103413383,0.055275143100042,-0.10216988692408,1.38368951851504,3.22871616179924,0.99915117467758,1.3488689539819,0.00184457200507171,0.000356909141200582,0.0021869477110215,0.0163554556445974,0.025816828000388,0.0764088493267109,0.0285898097082019,0.0195509063100027
"gauss_indep",68,1145,0.179806626413354,0.0664025793454127,0.136878663632967,0.37851518762589,1.61441345272114,4.69578955474211,1.19424789187047,1.47103223272343,0.00263143453604594,0.00108486742998934,0.00299323018735416,0.0167134631308938,0.021706598271214,0.0799963102011355,0.0277576831273323,0.018584666982725
"gauss_indep",69,631,0.153779819292128,0.0485197374895339,0.115901343199616,0.265834846482119,1.13304180187018,2.07188659103939,0.804663106959801,1.24152512741022,0.00337886179673685,0.00108318776051969,0.00326470870600114,0.0183375332904364,0.0201170542546706,0.0507187343507893,0.0265833762951109,0.0188274589646799
"gauss_indep",70,395,0.132541177246439,0.0340261030800501,0.0979921544197009,0.176936008114998,0.803051227297873,1.12519837023244,0.581223544028218,1.06541212749759,0.00260562797289068,0.000895445642719278,0.00296508722251636,0.0213300130590004,0.0179228800930388,0.0319438736544911,0.0182769143520107,0.0172763627291507
"gauss_indep",71,389,0.106542552334947,0.0206671104545888,0.0769126900222229,0.0419491228420757,0.60876228699997,0.612658201133605,0.434165824865903,0.920312847116767,0.00272629744251529,0.000767974247801647,0.00341462061312804,0.0205518178244271,0.00999411247501443,0.0156044138367119,0.0132355759251894,0.0159602727689999
"gauss_indep",72,713,0.0997240336684324,0.017958366320769,0.0720804057821992,0.0251864277615894,0.467022195216671,0.358909373220839,0.331265960569013,0.792229490599004,0.00214022497256649,0.000476491763532829,0.00299757241042224,0.0219582876324451,0.00633112855580179,0.00733227170166913,0.0092982047506437,0.0144019206136432
"gauss_indep",73,410,0.118658705683025,0.0246074752037009,0.085604485647975,0.104539586630375,0.494147690660175,0.392490441059882,0.354304679100744,0.83577450368736,0.0021874330349751,0.000676732288329765,0.00260912711698321,0.0178059331763757,0.00633162626861788,0.00841425800355763,0.00880467241818843,0.0147141908843362
"gauss_indep",74,562,0.118682987769414,0.0240627858018259,0.084095157271096,0.0994350753522248,0.525959329077378,0.442203908734445,0.373165376939078,0.856721317407081,0.0024354918041497,0.000737198290157853,0.00312157109010754,0.0212875869440989,0.00705855380064513,0.00966027480096408,0.00876878146345937,0.0150614901146747
"gauss_indep",81,408,0.328282461386799,0.296471667478795,0.277618409552745,0.755955591139995,1.3652183731799,4.55945514839665,1.11696057238301,1.47962412879924,0.00820048029250615,0.00504065925082433,0.008536427533091,0.0180664289824551,0.0366552781617815,0.0889921418739978,0.0354391780734365,0.0214010503347443
"gauss_indep",82,441,0.0873930880009369,0.0118627077860157,0.0638165554137009,-0.0106935976892386,0.462020865940363,0.334034877334412,0.330611746743243,0.803288348179905,0.00301262709566823,0.000543964772906895,0.00351163081496128,0.0206598699306221,0.0130257529983433,0.0138080784355371,0.0146529589954871,0.0191300196772741
"gauss_indep",83,579,0.0659833028196382,0.0075349050282813,0.0485324171998224,-0.158562260152275,0.430693068356504,0.288435212562547,0.305753914620677,0.772843919717236,0.00147917313254842,0.000228326120347632,0.00163295698492294,0.0181968283573225,0.00705606543436467,0.00794296822773252,0.0101260663691556,0.0182998064825499
"gauss_indep",84,816,0.188953422488515,0.0565976772283536,0.135975644489885,0.375244909946789,0.59563727577276,0.561070918426617,0.425840466241756,0.941703415234308,0.00258523629724356,0.00110817273579993,0.00326971242611135,0.0183829797530789,0.00744056850236115,0.0104403295990051,0.00999638554186858,0.015643959904899
"gauss_indep",86,616,0.0898550712118453,0.0159634359371608,0.0658969525881573,-0.0231342248686882,0.581456008984774,0.55048267323559,0.422416853984912,0.926173443390084,0.00150311930432144,0.000337343781128189,0.0022847653912042,0.0169705549258634,0.00987500121372631,0.013410005541227,0.0130906433692799,0.0152091448293623
"gauss_indep",95,617,0.0411890870238824,0.00309181067738987,0.0317838138738209,-0.362919050528043,0.700933252244398,0.822089713926447,0.508075983430714,1.01372909897125,0.00104487353256752,0.000122948093550373,0.00121294060076064,0.0124568006725175,0.0142571344072207,0.0243896748002019,0.0177737014477472,0.0149549842341897
"gauss_indep",96,1009,0.045274589020557,0.00411713790837215,0.0384588743632973,-0.24309654056692,0.712331568400844,0.883279427184481,0.526917019779025,1.03235107670212,0.00158557792444714,0.000208185422013224,0.00180424752979755,0.0136322552706497,0.0188718774295242,0.0339018313101519,0.0217713388483592,0.0150144017994781
"gauss_indep",97,592,0.0842845140221111,0.0121086325507724,0.0631695219313102,-0.019643880774542,0.927496220709439,1.49567089329103,0.68272164799962,1.15486583525483,0.00234188677205915,0.000516069936108597,0.00245979573138159,0.0148065405911202,0.0209935403228538,0.0519037968190827,0.0262596983166229,0.0158974571139175
"gauss_indep",98,450,0.081187352205182,0.0122006355207239,0.0620191367213384,-0.0256850424297917,0.845603424304278,1.13638278111214,0.599453233915974,1.09270116972375,0.00215499295814311,0.000426353276417893,0.00217065321489212,0.0168546021744917,0.0164184312298598,0.0301978939926106,0.0197060813945603,0.0172865425947013
"gauss_indep",99,319,0.0990264458155318,0.0146362882747784,0.0691729071666914,0.0239382468522351,0.842515402647903,1.09078014972014,0.590209426721385,1.08154118259691,0.00220446667368217,0.000507061979752359,0.0023887582902737,0.0194565668884353,0.0173094488793511,0.0320766660745471,0.0218214225745788,0.0232568196688444
"nig_cor",174,154,0.625155094808546,0.701512469116806,0.453067057027199,0.941127041999585,0.858790239194003,2.285999158757,0.654965610063641,1.10656963111636,0.0134663165319619,0.0182697227940821,0.0135345837269271,0.0205924973600192,0.0210103835507707,0.0380528166276401,0.0166463274484894,0.016771757634229
"nig_indep",174,154,0.625213446635655,0.684833630770641,0.449175196858062,0.939068184346023,0.917298523855806,2.36073698787214,0.687608687688326,1.12759297799125,0.00827774285045662,0.0120144615424936,0.0101502873040381,0.0145962502452077,0.0183687132196386,0.0403482096253384,0.0201471895465004,0.0159398723604264
"gauss_indep",174,154,0.613573971442311,0.643741218027966,0.440666333514356,0.938986273323733,0.88861350621987,2.32872330441774,0.672510524751294,1.11801650715309,0.00847484613449699,0.0111860111584326,0.0114495716404653,0.0158714380017022,0.0172905784880924,0.0310636068050607,0.0201467357060151,0.0214788289131129
