"presLevel","model","gridID","refit","n_points","Mu1","Mu2","Sigma1","Sigma2","Nu1","Nu2","Theta","Rho","Kappa1","Kappa2","sigma_e1","sigma_e2","rho_e","Time","TimeCV","cv_status","RB","n","conv"
10,"gauss_indep",100,TRUE,428,NA,NA,0.17689872911159,0.804877571890791,NA,NA,0,0.864410270876029,0.407265839788816,0.385050049785372,0.0575328489438125,0.520699372705563,0,2.1649036630657,0,"CV_done",TRUE,1539,TRUE
10,"gauss_indep",101,TRUE,423,NA,NA,0.183623838902123,0.711652809919217,NA,NA,0,0.567428977967904,0.336047007418594,0.322714758069345,0.0645401146457866,0.437491508143836,0,2.07541723443402,0,"CV_done",TRUE,2037,TRUE
10,"gauss_indep",102,TRUE,457,NA,NA,0.206653185420246,0.755327701312164,NA,NA,0,0.613336920604135,0.336356097686915,0.271923575343519,0.0834931751605017,0.397758139191969,0,3.80755267315441,0,"CV_done",TRUE,1837,TRUE
10,"gauss_indep",103,TRUE,426,NA,NA,0.217156945219832,0.784464672546286,NA,NA,0,0.823177554244706,0.482446806490971,0.233280372882741,0.0983320407896512,0.397211848207047,0,46.4078928192457,0,"CV_done",TRUE,1494,TRUE
10,"gauss_indep",104,TRUE,565,NA,NA,0.217895038185741,0.928617315688169,NA,NA,0,1.00779761189461,0.587065784288448,0.369889147961724,0.08206767186038,0.351582019627006,0,1.3267236821657,0,"CV_done",TRUE,1511,FALSE
10,"gauss_indep",105,TRUE,239,NA,NA,0.208219834152427,1.26853937998878,NA,NA,0,0.789054239757794,0.676209484069953,0.775321407646603,0.0661951833570619,0.304951542085944,0,1.30815582073673,0,"CV_done",TRUE,844,FALSE
10,"gauss_indep",107,TRUE,367,NA,NA,0.217422423151484,1.12998602359893,NA,NA,0,0.124049065021949,0.607723597594133,1.08461212118256,0.136979898818721,0.502785622292525,0,23.6889878373014,0,"CV_done",TRUE,691,FALSE
10,"gauss_indep",108,TRUE,404,NA,NA,0.248584320113289,1.58964033011569,NA,NA,0,0.717430059617793,0.628180938148561,1.02204379711661,0.141227318110525,0.64808734393483,0,1.31319853603288,0,"CV_done",TRUE,1422,FALSE
10,"gauss_indep",109,TRUE,643,NA,NA,0.106259390323537,0.76866585623511,NA,NA,0,-0.236037332634284,0.419083115348814,0.764949414307499,0.0443684879748122,0.416431249318194,0,1.38861584716373,0,"CV_done",TRUE,977,FALSE
10,"gauss_indep",110,TRUE,555,NA,NA,0.356072872288206,1.41071802514006,NA,NA,0,1.69644516406679,0.669712315966425,0.986595092883915,0.0957429652326457,0.395572877017159,0,1.30764651454709,0,"CV_done",TRUE,1855,FALSE
10,"gauss_indep",111,TRUE,342,NA,NA,0.257929465733322,0.950997708944009,NA,NA,0,1.6077187129836,0.9278227406259,1.16282610945745,0.0675497222919674,0.310288225360256,0,1.29345005536521,0,"CV_done",TRUE,1544,FALSE
10,"gauss_indep",112,TRUE,358,NA,NA,0.135009142182502,0.605680359942481,NA,NA,0,1.69700520256802,1.06961222839671,0.335266604429097,0.050488118770335,0.343642386200827,0,1.29276661524342,0,"CV_done",TRUE,1495,FALSE
10,"gauss_indep",113,TRUE,523,NA,NA,0.128103672234584,0.71803349561717,NA,NA,0,1.77092687864178,0.85866431115381,0.351536942195272,0.0501307915405038,0.335312589027579,0,1.29553277453339,0,"CV_done",TRUE,1536,FALSE
10,"gauss_indep",114,TRUE,163,NA,NA,0.170461950551532,0.614909874546516,NA,NA,0,0.701891306556292,0.360015749564573,1.07722805784307,0.105198469533821,0.340608636204587,0,1.40746517026038,0,"CV_done",TRUE,879,FALSE
10,"gauss_indep",120,TRUE,878,NA,NA,0.169468369166869,0.541738300996772,NA,NA,0,0.232840220953879,0.584707220332576,0.553397003040327,0.0966318555912042,0.326307887496912,0,13.53721502165,0,"CV_done",TRUE,2239,TRUE
10,"gauss_indep",121,TRUE,772,NA,NA,0.215212357250942,0.524190890370558,NA,NA,0,0.102665543263275,0.744524853887605,0.657535162140923,0.120777991334982,0.316135802045191,0,1.2769979653949,0,"CV_done",TRUE,1949,FALSE
10,"gauss_indep",123,TRUE,360,NA,NA,0.845457880443209,0.618025546617558,NA,NA,0,0.638171618974283,1.59217788480481,1.58222048178371,0.459672705576424,0.357040986569345,0,58.2934172789256,0,"CV_done",TRUE,1026,TRUE
10,"gauss_indep",125,TRUE,442,NA,NA,0.334854189259081,1.01832584539439,NA,NA,0,-0.798312297524152,1.06018146042293,1.41886673675789,0.108252669008535,0.34459582075032,0,1.34515434924927,0,"CV_done",TRUE,947,FALSE
10,"gauss_indep",126,TRUE,898,NA,NA,0.22257890585983,0.899127018947803,NA,NA,0,-0.63282631542815,0.588877387762983,1.33862277253352,0.0879616197089398,0.420547941710125,0,14.2681724850999,0,"CV_done",TRUE,2589,TRUE
10,"gauss_indep",127,TRUE,971,NA,NA,0.150470940323532,0.779459423223871,NA,NA,0,-0.41230707912882,0.310980908638421,1.0183362344967,0.0677466164872392,0.467589066823264,0,1.46705167922433,0,"CV_done",TRUE,3229,FALSE
10,"gauss_indep",128,TRUE,478,NA,NA,0.142274507844887,0.713154627222142,NA,NA,0,-0.1936281121202,0.372948349569545,0.826634092415387,0.0708109103350638,0.466273021781074,0,13.8740984137853,0,"CV_done",TRUE,2273,TRUE
10,"gauss_indep",129,TRUE,321,NA,NA,0.158359056145892,0.669000163688527,NA,NA,0,0.0477081937811385,0.375093664018436,1.73612469568778,0.0822785864879342,0.438698752917444,0,1.27474361215201,0,"CV_done",TRUE,1538,FALSE
10,"gauss_indep",130,TRUE,331,NA,NA,0.171496015660288,0.663875994183903,NA,NA,0,0.40761605353546,0.302297706770476,2.47110250188669,0.0772457893465419,0.386953177386402,0,1.27432340834428,0,"CV_done",TRUE,1298,FALSE
10,"gauss_indep",131,TRUE,294,NA,NA,0.188135408267947,0.472134007865714,NA,NA,0,0.0437501399760854,0.334555815789257,0.395342209809986,0.0796732852202475,0.385840984913522,0,1.50463460975223,0,"CV_done",TRUE,1279,TRUE
10,"gauss_indep",132,TRUE,374,NA,NA,0.199905689942837,0.47547864842098,NA,NA,0,-0.0577695589208979,0.387231582602844,0.34437981252866,0.0847587877090369,0.352760038237541,0,1.02196514451945,0,"CV_done",TRUE,1453,TRUE
10,"gauss_indep",133,TRUE,715,NA,NA,0.191534409953391,0.458614173889764,NA,NA,0,-0.15555292070252,0.378450757450465,0.342740839667558,0.0926283267494258,0.328356131946613,0,1.36640007800526,0,"CV_done",TRUE,1866,TRUE
10,"gauss_indep",134,TRUE,382,NA,NA,0.177475511436226,0.463840046122977,NA,NA,0,-0.255607967495257,0.38073010878728,0.29770320767216,0.103118460877459,0.309804436414323,0,3.14080269296964,0,"CV_done",TRUE,1667,TRUE
10,"gauss_indep",135,TRUE,329,NA,NA,0.198021484412858,0.533210194776932,NA,NA,0,-0.317416521237376,0.409336521067811,0.237955863426149,0.113084765330602,0.305986796881301,0,3.49329586472776,0,"CV_done",TRUE,1212,TRUE
10,"gauss_indep",136,TRUE,301,NA,NA,0.253722841352209,0.667091789114374,NA,NA,0,0.112130295655068,0.411238740973968,0.245750111498148,0.116879727179723,0.330677424286517,0,54.8828409194946,0,"CV_done",TRUE,1334,TRUE
10,"gauss_indep",137,TRUE,295,NA,NA,0.262944484656175,0.782253447985724,NA,NA,0,-0.00781843927359302,0.472015303965256,0.342115995909106,0.119169039549602,0.345082126494878,0,1.30263830361543,0,"CV_done",TRUE,1296,FALSE
10,"gauss_indep",138,TRUE,168,NA,NA,0.234526313078381,0.698152236043266,NA,NA,0,-0.415113410544879,0.630102151065514,0.468957755685283,0.136710899900706,0.446583940143504,0,14.492277998858,0,"CV_done",TRUE,783,TRUE
10,"gauss_indep",139,TRUE,235,NA,NA,0.241766719148345,0.978760735930731,NA,NA,0,-0.286364228048286,0.531732765593261,1.12281747884718,0.139553135182637,0.496371807619793,0,1.27830495174284,0,"CV_done",TRUE,863,FALSE
10,"gauss_indep",140,TRUE,182,NA,NA,0.270571465564271,0.934774038868751,NA,NA,0,-0.511663102478875,0.522182808835185,1.1621838322291,0.120621971298573,0.426281011778231,0,1.2781704413063,0,"CV_done",TRUE,1014,FALSE
10,"gauss_indep",141,TRUE,264,NA,NA,0.238187165778755,0.721489580312734,NA,NA,0,-0.453009201814835,0.599822976292971,1.06585038586266,0.128933824921793,0.316394395346146,0,23.1575799714857,0,"CV_done",TRUE,1182,TRUE
10,"gauss_indep",142,TRUE,343,NA,NA,0.28370826631874,0.415780869815008,NA,NA,0,-0.233123559425521,0.691609427980053,0.344502440079695,0.15947109247919,0.355723308262822,0,1.74796108530627,0,"CV_done",TRUE,1445,TRUE
10,"gauss_indep",143,TRUE,415,NA,NA,0.295995456599208,0.287197862774145,NA,NA,0,0.0390593656704986,0.85941667371513,0.242730432131204,0.136741147944603,0.320859152776452,0,1.93124443438318,0,"CV_done",TRUE,1559,TRUE
10,"gauss_indep",144,TRUE,473,NA,NA,0.211329973911834,0.279448591926867,NA,NA,0,0.048788348449633,0.55371969995073,0.195206134497747,0.107750363314641,0.344839138739142,0,1.27023181233693,0,"CV_done",TRUE,1465,FALSE
10,"gauss_indep",145,TRUE,449,NA,NA,0.193369227998933,0.40051287360607,NA,NA,0,-0.145760301099676,0.739550933869427,0.192338802401861,0.101289939639515,0.453407277285353,0,1.40861129528946,0,"CV_done",TRUE,1780,TRUE
10,"gauss_indep",146,TRUE,303,NA,NA,0.187961463954963,0.662680853639429,NA,NA,0,-0.185969267004071,1.05228547438002,0.387313429879578,0.0998623484626873,0.486165472997091,0,1.28112540309076,0,"CV_done",TRUE,1230,FALSE
10,"gauss_indep",152,TRUE,171,NA,NA,0.167556355055066,0.609869414808878,NA,NA,0,-0.128775330963046,0.661249141166315,0.363991281240678,0.0782022850435908,0.339584438100795,0,23.5890831714869,0,"CV_done",TRUE,567,TRUE
10,"gauss_indep",153,TRUE,412,NA,NA,0.189783627877371,0.465704696218848,NA,NA,0,-0.0828733204925649,0.700186155605041,0.300225687753928,0.106887472984665,0.337220353373097,0,13.1979158662425,0,"CV_done",TRUE,1607,TRUE
10,"gauss_indep",154,TRUE,595,NA,NA,0.309401185032789,0.423462541120669,NA,NA,0,0.0504367213613619,0.498986050061688,0.288821158152254,0.20267833595471,0.314965649636804,0,6.54386891464392,0,"CV_done",TRUE,1888,TRUE
10,"gauss_indep",155,TRUE,118,NA,NA,0.597522573174738,0.467318753484843,NA,NA,0,0.49891017034288,0.916568610564234,0.392641064254632,0.302475512216104,0.273056278813053,0,1.23502285204,0,"CV_done",TRUE,1559,FALSE
10,"gauss_indep",156,TRUE,863,NA,NA,0.605088977276538,0.471725665213558,NA,NA,0,0.624797345383965,0.801686474389003,0.407680245379037,0.43354678117112,0.337025606230089,0,51.7562584718068,0,"CV_done",TRUE,1967,TRUE
10,"gauss_indep",159,TRUE,199,NA,NA,0.301288283333337,0.913634470724857,NA,NA,0,-0.789812732292401,0.925962845014379,1.69695613681796,0.101055423438781,0.304871722937675,0,1.23917317160026,0,"CV_done",TRUE,1199,FALSE
10,"gauss_indep",160,TRUE,555,NA,NA,0.238750041611882,0.527567741662094,NA,NA,0,-0.77904851791063,0.458277360441857,0.906687012064501,0.0963847782878932,0.379508031747446,0,8.88539691852199,0,"CV_done",TRUE,1763,TRUE
10,"gauss_indep",161,TRUE,436,NA,NA,0.196952402689101,0.319935906394927,NA,NA,0,-0.273098535405291,0.349487440205825,0.237083378882053,0.0935158998390987,0.346195014525817,0,52.9919543464979,0,"CV_done",TRUE,1815,TRUE
10,"gauss_indep",162,TRUE,314,NA,NA,0.205805388214173,0.292817369891186,NA,NA,0,-0.252979274240755,0.32371446781251,0.237785480425484,0.103176083548395,0.221134923523793,0,3.48791251712375,0,"CV_done",TRUE,1316,TRUE
10,"gauss_indep",163,TRUE,295,NA,NA,0.249895193182094,0.319376687408716,NA,NA,0,-0.543597559249108,0.289956387648863,0.212390212933796,0.114703937765011,0.190390465798361,0,1.20062579923206,0,"CV_done",TRUE,1364,TRUE
10,"gauss_indep",164,TRUE,315,NA,NA,0.274687419480697,0.448038605509859,NA,NA,0,-0.603525094551217,0.294934428760951,0.185844592225799,0.121329637440601,0.199817583468431,0,1.13770557641983,0,"CV_done",TRUE,1417,TRUE
10,"gauss_indep",165,TRUE,437,NA,NA,0.25525456808387,0.524843236244784,NA,NA,0,-0.398697609572152,0.277278015168884,0.163676046368492,0.125781655307146,0.229070567322174,0,55.8913750529289,0,"CV_done",TRUE,1499,TRUE
10,"gauss_indep",166,TRUE,391,NA,NA,0.230940431225219,0.580372099973212,NA,NA,0,-0.127827727835365,0.275628483437309,0.139839277156351,0.129939928027021,0.259349968965489,0,2.76690149671502,0,"CV_done",TRUE,1564,TRUE
10,"gauss_indep",167,TRUE,331,NA,NA,0.216755221710624,0.605579539433669,NA,NA,0,-0.144305805722774,0.304352152917488,0.144798813108258,0.129444884321525,0.296729276608391,0,1.85596902337339,0,"CV_done",TRUE,1678,TRUE
10,"gauss_indep",168,TRUE,370,NA,NA,0.187137941429231,0.611472308256777,NA,NA,0,-0.171788989895554,0.305039227964045,0.170511154725726,0.132456370287852,0.334818193953685,0,6.16783362309138,0,"CV_done",TRUE,1546,TRUE
10,"gauss_indep",169,TRUE,262,NA,NA,0.179440433053983,0.62622220630628,NA,NA,0,-0.223242665749031,0.336576300493267,0.152185283000072,0.143354642034465,0.442621516047737,0,2.2545164508952,0,"CV_done",TRUE,1327,TRUE
10,"gauss_indep",17,TRUE,191,NA,NA,0.176316250008664,0.904194311484696,NA,NA,0,1.33997334104393,0.525696482658581,0.729327731109433,0.0571983636557707,0.298113053556319,0,2.60604030896392,0,"CV_done",TRUE,1014,FALSE
10,"gauss_indep",170,TRUE,287,NA,NA,0.218639040744707,0.641938079944368,NA,NA,0,-0.432294484125906,0.319197041688985,0.149979941045129,0.157654807496675,0.485177608856909,0,44.1907622218132,0,"CV_done",TRUE,1333,TRUE
10,"gauss_indep",171,TRUE,423,NA,NA,0.263029697077464,0.7178527895579,NA,NA,0,-0.495405244518013,0.375766953356353,0.202271707692293,0.177059010837237,0.448697340292589,0,2.76952503687806,0,"CV_done",TRUE,1433,TRUE
10,"gauss_indep",172,TRUE,414,NA,NA,0.293047979427463,0.777180375210689,NA,NA,0,-0.707442064582317,0.531710085140243,0.325487219590505,0.199617199707775,0.460972728064224,0,1.93633816765414,0,"CV_done",TRUE,1518,TRUE
10,"gauss_indep",173,TRUE,391,NA,NA,0.36932142974876,0.92843685263667,NA,NA,0,-1.38335578060253,0.52374348430125,0.3315877815847,0.256797494834512,0.642967363936288,0,1.8594896197319,0,"CV_done",TRUE,1262,TRUE
10,"gauss_indep",175,TRUE,141,NA,NA,1.60377057391021,1.25988321716426,NA,NA,0,-0.759677470561923,4.46702121288733,3.38301800901995,0.291337219771282,0.369430840684873,0,6.74243362347285,0,"CV_done",TRUE,203,TRUE
10,"gauss_indep",177,TRUE,202,NA,NA,0.38860704508301,0.247868078499385,NA,NA,0,-0.302604377091062,0.862268081103232,0.30553638435455,0.248643585304705,0.229455325929891,0,9.8624662766854,0,"CV_done",TRUE,694,TRUE
10,"gauss_indep",178,TRUE,278,NA,NA,0.322421696787537,0.280748074652771,NA,NA,0,-0.344261431334369,0.758513310300799,0.368462819127396,0.199044050723748,0.236782109027809,0,3.82844468514125,0,"CV_done",TRUE,1041,TRUE
10,"gauss_indep",179,TRUE,284,NA,NA,0.252391417446173,0.274115880693487,NA,NA,0,-0.487681273045886,0.577020479710428,0.204490574979989,0.139127794117691,0.328778597278455,0,2.26545174168216,0,"CV_done",TRUE,1358,TRUE
10,"gauss_indep",18,TRUE,976,NA,NA,0.180348159968369,0.845952096015338,NA,NA,0,1.3189206225073,0.25528030872392,0.644034181086006,0.0530986362613321,0.353982661424153,0,1.34795162033704,0,"CV_done",TRUE,1466,TRUE
10,"gauss_indep",180,TRUE,627,NA,NA,0.268394313389891,0.530774804207541,NA,NA,0,-0.509396179843356,0.537724826721363,0.260511740046986,0.154127951649635,0.443304185894899,0,1.3654419466522,0,"CV_done",TRUE,1766,TRUE
10,"gauss_indep",181,TRUE,204,NA,NA,0.262511416631096,0.628764426678548,NA,NA,0,-0.60884352099772,0.595070106210834,0.339195194531013,0.177824246738369,0.464871514947609,0,10.2506010041634,0,"CV_done",TRUE,1159,TRUE
10,"gauss_indep",187,TRUE,128,NA,NA,0.132694550211497,0.649572240770852,NA,NA,0,-0.109516116665544,0.266262398823315,0.404529890431802,0.111435125408797,0.43342958032964,0,1.26809567220233,0,"CV_done",TRUE,483,FALSE
10,"gauss_indep",188,TRUE,260,NA,NA,0.183623686814289,0.542412277776183,NA,NA,0,-0.0854935789890393,0.306581362760104,0.272432530873377,0.144939435356387,0.404256633080967,0,23.6709865021043,0,"CV_done",TRUE,981,TRUE
10,"gauss_indep",189,TRUE,346,NA,NA,0.307227847416487,0.437377822489435,NA,NA,0,-0.149643990109187,0.33124652059887,0.211037779886154,0.237595698578412,0.335439418535364,0,1.95791280680233,0,"CV_done",TRUE,1280,TRUE
10,"gauss_indep",190,TRUE,452,NA,NA,0.422662821252616,0.398487094756965,NA,NA,0,0.116199977177452,0.437796410091153,0.222769456997795,0.262794909412197,0.271047545719992,0,5.13416989909278,0,"CV_done",TRUE,1632,TRUE
10,"gauss_indep",191,TRUE,616,NA,NA,0.393778451345593,0.374401532065585,NA,NA,0,0.243758331143034,0.369406861381965,0.193105170673086,0.277524561202796,0.245229893760263,0,42.4393848935763,0,"CV_done",TRUE,1934,TRUE
10,"gauss_indep",192,TRUE,351,NA,NA,0.289733302454671,0.319657003350965,NA,NA,0,-0.110301458963325,0.39898688323819,0.191140612863212,0.285382880899191,0.241716078351386,0,1.3895404840178,0,"CV_done",TRUE,1284,TRUE
10,"gauss_indep",196,TRUE,182,NA,NA,0.25126278867715,0.409741250772841,NA,NA,0,-0.326992367822672,0.540904548186589,0.700477967737566,0.0860880250074951,0.206549821932089,0,15.8622822133038,0,"CV_done",TRUE,854,TRUE
10,"gauss_indep",197,TRUE,273,NA,NA,0.271773008205403,0.326260698720778,NA,NA,0,-0.365323732094462,0.369540616249038,0.3158298447924,0.126018502345825,0.224052939849808,0,2.27409672836463,0,"CV_done",TRUE,952,TRUE
10,"gauss_indep",198,TRUE,400,NA,NA,0.286275740296869,0.302224807805294,NA,NA,0,-0.506248071228476,0.279336246617083,0.223474935811536,0.151465724696698,0.227464867014027,0,43.3867211699486,0,"CV_done",TRUE,1311,TRUE
10,"gauss_indep",199,TRUE,434,NA,NA,0.300909008075059,0.406714413759121,NA,NA,0,-0.592429244115239,0.297114006986282,0.203358503010271,0.159262134564045,0.224605147060911,0,1.25389655987422,0,"CV_done",TRUE,1660,TRUE
10,"gauss_indep",200,TRUE,474,NA,NA,0.285748292857812,0.516615520398523,NA,NA,0,-0.338260211133985,0.299518425058101,0.181054873489559,0.151563958173094,0.2422879392677,0,41.0480066974958,0,"CV_done",TRUE,1719,TRUE
10,"gauss_indep",201,TRUE,442,NA,NA,0.24030032589381,0.62987309751067,NA,NA,0,-0.11121388608333,0.240832792074357,0.153231623001194,0.136643473008586,0.274502992830641,0,1.44870759149392,0,"CV_done",TRUE,1664,TRUE
10,"gauss_indep",202,TRUE,407,NA,NA,0.201005585723701,0.691291854224938,NA,NA,0,0.0952481976001795,0.237418327152182,0.134126145227795,0.126484132873095,0.307548467135882,0,8.36799513883061,0,"CV_done",TRUE,1609,TRUE
10,"gauss_indep",203,TRUE,459,NA,NA,0.183639064096663,0.737593431254377,NA,NA,0,0.282617288641888,0.229736720860409,0.134791095589106,0.115427273816872,0.34792962192069,0,2.73003005186717,0,"CV_done",TRUE,1521,TRUE
10,"gauss_indep",204,TRUE,422,NA,NA,0.146485547876186,0.725692939388601,NA,NA,0,0.318032186149401,0.216032623076529,0.133996958356263,0.126541820726271,0.411793300597742,0,16.2632582517465,0,"CV_done",TRUE,1560,TRUE
10,"gauss_indep",205,TRUE,492,NA,NA,0.140319378456168,0.65149123860236,NA,NA,0,0.262370645802442,0.198403055845198,0.124335690281441,0.143073986627537,0.470672206862414,0,7.04184883084562,0,"CV_done",TRUE,1676,TRUE
10,"gauss_indep",206,TRUE,415,NA,NA,0.152275544942913,0.646041341816357,NA,NA,0,-0.0945450749234749,0.232219634415815,0.142281688720664,0.147812841852173,0.4873318801879,0,1.32959405589435,0,"CV_done",TRUE,1663,FALSE
10,"gauss_indep",207,TRUE,482,NA,NA,0.215077511664497,0.777866730881512,NA,NA,0,-0.451204580164804,0.343242907124774,0.227849974328593,0.163327215889758,0.509243105869664,0,3.96500213550197,0,"CV_done",TRUE,1728,TRUE
10,"gauss_indep",208,TRUE,551,NA,NA,0.268484824463576,0.847948569053856,NA,NA,0,-0.685530954508416,0.536087451938387,0.29733337086927,0.196576673075725,0.573698498131736,0,20.6797163056665,0,"CV_done",TRUE,1890,TRUE
10,"gauss_indep",209,TRUE,462,NA,NA,0.393901158129439,1.11332872082773,NA,NA,0,-0.97850138426454,0.530165191086203,0.381487637016912,0.276005151538741,0.75433222076681,0,3.51509724160035,0,"CV_done",TRUE,1642,TRUE
10,"gauss_indep",210,TRUE,259,NA,NA,0.529948561627684,1.30008148649062,NA,NA,0,-0.846267134484559,0.77185343673414,0.619084491688837,0.444465758528131,0.990745217129309,0,1.25439509038572,0,"CV_done",TRUE,979,FALSE
10,"gauss_indep",214,TRUE,100,NA,NA,0.240316380408742,0.308044134618208,NA,NA,0,-0.269551745978231,0.350711892204417,0.341026814275219,0.190944744079417,0.196419942454577,0,4.81175862027539,0,"CV_done",TRUE,473,TRUE
10,"gauss_indep",215,TRUE,254,NA,NA,0.199801219667712,0.272506359855643,NA,NA,0,-0.348541125568113,0.526707414079621,0.209657636016611,0.129162320027951,0.25407980577928,0,48.2920400102933,0,"CV_done",TRUE,1046,TRUE
10,"gauss_indep",216,TRUE,431,NA,NA,0.226558980652407,0.341352501324845,NA,NA,0,-0.698192760187386,0.485402690027856,0.204387125100457,0.147422536743392,0.31388162483259,0,2.12884393658903,0,"CV_done",TRUE,1559,TRUE
10,"gauss_indep",217,TRUE,400,NA,NA,0.214917720031148,0.411019468675696,NA,NA,0,-0.742522141238005,0.588382371652448,0.180893659466308,0.162097814503563,0.359871870682044,0,1.86242105974091,0,"CV_done",TRUE,1409,TRUE
10,"gauss_indep",218,TRUE,312,NA,NA,0.266333263938571,0.398279100272376,NA,NA,0,-0.702772318665263,0.550155197774198,0.172688668621057,0.199005412167284,0.401510892133274,0,1.2144659996695,0,"CV_done",TRUE,1031,TRUE
10,"gauss_indep",219,TRUE,226,NA,NA,0.521638086979152,0.4332423986555,NA,NA,0,-0.47815622279072,1.40470072130475,0.202128955622089,0.324950539007748,0.530868306572518,0,1.46956358838964,0,"CV_done",TRUE,630,FALSE
10,"gauss_indep",223,TRUE,173,NA,NA,0.147513049713575,0.558580969592986,NA,NA,0,0.324113731156764,0.246169110146022,0.323318867864924,0.122825047440785,0.453553368562951,0,1.13323367859754,0,"CV_done",TRUE,616,TRUE
10,"gauss_indep",224,TRUE,276,NA,NA,0.175414815554157,0.519650643830349,NA,NA,0,0.0210546767763557,0.316564744014054,0.275893396180352,0.124096619128365,0.405615761912086,0,2.62340698752138,0,"CV_done",TRUE,1021,TRUE
10,"gauss_indep",225,TRUE,373,NA,NA,0.249925395427869,0.475765192904074,NA,NA,0,-0.135553873457285,0.508295843960659,0.26878398328663,0.131315526928086,0.365361087000662,0,41.7612376093864,0,"CV_done",TRUE,1245,TRUE
10,"gauss_indep",226,TRUE,385,NA,NA,0.291525080957948,0.457994183066814,NA,NA,0,-0.32988686852398,0.548009250048047,0.307900195132676,0.144819109685404,0.328307859785424,0,1.97285756925742,0,"CV_done",TRUE,1627,TRUE
10,"gauss_indep",227,TRUE,409,NA,NA,0.275651964086663,0.443636936085077,NA,NA,0,-0.314892863706727,0.378963147324052,0.239916226103398,0.164898350668939,0.308066022670068,0,1.01130969285965,0,"CV_done",TRUE,1579,TRUE
10,"gauss_indep",228,TRUE,339,NA,NA,0.251364880866859,0.439894902690662,NA,NA,0,-0.417747503317575,0.367919677661717,0.273816805767214,0.187850081407686,0.336430255067601,0,3.28966135349539,0,"CV_done",TRUE,1195,TRUE
10,"gauss_indep",229,TRUE,293,NA,NA,0.236521167613838,0.480190699164892,NA,NA,0,-0.339655075061633,0.422881237689522,0.230068597588028,0.181388625256409,0.435853873258638,0,4.44230205145147,0,"CV_done",TRUE,935,TRUE
10,"gauss_indep",230,TRUE,120,NA,NA,0.189925677612648,0.526784647139944,NA,NA,0,-0.2140513259816,0.357908712302309,0.270354536090859,0.145347343248051,0.502170145339429,0,1.37216573662228,0,"CV_done",TRUE,413,TRUE
10,"gauss_indep",233,TRUE,223,NA,NA,0.262746497729406,0.324548303057359,NA,NA,0,-0.551521351001462,0.277955157720377,0.246043782836203,0.16975949076768,0.357734050709512,0,1.709058759941,0,"CV_done",TRUE,990,TRUE
10,"gauss_indep",234,TRUE,491,NA,NA,0.270345375241511,0.312805695476238,NA,NA,0,-0.585879514252007,0.221676522460284,0.166294937130902,0.154302486278303,0.35399109646033,0,45.7625390529633,0,"CV_done",TRUE,1717,TRUE
10,"gauss_indep",235,TRUE,475,NA,NA,0.300405171491169,0.390634494646224,NA,NA,0,-0.515636880243283,0.209623457200088,0.126978123451923,0.148140678294778,0.353929551990881,0,52.816917693615,0,"CV_done",TRUE,1796,TRUE
10,"gauss_indep",236,TRUE,315,NA,NA,0.290438062020768,0.482716906041099,NA,NA,0,-0.395464752834231,0.242226277504674,0.108621579709917,0.134326751878895,0.371486462191995,0,39.2354747255643,0,"CV_done",TRUE,1662,TRUE
10,"gauss_indep",237,TRUE,413,NA,NA,0.251956869567426,0.575070659224287,NA,NA,0,-0.129431115690066,0.260922281314099,0.103511914205606,0.115270836907366,0.349047478335606,0,3.06166892257002,0,"CV_done",TRUE,1557,TRUE
10,"gauss_indep",238,TRUE,436,NA,NA,0.210012172517978,0.592324032112745,NA,NA,0,-0.0220934595707664,0.252795440515378,0.100244085143755,0.106686752849536,0.311081754180703,0,4.7382967350218,0,"CV_done",TRUE,1617,TRUE
10,"gauss_indep",239,TRUE,320,NA,NA,0.165015339125679,0.590847099346873,NA,NA,0,0.251429897954053,0.298483173555696,0.0962201047054827,0.0975708021337275,0.303372806550802,0,1.25915235446559,0,"CV_done",TRUE,1648,TRUE
10,"gauss_indep",240,TRUE,434,NA,NA,0.130926067243082,0.584458274627982,NA,NA,0,0.383578619357884,0.278691371845972,0.0918373886121979,0.103010378838044,0.337667565263669,0,6.38649058163166,0,"CV_done",TRUE,1553,TRUE
10,"gauss_indep",241,TRUE,437,NA,NA,0.120834246471311,0.560762383424156,NA,NA,0,0.194048328695715,0.328038269153694,0.104667472879911,0.107638433333193,0.354428212596095,0,5.69634352697266,0,"CV_done",TRUE,1541,TRUE
10,"gauss_indep",242,TRUE,298,NA,NA,0.125683069476213,0.580449937310798,NA,NA,0,0.0682746826267383,0.372790329060415,0.111648363874286,0.103266771183535,0.403361497549583,0,1.26305151193782,0,"CV_done",TRUE,1483,FALSE
10,"gauss_indep",243,TRUE,322,NA,NA,0.117309180443916,0.634910220384671,NA,NA,0,-0.258925373705095,0.294418097071537,0.127403862222057,0.119142217533752,0.484941872951579,0,6.25668684317006,0,"CV_done",TRUE,1535,TRUE
10,"gauss_indep",244,TRUE,394,NA,NA,0.171065732559628,0.853201651874541,NA,NA,0,-0.52020921274402,0.430869387526337,0.229174764975258,0.131606184104459,0.59382477827464,0,3.93569554593828,0,"CV_done",TRUE,1595,TRUE
10,"gauss_indep",245,TRUE,395,NA,NA,0.194830144356098,0.840959016430361,NA,NA,0,-0.352909212996957,0.721874722549193,0.276177297248486,0.124840186733385,0.817041205634984,0,1.22726864809791,0,"CV_done",TRUE,1476,FALSE
10,"gauss_indep",246,TRUE,195,NA,NA,0.175202295796701,0.761935934288285,NA,NA,0,0.289236928549569,1.05785535816969,0.400397938311931,0.108504243366546,0.939764783565586,0,1.23445251189724,0,"CV_done",TRUE,795,FALSE
10,"gauss_indep",250,TRUE,139,NA,NA,0.117150414247663,0.243884398854316,NA,NA,0,-0.307380242270824,0.603544683282323,0.135638741525048,0.0728797100303266,0.271036057395038,0,4.70609119825893,0,"CV_done",TRUE,718,TRUE
10,"gauss_indep",251,TRUE,392,NA,NA,0.115777580575224,0.323954306328002,NA,NA,0,-0.386777494131854,0.831970884249279,0.139453304741157,0.0759913130032469,0.291422318181472,0,1.24376544404913,0,"CV_done",TRUE,1316,FALSE
10,"gauss_indep",252,TRUE,289,NA,NA,0.146904000197497,0.36568816218336,NA,NA,0,-0.416359447773051,0.823294602438314,0.117792300391954,0.0815088694324183,0.375816148656208,0,1.24582739318411,0,"CV_done",TRUE,1338,FALSE
10,"gauss_indep",253,TRUE,331,NA,NA,0.252458097438177,0.336310071497536,NA,NA,0,-0.568279917724334,1.89235688656013,0.102158570987357,0.0800713045501207,0.496734922026762,0,1.32698858617908,0,"CV_done",TRUE,1287,FALSE
10,"gauss_indep",254,TRUE,322,NA,NA,0.291999224547057,0.461770998118605,NA,NA,0,-0.536331901054042,0.657091330793714,0.142225521873489,0.221044944555557,0.605126522225923,0,1.02588689237281,0,"CV_done",TRUE,1033,TRUE
10,"gauss_indep",255,TRUE,104,NA,NA,0.487954041266607,0.6488116013612,NA,NA,0,-0.558126260884607,2.14569163930183,0.384696940135664,0.258327475717131,0.620973777459662,0,1.13700238579677,0,"CV_done",TRUE,406,FALSE
10,"gauss_indep",257,TRUE,125,NA,NA,0.16291771234201,0.685429346352629,NA,NA,0,-0.217298009732934,0.858850750809304,1.09530384334212,0.0706430818509274,0.471599691208278,0,1.27237158043517,0,"CV_done",TRUE,387,FALSE
10,"gauss_indep",258,TRUE,174,NA,NA,0.139746710851678,0.556638306635763,NA,NA,0,-0.332720130227536,0.458949774213292,0.281614498726245,0.109007199029583,0.538991142839513,0,1.37532567903399,0,"CV_done",TRUE,944,FALSE
10,"gauss_indep",259,TRUE,317,NA,NA,0.132578752080549,0.587730711089046,NA,NA,0,-0.24265257001126,0.324588481548282,0.240369402788072,0.112843412922237,0.490309565882429,0,12.0338160646624,0,"CV_done",TRUE,1235,TRUE
10,"gauss_indep",26,TRUE,263,NA,NA,0.144386845010234,0.528754608076785,NA,NA,0,-0.377963269631627,0.904887451187672,0.381899062145333,0.0588197678338271,0.263287703155464,0,1.50295628864732,0,"CV_done",TRUE,668,TRUE
10,"gauss_indep",260,TRUE,320,NA,NA,0.182748045503284,0.63273582618385,NA,NA,0,-0.515606213226922,0.465866464456783,0.263010669342556,0.106816235392746,0.469634623318177,0,4.01771824697653,0,"CV_done",TRUE,1289,TRUE
10,"gauss_indep",261,TRUE,327,NA,NA,0.202558178816393,0.631928077352126,NA,NA,0,-0.564054815205955,0.435128081067585,0.342203478254158,0.11208550356112,0.416818737953602,0,1.54494294908312,0,"CV_done",TRUE,1282,TRUE
10,"gauss_indep",262,TRUE,319,NA,NA,0.215679446554564,0.697230704642166,NA,NA,0,-0.990743858953,0.454098149496856,0.411147147310765,0.108718633032858,0.352061731840641,0,1.97090697758728,0,"CV_done",TRUE,1246,TRUE
10,"gauss_indep",263,TRUE,393,NA,NA,0.234933020591061,0.687633079245031,NA,NA,0,-1.18344724824934,0.388680621757124,0.42518093472758,0.113777168913223,0.418722026388151,0,2.30698449254036,0,"CV_done",TRUE,1449,TRUE
10,"gauss_indep",264,TRUE,339,NA,NA,0.197272681574671,0.629351268119632,NA,NA,0,-0.938143858972426,0.331382062420856,0.384420166674027,0.121154571008745,0.500601690971723,0,3.01729413251082,0,"CV_done",TRUE,1036,TRUE
10,"gauss_indep",268,TRUE,358,NA,NA,0.1976593505633,0.408925550897555,NA,NA,0,-0.766421157085151,0.23553810248264,0.223061576373332,0.141963581296882,0.453265710637098,0,2.78694786257214,0,"CV_done",TRUE,1235,TRUE
10,"gauss_indep",269,TRUE,366,NA,NA,0.20934699796698,0.469182561476358,NA,NA,0,-0.832733482849887,0.214613284234258,0.273668860960315,0.123633223986072,0.475647332779429,0,1.76680998769071,0,"CV_done",TRUE,1547,TRUE
10,"gauss_indep",270,TRUE,422,NA,NA,0.248683351643052,0.451181356575132,NA,NA,0,-0.645983261442873,0.271496212770793,0.239120792256178,0.107641347864405,0.511602473393749,0,2.01991859475772,0,"CV_done",TRUE,1467,TRUE
10,"gauss_indep",271,TRUE,398,NA,NA,0.237003801809884,0.503918848409547,NA,NA,0,-0.384123451451577,0.27310242114163,0.196351567402907,0.105583444162708,0.485207023482784,0,3.65822287268109,0,"CV_done",TRUE,1323,TRUE
10,"gauss_indep",272,TRUE,395,NA,NA,0.205940783712749,0.532680977304685,NA,NA,0,-0.234818745678163,0.317547795048576,0.176817894542576,0.107774579006648,0.423202211627847,0,1.77601208951738,0,"CV_done",TRUE,1302,TRUE
10,"gauss_indep",273,TRUE,301,NA,NA,0.17796477253331,0.499778500439522,NA,NA,0,0.0407160913216052,0.433323182064302,0.167346200475904,0.0972711394973436,0.366899820530599,0,1.35947972103126,0,"CV_done",TRUE,1188,FALSE
10,"gauss_indep",274,TRUE,264,NA,NA,0.156391577798803,0.505664614586363,NA,NA,0,0.23294813229289,0.437862561095185,0.14252501680912,0.0958285272948032,0.36197059702495,0,5.7323688901133,0,"CV_done",TRUE,1052,TRUE
10,"gauss_indep",275,TRUE,230,NA,NA,0.168074631155494,0.564731743987596,NA,NA,0,0.46403156609648,0.654467773641867,0.174931194343629,0.0840493842130394,0.381414235255982,0,4.96295803652869,0,"CV_done",TRUE,1057,TRUE
10,"gauss_indep",276,TRUE,254,NA,NA,0.164974608136134,0.523576279684081,NA,NA,0,0.575400188265361,0.607459378429209,0.169908343980995,0.0786788017984081,0.380791852908331,0,6.02622282962004,0,"CV_done",TRUE,1014,TRUE
10,"gauss_indep",277,TRUE,372,NA,NA,0.131514020080511,0.465301111701298,NA,NA,0,0.610521945282793,0.481644935317377,0.159563516323145,0.06974475669869,0.431094155772018,0,2.13277111596531,0,"CV_done",TRUE,1160,TRUE
10,"gauss_indep",278,TRUE,354,NA,NA,0.121507445266762,0.411284612358058,NA,NA,0,0.66466744096255,0.484678781615501,0.160814572383649,0.0537017953151031,0.552167307713467,0,54.918957400322,0,"CV_done",TRUE,1447,TRUE
10,"gauss_indep",279,TRUE,399,NA,NA,0.125854398045793,0.600429829187355,NA,NA,0,0.725302827596558,0.640992821604942,0.283718693311491,0.0571158247570661,0.673675730886381,0,4.20902208010356,0,"CV_done",TRUE,1331,TRUE
10,"gauss_indep",28,TRUE,161,NA,NA,0.173060878175168,0.710359473763059,NA,NA,0,-1.28602089017664,0.458784478374324,0.222710670893002,0.0557791277037565,0.255565076589637,0,15.6699874415663,0,"CV_done",TRUE,751,TRUE
10,"gauss_indep",280,TRUE,153,NA,NA,0.154849903142902,1.20727720800231,NA,NA,0,1.12501583845489,0.995428548100257,1.57254383023234,0.0681278363312505,0.638545208108699,0,1.27455497215467,0,"CV_done",TRUE,603,FALSE
10,"gauss_indep",283,TRUE,151,NA,NA,0.237672689106096,0.556100281739127,NA,NA,0,0.878694746739819,1.41937507103393,0.207028051376089,0.100785548854336,0.466082885871118,0,1.26882989994354,0,"CV_done",TRUE,704,FALSE
10,"gauss_indep",284,TRUE,411,NA,NA,0.18555453310213,0.496172206847587,NA,NA,0,0.778629154254122,1.2868290347707,0.187137091415891,0.0766200723324604,0.516466455221639,0,2.02171334637536,0,"CV_done",TRUE,1436,TRUE
10,"gauss_indep",285,TRUE,282,NA,NA,0.136963645323372,0.515183000484635,NA,NA,0,0.746176521392325,1.15726773784797,0.134168009118772,0.0643219340443223,0.533274155227748,0,1.02338977546052,0,"CV_done",TRUE,1342,TRUE
10,"gauss_indep",286,TRUE,302,NA,NA,0.105243754870867,0.464462953713975,NA,NA,0,0.611342406298567,0.748242850738239,0.105689145013481,0.0608599983829899,0.53576677384654,0,8.19309351742268,0,"CV_done",TRUE,1180,TRUE
10,"gauss_indep",287,TRUE,437,NA,NA,0.135734146573281,0.47705612592253,NA,NA,0,0.591269163345772,0.916519720497852,0.142498359482494,0.070902063039859,0.58099843917002,0,1.26156522785072,0,"CV_done",TRUE,1370,FALSE
10,"gauss_indep",290,TRUE,320,NA,NA,0.118556717697749,1.04064698575346,NA,NA,0,0.172161230764708,0.801619809912359,1.02559023792831,0.0702113577526011,0.544267041184518,0,1.68069508958194,0,"CV_done",TRUE,910,FALSE
10,"gauss_indep",291,TRUE,272,NA,NA,0.120655030223572,0.753589498260387,NA,NA,0,0.105283862107246,0.734704822715799,0.467723776381655,0.102322482463342,0.670320334828792,0,1.28191976486809,0,"CV_done",TRUE,1124,FALSE
10,"gauss_indep",292,TRUE,309,NA,NA,0.113804409638558,0.717701658620595,NA,NA,0,-0.233525541361855,0.639343720950246,0.283428297021819,0.0935184621199984,0.638285538632222,0,4.26750837663809,0,"CV_done",TRUE,1164,TRUE
10,"gauss_indep",293,TRUE,281,NA,NA,0.133186385268319,0.676495421717815,NA,NA,0,-0.0957277079251423,0.840388567421022,0.237203907630496,0.0795959301332396,0.637469769639379,0,4.17401888218191,0,"CV_done",TRUE,1165,TRUE
10,"gauss_indep",294,TRUE,332,NA,NA,0.155617739658896,0.674737349300447,NA,NA,0,-0.0699863173663257,1.00561424602883,0.279047207287419,0.0899071519455252,0.574190844277766,0,1.31991011258905,0,"CV_done",TRUE,1225,FALSE
10,"gauss_indep",295,TRUE,380,NA,NA,0.192546128860851,0.696225621865231,NA,NA,0,-0.09073653688385,1.09458338978213,0.438215056842181,0.0771084192711312,0.479495292604732,0,1.24208607508904,0,"CV_done",TRUE,1558,FALSE
10,"gauss_indep",296,TRUE,390,NA,NA,0.196690137433376,0.703890601515406,NA,NA,0,0.190172276758696,0.939123214055945,0.754434468614952,0.0864980347083923,0.492504370050239,0,1.23812918429849,0,"CV_done",TRUE,1575,FALSE
10,"gauss_indep",300,TRUE,249,NA,NA,0.0976497320364956,0.881094536971028,NA,NA,0,0.0869956987897771,0.202952310279378,1.32267478344197,0.0992810086435034,0.627516120950803,0,1.66093513207579,0,"CV_done",TRUE,848,FALSE
10,"gauss_indep",301,TRUE,296,NA,NA,0.1273257652601,0.701376863548113,NA,NA,0,-0.0719593257169201,0.393998116509334,0.384759018853446,0.0868782732013057,0.623303297280831,0,1.28064655012003,0,"CV_done",TRUE,1269,FALSE
10,"gauss_indep",302,TRUE,301,NA,NA,0.154481290675601,0.54147321873338,NA,NA,0,-0.257060041311939,0.479948934786623,0.218259270065746,0.0819086402204111,0.645263181539705,0,2.80917446262307,0,"CV_done",TRUE,1089,TRUE
10,"gauss_indep",303,TRUE,260,NA,NA,0.161851914221521,0.505304264899158,NA,NA,0,-0.203628028348541,0.36526377839871,0.151592183838986,0.0857573696216159,0.692506013464697,0,1.43812341014544,0,"CV_done",TRUE,1192,TRUE
10,"gauss_indep",304,TRUE,329,NA,NA,0.160402060479715,0.559977037529105,NA,NA,0,0.134970699326204,0.564853185646878,0.15351917650749,0.0830004023058887,0.646234554588183,0,12.0783376135429,0,"CV_done",TRUE,1105,TRUE
10,"gauss_indep",305,TRUE,174,NA,NA,0.149218442058572,0.595937025561029,NA,NA,0,0.412162092952416,0.634014829225993,0.175925184678665,0.0871997290063251,0.601632502969034,0,8.87089674042331,0,"CV_done",TRUE,958,TRUE
10,"gauss_indep",306,TRUE,189,NA,NA,0.184575519738641,0.709286581492218,NA,NA,0,0.615911706296923,0.689414974908977,0.218241949298921,0.0907023957380827,0.599098822518842,0,14.6918292489317,0,"CV_done",TRUE,856,TRUE
10,"gauss_indep",307,TRUE,240,NA,NA,0.179897816829921,0.749076038183017,NA,NA,0,0.390923771680619,0.696978250825362,0.222324319988018,0.0972932766468567,0.572585143621525,0,1.47568175252941,0,"CV_done",TRUE,745,FALSE
10,"gauss_indep",308,TRUE,240,NA,NA,0.166501547336722,0.666289751014801,NA,NA,0,0.619641555645471,0.793364493193951,0.174837753446335,0.0929084760945656,0.623088089235893,0,5.40952517039246,0,"CV_done",TRUE,861,TRUE
10,"gauss_indep",309,TRUE,253,NA,NA,0.147392951990159,0.652926620550695,NA,NA,0,1.00145589348041,0.643394899379417,0.141540675266812,0.0720351482506263,0.660342775749792,0,15.6921047845152,0,"CV_done",TRUE,968,TRUE
10,"gauss_indep",310,TRUE,246,NA,NA,0.130552623261792,0.549220415747245,NA,NA,0,1.02925814814734,0.832114820965199,0.152025334881436,0.0576590420354547,0.662989966838269,0,1.52815566040024,0,"CV_done",TRUE,1043,FALSE
10,"gauss_indep",311,TRUE,282,NA,NA,0.129167848624283,0.697223611726891,NA,NA,0,0.468482839321413,0.980580696681044,0.258607709605988,0.0711077760802843,0.7447328666283,0,1.66281174557628,0,"CV_done",TRUE,888,FALSE
10,"gauss_indep",314,TRUE,376,NA,NA,0.451546008147114,1.00891566849302,NA,NA,0,0.821698175155049,2.29123854919224,0.440445804539342,0.168322699034521,0.757040280708128,0,1.27728619330183,0,"CV_done",TRUE,964,FALSE
10,"gauss_indep",315,TRUE,378,NA,NA,0.220614660807166,0.685621116934893,NA,NA,0,0.927139101664315,1.41453147748487,0.250666693707083,0.0920084551657905,0.691250722128129,0,1.18738216857115,0,"CV_done",TRUE,1458,TRUE
10,"gauss_indep",316,TRUE,391,NA,NA,0.152104823134563,0.670950284665836,NA,NA,0,0.710094295064906,1.17798796294542,0.236697218290496,0.0788369576844801,0.700159270847716,0,4.95262359844314,0,"CV_done",TRUE,1442,TRUE
10,"gauss_indep",317,TRUE,456,NA,NA,0.138266073613239,0.727528285658226,NA,NA,0,1.00518464371223,1.07526868682793,0.24849992991411,0.0711761466897677,0.608300582905592,0,1.2653605465591,0,"CV_done",TRUE,1307,FALSE
10,"gauss_indep",318,TRUE,416,NA,NA,0.176205221737842,0.914827477845091,NA,NA,0,1.10377191721169,0.931573268713158,0.460855287043365,0.077284446486443,0.553177921148182,0,1.30153666674263,0,"CV_done",TRUE,1669,FALSE
10,"gauss_indep",319,TRUE,321,NA,NA,0.193727239791587,1.08736077223582,NA,NA,0,0.970876382919402,1.10266572749572,0.978446034772763,0.0832003077656062,0.552857077972351,0,1.38676273106425,0,"CV_done",TRUE,1113,FALSE
10,"gauss_indep",32,TRUE,761,NA,NA,0.360669627464028,1.51469134385808,NA,NA,0,1.68073199978579,1.24639915780739,0.795173082214353,0.0739420952210598,0.33570824261732,0,1.8541922862469,0,"CV_done",TRUE,1325,FALSE
10,"gauss_indep",320,TRUE,498,NA,NA,0.195093467817322,1.38334349680705,NA,NA,0,1.15577336590417,1.05845211892509,1.31873444313391,0.0998633894469079,0.755107345183422,0,1.41610392371538,0,"CV_done",TRUE,1035,FALSE
10,"gauss_indep",321,TRUE,416,NA,NA,0.195173052407453,1.25041670488305,NA,NA,0,0.959591995836973,1.07338341249252,1.1570318040414,0.0838298941161064,0.532611934271319,0,1.41496454666334,0,"CV_done",TRUE,1333,FALSE
10,"gauss_indep",322,TRUE,379,NA,NA,0.262774711821304,1.29855077923036,NA,NA,0,1.11272263023119,1.40341795458383,1.02891007004165,0.0940536643626229,0.526294233547975,0,1.58616777534838,0,"CV_done",TRUE,1149,FALSE
10,"gauss_indep",323,TRUE,292,NA,NA,0.292392527972355,1.33742549495178,NA,NA,0,0.962595977756822,1.61498261878766,1.17595670502698,0.0560064535777231,0.404249315494895,0,11.2116950496038,0,"CV_done",TRUE,1286,TRUE
10,"gauss_indep",324,TRUE,375,NA,NA,0.23630591607139,1.13130757323365,NA,NA,0,1.09797198203432,1.25403638402131,0.836693545368933,0.0617447361827285,0.487696640201165,0,1.38606880608808,0,"CV_done",TRUE,1336,FALSE
10,"gauss_indep",325,TRUE,469,NA,NA,0.196405801358349,0.956487291230057,NA,NA,0,0.975798287811201,1.13270087342697,1.02585867454943,0.0588766705989355,0.415252959765091,0,1.40843515720356,0,"CV_done",TRUE,1519,FALSE
10,"gauss_indep",326,TRUE,596,NA,NA,0.193914843797833,0.872134570832325,NA,NA,0,1.19310635998758,1.33232341296024,0.945119547493421,0.0608105855283382,0.400242101135725,0,1.54292107273583,0,"CV_done",TRUE,1747,FALSE
10,"gauss_indep",327,TRUE,502,NA,NA,0.16607146232836,0.718978114901122,NA,NA,0,1.24839834873241,1.2839259275339,0.881877397359128,0.0701939343535564,0.450419028028254,0,1.42653011983743,0,"CV_done",TRUE,1428,FALSE
10,"gauss_indep",328,TRUE,573,NA,NA,0.148971721342361,0.71004561012621,NA,NA,0,1.47892632398498,0.851803489518444,0.647770398645089,0.0653371816690758,0.451590228054987,0,1.41693486909348,0,"CV_done",TRUE,1306,FALSE
10,"gauss_indep",329,TRUE,362,NA,NA,0.161047845868199,0.976947254181229,NA,NA,0,0.780758897069718,1.07393562114094,1.32425702263566,0.0772082891601185,0.470110239691958,0,1.41001932104429,0,"CV_done",TRUE,1452,FALSE
10,"gauss_indep",33,TRUE,969,NA,NA,0.208494731088054,1.22677483773759,NA,NA,0,1.79787670887485,0.772163250536226,0.689842432785222,0.0651423641166954,0.312740151646114,0,14.3184694932567,0,"CV_done",TRUE,2179,TRUE
10,"gauss_indep",330,TRUE,573,NA,NA,0.128780579885412,0.920247730696098,NA,NA,0,0.81670028726916,0.719904812578879,0.493558410069,0.0721837611290294,0.69203180355542,0,1.38664781686884,0,"CV_done",TRUE,1440,FALSE
10,"gauss_indep",331,TRUE,144,NA,NA,0.12126119134435,0.803046887006782,NA,NA,0,0.64030256757201,0.763358380518143,0.304712566242297,0.0587855093704386,0.728330961667754,0,1.4089305736842,0,"CV_done",TRUE,956,FALSE
10,"gauss_indep",332,TRUE,375,NA,NA,0.141124406625455,0.660311838846293,NA,NA,0,0.844519043611871,1.1262058486546,0.187989460484856,0.0556508194167951,0.758945693625062,0,1.4136371085572,0,"CV_done",TRUE,1247,FALSE
10,"gauss_indep",333,TRUE,431,NA,NA,0.122474358147841,0.6206173667026,NA,NA,0,0.779482782214595,0.881480213103455,0.116263535029522,0.0532292061023924,0.697328292455426,0,1.47821895605712,0,"CV_done",TRUE,1393,FALSE
10,"gauss_indep",334,TRUE,392,NA,NA,0.110068800286865,0.579775603196996,NA,NA,0,0.533535609092482,1.12918208177347,0.13517515997703,0.0547641420559292,0.677137693420605,0,1.60565144325296,0,"CV_done",TRUE,1227,FALSE
10,"gauss_indep",335,TRUE,308,NA,NA,0.124398492777578,0.697497930421327,NA,NA,0,0.442097643344498,0.875169656574318,0.128275615079329,0.056456484062481,0.619285522555565,0,20.2871424483591,0,"CV_done",TRUE,969,TRUE
10,"gauss_indep",336,TRUE,181,NA,NA,0.126095088812058,0.757895908367604,NA,NA,0,0.389892717353735,0.4376036718644,0.150928033244277,0.0699300144546692,0.605172633821493,0,4.36802907983462,0,"CV_done",TRUE,794,TRUE
10,"gauss_indep",337,TRUE,289,NA,NA,0.121774353650876,0.632404409046202,NA,NA,0,0.280041887735386,0.402394225426058,0.146813193033284,0.0636842621884208,0.729071929516817,0,9.98685704270999,0,"CV_done",TRUE,976,TRUE
10,"gauss_indep",338,TRUE,346,NA,NA,0.0987357757445621,0.557711620627738,NA,NA,0,0.497997483895838,0.401669617876312,0.149762033486009,0.050069812391547,0.785037337381579,0,10.2612112110853,0,"CV_done",TRUE,1051,TRUE
10,"gauss_indep",339,TRUE,302,NA,NA,0.114585808368769,0.606875420568918,NA,NA,0,-0.086980272097356,1.28439645604733,0.176555383362245,0.0863383722321635,0.774052522928144,0,1.38738989274535,0,"CV_done",TRUE,746,FALSE
10,"gauss_indep",34,TRUE,492,NA,NA,0.123457846378953,0.714338775948605,NA,NA,0,1.59046936838101,0.620378445142681,0.544270310721781,0.0384937881718848,0.289283706097594,0,4.98912590066592,0,"CV_done",TRUE,1514,TRUE
10,"gauss_indep",341,TRUE,332,NA,NA,0.351862359176901,1.56131363786051,NA,NA,0,0.515465056147356,1.2384680217376,1.4607257056921,0.285808526307392,0.681657185954491,0,19.1835092937946,0,"CV_done",TRUE,924,TRUE
10,"gauss_indep",342,TRUE,416,NA,NA,0.367577795595944,1.15396702237067,NA,NA,0,0.887781004272752,1.7277567964776,0.707285364205799,0.133696494045835,0.706839472392188,0,12.3149354279704,0,"CV_done",TRUE,1634,TRUE
10,"gauss_indep",343,TRUE,474,NA,NA,0.181268402122068,1.06034556170873,NA,NA,0,1.02141194432477,0.766374975757703,0.592918136363156,0.0761194058212812,0.603058954658112,0,1.42586547488416,0,"CV_done",TRUE,1493,FALSE
10,"gauss_indep",344,TRUE,246,NA,NA,0.143543110873744,0.791121273195543,NA,NA,0,1.10601487519071,0.758099570940224,0.319388655840538,0.0663782612557505,0.627431228484094,0,1.13568837411426,0,"CV_done",TRUE,1349,TRUE
10,"gauss_indep",345,TRUE,420,NA,NA,0.181948814126616,1.05143854895472,NA,NA,0,1.11503160289705,1.0486758224933,0.681475180310148,0.0730048838347414,0.48354421589528,0,1.35329497874335,0,"CV_done",TRUE,1731,FALSE
10,"gauss_indep",346,TRUE,596,NA,NA,0.232926114729617,1.44248130944261,NA,NA,0,1.25315852630612,1.46867115416847,1.31638016428858,0.075305560789732,0.501503389747803,0,3.56908416608969,0,"CV_done",TRUE,1472,TRUE
10,"gauss_indep",347,TRUE,361,NA,NA,0.209647853836474,1.37602916311711,NA,NA,0,1.48220410972573,1.4108758041309,1.57787440182634,0.0882332779894728,0.573692751711066,0,1.53709951356881,0,"CV_done",TRUE,1009,FALSE
10,"gauss_indep",348,TRUE,350,NA,NA,0.251797909759738,1.16527287399553,NA,NA,0,1.30397118361197,1.00249882080817,1.05858329723002,0.0625449651274921,0.420998170578676,0,1.51303272689382,0,"CV_done",TRUE,1113,FALSE
10,"gauss_indep",349,TRUE,343,NA,NA,0.352871444456833,1.42086494798263,NA,NA,0,1.16550315678789,2.12322411246635,1.708851292066,0.0196975123113147,0.192166065537101,0,2.53397799054782,0,"CV_done",TRUE,1183,TRUE
10,"gauss_indep",350,TRUE,667,NA,NA,0.276639346504461,1.2378337302184,NA,NA,0,1.00098219248101,1.52892443374917,1.51432158365695,0.0367774110556795,0.292520797429415,0,6.60855289545324,0,"CV_done",TRUE,1394,TRUE
10,"gauss_indep",351,TRUE,345,NA,NA,0.169171332478438,0.985824149403524,NA,NA,0,0.939554408103882,1.36386108223315,1.15752410049908,0.0467976247856503,0.415971114897214,0,1.4995953041729,0,"CV_done",TRUE,1138,FALSE
10,"gauss_indep",352,TRUE,387,NA,NA,0.176905540746698,0.857586267878967,NA,NA,0,0.892168967768896,0.725503171517301,0.795981914261579,0.0376620381394263,0.287250826799862,0,2.70737113946014,0,"CV_done",TRUE,517,FALSE
10,"gauss_indep",353,TRUE,371,NA,NA,0.128345345523084,0.707641836771306,NA,NA,0,0.806514947285662,0.708216444555655,0.646012495608615,0.031570555024289,0.338414536068688,0,3.89908922188812,0,"CV_done",TRUE,1407,TRUE
10,"gauss_indep",354,TRUE,499,NA,NA,0.145751636107056,0.9238222105059,NA,NA,0,1.32467189667634,0.863537486401041,0.851210552983199,0.0620035550785814,0.395530236952606,0,1.51939891015766,0,"CV_done",TRUE,1712,FALSE
10,"gauss_indep",355,TRUE,717,NA,NA,0.168964967973387,1.0930569300304,NA,NA,0,1.45483593940193,1.00036818551321,0.75638456181824,0.0680147776838269,0.449620463161981,0,1.52804604849882,0,"CV_done",TRUE,1805,FALSE
10,"gauss_indep",356,TRUE,346,NA,NA,0.1418388482092,0.984707469052631,NA,NA,0,1.40204710568489,1.04630017899918,0.495273049172578,0.0536206549041972,0.520814639589349,0,1.61508968449577,0,"CV_done",TRUE,1368,FALSE
10,"gauss_indep",357,TRUE,500,NA,NA,0.118749851540155,0.912891658205495,NA,NA,0,1.16292082444807,1.11456657894235,0.35222070951765,0.0528680778230214,0.59029973389554,0,1.51102654619073,0,"CV_done",TRUE,1470,FALSE
10,"gauss_indep",358,TRUE,464,NA,NA,0.0937534145222461,0.775411559582106,NA,NA,0,0.7179817847975,0.834530022034379,0.203585930741361,0.0397163766619134,0.674599319769072,0,18.3232455373473,0,"CV_done",TRUE,1471,TRUE
10,"gauss_indep",359,TRUE,349,NA,NA,0.0926843007087752,0.74531668666982,NA,NA,0,0.510690442073291,0.850004428829268,0.207174024570645,0.0304299430454807,0.723700319282127,0,1.50762610980482,0,"CV_done",TRUE,1146,FALSE
10,"gauss_indep",360,TRUE,333,NA,NA,0.0780441725873615,0.654987603516036,NA,NA,0,0.751955686576209,0.659293751671837,0.131530385509061,0.0295086502115687,0.63668445739531,0,1.03033695785812,0,"CV_done",TRUE,1020,TRUE
10,"gauss_indep",361,TRUE,250,NA,NA,0.0634833810895608,0.536341750396951,NA,NA,0,0.442401992110017,0.569480051541207,0.120828813709587,0.0198763843364358,0.537239497041199,0,1.52987539948689,0,"CV_done",TRUE,983,FALSE
10,"gauss_indep",362,TRUE,300,NA,NA,0.0484936670249726,0.431435643722487,NA,NA,0,-0.113784898061482,0.474384648186145,0.123156420666008,0.0179480716261516,0.593477619788522,0,1.51988118024336,0,"CV_done",TRUE,1024,FALSE
10,"gauss_indep",363,TRUE,229,NA,NA,0.0810332050570094,0.369170503210659,NA,NA,0,-0.52121119302132,1.28258408474191,0.122968162837101,0.0759972597139241,0.583898834757404,0,1.5547639375042,0,"CV_done",TRUE,745,FALSE
10,"gauss_indep",365,TRUE,446,NA,NA,0.242321036253247,1.29298003253392,NA,NA,0,0.858309680988619,1.10738492363821,0.945029031565637,0.151936621536902,0.639188468686319,0,1.51535248356285,0,"CV_done",TRUE,1318,FALSE
10,"gauss_indep",366,TRUE,472,NA,NA,0.208176381574702,1.18128253575737,NA,NA,0,0.821729265854829,0.895583474072772,0.869288629733592,0.0616406641248869,0.413377706889291,0,1.54289010650306,0,"CV_done",TRUE,1464,FALSE
10,"gauss_indep",367,TRUE,401,NA,NA,0.148108319221839,0.893332503487475,NA,NA,0,0.814462957722826,0.781980876503431,0.56868828045622,0.041732469280261,0.41052161399534,0,17.4210308941868,0,"CV_done",TRUE,1177,TRUE
10,"gauss_indep",368,TRUE,422,NA,NA,0.13624162927088,0.81546552572516,NA,NA,0,0.724096844917237,0.687559437705125,0.579260240732571,0.0265184144323673,0.370959159905752,0,5.82723067204158,0,"CV_done",TRUE,1182,TRUE
10,"gauss_indep",369,TRUE,412,NA,NA,0.209057824129266,1.30799797800919,NA,NA,0,1.30980306080071,1.48383846637506,1.41726265467318,0.0539761200877284,0.387967164965989,0,15.3726807365815,0,"CV_done",TRUE,1114,TRUE
10,"gauss_indep",370,TRUE,145,NA,NA,0.0775504057158099,0.606095353211916,NA,NA,0,-0.156920891466965,0.400756993253321,0.957658109310178,0.0409324304244698,0.263686279362539,0,1.88248185123282,0,"CV_done",TRUE,393,FALSE
10,"gauss_indep",371,TRUE,125,NA,NA,0.0849244610052742,0.493421401125829,NA,NA,0,0.165357674142672,0.545648515086476,0.899449629684122,0.0233598744487591,0.274077580469457,0,1.83712825002218,0,"CV_done",TRUE,539,FALSE
10,"gauss_indep",372,TRUE,201,NA,NA,0.106954840373071,0.799975238871489,NA,NA,0,-0.0416326472629923,0.724001529555587,2.14092115712847,0.0159248551317518,0.283301100144475,0,1.87351612692078,0,"CV_done",TRUE,730,FALSE
10,"gauss_indep",373,TRUE,293,NA,NA,0.172934304684401,0.751232565934339,NA,NA,0,0.496426476621319,0.642559778344543,0.353585424112486,0.113989898860747,0.413680049422825,0,2.26983433657222,0,"CV_done",TRUE,353,FALSE
10,"gauss_indep",374,TRUE,491,NA,NA,0.172475674825987,0.483217054553688,NA,NA,0,0.536958609311227,0.442101591817122,0.308760919408107,0.116378206105008,0.537348707069526,0,10.4833817521731,0,"CV_done",TRUE,576,TRUE
10,"gauss_indep",375,TRUE,394,NA,NA,0.126973485433297,0.788359044457808,NA,NA,0,0.788588320211923,0.674639087263635,0.727973975201578,0.0440251518808236,0.43375146450732,0,12.5285698641009,0,"CV_done",TRUE,994,TRUE
10,"gauss_indep",376,TRUE,421,NA,NA,0.151450047969518,1.000636931112,NA,NA,0,0.834141161130266,1.00202387310385,1.11233381649901,0.0481561125205947,0.334565577534146,0,1.91370102387887,0,"CV_done",TRUE,1152,FALSE
10,"gauss_indep",377,TRUE,536,NA,NA,0.125468012009997,0.958005709293772,NA,NA,0,0.891942285956284,0.854588172285233,0.602378155092572,0.0436474441643983,0.342119115146019,0,1.87412541029354,0,"CV_done",TRUE,1249,FALSE
10,"gauss_indep",378,TRUE,434,NA,NA,0.116989745960957,0.967937813086381,NA,NA,0,0.593715975252217,0.693119247721217,0.476952234250438,0.0402176783617896,0.458728548635268,0,1.87542268553818,0,"CV_done",TRUE,1091,FALSE
10,"gauss_indep",379,TRUE,309,NA,NA,0.111876734601841,0.939278624139653,NA,NA,0,0.541668499556586,0.754044348662785,0.350293807128588,0.0432747673836191,0.599963159698295,0,19.8531610649162,0,"CV_done",TRUE,821,TRUE
10,"gauss_indep",380,TRUE,381,NA,NA,0.0925722163502625,0.75621224863247,NA,NA,0,0.995899575383408,0.805699273928975,0.210015877698523,0.0303612029480252,0.488759985139863,0,1.89960709082584,0,"CV_done",TRUE,880,FALSE
10,"gauss_indep",381,TRUE,355,NA,NA,0.0600137116269097,0.672135335225516,NA,NA,0,0.747500807040144,0.551275207826697,0.182481634402311,0.0165384934277338,0.421627707987928,0,1.89364167039317,0,"CV_done",TRUE,801,FALSE
10,"gauss_indep",382,TRUE,377,NA,NA,0.0863063414984507,0.676648162605176,NA,NA,0,0.0752881841657139,0.770022870340307,0.551837432519299,0.045008216843632,0.35880721258433,0,1.87851269968682,0,"CV_done",TRUE,685,FALSE
10,"gauss_indep",383,TRUE,356,NA,NA,0.149132298129601,0.872183371068476,NA,NA,0,0.525292497949408,0.659657971460808,0.667185204253834,0.0610787067499338,0.422659840258904,0,1.87360589702096,0,"CV_done",TRUE,817,FALSE
10,"gauss_indep",384,TRUE,276,NA,NA,0.153161199942762,0.6882372937939,NA,NA,0,0.284321898701381,0.598470501374401,0.527586108327838,0.0910516077336216,0.346753295389404,0,1.54922551802187,0,"CV_done",TRUE,812,TRUE
10,"gauss_indep",385,TRUE,188,NA,NA,0.130267636399798,0.535420777194023,NA,NA,0,0.288374933233256,0.579010105133053,0.225145608161804,0.0478633293779472,0.389964157617817,0,5.05675397031837,0,"CV_done",TRUE,708,TRUE
10,"gauss_indep",386,TRUE,233,NA,NA,0.122490590653785,0.426282578326307,NA,NA,0,0.355709821177454,0.510898288422588,0.184228864655509,0.0321556266662561,0.404243191167066,0,4.96704331450992,0,"CV_done",TRUE,475,TRUE
10,"gauss_indep",44,TRUE,168,NA,NA,0.293241997633122,1.9872397372083,NA,NA,0,2.25912353448509,1.68217809020123,2.01249611921786,0.101190299874081,0.722446077012773,0,5.60838355229961,0,"CV_done",TRUE,1193,TRUE
10,"gauss_indep",45,TRUE,490,NA,NA,0.173949994902328,0.967792915711561,NA,NA,0,1.26742862304262,1.01670259723577,0.83723671948212,0.0670406834854667,0.445354644994298,0,1.50263117331873,0,"CV_done",TRUE,1420,FALSE
10,"gauss_indep",46,TRUE,483,NA,NA,0.175068573571251,0.658913180903926,NA,NA,0,0.485448860782072,0.883013323348457,0.583661455314658,0.0486763711730947,0.328053518822366,0,7.33145265042782,0,"CV_done",TRUE,1477,TRUE
10,"gauss_indep",47,TRUE,654,NA,NA,0.186762268124963,0.663710447627144,NA,NA,0,-0.0597051078843662,0.576676550157182,0.18295889115688,0.0419641210571847,0.320523971961344,0,9.40391706294484,0,"CV_done",TRUE,1536,TRUE
10,"gauss_indep",48,TRUE,707,NA,NA,0.154072590475544,0.675408270603641,NA,NA,0,-0.232630914847,0.341602902018367,0.162710559843124,0.0385359376248086,0.329962852179869,0,1.23763056000074,0,"CV_done",TRUE,1752,TRUE
10,"gauss_indep",49,TRUE,414,NA,NA,0.16744615475724,0.666139734554943,NA,NA,0,-0.30627325831072,0.733974263656498,0.191236658757572,0.0519964474839615,0.357663944733826,0,1.50106639474078,0,"CV_done",TRUE,1045,FALSE
10,"gauss_indep",54,TRUE,359,NA,NA,0.690117249178512,2.65852460626462,NA,NA,0,3.64720270663329,1.71114031524127,1.32705969497874,0.211847795287443,0.77741935171491,0,6.75383648779657,0,"CV_done",TRUE,1870,TRUE
10,"gauss_indep",55,TRUE,871,NA,NA,0.392338841996279,1.88989569684819,NA,NA,0,2.74085108897984,1.38102059788804,1.05923725676502,0.0942031787850945,0.40929236888186,0,17.0352670078145,0,"CV_done",TRUE,2450,TRUE
10,"gauss_indep",56,TRUE,668,NA,NA,0.161022566458333,0.84770069664357,NA,NA,0,2.39179636831516,0.743884498879508,0.597365712812399,0.0309819258874262,0.229080388020447,0,2.2686739002996,0,"CV_done",TRUE,2056,TRUE
10,"gauss_indep",57,TRUE,257,NA,NA,0.131706378482271,0.616422421489237,NA,NA,0,-0.472242680252132,1.03647640805993,1.33150114503487,0.0684576266168744,0.310719711062068,0,1.52954606480896,0,"CV_done",TRUE,1293,FALSE
10,"gauss_indep",59,TRUE,323,NA,NA,0.171168257851292,0.938776858684839,NA,NA,0,0.499852177556044,1.04402641409783,2.75612198012946,0.056156965813218,0.502650488307557,0,1.41419100163435,0,"CV_done",TRUE,1046,FALSE
10,"gauss_indep",67,TRUE,688,NA,NA,0.180497741831209,1.8689190768358,NA,NA,0,1.05196580403848,0.661918755119481,1.24247792456424,0.0798972773574402,0.886322735544213,0,1.42513935050203,0,"CV_done",TRUE,1480,FALSE
10,"gauss_indep",68,TRUE,1145,NA,NA,0.234072875638099,1.97265402821714,NA,NA,0,1.85060483560133,1.14778919571368,1.60731694664741,0.0985583923449471,0.811586824122775,0,7.73910037802325,0,"CV_done",TRUE,2656,TRUE
10,"gauss_indep",69,TRUE,631,NA,NA,0.208788884778735,1.47875157143254,NA,NA,0,1.75529583396644,1.2789185722258,1.3448640776876,0.080091672258464,0.66839743952539,0,6.81052352070808,0,"CV_done",TRUE,2164,TRUE
10,"gauss_indep",70,TRUE,395,NA,NA,0.171748145025773,1.19708289198371,NA,NA,0,1.06526686375781,1.11933311370867,1.4017347690542,0.0478697529625492,0.382570114597844,0,1.42360441457066,0,"CV_done",TRUE,1612,FALSE
10,"gauss_indep",71,TRUE,389,NA,NA,0.179493350877931,0.90117849893978,NA,NA,0,1.45419714726881,0.648199104992462,0.461323047869202,0.0542774262648006,0.461543324179988,0,18.0404112566842,0,"CV_done",TRUE,1736,TRUE
10,"gauss_indep",72,TRUE,713,NA,NA,0.205875785335628,0.887107548020518,NA,NA,0,1.35465642662814,0.357484180342415,0.221320155533223,0.0525559634543763,0.420753786635817,0,2.88552628457546,0,"CV_done",TRUE,2042,TRUE
10,"gauss_indep",73,TRUE,410,NA,NA,0.2112648641459,0.890124088283756,NA,NA,0,0.978226859524862,0.326941020643916,0.18963802684162,0.0682918958427488,0.406979786937761,0,7.04469076520867,0,"CV_done",TRUE,1864,TRUE
10,"gauss_indep",74,TRUE,562,NA,NA,0.204660949902199,0.847080243360765,NA,NA,0,0.886847752907008,0.416484691535488,0.214688109950075,0.0739970135905972,0.406162201179849,0,4.556480667856,0,"CV_done",TRUE,1790,TRUE
10,"gauss_indep",79,TRUE,495,NA,NA,0.421443697369201,2.00486989823623,NA,NA,0,2.213852306033,1.01238244664468,1.45335251141205,0.286585384948384,1.20220071139961,0,1.34879650049739,0,"CV_done",TRUE,660,FALSE
10,"gauss_indep",80,TRUE,509,NA,NA,0.655817884260924,2.50411032528604,NA,NA,0,4.58721932082161,2.56804595352471,2.48119301880794,0.224019744525127,0.785187879151096,0,15.1623010436694,0,"CV_done",TRUE,615,TRUE
10,"gauss_indep",81,TRUE,408,NA,NA,0.602573668266214,2.44903323756168,NA,NA,0,3.43959597400037,1.8862859528164,1.42457753947265,0.102365534079638,0.462538008888039,0,3.85611179265711,0,"CV_done",TRUE,1530,TRUE
10,"gauss_indep",82,TRUE,441,NA,NA,0.194284563008657,0.91472388058426,NA,NA,0,2.69199995366564,1.01943203635694,0.692438876693578,0.0395913405418158,0.26084431327751,0,1.41826244898692,0,"CV_done",TRUE,1830,FALSE
10,"gauss_indep",83,TRUE,579,NA,NA,0.123247765485207,0.649188969935007,NA,NA,0,1.34531624235315,0.489977959978963,0.768332328882715,0.0482156843710121,0.253797647860024,0,2.65179551727242,0,"CV_done",TRUE,1783,TRUE
10,"gauss_indep",84,TRUE,816,NA,NA,0.201607141098257,0.752413031897625,NA,NA,0,-0.561520811505285,1.49780664347865,2.28642114580658,0.110779937215682,0.334908652442842,0,9.79809336404006,0,"CV_done",TRUE,1739,TRUE
10,"gauss_indep",85,TRUE,908,NA,NA,0.224237788860831,0.889300302148062,NA,NA,0,-0.598732475493544,1.73011264965748,2.54903580959384,0.111302973451479,0.378550169047163,0,45.212273089091,0,"CV_done",TRUE,1550,TRUE
10,"gauss_indep",86,TRUE,616,NA,NA,0.176281050336151,1.09642360908999,NA,NA,0,0.617450047901744,1.0227224384082,3.30765680759055,0.0552800449852341,0.479308902668516,0,1.26266497495274,0,"CV_done",TRUE,1046,FALSE
10,"gauss_indep",87,TRUE,101,NA,NA,0.0931976373362101,1.88625891157834,NA,NA,0,2.21985749232698,0.241633211525274,2.00431799131053,0.0493607909642324,0.324979654029439,0,22.7269158681234,0,"CV_done",TRUE,192,FALSE
10,"gauss_indep",95,TRUE,617,NA,NA,0.128016686407462,1.22164103757908,NA,NA,0,0.0352138971978624,0.400052635739072,1.20304184700497,0.0546091050937782,0.63164442269071,0,1.30788081340768,0,"CV_done",TRUE,2645,FALSE
10,"gauss_indep",96,TRUE,1009,NA,NA,0.168735809671812,1.56471454308323,NA,NA,0,1.05352291328794,0.561529648368228,1.16724949067442,0.0701822233343525,0.668771279245434,0,1.29462278922123,0,"CV_done",TRUE,3466,FALSE
10,"gauss_indep",97,TRUE,592,NA,NA,0.180718382299039,1.65182662292129,NA,NA,0,1.77618507351981,0.708635220941551,1.19190954104834,0.0844929174823857,0.696250768193625,0,1.32801675518078,0,"CV_done",TRUE,2322,FALSE
10,"gauss_indep",98,TRUE,450,NA,NA,0.138478338481154,1.11300362752537,NA,NA,0,0.840291974657637,0.719393321921231,1.50110761526558,0.0628363168169055,0.577270037170123,0,1.28532894048702,0,"CV_done",TRUE,1541,FALSE
10,"gauss_indep",99,TRUE,319,NA,NA,0.154452490160835,0.979494271352081,NA,NA,0,0.692725807756706,0.498703949781181,1.25587783018639,0.0540585518775332,0.465655415935619,0,1.29831886495705,0,"CV_done",TRUE,1288,FALSE
10,"gauss_cor",100,TRUE,428,NA,NA,0.162741049158901,0.675676765278937,NA,NA,0,0.552903859593779,0.414052885385594,0.340620342169485,0.0600978152693265,0.549223568318654,0.456753658865786,20.4877582724227,0,"CV_done",TRUE,1539,TRUE
10,"gauss_cor",101,TRUE,423,NA,NA,0.173191702674659,0.681775948653215,NA,NA,0,0.371793269202774,0.322997671353829,0.322940033388109,0.0657277202707717,0.443254809525898,0.343193650283889,2.06415305839645,0,"CV_done",TRUE,2037,TRUE
10,"gauss_cor",102,TRUE,457,NA,NA,0.196227271943544,0.674914820419931,NA,NA,0,0.307210790998553,0.340099616907833,0.26331083308125,0.0850503369438448,0.408394432467401,0.390291690987753,3.53465893765291,0,"CV_done",TRUE,1837,TRUE
10,"gauss_cor",103,TRUE,426,NA,NA,0.199015067619435,0.660193891450837,NA,NA,0,0.473552684008018,0.451069517410823,0.212972313185772,0.104642138877795,0.416183743007668,0.475200745315307,57.0437165101369,0,"CV_done",TRUE,1494,TRUE
10,"gauss_cor",104,TRUE,565,NA,NA,0.201013462103065,0.798496989744442,NA,NA,0,0.605924376176679,0.569195251394942,0.310185955620461,0.0856966446227437,0.377601114849044,0.531704998568129,4.44461699035433,0,"CV_done",TRUE,1511,TRUE
10,"gauss_cor",105,TRUE,239,NA,NA,0.201011627053096,1.05659117263346,NA,NA,0,0.424993763482777,0.676251327990334,0.781204420303305,0.0676114430293614,0.318761562401103,0.511410380554081,1.29389102454539,0,"CV_done",TRUE,844,FALSE
10,"gauss_cor",107,TRUE,367,NA,NA,0.21572745415407,1.09594878572998,NA,NA,0,-0.377866577458075,0.670443204040229,1.15736517966012,0.135204844214408,0.504278867204701,0.0929825343755316,22.8487072953913,0,"CV_done",TRUE,691,FALSE
10,"gauss_cor",108,TRUE,404,NA,NA,0.238470438367587,1.41194731290914,NA,NA,0,0.432946849946117,0.561030043601113,0.979379370491919,0.147107513030712,0.687475297561987,0.350695899190459,1.3926925697426,0,"CV_done",TRUE,1422,FALSE
10,"gauss_cor",109,TRUE,643,NA,NA,0.103545185094892,0.760948828828212,NA,NA,0,-0.100555919791803,0.4114542437472,0.770549785575702,0.044947627272898,0.41510735530248,-0.163446613679769,1.39134921458032,0,"CV_done",TRUE,977,FALSE
10,"gauss_cor",110,TRUE,555,NA,NA,0.360645025880682,1.25843150991846,NA,NA,0,1.56162736041181,0.629068092188219,0.917391722731711,0.100924086442948,0.454944210064895,0.306949899315667,1.30346803525256,0,"CV_done",TRUE,1855,FALSE
10,"gauss_cor",111,TRUE,342,NA,NA,0.202901188748502,0.73968606344729,NA,NA,0,1.2554370160432,0.589123136357803,0.391932534094956,0.0972351235681044,0.473463727783683,0.66176704092017,1.53155638184812,0,"CV_done",TRUE,1544,TRUE
10,"gauss_cor",112,TRUE,358,NA,NA,0.117596663323383,0.519638055961817,NA,NA,0,0.927726838314551,0.99211015124575,0.268011878279604,0.056561090102861,0.374474271221031,0.563600862873922,1.51167723002257,0,"CV_done",TRUE,1495,FALSE
10,"gauss_cor",113,TRUE,523,NA,NA,0.114829879379581,0.564381270023597,NA,NA,0,1.08411879729721,0.717528242318287,0.231128643983209,0.0581010572956986,0.387401533577415,0.670366978041453,3.68084529320399,0,"CV_done",TRUE,1536,TRUE
10,"gauss_cor",114,TRUE,163,NA,NA,0.162314493348826,0.652993725937356,NA,NA,0,0.661272027078192,0.378677994305174,1.06666757610072,0.105927109477962,0.334949027666359,0.00952767299217457,1.3107778320158,0,"CV_done",TRUE,879,FALSE
10,"gauss_cor",120,TRUE,878,NA,NA,0.170277567327725,0.52735622397079,NA,NA,0,0.0499180721510708,0.591305041696651,0.589593412933593,0.0964779319262353,0.325345326793098,0.108635323136836,11.1162680373589,0,"CV_done",TRUE,2239,TRUE
10,"gauss_cor",121,TRUE,772,NA,NA,0.209175697032419,0.520589581899138,NA,NA,0,-0.00768749508631285,0.845232466680849,0.659208466866465,0.119233345156032,0.316092698025178,0.117046708774391,1.27803843595363,0,"CV_done",TRUE,1949,FALSE
10,"gauss_cor",123,TRUE,360,NA,NA,0.781549344163608,0.589001347027602,NA,NA,0,0.345492915489808,1.47521910340311,1.73101335464946,0.475097279920559,0.365872276386438,0.463806348522834,17.6909830451012,0,"CV_done",TRUE,1026,TRUE
10,"gauss_cor",125,TRUE,442,NA,NA,0.315324546749442,0.898483720130649,NA,NA,0,-0.33843569568767,1.21962981336297,1.4524597113145,0.109607057206616,0.353350152248414,-0.544695916248016,1.30255820738221,0,"CV_done",TRUE,947,FALSE
10,"gauss_cor",126,TRUE,898,NA,NA,0.213626688374959,0.850831439005273,NA,NA,0,-0.31522043661226,0.592817440252067,1.3842955889682,0.0898698723907485,0.42956302403868,-0.428071384246994,1.66543898443381,0,"CV_done",TRUE,2589,TRUE
10,"gauss_cor",127,TRUE,971,NA,NA,0.141321696412766,0.771497216827907,NA,NA,0,-0.190357448293522,0.271636508031193,1.00427415147996,0.0695820125808024,0.477233664829002,-0.335161817682698,1.28430765847365,0,"CV_done",TRUE,3229,FALSE
10,"gauss_cor",128,TRUE,478,NA,NA,0.136888547770861,0.71084302924897,NA,NA,0,0.0181277520891058,0.365022644561203,0.800216821611217,0.0719505094326475,0.469826846034296,-0.123525737650626,1.27934117836809,0,"CV_done",TRUE,2273,FALSE
10,"gauss_cor",129,TRUE,321,NA,NA,0.152076356191583,0.711150480415456,NA,NA,0,-0.0569878960030699,0.357733097069919,1.89124234031429,0.0830171266151012,0.428645428419468,0.0430021938136866,1.34699360374223,0,"CV_done",TRUE,1538,FALSE
10,"gauss_cor",130,TRUE,331,NA,NA,0.166850733815743,0.627456254360507,NA,NA,0,0.217814530046574,0.307139297753168,1.85987525130603,0.0769554421643711,0.392365349286577,0.0508846176006327,1.27985657271412,0,"CV_done",TRUE,1298,FALSE
10,"gauss_cor",131,TRUE,294,NA,NA,0.187364806358526,0.468092140420802,NA,NA,0,-0.0243344876196793,0.339511943360108,0.382446627778982,0.0799694471381329,0.389555954894485,0.0453323024764345,1.27086208874429,0,"CV_done",TRUE,1279,FALSE
10,"gauss_cor",132,TRUE,374,NA,NA,0.199037714257829,0.476562029571757,NA,NA,0,0.0188553965459502,0.371120918751435,0.342749361203871,0.0860911233372155,0.353366105412357,-0.0842062303650348,1.27660116464727,0,"CV_done",TRUE,1453,FALSE
10,"gauss_cor",133,TRUE,715,NA,NA,0.189182936078803,0.457512326463914,NA,NA,0,-0.144572637010526,0.381329250057753,0.330550077163414,0.0929439370251162,0.327640522474826,-0.126039892261467,15.4387122013172,0,"CV_done",TRUE,1866,TRUE
10,"gauss_cor",134,TRUE,382,NA,NA,0.179064685655836,0.470999227040994,NA,NA,0,-0.215377786354035,0.38193417893742,0.295360767026323,0.102362776686997,0.310682453779726,-0.097734094022674,41.1456689794858,0,"CV_done",TRUE,1667,TRUE
10,"gauss_cor",135,TRUE,329,NA,NA,0.197009611069205,0.5337960547976,NA,NA,0,-0.229863961709795,0.411509017264558,0.240292278381055,0.113636419249872,0.304798722796904,-0.116864128326485,5.13936344431506,0,"CV_done",TRUE,1212,TRUE
10,"gauss_cor",136,TRUE,301,NA,NA,0.248621730371851,0.652048625129113,NA,NA,0,-0.0307964765477188,0.415280597095011,0.24705184222812,0.117164364088208,0.332948660910843,0.0607042247129612,1.27641446616915,0,"CV_done",TRUE,1334,FALSE
10,"gauss_cor",137,TRUE,295,NA,NA,0.264805927130853,0.766409609094831,NA,NA,0,-0.0833726746861737,0.472964367200533,0.3557107633602,0.118752131505172,0.346674159015732,0.0805303752921405,1.29540466192144,0,"CV_done",TRUE,1296,FALSE
10,"gauss_cor",138,TRUE,168,NA,NA,0.228700810893798,0.697453783395098,NA,NA,0,-0.319429109331908,0.635413626245904,0.518605402988122,0.136272059601049,0.444423175078241,0.00713258991229881,1.26476586719078,0,"CV_done",TRUE,783,FALSE
10,"gauss_cor",139,TRUE,235,NA,NA,0.237072061337547,1.00752534056426,NA,NA,0,-0.469627629311676,0.598711603780334,1.06714434746159,0.139911766763784,0.498265866617779,0.0874537851153911,1.44658858647777,0,"CV_done",TRUE,863,FALSE
10,"gauss_cor",140,TRUE,182,NA,NA,0.252701288390787,0.930583470182069,NA,NA,0,-0.167965599996733,0.480686747757672,1.26150790089745,0.123535370616566,0.424550158787295,-0.162730387307723,1.27868869005806,0,"CV_done",TRUE,1014,FALSE
10,"gauss_cor",141,TRUE,264,NA,NA,0.215827671489772,0.703776218228069,NA,NA,0,-0.192068642822383,0.482441260296135,1.05287126089878,0.137184030078509,0.329405668590899,-0.418074898951962,1.28452142365553,0,"CV_done",TRUE,1182,FALSE
10,"gauss_cor",142,TRUE,343,NA,NA,0.284121420677966,0.394682772767502,NA,NA,0,0.0228582316730374,0.788248572035326,0.298724759472264,0.156187699297716,0.364456955809537,-0.241814342680161,1.2786190937763,0,"CV_done",TRUE,1445,FALSE
10,"gauss_cor",143,TRUE,415,NA,NA,0.292665548974705,0.294662392902676,NA,NA,0,0.048565250512227,0.828504497057121,0.253021337661653,0.138249296039458,0.31936220231633,-0.037775092547912,1.31643648451953,0,"CV_done",TRUE,1559,FALSE
10,"gauss_cor",144,TRUE,473,NA,NA,0.211409700108532,0.28584433646899,NA,NA,0,0.0191892972258535,0.57926744329883,0.200884862307248,0.106946280441285,0.343956581361711,0.0267615766612235,1.30328298643783,0,"CV_done",TRUE,1465,FALSE
10,"gauss_cor",145,TRUE,449,NA,NA,0.190525135007506,0.404692727002653,NA,NA,0,-0.0409067446618354,0.804836894827572,0.204360560153502,0.100747887262954,0.451382009790285,-0.169917544189788,1.19357099814823,0,"CV_done",TRUE,1780,FALSE
10,"gauss_cor",146,TRUE,303,NA,NA,0.182711129513198,0.634979734111922,NA,NA,0,0.0658867217047673,0.86523980392107,0.345096782753839,0.104700495085203,0.495899163268378,-0.207973317982834,1.27776005533558,0,"CV_done",TRUE,1230,FALSE
10,"gauss_cor",152,TRUE,171,NA,NA,0.168653253104791,0.619910945845273,NA,NA,0,-0.155573981591201,0.672278386653016,0.382419829877058,0.0783007640861323,0.333708005805059,0.124097952029898,1.23977260730885,0,"CV_done",TRUE,567,FALSE
10,"gauss_cor",153,TRUE,412,NA,NA,0.191370555138283,0.470575224022266,NA,NA,0,-0.0563344705755287,0.73570388411207,0.294094578201526,0.105606700228261,0.336861712205778,0.0940469820115929,1.25281695862887,0,"CV_done",TRUE,1607,FALSE
10,"gauss_cor",154,TRUE,595,NA,NA,0.297299327987672,0.43585693561009,NA,NA,0,-0.105611249498757,0.499376577701863,0.287921005360741,0.204423034123504,0.313917662548541,0.154229504867683,11.142579155763,0,"CV_done",TRUE,1888,TRUE
10,"gauss_cor",155,TRUE,118,NA,NA,0.555902522079705,0.465140185861847,NA,NA,0,0.289416398694015,0.930844576642504,0.371935268235983,0.31176573471068,0.274825224215606,0.307975189850818,4.61209720989068,0,"CV_done",TRUE,1559,TRUE
10,"gauss_cor",156,TRUE,863,NA,NA,0.597385702305382,0.434720073901074,NA,NA,0,0.353710700713227,0.814706980490507,0.399666627907343,0.438866507093044,0.343957625184028,0.365854980678642,4.2439227449894,0,"CV_done",TRUE,1967,TRUE
10,"gauss_cor",159,TRUE,199,NA,NA,0.270969600156713,0.937361302103337,NA,NA,0,-0.551256645540684,0.905847577211455,1.83774981589616,0.105425419161756,0.308105275615494,-0.493766365460128,1.62473488385479,0,"CV_done",TRUE,1199,FALSE
10,"gauss_cor",160,TRUE,555,NA,NA,0.222161426256561,0.489353394580911,NA,NA,0,-0.396413382220805,0.426798374438351,0.614820917982913,0.0990199292907027,0.401471306422811,-0.364314117278191,13.0430132629474,0,"CV_done",TRUE,1763,TRUE
10,"gauss_cor",161,TRUE,436,NA,NA,0.195808866456548,0.323157173363898,NA,NA,0,-0.202756826257962,0.34478760137418,0.222593825268922,0.0942270707744121,0.34774458540859,-0.215745696855402,6.59926331606176,0,"CV_done",TRUE,1815,TRUE
10,"gauss_cor",162,TRUE,314,NA,NA,0.20487125749131,0.302254061290876,NA,NA,0,-0.1691490849642,0.318731552994753,0.233873845920236,0.103445390388729,0.220671857025363,-0.197437059241271,1.55168990214666,0,"CV_done",TRUE,1316,TRUE
10,"gauss_cor",163,TRUE,295,NA,NA,0.243995264276731,0.309904989730672,NA,NA,0,-0.367012715367917,0.29845896947897,0.214779113956225,0.114941466417771,0.191662752135993,-0.260858292943306,1.21736872699526,0,"CV_done",TRUE,1364,TRUE
10,"gauss_cor",164,TRUE,315,NA,NA,0.270426102674243,0.441334071335685,NA,NA,0,-0.432673602127611,0.290745943359492,0.184579803011077,0.122280148213171,0.202318777754171,-0.212839091974398,1.11898717429903,0,"CV_done",TRUE,1417,TRUE
10,"gauss_cor",165,TRUE,437,NA,NA,0.248711165732475,0.521258414669682,NA,NA,0,-0.223512440197703,0.270142509362007,0.166357459413743,0.127370131741929,0.229964675362437,-0.195660203371546,1.35247499684493,0,"CV_done",TRUE,1499,TRUE
10,"gauss_cor",166,TRUE,391,NA,NA,0.234076894303508,0.603704548292203,NA,NA,0,0.121779548456211,0.277840317086146,0.133861189544121,0.128292772589949,0.258087489283087,-0.285844109727856,3.3449226852258,0,"CV_done",TRUE,1564,TRUE
10,"gauss_cor",167,TRUE,331,NA,NA,0.214198116858178,0.60922325903834,NA,NA,0,0.0200170362560048,0.292006154061497,0.138183305795658,0.130133370565635,0.29700820198705,-0.24622481919867,1.23962618577811,0,"CV_done",TRUE,1678,FALSE
10,"gauss_cor",168,TRUE,370,NA,NA,0.191136967796424,0.62203741368795,NA,NA,0,-0.0960765329074963,0.306803200181684,0.170668182396428,0.130733408419553,0.33447821876777,-0.207328308027551,1.46659476483586,0,"CV_done",TRUE,1546,FALSE
10,"gauss_cor",169,TRUE,262,NA,NA,0.177997143593779,0.636892887483086,NA,NA,0,-0.117875998893047,0.331360287353156,0.148902190913878,0.143521554981233,0.444510087580438,-0.192728855480076,6.88573038823075,0,"CV_done",TRUE,1327,TRUE
10,"gauss_cor",17,TRUE,191,NA,NA,0.158004906452657,0.776165545834003,NA,NA,0,0.738825593566708,0.403603205044461,0.544870287763391,0.0664312687814587,0.351300148874394,0.638602612507627,1.79814653337002,0,"CV_done",TRUE,1014,TRUE
10,"gauss_cor",170,TRUE,287,NA,NA,0.210078444797191,0.611978833991417,NA,NA,0,-0.19352880056319,0.308124765102374,0.145907819161953,0.159618297978123,0.487538183962379,-0.21087632876546,3.07081202367942,0,"CV_done",TRUE,1333,TRUE
10,"gauss_cor",171,TRUE,423,NA,NA,0.254090056100046,0.691971105861393,NA,NA,0,-0.360138836959905,0.352614392983341,0.191191596446112,0.180028869061153,0.457060429213144,-0.270351186994242,1.02836849186156,0,"CV_done",TRUE,1433,TRUE
10,"gauss_cor",172,TRUE,414,NA,NA,0.275965728536335,0.747547168870964,NA,NA,0,-0.473358106808326,0.478610873647366,0.299903931666501,0.204658377161217,0.474808529176913,-0.33262746992632,1.07439563665125,0,"CV_done",TRUE,1518,TRUE
10,"gauss_cor",173,TRUE,391,NA,NA,0.352502539060039,0.849149114152015,NA,NA,0,-0.773199414617407,0.480096296253419,0.301970481747579,0.263982999486123,0.659808908185209,-0.444592032758717,12.3073491938247,0,"CV_done",TRUE,1262,TRUE
10,"gauss_cor",174,TRUE,154,NA,NA,0.548592560562744,1.03289302884727,NA,NA,0,-0.673075890991736,0.609386458918246,0.305121453839188,0.458016388265042,0.880602731722932,-0.529170444516782,1.19998540658366,0,"CV_done",TRUE,903,FALSE
10,"gauss_cor",175,TRUE,141,NA,NA,1.25672735478638,1.02893964981365,NA,NA,0,-0.213832787011416,3.43847662418644,3.10217069513744,0.342794417320414,0.426548097562698,-0.778754676302493,32.3358442584674,0,"CV_done",TRUE,203,FALSE
10,"gauss_cor",177,TRUE,202,NA,NA,0.397685029664577,0.235224489548441,NA,NA,0,-0.147693073395658,0.977761163161698,0.269450914378633,0.240451836178508,0.232875586136198,-0.016125876060929,1.5427400098134,0,"CV_done",TRUE,694,FALSE
10,"gauss_cor",178,TRUE,278,NA,NA,0.319093360536555,0.281910101875876,NA,NA,0,-0.348172861129491,0.802406337238144,0.346485380419069,0.196430879016017,0.235792857987703,-0.00289131036307966,1.24888087183237,0,"CV_done",TRUE,1041,FALSE
10,"gauss_cor",179,TRUE,284,NA,NA,0.251760297541957,0.256142758722339,NA,NA,0,-0.245095317380865,0.602426864183287,0.179239676144767,0.140003119999836,0.334484617708105,-0.246335177190699,1.85308416770564,0,"CV_done",TRUE,1358,TRUE
10,"gauss_cor",18,TRUE,976,NA,NA,0.171240785975381,0.84823375421472,NA,NA,0,1.02187617067135,0.239614463254472,0.670418978255933,0.0559649894615532,0.356888283885358,0.539591438599735,6.92359504938126,0,"CV_done",TRUE,1466,TRUE
10,"gauss_cor",180,TRUE,627,NA,NA,0.256146357317604,0.481403319226445,NA,NA,0,-0.218757595882181,0.506017381061401,0.22497971843699,0.159380352867073,0.457307681248429,-0.3547649456608,1.6148760122723,0,"CV_done",TRUE,1766,TRUE
10,"gauss_cor",181,TRUE,204,NA,NA,0.235227214817877,0.592760655905642,NA,NA,0,-0.288171019406096,0.486465284392639,0.296106940782503,0.188060998049146,0.47849629969473,-0.375218908173674,3.39351559480031,0,"CV_done",TRUE,1159,TRUE
10,"gauss_cor",187,TRUE,128,NA,NA,0.134847749920533,0.661893404233774,NA,NA,0,0.00490379740227594,0.284687949248949,0.40382106841411,0.110455396571213,0.429064950529014,0.175055652210348,1.32033750620429,0,"CV_done",TRUE,483,FALSE
10,"gauss_cor",188,TRUE,260,NA,NA,0.185182575243181,0.537283024822235,NA,NA,0,-0.0752680201245689,0.300049763351766,0.267551653920738,0.144463266869602,0.40638933600527,0.0922304973803856,20.6429866054323,0,"CV_done",TRUE,981,TRUE
10,"gauss_cor",189,TRUE,346,NA,NA,0.311032506287739,0.428352850148605,NA,NA,0,-0.254191768821125,0.346422932795812,0.205745638993793,0.236357593737816,0.33703558497298,0.110258388758516,2.0957544529438,0,"CV_done",TRUE,1280,TRUE
10,"gauss_cor",190,TRUE,452,NA,NA,0.423824236824712,0.39657773520454,NA,NA,0,0.110644748780643,0.41020241024871,0.222789831790459,0.264951855109274,0.271440409106754,0.125331998697471,1.32862391884128,0,"CV_done",TRUE,1632,FALSE
10,"gauss_cor",191,TRUE,616,NA,NA,0.388374964596141,0.370359459148805,NA,NA,0,0.146569032542057,0.390038374925779,0.192754937564313,0.275844449031579,0.245780392501953,0.0827741438168289,4.8976434265905,0,"CV_done",TRUE,1934,TRUE
10,"gauss_cor",192,TRUE,351,NA,NA,0.29798966391687,0.321110200370013,NA,NA,0,-0.115046250581608,0.379320045471055,0.192915963944813,0.285532727075953,0.242311393321723,0.0424432133070733,6.07347559836176,0,"CV_done",TRUE,1284,TRUE
10,"gauss_cor",196,TRUE,182,NA,NA,0.24974874256277,0.405440574237248,NA,NA,0,-0.269310947415187,0.58085428797405,0.704628655644721,0.0854088713988116,0.204957026407289,-0.0896729988855315,1.32881073896256,0,"CV_done",TRUE,854,FALSE
10,"gauss_cor",197,TRUE,273,NA,NA,0.270316885675697,0.321265197865513,NA,NA,0,-0.268539979681546,0.363988218370709,0.295236444535459,0.127825403554846,0.227732872473122,-0.164122357635351,1.09757898668448,0,"CV_done",TRUE,952,TRUE
10,"gauss_cor",198,TRUE,400,NA,NA,0.283906281156613,0.301864585463289,NA,NA,0,-0.417126839745971,0.27863345340523,0.226199566098219,0.151809333571936,0.227750138694201,-0.0972911565578305,1.24007213632266,0,"CV_done",TRUE,1311,TRUE
10,"gauss_cor",199,TRUE,434,NA,NA,0.29684081165637,0.403419117979847,NA,NA,0,-0.514285410827326,0.290779078194411,0.194831626132115,0.160128611070165,0.226915437809084,-0.103063695145099,56.6115670363108,0,"CV_done",TRUE,1660,TRUE
10,"gauss_cor",200,TRUE,474,NA,NA,0.285939192718014,0.520653756449813,NA,NA,0,-0.344849876753862,0.300889494355045,0.18192874994751,0.151177890657926,0.242223972657014,-0.0649496213425107,3.26064231170548,0,"CV_done",TRUE,1719,TRUE
10,"gauss_cor",201,TRUE,442,NA,NA,0.237406686459592,0.614391762379508,NA,NA,0,-0.177933873632556,0.243033060571224,0.149557646587781,0.13688521783756,0.27702317072752,0.0208682772901327,20.6182099684742,0,"CV_done",TRUE,1664,TRUE
10,"gauss_cor",202,TRUE,407,NA,NA,0.19924467216107,0.68027754468161,NA,NA,0,0.0690558428369876,0.235373602840262,0.132949586478475,0.127073771365938,0.307779632292697,0.0551471771999605,1.33542452792879,0,"CV_done",TRUE,1609,FALSE
10,"gauss_cor",203,TRUE,459,NA,NA,0.174508206858123,0.737529273040818,NA,NA,0,0.175140405556993,0.214976678732171,0.136196206325299,0.116765451931916,0.347822333539947,0.0668128189812593,1.31101901009127,0,"CV_done",TRUE,1521,TRUE
10,"gauss_cor",204,TRUE,422,NA,NA,0.1402922867564,0.702162842243168,NA,NA,0,0.160933152014811,0.215930125471291,0.135780914311819,0.127694506270348,0.413913976547202,0.170770368613567,1.17774023042233,0,"CV_done",TRUE,1560,TRUE
10,"gauss_cor",205,TRUE,492,NA,NA,0.141273029628203,0.618013470530816,NA,NA,0,0.165636691982998,0.200676846717761,0.120902662291474,0.143613684805499,0.473995246044215,0.116217120863959,1.3282358347459,0,"CV_done",TRUE,1676,FALSE
10,"gauss_cor",206,TRUE,415,NA,NA,0.149759911977296,0.638210542104206,NA,NA,0,-0.0998238709023311,0.233181900991361,0.141169256480944,0.148356663795403,0.489911207489064,0.0145649663494264,1.32877378119087,0,"CV_done",TRUE,1663,FALSE
10,"gauss_cor",207,TRUE,482,NA,NA,0.208910296269658,0.763215765801729,NA,NA,0,-0.366206791482367,0.334624751771843,0.224377033434653,0.16454764229687,0.511817665251431,-0.147663564131176,2.47339020921124,0,"CV_done",TRUE,1728,TRUE
10,"gauss_cor",208,TRUE,551,NA,NA,0.249167893031724,0.761488732831813,NA,NA,0,-0.34424619544213,0.477271079594641,0.265295895548094,0.205803278026253,0.596576324806039,-0.391809778505743,6.01825592060884,0,"CV_done",TRUE,1890,TRUE
10,"gauss_cor",209,TRUE,462,NA,NA,0.351253528652592,1.01121406245603,NA,NA,0,-0.477537798466866,0.486958891403681,0.346266321534193,0.285652596744271,0.783706855332551,-0.445557137610169,1.28382730394602,0,"CV_done",TRUE,1642,FALSE
10,"gauss_cor",210,TRUE,259,NA,NA,0.497549811173451,1.1638799497229,NA,NA,0,-0.477946499760015,0.655013548463999,0.4854401623451,0.457101571218877,1.04083225709593,-0.418987129993352,4.10924892127514,0,"CV_done",TRUE,979,TRUE
10,"gauss_cor",214,TRUE,100,NA,NA,0.247867132521947,0.309497170314639,NA,NA,0,-0.387852352437686,0.363871241601652,0.356192956638967,0.188016261343001,0.19515774075817,0.0889928486137403,1.26793752259126,0,"CV_done",TRUE,473,FALSE
10,"gauss_cor",215,TRUE,254,NA,NA,0.194269261779724,0.267452069285527,NA,NA,0,-0.17902659570673,0.51744432729705,0.208935243259224,0.131553976199585,0.254783070508061,-0.256819424887358,6.16973782002926,0,"CV_done",TRUE,1046,TRUE
10,"gauss_cor",216,TRUE,431,NA,NA,0.204673306857788,0.288513299232696,NA,NA,0,-0.363368835150194,0.468361615280159,0.167408305401547,0.153766623629309,0.326347075557688,-0.430962910926199,2.31079660912355,0,"CV_done",TRUE,1559,TRUE
10,"gauss_cor",217,TRUE,400,NA,NA,0.20256574737407,0.33795680204201,NA,NA,0,-0.348170536485681,0.510125257705429,0.144644274802611,0.169334350343177,0.375201523003819,-0.462745971186254,1.91344013214111,0,"CV_done",TRUE,1409,TRUE
10,"gauss_cor",218,TRUE,312,NA,NA,0.255873735838552,0.354968748912604,NA,NA,0,-0.339016989062009,0.56304255890754,0.14794825675972,0.200566560782549,0.409751708838166,-0.376960698898575,5.82886126796405,0,"CV_done",TRUE,1031,TRUE
10,"gauss_cor",219,TRUE,226,NA,NA,0.499094579266782,0.496915407367107,NA,NA,0,-0.5709464527008,1.10587125037567,0.260246062619676,0.335898406785277,0.525771161560632,-0.299257529735415,1.30645583991651,0,"CV_done",TRUE,630,FALSE
10,"gauss_cor",223,TRUE,173,NA,NA,0.135142163648476,0.563051075482493,NA,NA,0,-0.21036987764834,0.243770267579728,0.375686172941759,0.124789498588803,0.446007547813526,0.225097955621608,1.24935220255896,0,"CV_done",TRUE,616,FALSE
10,"gauss_cor",224,TRUE,276,NA,NA,0.169738190611249,0.496537182551481,NA,NA,0,-0.157589008663028,0.286276456983629,0.272175931081254,0.127171345210091,0.41224638651089,0.147679389543943,1.25519725592324,0,"CV_done",TRUE,1021,FALSE
10,"gauss_cor",225,TRUE,373,NA,NA,0.251712919096154,0.469071023019897,NA,NA,0,-0.122279498004927,0.511216681132526,0.261731796343346,0.13080138717081,0.36922000661276,-0.0262362507214523,1.33015881066521,0,"CV_done",TRUE,1245,FALSE
10,"gauss_cor",226,TRUE,385,NA,NA,0.288217723710791,0.454919787713707,NA,NA,0,-0.203503566232666,0.54626807603178,0.311511457635529,0.145984247197868,0.328282936008571,-0.109447078790847,46.7219856739044,0,"CV_done",TRUE,1627,TRUE
10,"gauss_cor",227,TRUE,409,NA,NA,0.263284989789153,0.433402611657589,NA,NA,0,-0.207610731309699,0.365219675651577,0.237335168356966,0.167556658170575,0.312796239311634,-0.157021999001051,2.4422779675987,0,"CV_done",TRUE,1579,TRUE
10,"gauss_cor",228,TRUE,339,NA,NA,0.246896200029075,0.441223579837497,NA,NA,0,-0.29748289532445,0.337649068378295,0.265937179186915,0.191560116682136,0.339010341148714,-0.213375964517546,1.72792296171188,0,"CV_done",TRUE,1195,TRUE
10,"gauss_cor",229,TRUE,293,NA,NA,0.235187135216802,0.459865747705521,NA,NA,0,-0.211597263621533,0.426671805467962,0.215346539948063,0.18103692269003,0.444326719753148,-0.184637163896999,5.55587620271577,0,"CV_done",TRUE,935,TRUE
10,"gauss_cor",230,TRUE,120,NA,NA,0.190266991711671,0.515179166894261,NA,NA,0,-0.0189330204418723,0.359777261720395,0.271701403620054,0.145724390107808,0.507609757636018,-0.097537788491171,1.25080009082677,0,"CV_done",TRUE,413,FALSE
10,"gauss_cor",233,TRUE,223,NA,NA,0.253243162359884,0.303783433293169,NA,NA,0,-0.300235323622801,0.269459545425249,0.216117753292932,0.17113874509323,0.364076470577918,-0.288840162876552,5.07026930073897,0,"CV_done",TRUE,990,TRUE
10,"gauss_cor",234,TRUE,491,NA,NA,0.271271341552612,0.301361383185956,NA,NA,0,-0.418479818670074,0.225529895989548,0.15652391341832,0.154541153803828,0.355650422067581,-0.220918108046972,1.02221056825585,0,"CV_done",TRUE,1717,TRUE
10,"gauss_cor",235,TRUE,475,NA,NA,0.295712386070831,0.380716362890398,NA,NA,0,-0.433905590351991,0.210042769690019,0.127431690935483,0.149069081981023,0.35469622463199,-0.151113645064609,1.27869743466377,0,"CV_done",TRUE,1796,TRUE
10,"gauss_cor",236,TRUE,315,NA,NA,0.300593191217156,0.475344327428985,NA,NA,0,-0.2882153343021,0.244543255283822,0.11004232560254,0.133017951404411,0.369662736432727,-0.0721437070540832,6.16922731459141,0,"CV_done",TRUE,1662,TRUE
10,"gauss_cor",237,TRUE,413,NA,NA,0.25197342384443,0.565715929141303,NA,NA,0,-0.155495812291215,0.251249992089085,0.103181511397422,0.115081553343706,0.350143168002173,0.0234699459684216,3.80614867958758,0,"CV_done",TRUE,1557,TRUE
10,"gauss_cor",238,TRUE,436,NA,NA,0.209080650053591,0.580232725007509,NA,NA,0,-0.18446992386672,0.257621234878732,0.0966807962255758,0.106320727725656,0.314111495486785,0.215553257685485,2.98330685092343,0,"CV_done",TRUE,1617,TRUE
10,"gauss_cor",239,TRUE,320,NA,NA,0.160300362403926,0.565327110337713,NA,NA,0,-0.11098592498526,0.321874486465181,0.0967936660029016,0.0980693115172414,0.306324962403555,0.436837534140574,41.6335911830266,0,"CV_done",TRUE,1648,TRUE
10,"gauss_cor",240,TRUE,434,NA,NA,0.128907938397807,0.561517765154215,NA,NA,0,0.0536095611300059,0.297812565070613,0.0895269055820963,0.101858966592924,0.339380619289791,0.451369081588311,1.2597241691224,0,"CV_done",TRUE,1553,FALSE
10,"gauss_cor",241,TRUE,437,NA,NA,0.124218462876648,0.575917645558485,NA,NA,0,-0.186237063336494,0.342898373191693,0.097386080675339,0.10643281593505,0.356523016545127,0.419431647156653,20.1304963451624,0,"CV_done",TRUE,1541,TRUE
10,"gauss_cor",242,TRUE,298,NA,NA,0.126491768292515,0.600478539439697,NA,NA,0,-0.17594256855062,0.382023808808436,0.106581524317419,0.10316252117344,0.400107025350693,0.254055841378347,3.84251150091489,0,"CV_done",TRUE,1483,TRUE
10,"gauss_cor",243,TRUE,322,NA,NA,0.117031755816532,0.639136758761743,NA,NA,0,-0.248623035675237,0.312460974109505,0.11988764298,0.118590397534647,0.485826852580444,-0.0904340937819224,11.4571361807982,0,"CV_done",TRUE,1535,TRUE
10,"gauss_cor",244,TRUE,394,NA,NA,0.169725184624113,0.787710200025978,NA,NA,0,-0.499958078399795,0.399841571884509,0.211237303555371,0.134187258187192,0.608977993948058,-0.228330552766107,2.81552156978183,0,"CV_done",TRUE,1595,TRUE
10,"gauss_cor",245,TRUE,395,NA,NA,0.189355912666391,0.815775409003358,NA,NA,0,-0.149921925507737,0.81608916392893,0.280468533005129,0.124962441161245,0.820486964190208,-0.0957365775892289,1.15131958500931,0,"CV_done",TRUE,1476,FALSE
10,"gauss_cor",246,TRUE,195,NA,NA,0.173026715833314,0.748961959903931,NA,NA,0,0.396529387241944,1.02746535250949,0.354620726408341,0.110213868388828,0.949822752708457,0.0333831141505955,1.24966967446109,0,"CV_done",TRUE,795,FALSE
10,"gauss_cor",250,TRUE,139,NA,NA,0.11704969092102,0.233109778690515,NA,NA,0,-0.110022642578551,0.664979136774959,0.134684171041142,0.0719086500193918,0.27229615047313,-0.0105879137676477,1.24390617567356,0,"CV_done",TRUE,718,FALSE
10,"gauss_cor",251,TRUE,392,NA,NA,0.112013314393538,0.321106062721369,NA,NA,0,-0.237843799039644,0.82134864830638,0.133207245899564,0.0773863499050102,0.292014291037807,-0.114433342322183,22.3871577539047,0,"CV_done",TRUE,1316,TRUE
10,"gauss_cor",252,TRUE,289,NA,NA,0.140329703443837,0.341948486573321,NA,NA,0,-0.170553438270327,0.658386093356323,0.109698622748998,0.086579918424551,0.379486250914599,-0.250643277380919,1.24889634787209,0,"CV_done",TRUE,1338,FALSE
10,"gauss_cor",253,TRUE,331,NA,NA,0.244228598531417,0.343165687800275,NA,NA,0,-0.441300842087182,1.63147905189503,0.106504237855094,0.0865592249360313,0.491722212360663,-0.117045418011354,5.96852674464385,0,"CV_done",TRUE,1287,TRUE
10,"gauss_cor",254,TRUE,322,NA,NA,0.299471898418311,0.462225101698272,NA,NA,0,-0.344558078487152,0.643643598530296,0.154023777216496,0.22278669381774,0.600220047200328,-0.165330967266119,1.27074415077214,0,"CV_done",TRUE,1033,FALSE
10,"gauss_cor",255,TRUE,104,NA,NA,0.475963259097138,0.625354503239016,NA,NA,0,-0.330526190585443,1.96676078515521,0.351792382205838,0.26044262897875,0.627964525199012,-0.260973135304169,1.16189431870149,0,"CV_done",TRUE,406,FALSE
10,"gauss_cor",257,TRUE,125,NA,NA,0.162248661684005,0.687100905381967,NA,NA,0,-0.273091545605194,0.822051825473044,1.10490592043469,0.0719834177813328,0.472473702778763,0.144510738154278,1.27468041745049,0,"CV_done",TRUE,387,FALSE
10,"gauss_cor",258,TRUE,174,NA,NA,0.140307558466608,0.542768813304887,NA,NA,0,-0.240684532868719,0.48573100949019,0.282192430711076,0.10820707304257,0.542990330262136,0.00382386353139156,1.36632776057279,0,"CV_done",TRUE,944,FALSE
10,"gauss_cor",259,TRUE,317,NA,NA,0.135184557439291,0.58443378762969,NA,NA,0,-0.333007578831911,0.339192504863155,0.224022873368079,0.112172966871401,0.493362157202218,-0.0432854359574657,1.37742563150547,0,"CV_done",TRUE,1235,FALSE
10,"gauss_cor",26,TRUE,263,NA,NA,0.146008608554497,0.514632031997241,NA,NA,0,-0.3684112620886,0.908584079765785,0.333113435070462,0.0577123570309874,0.274235628927452,-0.0669044207995152,1.86052763348376,0,"CV_done",TRUE,668,FALSE
10,"gauss_cor",260,TRUE,320,NA,NA,0.175985940789122,0.588147110151985,NA,NA,0,-0.226600643543979,0.475628774152749,0.253709969894768,0.10729236007493,0.475057206959164,-0.225810875400618,2.15480366845926,0,"CV_done",TRUE,1289,TRUE
10,"gauss_cor",261,TRUE,327,NA,NA,0.196443778683523,0.586512484501268,NA,NA,0,-0.441059719662033,0.398390025499288,0.292305192997733,0.116381930530913,0.438621031148579,-0.366843457726545,4.88884657118056,0,"CV_done",TRUE,1282,TRUE
10,"gauss_cor",262,TRUE,319,NA,NA,0.198067127361352,0.617723884229857,NA,NA,0,-0.786029648043406,0.382078827108614,0.351727528237979,0.119000792882166,0.382182553614368,-0.400513058702372,42.0746915102005,0,"CV_done",TRUE,1246,TRUE
10,"gauss_cor",263,TRUE,393,NA,NA,0.202248850008223,0.598329242068692,NA,NA,0,-0.836606473670196,0.339594104732371,0.3299922266338,0.125614477216054,0.45763473385039,-0.428438547400089,4.38333357055982,0,"CV_done",TRUE,1449,TRUE
10,"gauss_cor",264,TRUE,339,NA,NA,0.181565513212197,0.529649247593706,NA,NA,0,-0.583582944116838,0.299338574815021,0.29723941550189,0.128960344238689,0.529028952138209,-0.346225943288838,5.99416322165065,0,"CV_done",TRUE,1036,TRUE
10,"gauss_cor",268,TRUE,358,NA,NA,0.172252399607963,0.383364350725237,NA,NA,0,-0.438545618732909,0.195191418617662,0.197489338160669,0.148453927006322,0.464713409548826,-0.378997929820204,5.64112095190419,0,"CV_done",TRUE,1235,TRUE
10,"gauss_cor",269,TRUE,366,NA,NA,0.197947675481204,0.396158486362893,NA,NA,0,-0.511587371981897,0.209285263033864,0.211698760645995,0.124727711387748,0.49416671815969,-0.334320310437359,1.49459972414705,0,"CV_done",TRUE,1547,TRUE
10,"gauss_cor",270,TRUE,422,NA,NA,0.23716012902925,0.411658443398488,NA,NA,0,-0.419218155597544,0.258376200243462,0.202854190274696,0.109975689620492,0.517987980750628,-0.30240648685265,1.29359787510501,0,"CV_done",TRUE,1467,TRUE
10,"gauss_cor",271,TRUE,398,NA,NA,0.235125333893671,0.488941372912312,NA,NA,0,-0.31151731546167,0.280254291105956,0.18427561298462,0.105368511686824,0.485914352023198,-0.219570600279972,55.4563781380653,0,"CV_done",TRUE,1323,TRUE
10,"gauss_cor",272,TRUE,395,NA,NA,0.210024452959264,0.521729147491576,NA,NA,0,-0.198504840948756,0.327236962443282,0.175356349415629,0.106860419343665,0.422889813314985,-0.0989317411746843,5.47269545177619,0,"CV_done",TRUE,1302,TRUE
10,"gauss_cor",273,TRUE,301,NA,NA,0.174048981113854,0.513895439734578,NA,NA,0,0.0341180294322529,0.422530003420861,0.168765430903138,0.0980955614281306,0.366125545701099,0.0735376492247016,1.29181048143241,0,"CV_done",TRUE,1188,FALSE
10,"gauss_cor",274,TRUE,264,NA,NA,0.156963409153044,0.500648364625636,NA,NA,0,0.118800633027702,0.461267428365544,0.134829128854593,0.0950523091401291,0.359758010037302,0.141279851456839,12.140278842383,0,"CV_done",TRUE,1052,TRUE
10,"gauss_cor",275,TRUE,230,NA,NA,0.167788190483472,0.560499145247149,NA,NA,0,0.438258075621717,0.670221957255869,0.173721942298978,0.0844813445913061,0.384520646887768,0.175723862962343,3.67823378516568,0,"CV_done",TRUE,1057,TRUE
10,"gauss_cor",276,TRUE,254,NA,NA,0.162284004757784,0.514622987883496,NA,NA,0,0.41295736977639,0.585293263594667,0.167142537646428,0.0793121306431109,0.378970431085812,0.187614462154802,2.77750028709571,0,"CV_done",TRUE,1014,TRUE
10,"gauss_cor",277,TRUE,372,NA,NA,0.131508431989128,0.444992610818801,NA,NA,0,0.604485746559897,0.483786551776793,0.156418469732082,0.0697823188889749,0.435939304075246,0.23755383943627,1.9453113903602,0,"CV_done",TRUE,1160,TRUE
10,"gauss_cor",278,TRUE,354,NA,NA,0.117076555959854,0.395003635197075,NA,NA,0,0.43584777955965,0.475758160665262,0.147730751076914,0.0544520100462671,0.553979303554216,0.340334788526138,1.79595541980531,0,"CV_done",TRUE,1447,TRUE
10,"gauss_cor",279,TRUE,399,NA,NA,0.123324918933893,0.530041091234469,NA,NA,0,0.447466224721372,0.639213886481439,0.226240479255201,0.0579229596811063,0.688553236806699,0.376096153959783,10.2804941020409,0,"CV_done",TRUE,1331,TRUE
10,"gauss_cor",28,TRUE,161,NA,NA,0.167017669747391,0.675937514608622,NA,NA,0,-0.983074372516268,0.398429141787218,0.197023179064356,0.0565809922847058,0.263872377670721,-0.266932337132344,10.32766143673,0,"CV_done",TRUE,751,TRUE
10,"gauss_cor",280,TRUE,153,NA,NA,0.131676824890141,1.0141372849663,NA,NA,0,0.547767334411977,0.869971422009206,0.859883784560953,0.0728458347757399,0.72860921016701,0.460504523960476,1.27261708004607,0,"CV_done",TRUE,603,FALSE
10,"gauss_cor",283,TRUE,151,NA,NA,0.222661249691902,0.512390218451362,NA,NA,0,0.639170720438298,1.30541431412996,0.192072350485164,0.105863079309208,0.477121572975892,0.254614140597302,1.12161393703962,0,"CV_done",TRUE,704,TRUE
10,"gauss_cor",284,TRUE,411,NA,NA,0.178552125868276,0.476067401033726,NA,NA,0,0.400278367584875,1.30252776536724,0.157765960090258,0.0784776743198082,0.522084395375555,0.303664483419136,19.5787235221598,0,"CV_done",TRUE,1436,TRUE
10,"gauss_cor",285,TRUE,282,NA,NA,0.130654007495151,0.499969933261772,NA,NA,0,0.484995144151148,1.24174513522401,0.132336577807551,0.0653505874597812,0.539698191767407,0.383508056722732,1.14154393934265,0,"CV_done",TRUE,1342,TRUE
10,"gauss_cor",286,TRUE,302,NA,NA,0.106147288115144,0.458232394455424,NA,NA,0,0.356901558420652,0.779648638831964,0.102514267975416,0.0602508185480889,0.540267173791086,0.378648844284206,9.46024386968878,0,"CV_done",TRUE,1180,TRUE
10,"gauss_cor",287,TRUE,437,NA,NA,0.130874292405696,0.478914000678414,NA,NA,0,0.390127733125313,0.937394696220804,0.131270258120838,0.0720570307828073,0.583994609234392,0.228027356253612,1.26964350027343,0,"CV_done",TRUE,1370,FALSE
10,"gauss_cor",290,TRUE,320,NA,NA,0.1189642545232,1.03701372589359,NA,NA,0,0.200859060415209,0.800475259068567,1.00728236645115,0.0700901958559618,0.549042699817597,-0.0249276732460952,1.65659963581021,0,"CV_done",TRUE,910,FALSE
10,"gauss_cor",291,TRUE,272,NA,NA,0.122397856068664,0.754357003205596,NA,NA,0,0.206983647968157,0.800476397386976,0.459920353469346,0.101632257292218,0.670336560413353,-0.00880731927200355,1.14772860245572,0,"CV_done",TRUE,1124,FALSE
10,"gauss_cor",292,TRUE,309,NA,NA,0.112189666157492,0.700963103779186,NA,NA,0,-0.117626180235475,0.687512777826251,0.266881890702757,0.0938010973898561,0.638612747994281,-0.0307535699198463,1.31186219526662,0,"CV_done",TRUE,1164,FALSE
10,"gauss_cor",293,TRUE,281,NA,NA,0.130538717909816,0.684065936766658,NA,NA,0,-0.156533887543842,0.803044861879303,0.240826642148488,0.0810304908759075,0.635542483898482,-0.00930434055819573,1.31846161603652,0,"CV_done",TRUE,1165,FALSE
10,"gauss_cor",294,TRUE,332,NA,NA,0.157608477894358,0.690649345130246,NA,NA,0,-0.137666494934898,1.02710674197087,0.296970341739581,0.0887829279392427,0.566823512209434,0.0874162387430576,1.25232198653398,0,"CV_done",TRUE,1225,FALSE
10,"gauss_cor",295,TRUE,380,NA,NA,0.190752001134662,0.686014591751931,NA,NA,0,-0.128997497879762,1.10855709787513,0.46243495306714,0.077665456419714,0.47637624421197,0.0668838036493099,1.27363897766504,0,"CV_done",TRUE,1558,FALSE
10,"gauss_cor",296,TRUE,390,NA,NA,0.191824337572151,0.701424015500438,NA,NA,0,0.0738727011723187,0.910859777763937,0.724452342145424,0.0883844142423346,0.496296709199693,0.177243598871734,1.8252074446198,0,"CV_done",TRUE,1575,FALSE
10,"gauss_cor",300,TRUE,249,NA,NA,0.10289038924813,0.820754242120292,NA,NA,0,0.332094519876166,0.226019495332943,1.17447403179727,0.0971813860000445,0.666783010476786,-0.223930927199387,1.28744616948344,0,"CV_done",TRUE,848,FALSE
10,"gauss_cor",301,TRUE,296,NA,NA,0.127407910511557,0.708996601090153,NA,NA,0,-0.136683952265519,0.372333101907688,0.391864395769377,0.0879752287740355,0.624839722017214,-0.0884552735939783,1.25944582577933,0,"CV_done",TRUE,1269,FALSE
10,"gauss_cor",302,TRUE,301,NA,NA,0.154863876359682,0.53263709005428,NA,NA,0,-0.163191075524787,0.467837490916193,0.21507679703117,0.0819409758658852,0.649949393039933,-0.135841605352687,6.36223268926144,0,"CV_done",TRUE,1089,TRUE
10,"gauss_cor",303,TRUE,260,NA,NA,0.16364064025011,0.497692066853818,NA,NA,0,-0.224945753660793,0.365979602046733,0.155443666414343,0.0850019396089047,0.692479135711897,-0.0488209321363807,1.85707601633613,0,"CV_done",TRUE,1192,FALSE
10,"gauss_cor",304,TRUE,329,NA,NA,0.154597502025035,0.552999122692333,NA,NA,0,0.10684029031648,0.522259815387026,0.154082459372688,0.0847706570599193,0.64728944581114,0.0135211531806697,1.62157228124914,0,"CV_done",TRUE,1105,FALSE
10,"gauss_cor",305,TRUE,174,NA,NA,0.142114706493697,0.555552102379556,NA,NA,0,0.240818240900005,0.479174665843404,0.175324665388823,0.0916447310643242,0.611595341825537,0.215638577603908,7.99592966106203,0,"CV_done",TRUE,958,TRUE
10,"gauss_cor",306,TRUE,189,NA,NA,0.171232330220138,0.688933409114584,NA,NA,0,0.43603773592545,0.668118544428332,0.198460879473306,0.093692286181062,0.604756988626454,0.247888141798715,1.3735875724394,0,"CV_done",TRUE,856,FALSE
10,"gauss_cor",307,TRUE,240,NA,NA,0.182559558781761,0.729415775978654,NA,NA,0,0.37410817229585,0.608243125039093,0.206071974840766,0.0987083215168938,0.583823130108045,0.294311940033058,13.9514070802927,0,"CV_done",TRUE,745,TRUE
10,"gauss_cor",308,TRUE,240,NA,NA,0.164397270791412,0.671824337303435,NA,NA,0,0.601498827574596,0.820890081697438,0.159701057733799,0.0931462395588614,0.623690018590526,0.22447259083527,19.5876628307501,0,"CV_done",TRUE,861,TRUE
10,"gauss_cor",309,TRUE,253,NA,NA,0.144204224810646,0.639422163892581,NA,NA,0,0.691417840036375,0.730311244080595,0.130402870907632,0.0726266039246151,0.667827141623,0.21548397761842,1.18118226879173,0,"CV_done",TRUE,968,TRUE
10,"gauss_cor",310,TRUE,246,NA,NA,0.129387913824518,0.526797507520054,NA,NA,0,1.03093079599398,0.82034694465312,0.149894572789373,0.058914880742084,0.6715960060782,0.330146818800813,1.48678945374986,0,"CV_done",TRUE,1043,TRUE
10,"gauss_cor",311,TRUE,282,NA,NA,0.12920635535982,0.677477393574849,NA,NA,0,0.38369366170523,1.2237351141759,0.19173634218649,0.0709472329339218,0.76606608829302,0.405314943890763,1.25340296838019,0,"CV_done",TRUE,888,FALSE
10,"gauss_cor",314,TRUE,376,NA,NA,0.458092108665922,0.942802416869006,NA,NA,0,0.635534491160997,2.4855865436974,0.338039641565884,0.168272010412042,0.792045620596536,0.274028395162905,1.24902453764721,0,"CV_done",TRUE,964,FALSE
10,"gauss_cor",315,TRUE,378,NA,NA,0.216044306980216,0.641546429186414,NA,NA,0,0.653492617455945,1.5082762111229,0.24143626101236,0.0945757148651912,0.699093859201066,0.319654385363093,41.0648143688838,0,"CV_done",TRUE,1458,TRUE
10,"gauss_cor",316,TRUE,391,NA,NA,0.151899583074518,0.600418544363638,NA,NA,0,0.445349370432684,1.14961295968294,0.195412934373213,0.0802940911991756,0.720173321283066,0.356977032329421,19.7192712403668,0,"CV_done",TRUE,1442,TRUE
10,"gauss_cor",317,TRUE,456,NA,NA,0.126785917093786,0.64016991949395,NA,NA,0,0.650085003244402,1.05250786031504,0.178368505202238,0.0750521188083984,0.64020149060355,0.488616024356028,1.3035494862828,0,"CV_done",TRUE,1307,FALSE
10,"gauss_cor",318,TRUE,416,NA,NA,0.163776795137508,0.823813266427308,NA,NA,0,1.02850320077148,1.02848372035361,0.306024539932152,0.079531301491176,0.605719072577018,0.394210111316289,1.30425236147035,0,"CV_done",TRUE,1669,FALSE
10,"gauss_cor",319,TRUE,321,NA,NA,0.16971499295541,0.972085868703229,NA,NA,0,0.610599160673839,1.11867019581143,0.647225389907426,0.0907564833212037,0.644113704212447,0.406949458353048,1.31332865388305,0,"CV_done",TRUE,1113,FALSE
10,"gauss_cor",32,TRUE,761,NA,NA,0.308756238608284,1.28159007236644,NA,NA,0,1.0122504279979,0.906116015201924,0.681474037592061,0.10824848011198,0.42154262446114,0.678916076189372,23.0834498166376,0,"CV_done",TRUE,1325,TRUE
10,"gauss_cor",320,TRUE,498,NA,NA,0.171412755498663,1.3182912720887,NA,NA,0,0.739932753204393,1.04643102816584,1.01183463716522,0.111206467032636,0.847440837474978,0.61373688530619,1.41949389963514,0,"CV_done",TRUE,1035,FALSE
10,"gauss_cor",321,TRUE,416,NA,NA,0.190780370948543,1.19430495406948,NA,NA,0,0.824250656842021,1.02881978690033,1.1161382666922,0.0897218934362385,0.571180452993786,0.324563502222891,1.3762126475407,0,"CV_done",TRUE,1333,FALSE
10,"gauss_cor",322,TRUE,379,NA,NA,0.260823322953194,1.28303776585504,NA,NA,0,1.04669734369667,1.22496521001437,1.05809565437989,0.0982608601514233,0.548295053088714,0.214961968512189,1.3639478523505,0,"CV_done",TRUE,1149,FALSE
10,"gauss_cor",323,TRUE,292,NA,NA,0.286539338229069,1.29307560398647,NA,NA,0,0.863190410090408,1.44080479489614,1.12010315828924,0.0625718759135757,0.430020762620662,0.361362012428699,6.80737299250232,0,"CV_done",TRUE,1286,TRUE
10,"gauss_cor",324,TRUE,375,NA,NA,0.221769018591487,1.12024798028037,NA,NA,0,0.938993768236596,1.11435337736968,0.742145102181746,0.06803798204204,0.516530746783655,0.42454716463656,1.40144819127741,0,"CV_done",TRUE,1336,FALSE
10,"gauss_cor",325,TRUE,469,NA,NA,0.195282888907484,0.837435584260346,NA,NA,0,0.999791973393211,1.17494674890012,0.654502386826859,0.0611005091413882,0.501724211450013,0.40839040474383,1.41145883274023,0,"CV_done",TRUE,1519,FALSE
10,"gauss_cor",326,TRUE,596,NA,NA,0.175874147810648,0.738327948916823,NA,NA,0,0.786913237540863,1.09319539800074,0.686802682020766,0.0730165425602618,0.467065413968172,0.545681280738946,23.1533223356141,0,"CV_done",TRUE,1747,TRUE
10,"gauss_cor",327,TRUE,502,NA,NA,0.134698997449075,0.596214829055168,NA,NA,0,0.841334917282709,0.891403134420169,0.414821139318984,0.0901420246717954,0.55131873478549,0.601375484429006,13.0559487117661,0,"CV_done",TRUE,1428,TRUE
10,"gauss_cor",328,TRUE,573,NA,NA,0.131402552079486,0.606336481752961,NA,NA,0,1.16060884199154,0.721877866250527,0.352200855608376,0.0763413798731726,0.517614638251429,0.52454198922209,17.5831552808152,0,"CV_done",TRUE,1306,TRUE
10,"gauss_cor",329,TRUE,362,NA,NA,0.15264008801103,0.93033924047329,NA,NA,0,0.481811155176639,1.0562245900829,1.27868736918492,0.0808981670492516,0.493576329059492,0.42023288274108,1.41158908301206,0,"CV_done",TRUE,1452,FALSE
10,"gauss_cor",33,TRUE,969,NA,NA,0.180157186917375,1.0964976887084,NA,NA,0,1.27387700878451,0.631979026084504,0.632376722151645,0.079962155093074,0.376097258009588,0.595480571947152,1.1761651538478,0,"CV_done",TRUE,2179,TRUE
10,"gauss_cor",330,TRUE,573,NA,NA,0.126604081081195,0.797553047170882,NA,NA,0,0.720017272361258,0.57673394527475,0.354447083414358,0.0757607600313342,0.747832053688558,0.27531862532245,6.85459957997004,0,"CV_done",TRUE,1440,TRUE
10,"gauss_cor",331,TRUE,144,NA,NA,0.111299401252094,0.701670106783236,NA,NA,0,0.435499611291474,0.58918597079361,0.194950245602634,0.0650652073896314,0.766681520867503,0.403365149182375,1.41906416529031,0,"CV_done",TRUE,956,FALSE
10,"gauss_cor",332,TRUE,375,NA,NA,0.133887623955441,0.620278129033795,NA,NA,0,0.615902978131294,1.05571201150052,0.13075793912731,0.0605313030580267,0.776943534306326,0.334810548682635,1.41776242115155,0,"CV_done",TRUE,1247,FALSE
10,"gauss_cor",333,TRUE,431,NA,NA,0.118025632487992,0.624875973106527,NA,NA,0,0.526067226750106,0.921544296908984,0.117102981936608,0.0536272075992044,0.698938994552673,0.12109960761525,1.40633710944542,0,"CV_done",TRUE,1393,FALSE
10,"gauss_cor",334,TRUE,392,NA,NA,0.106616943112201,0.573167389365325,NA,NA,0,0.270912402597899,1.07436307677971,0.113885831147699,0.0563916678532435,0.68308327241696,0.189174686673511,1.52012205525405,0,"CV_done",TRUE,1227,FALSE
10,"gauss_cor",335,TRUE,308,NA,NA,0.122575293526324,0.642397486410605,NA,NA,0,0.278824563936571,0.787105642293447,0.118388523776813,0.0587451732977094,0.621859232012712,0.182666323287298,20.4074321469996,0,"CV_done",TRUE,969,TRUE
10,"gauss_cor",336,TRUE,181,NA,NA,0.124041417678785,0.709201202942045,NA,NA,0,0.30583045639649,0.441922095800762,0.149335241427703,0.0702476802662399,0.618396965155971,0.172330633648136,1.01202703005738,0,"CV_done",TRUE,794,TRUE
10,"gauss_cor",337,TRUE,289,NA,NA,0.114744932968232,0.620686172930036,NA,NA,0,0.250670637247968,0.39500460032485,0.145742905746665,0.0645023370015445,0.72942724184797,0.0793850383893962,12.3768600198958,0,"CV_done",TRUE,976,TRUE
10,"gauss_cor",338,TRUE,346,NA,NA,0.0968211027300368,0.55374875620204,NA,NA,0,0.422875197355029,0.421429248494919,0.146172988441033,0.0502175953189186,0.780942557435745,0.0754300479730265,18.1082943415642,0,"CV_done",TRUE,1051,TRUE
10,"gauss_cor",339,TRUE,302,NA,NA,0.119450559486624,0.595137601558365,NA,NA,0,-0.177503871757015,1.36838884323219,0.164846930003658,0.0852726725799919,0.776797461655038,0.112678794832313,1.46714839200179,0,"CV_done",TRUE,746,FALSE
10,"gauss_cor",34,TRUE,492,NA,NA,0.105479560995426,0.625104764385851,NA,NA,0,0.921621042536067,0.506968884802594,0.57615840564179,0.044693073465815,0.310649854444002,0.592951337137995,3.05242502093315,0,"CV_done",TRUE,1514,TRUE
10,"gauss_cor",341,TRUE,332,NA,NA,0.343033419923127,1.54488190950195,NA,NA,0,0.460324555958906,1.19397272131058,1.40837266903707,0.298192051899441,0.68675276112439,0.210331682571896,1.55694616323544,0,"CV_done",TRUE,924,FALSE
10,"gauss_cor",342,TRUE,416,NA,NA,0.334108074867392,1.13391285639524,NA,NA,0,0.72643855360583,1.49245055857779,0.648378070120695,0.159369991727799,0.729113579426771,0.211010159785647,1.51029055679838,0,"CV_done",TRUE,1634,FALSE
10,"gauss_cor",343,TRUE,474,NA,NA,0.17858004952696,0.883206128514431,NA,NA,0,0.813019372128313,0.726891724536931,0.427025400157858,0.0808750182446632,0.680154729584769,0.305586138790752,11.7062488954597,0,"CV_done",TRUE,1493,TRUE
10,"gauss_cor",344,TRUE,246,NA,NA,0.135321818561534,0.753406476506522,NA,NA,0,0.850931638077956,0.763053509227521,0.287553566861512,0.067985899202949,0.655250178054014,0.33961094517678,1.03104959871758,0,"CV_done",TRUE,1349,TRUE
10,"gauss_cor",345,TRUE,420,NA,NA,0.176649343178039,0.936786746634767,NA,NA,0,0.845276194442854,0.917995453963928,0.634109615687596,0.080575553906729,0.540089847720063,0.433364297653077,1.42642650272283,0,"CV_done",TRUE,1731,FALSE
10,"gauss_cor",346,TRUE,596,NA,NA,0.213393097334111,1.29286892597486,NA,NA,0,0.943703326906906,1.44577048611493,1.18053911167191,0.0880550150705262,0.608150963789916,0.53211182456965,17.0964091426796,0,"CV_done",TRUE,1472,TRUE
10,"gauss_cor",347,TRUE,361,NA,NA,0.193380100328941,1.10268307111662,NA,NA,0,1.08151994936759,1.05347617858643,0.849985620191993,0.108499298010433,0.764456597309407,0.682051067601028,1.56298615659829,0,"CV_done",TRUE,1009,FALSE
10,"gauss_cor",348,TRUE,350,NA,NA,0.249916338053745,1.10206623428927,NA,NA,0,1.12791669320167,1.0652675902266,0.899940292608208,0.0626691430555251,0.489994266028703,0.409106591093189,1.50346212543823,0,"CV_done",TRUE,1113,FALSE
10,"gauss_cor",349,TRUE,343,NA,NA,0.35315939177856,1.39652303019253,NA,NA,0,1.14537238150926,2.08785765724987,1.73975090790994,0.0204051986670657,0.186858613123684,0.0380696329804034,1.51286285948698,0,"CV_done",TRUE,1183,FALSE
10,"gauss_cor",350,TRUE,667,NA,NA,0.258447312534433,1.24886634602606,NA,NA,0,0.868573204526002,1.553470939248,1.47021225661472,0.038697797322539,0.293226978910152,0.277793870024712,5.79312218182617,0,"CV_done",TRUE,1394,TRUE
10,"gauss_cor",351,TRUE,345,NA,NA,0.169619381845574,0.912752263272846,NA,NA,0,0.877325281337233,1.23686398708095,0.873707658400927,0.0525927798211782,0.48111205830607,0.361171753613676,1.54463053527254,0,"CV_done",TRUE,1138,FALSE
10,"gauss_cor",352,TRUE,387,NA,NA,0.161067535081294,0.797427709578296,NA,NA,0,0.74845923976222,0.696051082087167,0.636020011495907,0.046928173258008,0.367286149142901,0.562820349308055,2.71102775441276,0,"CV_done",TRUE,517,FALSE
10,"gauss_cor",353,TRUE,371,NA,NA,0.126846937385501,0.67858924882953,NA,NA,0,0.781402822306761,0.685124230480897,0.532692780340424,0.0333430940032273,0.36810950123616,0.357496528639659,1.14311974359883,0,"CV_done",TRUE,1407,TRUE
10,"gauss_cor",354,TRUE,499,NA,NA,0.137575479160161,0.808078163486316,NA,NA,0,0.985511298731736,0.921019856170955,0.617229162478589,0.065848172252494,0.476969627247229,0.555912646774366,1.35802846396135,0,"CV_done",TRUE,1712,TRUE
10,"gauss_cor",355,TRUE,717,NA,NA,0.147884104551369,0.960834072871841,NA,NA,0,0.963116419224694,0.911030037895465,0.656698437913536,0.079169686067646,0.528012267133602,0.603754079224869,1.65836221141396,0,"CV_done",TRUE,1805,FALSE
10,"gauss_cor",356,TRUE,346,NA,NA,0.113307322298828,0.890549090748506,NA,NA,0,1.00161097110445,0.875363747290225,0.351298264383334,0.0664817368225237,0.594258961172847,0.433172250352694,1.60854065927642,0,"CV_done",TRUE,1368,FALSE
10,"gauss_cor",357,TRUE,500,NA,NA,0.100663552074661,0.741102844813665,NA,NA,0,0.718731710057666,0.88167435148821,0.223699445317129,0.0640174665091421,0.66248172095252,0.451914935637906,13.2403988008367,0,"CV_done",TRUE,1470,TRUE
10,"gauss_cor",358,TRUE,464,NA,NA,0.093073842710455,0.731335225723325,NA,NA,0,0.613583259893698,0.756395248877159,0.176751343622001,0.0412526369901802,0.691168271862153,0.189607172754827,1.49534866829713,0,"CV_done",TRUE,1471,FALSE
10,"gauss_cor",359,TRUE,349,NA,NA,0.0915540057837921,0.733671465048345,NA,NA,0,0.43647065764738,0.89877174424262,0.193515215994085,0.0297455227207242,0.729149267933474,0.0585733979364922,1.52386911683336,0,"CV_done",TRUE,1146,FALSE
10,"gauss_cor",360,TRUE,333,NA,NA,0.0767125631214644,0.708850247026895,NA,NA,0,0.650418053522548,0.638316620844546,0.148447285426056,0.0307101055936206,0.62696931137737,0.0143650626228483,1.64110414440433,0,"CV_done",TRUE,1020,FALSE
10,"gauss_cor",361,TRUE,250,NA,NA,0.0641320621788301,0.567403681434884,NA,NA,0,0.432169193921249,0.660375095619056,0.12523762599309,0.0174842989301216,0.529195617242332,-0.353881118176413,1.35859051050135,0,"CV_done",TRUE,983,TRUE
10,"gauss_cor",362,TRUE,300,NA,NA,0.0498420422430999,0.440571466985439,NA,NA,0,0.142431457615222,0.474715515360723,0.126708625783128,0.0182096958192824,0.588600898405872,-0.283944672942203,13.5572078961134,0,"CV_done",TRUE,1024,TRUE
10,"gauss_cor",363,TRUE,229,NA,NA,0.0797822300661518,0.374528203763482,NA,NA,0,-0.440109578330226,1.38791158434248,0.129534592755247,0.0762876668154111,0.583221486930885,-0.089837412646974,1.54769619381538,0,"CV_done",TRUE,745,FALSE
10,"gauss_cor",365,TRUE,446,NA,NA,0.22558852110877,1.29754124800889,NA,NA,0,0.534720875856682,0.923156312664828,1.09016336129585,0.162069428240144,0.605714737525707,0.327045952452634,1.55251983862784,0,"CV_done",TRUE,1318,FALSE
10,"gauss_cor",366,TRUE,472,NA,NA,0.208485316974914,1.12131264648183,NA,NA,0,0.809890780197434,0.904897034343617,0.720664852354162,0.0640368490123833,0.477760246901415,0.278327377765932,3.10834769010544,0,"CV_done",TRUE,1464,TRUE
10,"gauss_cor",367,TRUE,401,NA,NA,0.146852001503744,0.890524956312178,NA,NA,0,0.741758722632691,0.750575497033744,0.543273111136132,0.0437869277433937,0.418055924432327,0.138372207057799,1.57636363224299,0,"CV_done",TRUE,1177,FALSE
10,"gauss_cor",368,TRUE,422,NA,NA,0.133639466326347,0.84186449073264,NA,NA,0,0.743093000113343,0.670376360556956,0.583815579145186,0.0272649777511471,0.369754907789646,0.0135981489464654,1.52803194786387,0,"CV_done",TRUE,1182,FALSE
10,"gauss_cor",369,TRUE,412,NA,NA,0.198976148301125,1.19679834570929,NA,NA,0,1.03474389777698,1.54912125276009,1.32190758221254,0.0589947296236825,0.459809292636675,0.536351916243915,12.5227627860838,0,"CV_done",TRUE,1114,TRUE
10,"gauss_cor",370,TRUE,145,NA,NA,0.0816748470268278,0.566102608615872,NA,NA,0,0.0103984687279793,0.408521965641801,0.922737755762874,0.0405735999394223,0.27507771233668,-0.175572886062092,1.88690606317586,0,"CV_done",TRUE,393,FALSE
10,"gauss_cor",371,TRUE,125,NA,NA,0.083620682658018,0.499171446513995,NA,NA,0,-0.0808325712483912,0.537814581758545,0.771040854511162,0.0240163977620198,0.275047293605399,0.0736269484631994,1.89829468617561,0,"CV_done",TRUE,539,FALSE
10,"gauss_cor",372,TRUE,201,NA,NA,0.107478949420384,0.83775331472898,NA,NA,0,-0.340344253199177,0.805332190376754,2.19873712000487,0.0154256112228496,0.279080072557619,0.323625929504053,1.89734345041767,0,"CV_done",TRUE,730,FALSE
10,"gauss_cor",373,TRUE,293,NA,NA,0.176604344254703,0.750725862550761,NA,NA,0,0.363168848872414,0.565362738381422,0.387196918717659,0.114854992046826,0.406608108229872,-0.00390950078764118,2.27100570711825,0,"CV_done",TRUE,353,FALSE
10,"gauss_cor",374,TRUE,491,NA,NA,0.162746292085179,0.458934813939086,NA,NA,0,0.275206184098973,0.411576106174104,0.311361725595949,0.119346742036189,0.542156637993195,0.251206116964687,5.15307023525238,0,"CV_done",TRUE,576,TRUE
10,"gauss_cor",375,TRUE,394,NA,NA,0.120071567035569,0.757316395302687,NA,NA,0,0.636869305342209,0.639567209002419,0.679877204238944,0.0465564173515549,0.455860651388113,0.294715104128205,7.52632448375225,0,"CV_done",TRUE,994,TRUE
10,"gauss_cor",376,TRUE,421,NA,NA,0.148902825839537,0.910213681968383,NA,NA,0,0.79383137713213,0.884315939696864,0.894905629086185,0.0563574139147565,0.422253919236723,0.520968332876952,1.90274388038726,0,"CV_done",TRUE,1152,FALSE
10,"gauss_cor",377,TRUE,536,NA,NA,0.115426224188564,0.860316954632679,NA,NA,0,0.879867809590259,0.737411174330428,0.37416207491432,0.0516624069088757,0.464945385288891,0.468325957433678,1.22584470375544,0,"CV_done",TRUE,1249,TRUE
10,"gauss_cor",378,TRUE,434,NA,NA,0.111420263444596,0.891520963800722,NA,NA,0,0.425569367004222,0.712158594443457,0.405565864269657,0.041498670081551,0.508623928334579,0.246457026428697,1.6155093927985,0,"CV_done",TRUE,1091,TRUE
10,"gauss_cor",379,TRUE,309,NA,NA,0.112910772720144,0.910023587763641,NA,NA,0,0.433214851560433,0.731179089868613,0.33125290767315,0.0438332149926249,0.612119924870367,0.0707136497832178,1.86529157644345,0,"CV_done",TRUE,821,FALSE
10,"gauss_cor",380,TRUE,381,NA,NA,0.0848761919978606,0.709802543368562,NA,NA,0,0.695445535276399,0.800351765311418,0.179434199638828,0.0339596702829086,0.516289077874196,0.367523114785007,17.3276319791211,0,"CV_done",TRUE,880,TRUE
10,"gauss_cor",381,TRUE,355,NA,NA,0.0630316813982109,0.592040095874406,NA,NA,0,0.959330981238,0.521497098277746,0.140297887119922,0.0175526471594242,0.446958338933621,0.20189582879098,1.88806141803662,0,"CV_done",TRUE,801,FALSE
10,"gauss_cor",382,TRUE,377,NA,NA,0.0882955603682774,0.663369627638705,NA,NA,0,0.368344658363753,0.73305368408359,0.494636321175251,0.0453615947431468,0.376478468750575,-0.00681134646754493,1.81447801865637,0,"CV_done",TRUE,685,FALSE
10,"gauss_cor",383,TRUE,356,NA,NA,0.149597243485158,0.764072771393276,NA,NA,0,0.178897641508803,0.605135642802517,0.505853649343496,0.062636559615405,0.486493299952911,0.364043806710296,19.1517444914579,0,"CV_done",TRUE,817,TRUE
10,"gauss_cor",384,TRUE,276,NA,NA,0.154021364663547,0.685213444358394,NA,NA,0,0.263485952642982,0.576618219112387,0.58558200731289,0.0912168861115661,0.33646807148149,-0.121914429363424,1.98735691538288,0,"CV_done",TRUE,812,FALSE
10,"gauss_cor",385,TRUE,188,NA,NA,0.131054446019262,0.537934282493984,NA,NA,0,0.337636920301341,0.551744752130919,0.224539796081605,0.0486151825163621,0.38726750437098,-0.0321386862023745,7.89838567919201,0,"CV_done",TRUE,708,TRUE
10,"gauss_cor",386,TRUE,233,NA,NA,0.12281215569957,0.430452086759539,NA,NA,0,0.122850515731964,0.499536989099832,0.193248891044141,0.0320201682245484,0.39904600243282,-0.0121325022971388,1.8489753003446,0,"CV_done",TRUE,475,FALSE
10,"gauss_cor",44,TRUE,168,NA,NA,0.264125273677197,1.72293205800756,NA,NA,0,1.38918113742112,1.54531346460756,1.49185381564443,0.11086251080692,0.818226470498362,0.834274735855016,7.66713560468621,0,"CV_done",TRUE,1193,TRUE
10,"gauss_cor",45,TRUE,490,NA,NA,0.161280623639365,0.853098615884961,NA,NA,0,0.842952506853645,1.03428540187764,0.647833692849291,0.0714740196249626,0.511795945199524,0.593405867890501,1.64615514863696,0,"CV_done",TRUE,1420,FALSE
10,"gauss_cor",46,TRUE,483,NA,NA,0.171942308576756,0.626618497929146,NA,NA,0,0.365977336298856,0.883663422815003,0.505953214342688,0.0493502046539527,0.342250794171873,0.261536237245564,21.6518859385782,0,"CV_done",TRUE,1477,TRUE
10,"gauss_cor",47,TRUE,654,NA,NA,0.188192762565335,0.673290092080179,NA,NA,0,0.0762665068331961,0.561645397754909,0.173021771038882,0.0419380934019198,0.322065416679052,-0.0924929437014672,18.2390657685863,0,"CV_done",TRUE,1536,TRUE
10,"gauss_cor",48,TRUE,707,NA,NA,0.153504812566494,0.650062290075057,NA,NA,0,-0.127270939680478,0.336998001525355,0.158460341488536,0.0385350770338579,0.330905607982956,-0.14380076962326,6.46198067347209,0,"CV_done",TRUE,1752,TRUE
10,"gauss_cor",49,TRUE,414,NA,NA,0.167172938947163,0.670921298387734,NA,NA,0,-0.284202266798659,0.756110390882871,0.184371935717649,0.0515191017328472,0.356939625830056,0.0509202164422845,1.49901000181006,0,"CV_done",TRUE,1045,FALSE
10,"gauss_cor",54,TRUE,359,NA,NA,0.571563721423492,2.27724619177065,NA,NA,0,2.03563769177716,1.10187992088151,0.883375612044789,0.291922293505385,1.11783334572937,0.895012874298855,1.55538374829623,0,"CV_done",TRUE,1870,FALSE
10,"gauss_cor",55,TRUE,871,NA,NA,0.339462305297777,1.59574340401622,NA,NA,0,1.83322858433829,1.17764636969434,0.891509315287924,0.134298910711382,0.574583293470881,0.835996718603086,3.33009309675958,0,"CV_done",TRUE,2450,TRUE
10,"gauss_cor",56,TRUE,668,NA,NA,0.130503882641296,0.719513360866863,NA,NA,0,1.58302763583177,0.652711644902412,0.536259874662749,0.0419406549512719,0.281924823743207,0.643116615874777,2.12531397243341,0,"CV_done",TRUE,2056,TRUE
10,"gauss_cor",57,TRUE,257,NA,NA,0.122837898907662,0.619921367672724,NA,NA,0,-0.182472203363713,1.05153204455709,1.41863290796608,0.0702405495758878,0.310663780180636,-0.491573629133206,1.51936395496682,0,"CV_done",TRUE,1293,FALSE
10,"gauss_cor",59,TRUE,323,NA,NA,0.163793474356656,0.832822077501025,NA,NA,0,0.241815537220229,0.97322958216003,2.13208265365989,0.0572596697102114,0.514975864539458,0.393540065241766,1.45467379381259,0,"CV_done",TRUE,1046,FALSE
10,"gauss_cor",67,TRUE,688,NA,NA,0.17504647816943,1.87278998620176,NA,NA,0,0.74036706961463,0.561952384549277,1.32741588193303,0.083146338981584,0.882758860453276,0.465963982281064,1.57129551612669,0,"CV_done",TRUE,1480,FALSE
10,"gauss_cor",68,TRUE,1145,NA,NA,0.205141575507251,1.81064968779415,NA,NA,0,1.070669495743,0.966813087599759,1.45822871668362,0.109043689522812,0.872564265484215,0.746468457954486,23.8669488635328,0,"CV_done",TRUE,2656,TRUE
10,"gauss_cor",69,TRUE,631,NA,NA,0.178960774122282,1.41119966390936,NA,NA,0,0.895279616007864,1.18654010510768,1.40221340796573,0.0892331967328732,0.701695425392598,0.728606523701851,1.28551745114779,0,"CV_done",TRUE,2164,TRUE
10,"gauss_cor",70,TRUE,395,NA,NA,0.169131227107948,1.12203241898278,NA,NA,0,0.844622391422666,1.14715836493107,1.50349680179899,0.0483047333341389,0.412441172564543,0.386729047944665,1.15574986453134,0,"CV_done",TRUE,1612,TRUE
10,"gauss_cor",71,TRUE,389,NA,NA,0.152877591127094,0.746980541183773,NA,NA,0,1.06069999262072,0.57550025004811,0.341221547632142,0.0601222060773765,0.515583847355253,0.565635757431175,4.69537910415067,0,"CV_done",TRUE,1736,TRUE
10,"gauss_cor",72,TRUE,713,NA,NA,0.171221109486897,0.718704965492266,NA,NA,0,0.837943089343912,0.361182272055072,0.209472429264906,0.0563597817426758,0.439578700139792,0.493922070581626,3.98871618078815,0,"CV_done",TRUE,2042,TRUE
10,"gauss_cor",73,TRUE,410,NA,NA,0.189196921940195,0.800058372950846,NA,NA,0,0.659458444904133,0.311678183087052,0.17340535107969,0.0716493017026573,0.422121529694181,0.524723613614208,1.03717460903856,0,"CV_done",TRUE,1864,TRUE
10,"gauss_cor",74,TRUE,562,NA,NA,0.174776528263102,0.742218473810344,NA,NA,0,0.500655466042511,0.418786919775607,0.199388146687133,0.0765904344594408,0.422984977394674,0.504857219722343,4.58195416125986,0,"CV_done",TRUE,1790,TRUE
10,"gauss_cor",79,TRUE,495,NA,NA,0.311134046423377,1.8329274946153,NA,NA,0,0.893652135463075,0.701989301059544,1.3825634702302,0.346690649617266,1.36270233676025,0.813670245741219,1.3480888361401,0,"CV_done",TRUE,660,FALSE
10,"gauss_cor",80,TRUE,509,NA,NA,0.450330387594552,1.76716728603705,NA,NA,0,1.60576858076112,1.1261007553829,0.880792227897436,0.347981430736641,1.25644800098894,0.908504327961026,1.09735293593672,0,"CV_done",TRUE,615,FALSE
10,"gauss_cor",81,TRUE,408,NA,NA,0.498775728868016,2.05556908424194,NA,NA,0,2.26348038823882,1.33371896781599,1.05657274560206,0.176556012726419,0.766509126698419,0.872693180786604,2.6811755628056,0,"CV_done",TRUE,1530,TRUE
10,"gauss_cor",82,TRUE,441,NA,NA,0.146169077289641,0.74746799076646,NA,NA,0,1.78749987924072,0.613540717990822,0.415712008028205,0.0654366330346283,0.373622199714149,0.769763414595307,2.53718789266215,0,"CV_done",TRUE,1830,TRUE
10,"gauss_cor",83,TRUE,579,NA,NA,0.11525609156599,0.572682961737612,NA,NA,0,1.22024264806577,0.375536834715635,0.40620269279118,0.0536819497804511,0.313268225530263,0.439465941679617,3.47784162276321,0,"CV_done",TRUE,1783,TRUE
10,"gauss_cor",84,TRUE,816,NA,NA,0.18846002944662,0.784448181059543,NA,NA,0,-0.39548107300324,1.48871041362599,2.30757022577915,0.112258497544093,0.334277734674908,-0.328005055145042,1.50310910781225,0,"CV_done",TRUE,1739,TRUE
10,"gauss_cor",85,TRUE,908,NA,NA,0.218034897585665,0.848303606359646,NA,NA,0,-0.441666835319614,1.57752805085136,2.53227190949304,0.112846869049051,0.384257739812171,-0.212218020519652,1.0820329638267,0,"CV_done",TRUE,1550,TRUE
10,"gauss_cor",86,TRUE,616,NA,NA,0.169962784094632,1.05900901345224,NA,NA,0,0.525250268970215,1.01695228916332,3.4624516135875,0.0558951387591908,0.488031628028299,0.379297447374065,1.30442161837386,0,"CV_done",TRUE,1046,FALSE
10,"gauss_cor",87,TRUE,101,NA,NA,0.12649715830596,0.65802777143104,NA,NA,0,0.279766259485484,0.427547525378292,1.55213369385329,0.0438077849651263,0.403421408756768,0.512891773130713,22.6288021643957,0,"CV_done",TRUE,192,FALSE
10,"gauss_cor",95,TRUE,617,NA,NA,0.128678885886878,1.20328128475749,NA,NA,0,0.12036816078318,0.401394342628151,1.17990189553199,0.0544750017175037,0.637087738493986,-0.121615845641878,1.3131942639969,0,"CV_done",TRUE,2645,FALSE
10,"gauss_cor",96,TRUE,1009,NA,NA,0.154674836223248,1.47951284817886,NA,NA,0,0.761448712568789,0.531847850306686,1.17840951988237,0.0724683369589489,0.692137428836523,0.426763217043819,15.0281698067321,0,"CV_done",TRUE,3466,TRUE
10,"gauss_cor",97,TRUE,592,NA,NA,0.153161737830655,1.43355542689507,NA,NA,0,0.985433531415224,0.594897920069731,1.35018167188423,0.092849033808003,0.746453654326649,0.63611025880121,9.55286995119519,0,"CV_done",TRUE,2322,TRUE
10,"gauss_cor",98,TRUE,450,NA,NA,0.134949310672492,1.12685985532815,NA,NA,0,0.796906399015539,0.6271002586644,1.47186122916897,0.0654343280377586,0.587734885332311,0.290085271066699,1.28634556294867,0,"CV_done",TRUE,1541,FALSE
10,"gauss_cor",99,TRUE,319,NA,NA,0.135979386125901,1.06072476181187,NA,NA,0,0.55508558293222,0.434845572368907,1.83683106137624,0.0594323842287982,0.434306921864676,0.432141981913458,1.29510447360023,0,"CV_done",TRUE,1288,FALSE
10,"nig_cor",100,TRUE,428,-0.299671195874072,0.466059901155857,0.142076771235563,0.838569371356053,0.580122903621246,0.952655506423129,0,0.507538179625951,0.515864271831834,1.27275591573521,0.0554057585730001,0.430867209437783,0.408442174743614,3.65873935271744,0,"CV_done",TRUE,1539,FALSE
10,"nig_cor",101,TRUE,423,-0.133710748054049,0.10773571336389,0.170013716503749,0.778132226885047,0.652957004390323,0.727706492036476,0,0.42896520568027,0.372573654403034,0.466821137252439,0.0614404071398294,0.43628909455943,0.297618808644958,5.28599254939291,0,"CV_done",TRUE,2037,TRUE
10,"nig_cor",102,TRUE,457,-0.157869959062986,-0.0441336910582246,0.186254460841997,0.804976356323103,0.738636270070288,0.421006007264593,0,0.469190067923643,0.412275898727514,0.279332620421994,0.0825788564915887,0.381305374278666,0.337608862022038,10.5128294638793,0,"CV_done",TRUE,1837,TRUE
10,"nig_cor",103,TRUE,426,-0.102109565927581,-0.252168148894257,0.201826474788704,0.747489332492805,1.05428812639012,1.22046421900031,0,0.640741313834915,0.498054849688836,0.227072120372539,0.101525896899993,0.423670555130775,0.443599037695421,3.824288308052,0,"CV_done",TRUE,1494,FALSE
10,"nig_cor",104,TRUE,565,0.050331297299978,0.0778745789428386,0.249749598430483,1.13128367087935,0.512983276167499,0.38165022814525,0,0.650155676533321,1.43907419165094,1.45820624314896,0.0727107261117978,0.266895396133943,0.418532012113423,1.0456804164775,0,"CV_done",TRUE,1511,TRUE
10,"nig_cor",105,TRUE,239,0.156797562972375,-0.0902123612154969,0.197559107117763,1.32247369398953,1.24433754535626,0.448386355814745,0,0.63324554008508,0.728281264900733,0.984423685901241,0.0651710688291339,0.296753263474766,0.505595917984692,3.8058550170947,0,"CV_done",TRUE,844,FALSE
10,"nig_cor",107,TRUE,367,-0.0703791953094492,-0.293572487979817,0.345191526114351,1.21272781501368,0.0744614757394829,0.775210860667413,0,0.153977548044995,1.37062067346718,1.06373500124606,0.0912558903746948,0.501456495692248,-0.109704864429082,2.81690185776187,0,"CV_done",TRUE,691,FALSE
10,"nig_cor",108,TRUE,404,-0.00274704886131749,0.0203512067731826,0.426377514318626,1.68818014027251,0.0026807257134266,0.132104142293351,0,0.413480521188578,0.477767219600422,0.861375790255035,0.0863131777385275,0.562227877093284,0.0058140325734215,3.77414357378803,0,"CV_done",TRUE,1422,FALSE
10,"nig_cor",109,TRUE,643,0.0281636161365754,0.138834856566347,0.117246449443767,1.17454828532601,0.241024114912736,0.228535363923566,0,-0.401262646302458,0.519890716157659,1.52448490789159,0.0416968151637612,0.340323216458127,-0.0641110812865177,1.72650174862809,0,"CV_done",TRUE,977,FALSE
10,"nig_cor",110,TRUE,555,0.00112343505206401,0.0412512220537107,0.413319152744464,1.33870727985745,0.00232365789376469,0.0835342693813325,0,1.06057611245065,0.590851636347079,1.00584501767181,0.0711850890383513,0.33163347328989,0.0309626885368654,3.81904058808254,0,"CV_done",TRUE,1855,FALSE
10,"nig_cor",111,TRUE,342,0.00808857564275266,0.0236457002775305,0.288687881840839,1.13319731323278,0.0135326518732126,0.0617825756174334,0,1.64418104141127,0.562661615167081,0.323937208144364,0.0650982406012537,0.36678660547824,0.374493003920206,3.61655229998408,0,"CV_done",TRUE,1544,TRUE
10,"nig_cor",112,TRUE,358,-0.00310827103589145,-0.143252246623135,0.125394474262661,0.503848908214616,0.644192877509501,0.906538267781371,0,0.759957270276454,0.840333259139051,0.289922199702577,0.055244752962224,0.346907066274308,0.559863991987881,3.80210441182885,0,"CV_done",TRUE,1495,FALSE
10,"nig_cor",113,TRUE,523,-0.292952305230699,-0.0763429478932076,0.110675681438286,1.00891951131182,1.51895884108908,1.59019922213725,0,0.940230469147237,0.604025656939458,0.0863081849457963,0.0585397170746389,0.369773224308823,0.67612938355965,3.82030037732312,0,"CV_done",TRUE,1536,FALSE
10,"nig_cor",114,TRUE,163,0.438763682410674,-0.0827031185911489,0.115910527880202,0.754656104985375,0.756349150142411,0.497003950209013,0,0.411248511155415,0.286596617540526,1.33775187319905,0.10622477970742,0.31019265764672,0.0661306014698448,1.93262048443158,0,"CV_done",TRUE,879,TRUE
10,"nig_cor",120,TRUE,878,0.00161036472622738,-0.0736021099384309,0.17694746414286,0.582518745176603,0.300483939440366,0.337709907695811,0,0.0972775125057744,0.68198003196071,0.827177182627847,0.0950619391624588,0.328142454044101,0.0970166365490724,4.06455610028847,0,"CV_done",TRUE,2239,FALSE
10,"nig_cor",121,TRUE,772,-0.0428763620436992,-0.152207415903697,0.333355133318989,0.580675176618672,0.045388030818988,0.386888982490631,0,0.0251902803718277,1.44370473691174,0.799799672197066,0.103108641714094,0.310657702116222,0.122946936576589,3.7443197912033,0,"CV_done",TRUE,1949,FALSE
10,"nig_cor",123,TRUE,360,-0.409116799292172,-0.156726512440523,0.849669647905015,0.761233254431856,0.446801634454169,0.669879181913558,0,0.529276700483536,1.86789397370825,2.45346548670984,0.456031942167252,0.315917512661348,0.357778876780724,1.88728122406536,0,"CV_done",TRUE,1026,TRUE
10,"nig_cor",125,TRUE,442,-0.105455414542073,0.0399441370975779,0.345690047470481,1.08775223101685,0.347258461008871,0.687743445068143,0,-0.463913650947344,1.22599868151026,1.40849880628933,0.10308786141008,0.33707229160892,-0.53021020394537,3.69926237164272,0,"CV_done",TRUE,947,FALSE
10,"nig_cor",126,TRUE,898,-0.0371761867997518,-0.0509107722360458,0.261103058430571,1.11523676927331,0.054776096305233,0.145287255204087,0,-0.214698010923689,0.763474336887361,1.1154768586772,0.0796762043950936,0.404848682478114,-0.377721625053585,3.30882248461246,0,"CV_done",TRUE,2589,TRUE
10,"nig_cor",127,TRUE,971,-0.0871193313774637,-0.0825510793938326,0.151576807859651,0.837780493741449,0.164189432473628,0.260423521031231,0,-0.241056633793703,0.318635234676214,0.997971219434262,0.0644755928715217,0.478190101868557,-0.305609455602273,3.74780934546281,0,"CV_done",TRUE,3229,FALSE
10,"nig_cor",128,TRUE,478,-0.0331631094364771,-0.04654984695222,0.143785133765411,0.775935006602194,0.321014898717505,0.314465956785377,0,-0.11055130609058,0.376406078391038,0.935901935304702,0.0714013846614553,0.430976189140568,-0.09224724872941,3.75638359755278,0,"CV_done",TRUE,2273,FALSE
10,"nig_cor",129,TRUE,321,0.0763577937726609,-0.027102430030511,0.15375455633994,1.48850485335666,0.251324070706611,0.112659681207058,0,0.265515004195096,0.352173201120845,3.59261031536981,0.0846055905201268,0.310769495285598,-0.0506168985797304,6.66509363677767,0,"CV_done",TRUE,1538,TRUE
10,"nig_cor",130,TRUE,331,-0.101697291925292,0.00295701258746971,0.171101157947818,1.10995446342511,0.771179159272398,0.0666278261072585,0,0.0133887341179689,0.347157668463583,2.4627389242299,0.0709458258227748,0.304359348222297,-0.0235576135964757,3.7935020415816,0,"CV_done",TRUE,1298,FALSE
10,"nig_cor",131,TRUE,294,-0.110016618684597,0.0174010004980819,0.183046890299094,0.500634716032647,0.381183894178421,0.14147959698587,0,0.0106540560511635,0.361134224725041,0.623616497505158,0.076124424234667,0.354374563771074,-0.00182762186057643,4.03772593636204,0,"CV_done",TRUE,1279,FALSE
10,"nig_cor",132,TRUE,374,-0.0571490192871543,0.0264242546118762,0.205850637784413,0.47180634726802,0.247556419815418,0.296265305593155,0,-0.130187977922218,0.469038818153992,0.435470003806266,0.0766039364816779,0.334532707127782,-0.082863906131143,3.80638860356753,0,"CV_done",TRUE,1453,FALSE
10,"nig_cor",133,TRUE,715,-0.0541797607335684,-0.002482038878678,0.202015117187529,0.543648120074857,0.174576087222733,0.0996500045148221,0,-0.183264303847796,0.420990236620974,0.606687942970741,0.0843952890312846,0.281585415407935,-0.144111294940145,3.9962312706284,0,"CV_done",TRUE,1866,FALSE
10,"nig_cor",134,TRUE,382,-0.164384411310138,-0.382459684286607,0.183517982413983,0.441882460834019,0.447064644854058,0.827657907142551,0,-0.269551138051159,0.551454214961483,0.31424592520322,0.0930099924748479,0.293711407173265,-0.0798940113039905,4.00379372296234,0,"CV_done",TRUE,1667,FALSE
10,"nig_cor",135,TRUE,329,-0.144730974782991,-0.435186995553877,0.197552396726247,0.491474804201618,0.552234262645415,1.03283823034384,0,-0.153228539178441,0.452817229778854,0.283039737341327,0.108075050563418,0.289058688690012,-0.139884376027584,3.7298176310101,0,"CV_done",TRUE,1212,FALSE
10,"nig_cor",136,TRUE,301,-0.160692411880372,-0.210167463329008,0.263417496508651,0.652167234464486,0.436283901883928,0.673065497665361,0,-0.0273314308102026,0.754773583571481,0.273725774480305,0.109548288409656,0.31333959230942,0.071233611977694,3.69459634963009,0,"CV_done",TRUE,1334,FALSE
10,"nig_cor",137,TRUE,295,-0.00657032443321801,-0.140158934940269,0.365743717489856,0.842912889618203,0.234701191514061,0.415800450116983,0,-0.168278674964726,1.24546914885797,0.814795242233564,0.0894040051771447,0.284078816352623,0.16140695393292,3.75400811389916,0,"CV_done",TRUE,1296,FALSE
10,"nig_cor",138,TRUE,168,0.157589098272873,-0.307834319341192,0.241279735534499,0.700351485290396,0.686582154184278,0.396031155416403,0,-0.211657453548062,0.749527270335208,1.20784404011916,0.136853674725273,0.381344197944832,0.0115163302146337,3.69424059056849,0,"CV_done",TRUE,783,FALSE
10,"nig_cor",139,TRUE,235,-0.010615701963915,-0.351585155036194,0.363290735028923,0.919686406263312,0.12032667058093,0.836293895308607,0,-0.0694416352809465,1.25427173083078,1.06562500050741,0.103419325508862,0.507226692832761,-0.0436539739715199,3.98774968666335,0,"CV_done",TRUE,863,FALSE
10,"nig_cor",140,TRUE,182,-0.0150968105922449,-0.173484325613051,0.38235774866452,1.04909010141497,0.0426096209174167,0.345972729148348,0,-0.0825966107605021,0.544693449248042,1.25075625260638,0.0875772402573941,0.43797530978323,-0.263525774019137,3.75040226427217,0,"CV_done",TRUE,1014,FALSE
10,"nig_cor",141,TRUE,264,-0.0172430971636034,-0.0150063230713161,0.289362413821068,0.793424835535058,0.0512751780552449,0.479623918300709,0,-0.181781991649955,0.472936572243662,1.44435072521205,0.110929448518363,0.307847410558722,-0.355401306194197,3.73533062033631,0,"CV_done",TRUE,1182,FALSE
10,"nig_cor",142,TRUE,343,-0.0113223801957536,-0.0987568309799804,0.506494168381791,0.537096281566597,0.0270988327557709,0.261697672118619,0,-0.0822497808076232,1.16490322617416,1.02435409104793,0.0973658318748384,0.270167758231059,-0.229248658975197,3.73759627199007,0,"CV_done",TRUE,1445,FALSE
10,"nig_cor",143,TRUE,415,-0.0117131207139086,0.0249648558410521,0.54846999311758,0.324745685944909,0.0190432186396383,0.805954671243321,0,-0.0872596232050725,1.24427362240616,0.185864648164053,0.0921019775861074,0.334171626126539,0.00600686077404526,3.72538851275488,0,"CV_done",TRUE,1559,FALSE
10,"nig_cor",144,TRUE,473,-0.0273366102048754,0.109216530386641,0.310758649405884,0.30926915361531,0.0344915247916549,0.95637652851632,0,0.203816744451514,1.24853454040125,0.150665114637278,0.0799017303497511,0.32787188566397,0.0824073101437136,3.7288201562536,0,"CV_done",TRUE,1465,FALSE
10,"nig_cor",145,TRUE,449,-0.0546517936250595,-0.0664740435570732,0.272127402812797,0.477595600827614,0.0881786873464288,0.182326019544811,0,0.125376908763947,1.43510818160698,0.266242961041227,0.0756718254938113,0.404452093724245,-0.094857068464119,2.97387075768577,0,"CV_done",TRUE,1780,TRUE
10,"nig_cor",146,TRUE,303,-0.0793161020339605,-0.132361982836931,0.240750438323138,0.78561943842231,0.108787069374999,0.195041872649403,0,-0.382748823976184,1.14300891206984,0.266495663296104,0.0817457364602202,0.459464166895328,-0.0226428795392738,3.86380123658589,0,"CV_done",TRUE,1230,FALSE
10,"nig_cor",152,TRUE,171,0.123949689517042,-0.0643039040045371,0.181435227832689,0.682412662052174,0.740426259187561,0.709673549406503,0,-0.0252118094656302,0.798777270454387,0.577159495211148,0.0647072643408601,0.323194545678111,0.11017493237435,3.69451793893068,0,"CV_done",TRUE,567,FALSE
10,"nig_cor",153,TRUE,412,-0.0384913222298505,-0.118866992118539,0.26720075249641,0.56987488272899,0.0801443601701349,0.45565179943235,0,-0.197496382573342,1.07581965990821,0.568985603158912,0.0871078406822792,0.299757504629976,0.121192774149195,3.64539080744816,0,"CV_done",TRUE,1607,FALSE
10,"nig_cor",154,TRUE,595,-0.0480646983313997,-0.0922138826817377,0.660465269482667,0.57551650211484,0.0244764567863801,0.348514532966347,0,-0.249990768000024,1.24167000429295,0.301244842662807,0.124154145126559,0.316987745711003,0.143991123300161,1.86692575759358,0,"CV_done",TRUE,1888,TRUE
10,"nig_cor",155,TRUE,118,-0.285078563599549,-0.0978449785208411,0.92592649437997,0.514159760056378,0.217150722772328,0.411103454751799,0,0.457066253634553,3.26291325667629,0.3405532110447,0.205059496839138,0.268444424990553,0.12719947729067,4.38759106132719,0,"CV_done",TRUE,1559,TRUE
10,"nig_cor",156,TRUE,863,-0.135294343712268,-0.0915595460360095,0.647128081109191,0.454532274248669,0.118540762707488,0.154192294011234,0,0.409388006506314,0.741357249072047,0.42493252703378,0.360925798075592,0.345394709280025,0.307267785228727,17.8335318360726,0,"CV_done",TRUE,1967,TRUE
10,"nig_cor",159,TRUE,199,-0.0413688546138185,-0.145639938256266,0.303377472748948,1.13295243435387,0.399047118449822,0.230862460028339,0,-0.289637388253089,0.978971881496118,1.7614241526175,0.102298992933102,0.271082382818811,-0.4445905444937,3.62686420029512,0,"CV_done",TRUE,1199,FALSE
10,"nig_cor",160,TRUE,555,-0.1038552972507,-0.083313296909924,0.221447129663335,0.683686410133706,0.168189934094228,0.0781183382488944,0,-0.123464953527801,0.37856454588441,0.957101296744408,0.0979357543159832,0.319236229905806,-0.357663884980412,3.48334703005298,0,"CV_done",TRUE,1763,FALSE
10,"nig_cor",161,TRUE,436,-0.0843377974838633,-0.177361857037808,0.230844055411037,0.397623073991399,0.186078099069013,0.340088839972675,0,0.0525220569611089,0.259441216271209,0.23538143177188,0.0836499093987663,0.326512334190117,-0.224751468757884,3.63086386552839,0,"CV_done",TRUE,1815,FALSE
10,"nig_cor",162,TRUE,314,0.0517817359757584,-0.0307787700178199,0.223219230676802,0.348805400233219,0.666037033185066,0.344228121048841,0,-0.0618063296695673,0.357147299305437,0.298866137559876,0.0962788272510173,0.206167931335264,-0.185000995630638,3.4889058461261,0,"CV_done",TRUE,1316,FALSE
10,"nig_cor",163,TRUE,295,0.231964244037789,-0.116284171417375,0.236361644323185,0.33306748634101,0.405152228938351,0.805329876693521,0,-0.327974541485635,0.36506827625858,0.30055384490276,0.114664666620816,0.154180845585097,-0.233819969568735,3.6528438546343,0,"CV_done",TRUE,1364,FALSE
10,"nig_cor",164,TRUE,315,0.0654344774075214,-0.114593067117104,0.277303635297312,0.438767812496931,0.28689267757995,0.326730316598119,0,-0.218869648911703,0.424554370678408,0.203029927959439,0.104922839766008,0.184724811628452,-0.19736239562637,12.6306601881319,0,"CV_done",TRUE,1417,TRUE
10,"nig_cor",165,TRUE,437,-0.0152224675817348,-0.101923920221319,0.264087813536083,0.598074326011737,0.260305590628879,0.267229262166847,0,-0.115812592802865,0.380258326210323,0.146322884885944,0.111026968797152,0.235190609918623,-0.190917057420165,3.68583977248658,0,"CV_done",TRUE,1499,FALSE
10,"nig_cor",166,TRUE,391,-0.0934308218411177,-0.18995900187125,0.24726751436525,0.565807074782536,0.458211404044335,0.345931386876859,0,0.116993932623366,0.348689427185621,0.181875847144537,0.120399459616954,0.246027991772966,-0.263852860807275,3.86073139969673,0,"CV_done",TRUE,1564,FALSE
10,"nig_cor",167,TRUE,331,-0.0856838124553481,-0.0909683221217542,0.248826954539663,0.66499820160331,0.180721795462206,0.309615031520597,0,0.0649408439905071,0.256407227620316,0.141292116586481,0.134258060695352,0.266584476243491,-0.232863668053677,3.63240952479067,0,"CV_done",TRUE,1678,FALSE
10,"nig_cor",168,TRUE,370,-0.142327470033105,-0.27163556732233,0.201028532067859,0.630543173015825,0.322225807142757,0.642438603904806,0,-0.104199011304365,0.318948571450812,0.215431128504082,0.111681467894161,0.29718509037914,-0.199639627963754,3.58758762346374,0,"CV_done",TRUE,1546,FALSE
10,"nig_cor",169,TRUE,262,-0.0447837546179105,-0.209083897642793,0.193423173053073,0.68718519782032,0.850191641245987,0.406840594269065,0,-0.14837446751753,0.445626752061134,0.1416030018179,0.135720032169063,0.371183891370842,-0.176533307968933,3.51815604915222,0,"CV_done",TRUE,1327,FALSE
10,"nig_cor",17,TRUE,191,0.0288390788929235,0.0114530758785001,0.131306029029074,0.737560859189951,0.0939243922631691,0.187781264733314,0,0.457460201573512,0.768418918311397,0.697549543653743,0.0390027078097314,0.296048188675088,0.62987306648658,7.654098391635,0,"CV_done",TRUE,1014,FALSE
10,"nig_cor",170,TRUE,287,-0.176266741430598,-0.249480968898728,0.227687186310827,0.714252059274002,0.608450106543103,0.877296342179436,0,-0.278579970296559,0.316501549139489,0.159797037394284,0.144818191554431,0.469996343758293,-0.178397626386292,3.65082654164345,0,"CV_done",TRUE,1333,FALSE
10,"nig_cor",171,TRUE,423,-0.20765341717538,-0.175618621958177,0.270727122894399,0.729159027499242,0.503154173721852,0.159568048360178,0,-0.338973145417251,0.437205559512984,0.215556029989929,0.160407646850621,0.435102931943509,-0.22957629788693,3.86959990518237,0,"CV_done",TRUE,1433,FALSE
10,"nig_cor",172,TRUE,414,-0.0460641856952561,-0.131939314915317,0.316414060646716,0.720629794983097,0.484907438135031,0.376044132644729,0,-0.365728276307694,0.636596976610561,0.328718905969104,0.184659405407271,0.442011523712021,-0.296215956002349,3.69215188403372,0,"CV_done",TRUE,1518,FALSE
10,"nig_cor",173,TRUE,391,-0.138458011400988,-0.351902834962181,0.365907628225088,0.708453032173048,0.374923079924553,0.229519210874041,0,-0.562871067284903,0.560928153519183,0.444810536763479,0.234535268494805,0.598370968037815,-0.40703551893916,3.65631490641722,0,"CV_done",TRUE,1262,FALSE
10,"nig_cor",175,TRUE,141,-0.0129355662007416,-0.187111346430365,1.2628222402929,1.8427955492104,0.239330075705923,1.09708350874715,0,-0.842782493843363,1.1905563886015,1.1089695848471,0.266113031328756,0.320401795335996,-0.431195352496885,1.087113164862,0,"CV_done",TRUE,203,FALSE
10,"nig_cor",177,TRUE,202,-0.325524103651021,-0.244787033222803,0.465416928278442,0.296306603755536,0.664560898564352,1.10407959925703,0,-0.293727264173418,1.15116234640314,0.483918478784174,0.17190137568387,0.210599074435514,-0.0325411356922802,3.97658795847385,0,"CV_done",TRUE,694,FALSE
10,"nig_cor",178,TRUE,278,-0.0726522878335856,-0.0977669158581103,0.439190576439148,0.345552447640645,0.169413504572718,0.751756154366451,0,-0.0993604397377845,1.29437512864698,0.732918574497535,0.147769452591043,0.180872279144407,-0.0657782186583781,3.63578293652722,0,"CV_done",TRUE,1041,FALSE
10,"nig_cor",179,TRUE,284,-0.2260688343978,-0.207375342891892,0.272466711185969,0.362659209398491,0.409292059166637,0.758345666974632,0,-0.539602995806281,0.88363348437133,0.200594007077556,0.115734672277724,0.313256880670611,-0.129419913760271,3.64456427113325,0,"CV_done",TRUE,1358,FALSE
10,"nig_cor",18,TRUE,976,0.0117088401277151,0.20544927454248,0.135177275090922,0.794167989559076,0.0312185279304781,0.769726922988963,0,0.582167857314989,0.683816625158455,1.0207532109926,0.0413841160759019,0.295691472526709,0.512102343193362,7.61028693792445,0,"CV_done",TRUE,1466,FALSE
10,"nig_cor",180,TRUE,627,-0.257298245908754,-0.0653341159654005,0.260029980680904,0.51699297066518,0.382352354792481,0.0601424809096956,0,-0.272049553278724,0.538326978909067,0.199482297668583,0.138404506145365,0.437238338793562,-0.307966095046576,3.35339703232878,0,"CV_done",TRUE,1766,FALSE
10,"nig_cor",181,TRUE,204,-0.312235127926616,-0.164072586747556,0.251854521734647,0.573711925116033,0.455086604705828,0.191472255555916,0,-0.199582970163388,0.632910770042697,0.549763060795015,0.172165476654508,0.407145524071491,-0.334022136971441,3.90796844299469,0,"CV_done",TRUE,1159,FALSE
10,"nig_cor",187,TRUE,128,0.14775469113995,-1.39287011351896,0.151705257339427,0.338763247958944,1.8585201230605,0.778171355266258,0,0.00560581583471768,0.45883177416878,0.391629844774902,0.0964640565638038,0.375076658123396,0.182884221446516,3.87987563157799,0,"CV_done",TRUE,483,FALSE
10,"nig_cor",188,TRUE,260,-0.11153260221725,-0.326515614677026,0.245193218981815,0.516446055233407,0.219675944642444,0.510497483772949,0,-0.10762309538514,0.655317208734199,0.331333903405389,0.088950673362332,0.355277060467704,0.131504655934733,3.89658867337913,0,"CV_done",TRUE,981,FALSE
10,"nig_cor",189,TRUE,346,-0.150000956514671,-0.548942210063462,0.329683197331328,0.372367003854366,0.150251439658246,0.397327698563717,0,0.0981912441020048,0.545869999564045,0.432744021515151,0.180017309410717,0.287950086907034,0.0807619754235948,3.88117525608727,0,"CV_done",TRUE,1280,FALSE
10,"nig_cor",190,TRUE,452,-0.201514355344971,-0.371919145472585,0.437287153753733,0.376569087655745,0.175068727160364,0.29018772255206,0,0.216027982813074,0.475351033193779,0.31190184128058,0.250127148379798,0.218976389493657,0.077831041782671,3.98020146383731,0,"CV_done",TRUE,1632,FALSE
10,"nig_cor",191,TRUE,616,-0.111716014632151,-0.165208565348232,0.437120016319352,0.419891740987466,0.255964047511237,0.207252343066055,0,-0.259787310714504,0.403414664171698,0.669267312751906,0.238909256694035,0.220695700992951,0.064331397222582,9.5721743314796,0,"CV_done",TRUE,1934,TRUE
10,"nig_cor",192,TRUE,351,-0.0226099615964681,-0.0713604054417585,0.323479622634215,0.333219464481055,0.491889904580545,0.986956257063698,0,0.122140134363632,0.438842636294454,0.25404066413441,0.281260386948783,0.22223184395646,0.0236522811643969,3.89367786159394,0,"CV_done",TRUE,1284,FALSE
10,"nig_cor",196,TRUE,182,-0.186394883541533,-0.346795398093697,0.260634678085241,0.413160738566866,0.489618125163008,0.551231627278209,0,-0.0619642364979533,0.660047364581183,0.571736996392486,0.075966828698594,0.198073345012436,-0.0667268847839293,4.19397778437093,0,"CV_done",TRUE,854,FALSE
10,"nig_cor",197,TRUE,273,-0.151333588046818,-0.533058336541093,0.273253504612688,0.319714422505363,0.418883806346454,0.792485162420787,0,-0.00180077637820331,0.46329920383073,0.44415488125246,0.10626299175653,0.198424011753864,-0.178828521658073,3.87572130710438,0,"CV_done",TRUE,952,FALSE
10,"nig_cor",198,TRUE,400,-0.0191039288931028,-0.173457362758278,0.315202846514109,0.338228233017721,0.623214008554269,0.567311931701463,0,-0.266742895395111,0.271166795310675,0.223601260234919,0.157523635239287,0.216879488663223,-0.096147977335601,4.27649663487242,0,"CV_done",TRUE,1311,FALSE
10,"nig_cor",199,TRUE,434,-0.0304996846900538,-0.14074824924432,0.326562110451467,0.402199476627543,0.393440208579908,0.215284063062922,0,-0.402599046484583,0.283284940423742,0.189290928047501,0.156050375895992,0.219860679729572,-0.105774852211393,3.88411457397596,0,"CV_done",TRUE,1660,FALSE
10,"nig_cor",200,TRUE,474,-0.156702406657112,-0.296380322898182,0.291002674471532,0.406084395754559,0.30716669001416,0.206202433057094,0,0.00305312119445389,0.414647083467189,0.388373842028809,0.139028222428078,0.20842921612079,-0.0936408499007231,3.96886079923422,0,"CV_done",TRUE,1719,FALSE
10,"nig_cor",201,TRUE,442,-0.177181587869153,-0.279212267233803,0.232561876393595,0.476101769691538,0.131169877278444,0.229733791490208,0,0.00285673739396385,0.43600559014193,0.357009381757405,0.12393987364575,0.242215443273127,-0.00011717608191808,3.88577385713381,0,"CV_done",TRUE,1664,FALSE
10,"nig_cor",202,TRUE,407,-0.358678431601472,-0.355258506537969,0.173236013467953,0.570211627688064,0.279489905289024,0.608041839925876,0,-0.0540152869959218,0.531422014708671,0.186312724727835,0.125760649572796,0.321663931109229,0.0492886522261908,3.8930599134305,0,"CV_done",TRUE,1609,FALSE
10,"nig_cor",203,TRUE,459,-0.240730574327543,-0.306767969092733,0.210567736525111,0.637344390554783,0.109446518707228,0.466497209336305,0,-0.0286085158790328,1.02795897398544,0.203167659932336,0.0889960880094955,0.325593446839766,0.0668694286015889,3.87603733457625,0,"CV_done",TRUE,1521,FALSE
10,"nig_cor",204,TRUE,422,-0.473035921391491,-0.310701779999921,0.139954385630018,0.608617312238969,1.36049881591409,0.363697147113689,0,-0.0103302155220241,0.304984307703551,0.191850432281041,0.105560872674313,0.418556553468659,0.155013832856462,3.9890783684342,0,"CV_done",TRUE,1560,FALSE
10,"nig_cor",205,TRUE,492,-0.332150368797507,-0.299512199020045,0.134544564927722,0.601136767078139,0.779962046258022,1.67632883004168,0,0.0374154338825344,0.435241146861848,0.172318954127919,0.13703319820122,0.464461998954608,0.12214536187694,3.909085267211,0,"CV_done",TRUE,1676,FALSE
10,"nig_cor",206,TRUE,415,-0.154941434229089,-0.524467674119504,0.130018927006288,0.58425505768852,0.830896732102123,0.557773381463129,0,-0.0999241602664708,0.405608062140881,0.181740638886656,0.160947397956608,0.461475255512527,0.0233287937359226,3.89112593366316,0,"CV_done",TRUE,1663,FALSE
10,"nig_cor",207,TRUE,482,-0.033057226171647,-0.0866291170553821,0.243326380517902,0.744244052831684,0.129586465441738,0.126158802692964,0,0.00989935374895732,0.802307066645925,0.260190033227998,0.157397488823423,0.471133135229629,-0.120524979852054,3.91736780906993,0,"CV_done",TRUE,1728,FALSE
10,"nig_cor",208,TRUE,551,-0.0986075843831558,-0.0294916320350233,0.274820630630929,0.95658600692454,0.235937993892467,0.0724358363219215,0,0.0156598090473629,0.872820314962888,0.571393639080728,0.209777606617873,0.443154862598404,-0.351024271997783,3.90138575670068,0,"CV_done",TRUE,1890,FALSE
10,"nig_cor",209,TRUE,462,-0.0864619653330547,-0.117732108670781,0.399021626004609,1.02414802054561,0.111013566256717,0.11098014478512,0,0.0786741768661532,1.13938111831684,0.628913180477995,0.23734340669953,0.700067475391765,-0.465750873551928,3.90927259365442,0,"CV_done",TRUE,1642,FALSE
10,"nig_cor",210,TRUE,259,-0.0652196220068873,-0.18863229693212,0.716017593547786,1.52605822861692,0.0608458478547506,0.168367440597682,0,-0.139874508843393,1.15847004570925,1.49256733566596,0.319061877147927,0.754932323124671,-0.405033857819493,3.86944365457528,0,"CV_done",TRUE,979,FALSE
10,"nig_cor",214,TRUE,100,0.0258594752070447,-0.470514457337297,0.279056943400829,0.304452725069413,0.718804829774077,1.11212452383442,0,0.075033844780958,0.348442073839723,0.374875589341738,0.155994017353297,0.180960701859981,0.0206867580618046,3.87852260172919,0,"CV_done",TRUE,473,FALSE
10,"nig_cor",215,TRUE,254,-0.331313624615629,-0.619602223386507,0.204644034515724,0.264451146123628,0.933835628446383,1.48523356928258,0,-0.205516657876614,0.534054960351096,0.398345351185247,0.117517910372607,0.226950319362898,-0.213765396830015,4.10591964352186,0,"CV_done",TRUE,1046,FALSE
10,"nig_cor",216,TRUE,431,-0.17408791933471,-0.159612297362792,0.228793707985055,0.33677011504428,0.257996130245251,1.08444671663933,0,-0.210310964350959,0.366791931989806,0.262388368701328,0.142253831661109,0.288210604643318,-0.38091885687926,3.98118432411441,0,"CV_done",TRUE,1559,FALSE
10,"nig_cor",217,TRUE,400,-0.273731332859542,-0.216316073506991,0.208887053485861,0.426769190340799,0.276549752558922,1.47458668677744,0,-0.437572186550669,0.998276882413958,0.180508977578336,0.146511082623715,0.338949982098995,-0.41285346265023,3.89934902049877,0,"CV_done",TRUE,1409,FALSE
10,"nig_cor",218,TRUE,312,-0.165092987290492,-0.0694211155315292,0.267898627771954,0.464967993230566,0.206407371462816,1.27946352726985,0,-0.25408157555382,0.508084567489772,0.140961787414038,0.193069269056299,0.376407396417087,-0.348505772453689,3.880748237388,0,"CV_done",TRUE,1031,FALSE
10,"nig_cor",219,TRUE,226,-0.173066226148264,-0.551777404910367,0.617572919302273,0.469125359498054,0.129500978299247,0.57938181260964,0,-0.569326253666669,1.68515395775552,0.368935653336542,0.278626191472758,0.457302317135162,-0.282335162970996,3.87986256404883,0,"CV_done",TRUE,630,FALSE
10,"nig_cor",223,TRUE,173,-0.344858238096718,-1.29223492549923,0.143838282670006,0.357710833920445,0.652513634723141,0.851424442231369,0,-0.0770592653009075,0.531254570668584,0.583608985393046,0.103550052213538,0.387731200846373,0.194363463697844,3.60159069767981,0,"CV_done",TRUE,616,FALSE
10,"nig_cor",224,TRUE,276,-0.407614958379195,-0.408847363457717,0.167769401386195,0.517045249624747,0.610141094068638,0.316041383377243,0,-0.0600838183514999,0.524781205905271,0.646405839459416,0.0984561354495574,0.339224336945003,0.111664283452907,3.68715919972294,0,"CV_done",TRUE,1021,FALSE
10,"nig_cor",225,TRUE,373,-0.217006753925693,-0.422502745934378,0.278447125852989,0.457277152875868,0.489011256174506,0.417140559702511,0,-0.0643369105111772,0.705348591649756,0.530525397025881,0.108853038588584,0.285959799391067,-0.0131245522345366,3.89781197523629,0,"CV_done",TRUE,1245,FALSE
10,"nig_cor",226,TRUE,385,-0.073429665179694,-0.114895953117897,0.346556882985834,0.548413710853408,0.275838823842116,0.21266024245511,0,-0.170391473324037,0.71989813917395,0.62352946532603,0.119421704875107,0.296028040162263,-0.0695332025144552,3.86278926170259,0,"CV_done",TRUE,1627,FALSE
10,"nig_cor",227,TRUE,409,-0.161427072802235,-0.0317283709821414,0.298652119970826,0.557824475727161,0.653516607605869,0.180838823886469,0,-0.154516170518735,0.463813277773616,0.761711410307851,0.145778253899889,0.243716708467269,-0.117442925597194,3.48541463287616,0,"CV_done",TRUE,1579,FALSE
10,"nig_cor",228,TRUE,339,-0.0769666221212333,-0.0270919466067872,0.288617051168039,0.537774885593551,0.386639877259513,0.71282398521949,0,-0.538367345280194,0.820487030880159,0.30927455361074,0.171832500159411,0.331758319609041,-0.147810242826376,3.61554794419419,0,"CV_done",TRUE,1195,FALSE
10,"nig_cor",229,TRUE,293,-0.115827309655939,-0.16163175173764,0.24690252811566,0.515626368715708,0.538486581055675,0.861222822428985,0,-0.219325992403619,0.55950900403591,0.399540208297461,0.158298659440515,0.357208677084106,-0.151432449413375,3.63971848365885,0,"CV_done",TRUE,935,FALSE
10,"nig_cor",230,TRUE,120,-0.232193080672497,0.531771604119806,0.206965746150615,0.538650763172254,0.556979732558416,0.642873964295683,0,0.0279509554115536,0.656162944011954,0.762514035385962,0.129530378922161,0.491490000009071,-0.0816369076113317,3.63321480578294,0,"CV_done",TRUE,413,FALSE
10,"nig_cor",233,TRUE,223,-0.0875998454989692,0.0233791767472361,0.266601135081906,0.299790260027794,0.304516252173947,0.469941604402518,0,-0.10169325759125,0.39420220276035,0.387588731651965,0.14127540450549,0.362253448002029,-0.276336007688558,3.91363840290518,0,"CV_done",TRUE,990,FALSE
10,"nig_cor",234,TRUE,491,-0.0842821226925,-0.0352800935954066,0.276719551131796,0.285082506444723,0.640372705208296,0.210066280585419,0,-0.0610771539603115,0.28706633949952,0.243765994150218,0.146821832920517,0.354771065975812,-0.213922113066997,3.74752252152948,0,"CV_done",TRUE,1717,FALSE
10,"nig_cor",235,TRUE,475,-0.208603624670283,-0.250276055249264,0.291015651606696,0.29910751037219,0.463462335540926,0.252563361845961,0,-0.0209120278859688,0.28115003920273,0.213120415432016,0.152536956004097,0.350759557431726,-0.15603717286189,3.74169924829293,0,"CV_done",TRUE,1796,FALSE
10,"nig_cor",236,TRUE,315,-0.261835966608933,-0.131854895656043,0.277738486702332,0.621710149141274,0.428504128448619,0.271230065676909,0,-0.136923981108595,0.268183646710865,0.0940571160421257,0.119978339386864,0.357108963370427,-0.0738479975020028,3.50301383314309,0,"CV_done",TRUE,1662,FALSE
10,"nig_cor",237,TRUE,413,-0.168232622780191,-0.194331857000386,0.238387031586737,0.665363715445986,0.180251189674968,0.434412000907179,0,-0.145807263850517,0.275590165356271,0.0977564049605444,0.105422382650812,0.334739972666204,0.0338440837934409,3.59898000831957,0,"CV_done",TRUE,1557,FALSE
10,"nig_cor",238,TRUE,436,-0.170025425309578,-0.201998196678326,0.201843581077481,0.640505276291022,0.170264077314046,0.294599287743301,0,-0.136640727306665,0.243180183049527,0.110694024311692,0.0926722827899094,0.297957481512742,0.219186498584138,3.5012609237598,0,"CV_done",TRUE,1617,FALSE
10,"nig_cor",239,TRUE,320,-0.194319876984622,-0.15270043723601,0.158576273174119,0.691789687803602,0.250631541136462,0.386352746013158,0,0.142923385762069,0.288283296954438,0.109468536343594,0.0894896475234364,0.311678604100464,0.406493395244188,3.64362417652099,0,"CV_done",TRUE,1648,FALSE
10,"nig_cor",240,TRUE,434,-0.375175629557386,-0.0742090374892719,0.118251766499117,0.777814020845499,0.780857037420975,0.243612104849504,0,0.018444162590395,0.351624632729182,0.0859585890631406,0.0963573926933449,0.328932626076529,0.436419359339244,3.64675953523152,0,"CV_done",TRUE,1553,FALSE
10,"nig_cor",241,TRUE,437,0.128554309771499,-0.267523321648741,0.132094188549839,0.68715211815979,1.36689629828532,0.824619678800967,0,0.0233242199868382,0.372165903650102,0.100430965947054,0.11459628905847,0.318229118575687,0.37510552951507,3.63833979127308,0,"CV_done",TRUE,1541,FALSE
10,"nig_cor",242,TRUE,298,-0.108514713078068,-0.038152340260612,0.135827368902888,0.924963988153155,0.442971048034777,0.0914280941416955,0,-0.265404497129909,0.528211942252159,0.112284584541839,0.100867230048567,0.356554995746714,0.253534559972051,3.64164747912023,0,"CV_done",TRUE,1483,FALSE
10,"nig_cor",243,TRUE,322,-0.167221211175117,-0.220740352914553,0.136826310823619,0.685685696553667,0.257494652252295,0.305252937243724,0,-0.143452555936295,0.254794023862782,0.122284426435895,0.113748672112412,0.505285077198148,-0.0729703394561996,3.62546376940553,0,"CV_done",TRUE,1535,FALSE
10,"nig_cor",244,TRUE,394,-0.0654690176156149,-0.127302147561345,0.195723983432674,0.792558641002113,0.0982229905031004,0.182887490928671,0,-0.340660896814927,0.454061432797744,0.243849418465691,0.114300153019532,0.589126197035154,-0.16276810159111,3.88241985814991,0,"CV_done",TRUE,1595,FALSE
10,"nig_cor",245,TRUE,395,-0.0358038390339801,-0.255285375462404,0.286116224959212,0.903179016594495,0.070665358394592,0.281186347085072,0,0.163630588846795,1.32756625261507,0.267328792622474,0.0911624953720909,0.681463232241449,-0.0529058030559295,3.62107473160382,0,"CV_done",TRUE,1476,FALSE
10,"nig_cor",246,TRUE,195,-0.0348968929958057,-0.379698792160879,0.342888113883463,0.974273681225465,0.031180559572816,0.462928555182702,0,0.184274546885022,1.37592218585646,0.840297781300027,0.0651371065321705,0.822331921585115,0.221456564235464,3.65454734518572,0,"CV_done",TRUE,795,FALSE
10,"nig_cor",250,TRUE,139,-0.34603428233974,-0.06116210862046,0.137454502533881,0.315977805260698,0.773551507963158,1.139509134222,0,-0.479248353566013,1.1249826212828,0.173352273291123,0.0554189518989455,0.265509728927855,-0.000550657042581393,3.4885509608272,0,"CV_done",TRUE,718,FALSE
10,"nig_cor",251,TRUE,392,-0.171564011897509,0.0046137761614681,0.206153720410236,0.417586913956754,0.229053490180773,1.52651919409705,0,-0.522738045033764,2.35874443008931,0.132035424713054,0.0534136525257395,0.29620885035819,-0.0198175231474855,4.25576038178746,0,"CV_done",TRUE,1316,FALSE
10,"nig_cor",252,TRUE,289,-0.153960720647966,-0.0376242277803738,0.245297118537051,0.43852371605278,0.205056163143053,0.509028387206683,0,0.27125780926512,2.49353908398716,0.121936064499393,0.0461174373401639,0.325454409869704,-0.135712162815518,3.62231509816591,0,"CV_done",TRUE,1338,FALSE
10,"nig_cor",253,TRUE,331,-0.0437971851969697,0.0227689140174401,0.442753173474373,0.360510703629215,0.0845262158690294,0.446924161545823,0,-0.170045693563489,2.60171556214689,0.0630509103232716,0.0449957625395919,0.538247397664692,0.0105574724463284,3.71135145605438,0,"CV_done",TRUE,1287,FALSE
10,"nig_cor",254,TRUE,322,-0.0173716786323056,-0.108774441356351,0.50264707574904,0.697685373063619,0.0194406779879832,1.16123012299025,0,-0.356732308203334,0.878150613399816,0.15659962538535,0.137768667838051,0.50367595843146,-0.0595477165301772,3.60846219916035,0,"CV_done",TRUE,1033,FALSE
10,"nig_cor",255,TRUE,104,-0.173842592608776,-0.864097386491424,0.657783821490812,0.534134268825554,0.267575133581033,0.78730870089287,0,-0.12831549233505,3.52937793669821,0.763872807474531,0.167445392543858,0.542359876999912,-0.174945082530952,3.34643354170852,0,"CV_done",TRUE,406,FALSE
10,"nig_cor",257,TRUE,125,-0.403389386606684,-0.814468476858433,0.204238187860832,0.839778113164373,0.6150283257217,2.73040324816993,0,-0.102147044093062,2.07241565240411,2.55982800635875,0.0504593977445561,0.358893999636461,-0.00683027894463095,3.71229886537349,0,"CV_done",TRUE,387,FALSE
10,"nig_cor",258,TRUE,174,-0.196932999686737,-0.0105553800301692,0.167792749696236,0.632656607472983,0.293464114073892,0.818810625981046,0,-0.0863195948025358,0.877530905557516,0.423816816366915,0.0790691795412353,0.501182840653915,0.00760323715257261,3.83167252434625,0,"CV_done",TRUE,944,FALSE
10,"nig_cor",259,TRUE,317,-0.170582629413068,-0.135668601248338,0.146286315088628,0.695857739742325,0.459905564179209,0.383904122800721,0,-0.313073971462072,0.409468284084032,0.258935163843427,0.0983265113469033,0.46394660857148,-0.0272991966010621,3.95375274417853,0,"CV_done",TRUE,1235,FALSE
10,"nig_cor",26,TRUE,263,-0.101073582854072,-0.127021733403349,0.139333999312332,0.527557779273708,0.15842240883997,0.446015606293849,0,-0.27490972921858,1.05286120313816,0.472852600634485,0.0421016208219365,0.25713180047622,-0.0851230863156979,5.63063938880408,0,"CV_done",TRUE,668,FALSE
10,"nig_cor",260,TRUE,320,-0.080014927709917,-0.0987637607455392,0.191633725140531,0.760779210046376,0.463369664770585,0.238590396773317,0,-0.387765745387659,0.649347999914121,0.25640147807259,0.0982884242987568,0.382441744706383,-0.17972552969319,3.7233629335739,0,"CV_done",TRUE,1289,FALSE
10,"nig_cor",261,TRUE,327,-0.0973616113913133,-0.170829139777317,0.205850468142729,0.632137780514687,0.562120942614403,0.370594487071459,0,-0.240786213604895,0.500735045503291,0.578936834467773,0.0953553495933647,0.351193453906767,-0.316745946495571,3.75209458279389,0,"CV_done",TRUE,1282,FALSE
10,"nig_cor",262,TRUE,319,-0.140106226027782,-0.0411762994960305,0.220456323927158,0.712371672965436,0.72233894201351,0.692740165531085,0,-0.553780016406761,1.02650916103494,0.648597493413423,0.0916447341447757,0.31320846999701,-0.287355515124376,3.72064030812846,0,"CV_done",TRUE,1246,FALSE
10,"nig_cor",263,TRUE,393,-0.260596164780388,-0.0321029621965614,0.194255253206661,0.635163266762363,0.861675910824508,0.256410662547476,0,-0.355235541990969,0.634757584204167,0.53859434227128,0.109707914001297,0.411774660425311,-0.388639853678264,3.74265885272512,0,"CV_done",TRUE,1449,FALSE
10,"nig_cor",264,TRUE,339,-0.0702516482570275,-1.84961117114806,0.254245001207442,0.118952687530537,0.0533527301420409,0.271788710209838,0,0.0558725115591012,0.907314865334967,0.187918329107797,0.0968119842671851,0.607857466131856,-0.375775304113913,3.72193886844924,0,"CV_done",TRUE,1036,FALSE
10,"nig_cor",268,TRUE,358,-0.125113297071827,-0.0579803265424061,0.163616330436552,0.265794482352026,0.472986788724898,0.914130365719877,0,-0.191035179498284,0.289547465547866,0.213931351053517,0.135331252472376,0.515515447349082,-0.376021596836527,3.74982516779116,0,"CV_done",TRUE,1235,FALSE
10,"nig_cor",269,TRUE,366,0.0230521526060145,-0.185230204238643,0.193060041676552,0.386903285620767,1.20882223759854,0.398428109658736,0,-0.139107724531668,0.26591268089495,0.329061218762219,0.129356405453967,0.415646156888663,-0.310741477566949,3.7322805853602,0,"CV_done",TRUE,1547,FALSE
10,"nig_cor",270,TRUE,422,-0.125051644025207,0.061553640446176,0.252119433398072,0.240262546659775,1.62631556934366,1.43805757666995,0,-0.255044305951176,0.266538083889634,0.176940578941803,0.106210478577475,0.599381255880627,-0.310205443123196,3.75720309069863,0,"CV_done",TRUE,1467,FALSE
10,"nig_cor",271,TRUE,398,-0.143804225858903,-0.000436580244241921,0.229178344885103,0.584362439534052,0.479015734287268,0.282004601369492,0,-0.173144125721108,0.372687604558248,0.420314345470996,0.105666009249962,0.410438015960923,-0.199376732162759,3.31162813177815,0,"CV_done",TRUE,1323,FALSE
10,"nig_cor",272,TRUE,395,-0.228774434498476,-0.0161424895958974,0.203388146576553,0.651672093905811,0.409880303029423,0.132680416097189,0,0.00353781709112449,0.570924241353609,0.461407160632953,0.0883568589103343,0.363974130294311,-0.0851957562725912,3.74795388111086,0,"CV_done",TRUE,1302,FALSE
10,"nig_cor",273,TRUE,301,-0.176615655415941,-0.0505533207906641,0.194224897452866,0.709517894025569,0.248059223795937,0.115186894765153,0,0.0504407343500504,0.747397780157581,0.592617520313491,0.0833994915868409,0.27383133478205,0.091891401954483,3.74261087604419,0,"CV_done",TRUE,1188,FALSE
10,"nig_cor",274,TRUE,264,-0.131765524850631,-0.0593733776749315,0.176133511953942,0.653993969918511,0.514054481756917,0.146613335591099,0,0.0121381675199621,0.838434930827079,0.627538396898126,0.0783638237054842,0.295631760067156,0.112987884422423,3.73449731650728,0,"CV_done",TRUE,1052,FALSE
10,"nig_cor",275,TRUE,230,-0.281669620584689,-0.0080980751127651,0.185971329985595,0.62685904035446,0.900304981017531,0.963441313566252,0,0.478101850261908,1.2999736503856,0.177803480715183,0.0767265889761729,0.390929280699495,0.163191027057206,3.80932102259662,0,"CV_done",TRUE,1057,FALSE
10,"nig_cor",276,TRUE,254,-0.490037897449581,-0.0922167956031394,0.156302288615111,0.562806106787902,0.954668183132852,1.39675383207228,0,0.422129448409115,0.564147633025283,0.188707033418493,0.071222878029432,0.344455164096276,0.155701060667876,3.73087726516028,0,"CV_done",TRUE,1014,FALSE
10,"nig_cor",277,TRUE,372,-0.555097897158733,-0.0275342579911224,0.120510984984035,0.527497540145172,0.887549823611113,0.992309102377347,0,0.393929119559498,0.677623377254096,0.194811270899901,0.066216153293224,0.416864986565153,0.245929641823916,3.72379595276934,0,"CV_done",TRUE,1160,FALSE
10,"nig_cor",278,TRUE,354,-0.214025699039329,0.567949978356139,0.132308214326894,0.260146829422637,0.802991220522655,0.931246214122879,0,0.995818095392239,0.523388886454262,0.173796302041516,0.0487461174929133,0.624743421587783,0.343627399083596,3.74283686328541,0,"CV_done",TRUE,1447,FALSE
10,"nig_cor",279,TRUE,399,-0.08769265501098,-0.0596356808166344,0.126976061527781,0.730866705197834,0.534548698177604,0.418742063669121,0,0.277085182651577,0.688992593412525,0.25998037177158,0.053885150731269,0.601302484921852,0.372466723482864,3.58175367938976,0,"CV_done",TRUE,1331,FALSE
10,"nig_cor",28,TRUE,161,-0.174664006540553,0.16338342735364,0.148836690456273,0.769202711543409,0.350486473486817,1.26875464329034,0,-0.483198494026559,0.567873888090851,0.705546382724591,0.0433144661039156,0.198604608218407,-0.246351146652654,4.20789102329148,0,"CV_done",TRUE,751,TRUE
10,"nig_cor",280,TRUE,153,-0.252834319383968,-0.172844054371728,0.144902828254222,1.42545149484956,1.00518026317396,0.6448775748035,0,0.505825368899605,1.01193790254487,1.73816938358054,0.0675900030960101,0.541803905626588,0.390103596858263,3.72208194747843,0,"CV_done",TRUE,603,FALSE
10,"nig_cor",283,TRUE,151,-0.0851727625124997,-0.0170227362034746,0.259788431628475,0.572005344599696,0.382909791463639,0.732509950317014,0,0.570125953311588,1.36154918399286,0.260625166783543,0.0907353166734343,0.452332048657843,0.225813294850269,3.59088505203525,0,"CV_done",TRUE,704,FALSE
10,"nig_cor",284,TRUE,411,-0.141436816998362,-0.0857163983686264,0.178492847999205,0.711063725433741,0.464260573409183,0.722502317302765,0,0.356803170437613,1.21739019278197,0.164968896713785,0.0704282995045274,0.532125202048489,0.275689362716249,1.82000509632958,0,"CV_done",TRUE,1436,TRUE
10,"nig_cor",285,TRUE,282,-0.0413830369319019,0.141758567252295,0.15366867960097,1.37791955699714,0.199744328255415,0.728479920619364,0,0.366296288997391,0.918487425650615,3.00081134072374,0.0565526345660256,0.299787542728825,0.195026119384721,3.61344494190757,0,"CV_done",TRUE,1342,FALSE
10,"nig_cor",286,TRUE,302,0.192585843493909,0.515556543106829,0.109132699170666,1.33298729206569,1.22408739512747,2.25351270937773,0,0.19104533157966,0.757398747158043,3.72682663510624,0.0559782370571238,0.313471885569633,0.278545553799321,4.03817982747599,0,"CV_done",TRUE,1180,FALSE
10,"nig_cor",287,TRUE,437,0.0253801648370201,0.0408150835266625,0.138522173049501,0.479948599310169,1.21006106749734,1.12104103943038,0,0.423697358651656,1.22433144554593,0.140211654970145,0.065314639443082,0.508418554385005,0.230766495188732,3.70897101885743,0,"CV_done",TRUE,1370,FALSE
10,"nig_cor",290,TRUE,320,-0.100863890050115,-0.0305154761850068,0.130505267177584,1.69794969351511,0.106691293659299,0.629857852315605,0,0.0693164306167799,1.25531472142474,1.91850500373792,0.0531260609796546,0.261402021423145,0.0121474897779319,4.10143094507356,0,"CV_done",TRUE,910,FALSE
10,"nig_cor",291,TRUE,272,-0.0321243134598484,0.0596005354727752,0.242968392183365,1.32024530195079,0.0372411434359496,1.53568984832227,0,0.159684057569144,1.74531639193751,2.58531680683804,0.0596164689372168,0.298943976660712,-0.0758112869121214,3.76758540772729,0,"CV_done",TRUE,1124,FALSE
10,"nig_cor",292,TRUE,309,-0.069159255582244,-0.0490238585897278,0.159433668819436,0.907783157245377,0.0787307084056378,0.506536370977245,0,-0.285469888642913,0.989675324575017,0.302571525472748,0.0676714017860375,0.611353650747491,-0.04348806671066,3.82368093896795,0,"CV_done",TRUE,1164,FALSE
10,"nig_cor",293,TRUE,281,-0.190759167690096,-0.12872909264787,0.15778451152458,0.795829824349522,0.51813847373129,0.915643591984433,0,-0.0347719410536407,1.40720433897732,0.379995775337843,0.0600301201871808,0.533475049809884,-0.00179308432421184,3.79057778038912,0,"CV_done",TRUE,1165,FALSE
10,"nig_cor",294,TRUE,332,-0.20549504659189,0.0229502414663426,0.183123410161619,0.852081486608805,0.648284280500289,1.04520626486002,0,-0.0685469371469434,1.44918117530988,0.249209553064576,0.0775164433771187,0.581900676961749,0.0426922476878927,3.84506761478605,0,"CV_done",TRUE,1225,FALSE
10,"nig_cor",295,TRUE,380,-0.032708065282387,0.00436716961133675,0.278099382059676,0.894567934931415,0.214773503909536,0.853842726320439,0,0.0403665414593208,1.43478484515051,1.24952822848512,0.0561561166754858,0.320376433192581,-0.0796756212606053,4.06867116545362,0,"CV_done",TRUE,1558,FALSE
10,"nig_cor",296,TRUE,390,-0.0464587322852037,0.26541295794674,0.275532095208902,1.00646529201176,0.175600246966684,0.845880875062501,0,0.407879594910617,1.09172339092711,1.51708808771367,0.0586378221263907,0.382137947094535,0.0155540937504487,4.07292609482728,0,"CV_done",TRUE,1575,FALSE
10,"nig_cor",300,TRUE,249,-0.322732394625446,-0.0718299520939753,0.092759896142596,1.38032051308062,0.679025731233585,0.587422641752161,0,0.12076914358032,0.147419671178149,2.53379320091328,0.100677454878603,0.413948434531939,-0.0561867915937791,3.83332089256081,0,"CV_done",TRUE,848,FALSE
10,"nig_cor",301,TRUE,296,-0.0750735505670805,-0.0364789307051619,0.178311910471028,1.08367133458031,0.174277752175254,0.232669082660142,0,-0.159691978239014,1.1555698302431,1.37640607283664,0.0600813103866529,0.43230477117219,0.0217949629571134,3.84220386544587,0,"CV_done",TRUE,1269,FALSE
10,"nig_cor",302,TRUE,301,-0.245038821279353,-0.0556012047381825,0.171878971051593,0.809531662875705,0.587514308052626,0.772315076458874,0,-0.386818693892009,0.760266738407854,0.689507919650521,0.063274568455348,0.542311958138932,-0.0640518380403553,3.79490960828132,0,"CV_done",TRUE,1089,FALSE
10,"nig_cor",303,TRUE,260,-0.170587191328509,-0.0150529650362073,0.1678657959194,0.934199746525662,0.700073442478255,0.219191446253661,0,-0.150972055548944,0.454142221386177,1.03882282756593,0.077874392356513,0.534454300618562,-0.0494800297325368,3.76389904581286,0,"CV_done",TRUE,1192,FALSE
10,"nig_cor",304,TRUE,329,-0.0805002782797632,0.0827726113159549,0.178660628613702,0.763418213481356,0.561511298937447,0.530730936195702,0,0.0176243714777707,0.731853279411347,0.501631188599055,0.0707846234019771,0.542802694365542,-0.0151016478237116,3.79590962011229,0,"CV_done",TRUE,1105,FALSE
10,"nig_cor",305,TRUE,174,-0.206683790978907,0.150471402316264,0.173778267169508,0.723656378566065,0.810111323262097,1.18585440634003,0,0.373135157682131,1.18961584245102,0.338055161826313,0.0759362828873037,0.603643258814808,0.159406880121466,3.80466084352246,0,"CV_done",TRUE,958,FALSE
10,"nig_cor",306,TRUE,189,-0.190050374141839,0.0813912579711324,0.191036543880935,0.878443052743402,1.44757498936181,1.33895794895343,0,0.418176450125111,0.880797090405337,0.498013752510514,0.0822463634930605,0.501404623935797,0.173072613933727,3.78556044567238,0,"CV_done",TRUE,856,FALSE
10,"nig_cor",307,TRUE,240,-0.105185965289509,0.0380443453786904,0.202362283864264,0.973086228157423,1.79965655496302,0.811103445890011,0,0.333437144319208,0.885411395530102,0.713260008082963,0.0828044407949228,0.442006266191177,0.206198051899497,3.80939630906063,0,"CV_done",TRUE,745,FALSE
10,"nig_cor",308,TRUE,240,-0.123012210487593,-0.0227594541959467,0.166154731635382,0.750426838049042,1.0072012699989,0.993287818830159,0,0.382254855954792,0.716812123853608,0.165039742357625,0.0899689846109468,0.593966845696721,0.204070175275532,3.80684232825206,0,"CV_done",TRUE,861,FALSE
10,"nig_cor",309,TRUE,253,-0.0725469814700174,-0.0332262332367764,0.144120860398549,0.75712146449986,0.643938286367095,1.391100967366,0,0.564482252813381,0.724013111275159,0.133271015906394,0.069927631105871,0.652249038962148,0.204669118237035,3.65824979379497,0,"CV_done",TRUE,968,FALSE
10,"nig_cor",310,TRUE,246,-0.0420120587085343,0.12353229142322,0.129651158283143,1.0773883898548,0.978132661639629,0.318317660013165,0,0.369437461006526,0.971857378043333,1.15074369550361,0.0565185443558433,0.533024883078192,0.261318941383527,3.67422646086249,0,"CV_done",TRUE,1043,FALSE
10,"nig_cor",311,TRUE,282,0.0644037025768902,-0.0690324337781229,0.131242080083473,0.77196788412262,1.55206266560025,0.180094494899603,0,0.299958886579366,0.957619899826435,0.340840109593236,0.0709993912199978,0.66880448344588,0.366629231886673,3.80217544890388,0,"CV_done",TRUE,888,FALSE
10,"nig_cor",314,TRUE,376,-0.0721955291266877,0.0484505062558182,0.605323604219411,1.73837670303645,0.0852830362280763,0.271203580700891,0,0.241663143669071,1.59617633791908,2.5048997586637,0.112320707057659,0.439091922317577,0.112198886742122,3.67620449403094,0,"CV_done",TRUE,964,FALSE
10,"nig_cor",315,TRUE,378,-0.144449817589825,0.186370565093287,0.249258073381078,0.805389822625064,0.466315333395516,0.467661994958393,0,0.515305042885844,1.49556022733312,0.707242581463088,0.0769302690360113,0.552055393557745,0.185490011670529,3.7271448367089,0,"CV_done",TRUE,1458,FALSE
10,"nig_cor",316,TRUE,391,-0.0254549886106812,0.134109185715868,0.177238549167596,1.32630033856826,0.350251767251339,1.23796940717071,0,0.54437509223753,0.955087078903623,1.93862487573915,0.075606365276526,0.410303039477917,0.216306856405478,3.82079964067097,0,"CV_done",TRUE,1442,FALSE
10,"nig_cor",317,TRUE,456,0.0486694174608421,0.0055954472283737,0.132624550349293,0.916309746467463,1.36702105312226,1.49264970570914,0,0.447915178896759,0.976080212211091,0.534009885202817,0.0774341061723648,0.479536956501786,0.353536121864117,3.84965140887985,0,"CV_done",TRUE,1307,FALSE
10,"nig_cor",318,TRUE,416,-0.0639157968784265,0.11803673931566,0.203951585329504,1.2067455013561,0.224199191965985,0.358252516188769,0,0.512256903439066,1.3813907306142,1.56128613324367,0.063788273570812,0.332446778809564,0.261441657319258,4.04609040939973,0,"CV_done",TRUE,1669,FALSE
10,"nig_cor",319,TRUE,321,-0.123152353890982,0.0271732271929115,0.276511359945769,1.51897241604933,0.150441928840872,0.127938188441512,0,0.460369040188748,2.61263756227012,1.72158659268229,0.0571819907283048,0.335798112248607,0.282759875115376,3.82608546362707,0,"CV_done",TRUE,1113,FALSE
10,"nig_cor",32,TRUE,761,-0.0501792622689948,0.0942441451642092,0.436607936079751,1.92884688251824,0.0636572732584776,0.136879904009861,0,0.851484002594683,2.25550999762024,2.07545538867144,0.0361674610414519,0.178655690436382,0.192324431003495,6.72563174260987,0,"CV_done",TRUE,1325,TRUE
10,"nig_cor",320,TRUE,498,0.031298069522324,0.0261490602011451,0.201722240501862,1.58184636157542,0.0794288232195332,0.379679921132019,0,0.291270659314593,1.20183236889198,1.04879129111593,0.0809777258162143,0.633099400090025,0.520218468684123,4.13246763968633,0,"CV_done",TRUE,1035,FALSE
10,"nig_cor",321,TRUE,416,-0.000358192903868402,0.0861825581848509,0.337727901350685,1.62601461934584,0.0193323378654783,0.759881828047683,0,0.469614683307158,1.7179358884093,2.14472480088302,0.0482995032210398,0.257630353829096,0.0870057183807549,4.34267598129809,0,"CV_done",TRUE,1333,FALSE
10,"nig_cor",322,TRUE,379,-0.0289733665697451,0.21395136511862,0.392358059506156,1.66449780125523,0.0172209977002327,1.00786554281922,0,0.719375616416535,1.26083728027964,1.78596108028107,0.0314507711634537,0.258974646585467,0.0289989821964918,4.45934615300761,0,"CV_done",TRUE,1149,FALSE
10,"nig_cor",323,TRUE,292,-0.00908102673253692,0.127135875201077,0.427218042014664,2.08718302324142,0.0264412588491226,0.280607397899057,0,1.05851245543188,0.991184431937919,1.30185961331275,0.0370148042126171,0.257062114297799,0.00857744791908222,4.13323145549606,0,"CV_done",TRUE,1286,FALSE
10,"nig_cor",324,TRUE,375,-0.0363531974821904,0.105680816186021,0.362769143250682,1.38843863502116,0.24396056390931,0.515597537484442,0,0.742296739480131,3.39991872015844,1.27775811564927,0.0446909493272656,0.333269353043958,0.264529942009049,4.08280833688047,0,"CV_done",TRUE,1336,FALSE
10,"nig_cor",325,TRUE,469,-0.0149549489114363,0.238526080827644,0.264315205785291,1.18050171901184,0.175391429622758,1.07861701533726,0,0.686358616792829,1.4209228007417,1.6462140783449,0.0382609578599454,0.261959572658064,0.12387177694952,4.13508888022215,0,"CV_done",TRUE,1519,FALSE
10,"nig_cor",326,TRUE,596,-0.0193288411139825,0.0918260569299049,0.321890306640264,1.26613391874594,0.10987714472206,0.29878584914433,0,1.02484789655276,1.65847065519679,1.64983873209713,0.0239663115644826,0.250802016701569,0.141118805433308,4.13439107810182,0,"CV_done",TRUE,1747,FALSE
10,"nig_cor",327,TRUE,502,-0.0450402396212507,0.0756310725453192,0.184968254708818,0.72522368447227,0.231182684088731,0.282372415576293,0,0.805692121481756,1.13243688972144,0.853630395809126,0.0649615951211041,0.406763316182222,0.401890342240065,4.09095402892817,0,"CV_done",TRUE,1428,FALSE
10,"nig_cor",328,TRUE,573,0.0437103781613072,0.116568871286743,0.157939846946187,0.513088886719483,0.867939622561389,0.461033624861188,0,0.935479019441664,0.885263600252958,0.70998129904324,0.0706241811472151,0.428079442391186,0.468204949342442,4.43841086510431,0,"CV_done",TRUE,1306,FALSE
10,"nig_cor",329,TRUE,362,0.040983345954896,0.0905585607358783,0.197865765680234,1.31718774640543,0.303494146934725,0.361695917578496,0,0.645573273097236,1.63089916225976,1.81451266304933,0.0664808462196667,0.2950479353887,0.237614372053128,4.12431640509102,0,"CV_done",TRUE,1452,FALSE
10,"nig_cor",33,TRUE,969,-0.0506080114469988,0.0633497159721626,0.253975409703995,1.16069245599884,0.0355502466370245,0.157616810864174,0,0.498715594498653,1.15552054007379,1.90401702475514,0.036466955865552,0.237908862933116,0.268454367895782,3.86997238516808,0,"CV_done",TRUE,2179,TRUE
10,"nig_cor",330,TRUE,573,-0.0356842901632169,0.498380352006423,0.134267052860424,0.945087491986165,0.177916601262927,0.631399543253568,0,0.698086569967094,0.55981489476268,0.27387283392573,0.0710329028545511,0.653194695654026,0.248943565528176,4.07934036488886,0,"CV_done",TRUE,1440,FALSE
10,"nig_cor",331,TRUE,144,-0.0809660314822794,0.307648697424543,0.150075754568417,1.37881866902109,0.485282167608082,0.483658141289306,0,0.441536047003427,1.50208009412655,1.70979619578694,0.0397184580532002,0.420172518888055,0.190359705160583,3.98094004809305,0,"CV_done",TRUE,956,FALSE
10,"nig_cor",332,TRUE,375,-0.177187844517048,-0.00416659870528685,0.13934921103342,0.892828609888372,1.09263650220118,0.435506144988337,0,0.353658717524588,1.20026637789408,0.155011585338914,0.0542327960589828,0.734197076984741,0.273331412940184,4.12304246369887,0,"CV_done",TRUE,1247,FALSE
10,"nig_cor",333,TRUE,431,-0.0172424971448228,0.16213290132187,0.139519288484671,1.04472353472397,0.212645605840157,0.567320197076528,0,0.377223739285392,1.23458004857682,0.724831836679042,0.0470826191618287,0.496426824535683,0.0149014748970917,4.4310382898345,0,"CV_done",TRUE,1393,FALSE
10,"nig_cor",334,TRUE,392,0.00173423733503494,0.591324176970202,0.132926220203813,0.746084904934603,0.0641330718651279,1.25198753953,0,0.366705663121345,0.862002934352689,0.51702381758828,0.0470226490211382,0.650664132263344,0.0932441472288211,4.40792574486799,0,"CV_done",TRUE,1227,FALSE
10,"nig_cor",335,TRUE,308,0.00612702286954553,0.192546810340108,0.162152161067838,1.17159130495626,0.0900512079050594,0.59435109737228,0,0.165650303406959,1.8391893299774,1.05609728509572,0.0412775452796802,0.41641704229526,0.128738539053423,4.11188008008456,0,"CV_done",TRUE,969,FALSE
10,"nig_cor",336,TRUE,181,-0.008501924011841,0.255477780894518,0.140398368328837,1.2468096446061,0.0428874550499552,0.854392458422824,0,0.200690848583328,0.812964058514125,1.65761552517889,0.0504107136360737,0.325174936399621,0.0328309240037662,3.93466993405863,0,"CV_done",TRUE,794,FALSE
10,"nig_cor",337,TRUE,289,0.00985608525433025,0.179888353163716,0.127807639602794,1.36377875527479,0.0251586364696269,0.862618952744456,0,0.189912139243699,0.639595049632291,2.21197483189826,0.0493215737175732,0.411267877011655,-0.0184574187349291,3.98123493211413,0,"CV_done",TRUE,976,FALSE
10,"nig_cor",338,TRUE,346,-0.00323822904989332,0.162299792814357,0.203181913957745,0.671899182088879,0.0378379314365139,1.05758882019457,0,0.201935923463911,2.65054262665578,0.310472271213245,0.0266409221810497,0.74706461391105,0.0570552055163824,4.44951124144097,0,"CV_done",TRUE,1051,FALSE
10,"nig_cor",339,TRUE,302,-0.0132312984170638,0.0282304406142806,0.197860234871877,0.86676836900714,0.0403278089560951,0.507079940504607,0,-0.105094865380171,1.1650092500923,1.13490494571447,0.0546907085610973,0.588734358308796,0.18367342740587,4.12600480185891,0,"CV_done",TRUE,746,FALSE
10,"nig_cor",34,TRUE,492,-0.0221399155536241,0.0255520811648132,0.10850972148987,0.556416040125156,0.152005592935254,0.295517513611788,0,0.512801652614438,0.557287535721826,0.813428120098673,0.0364658900905005,0.283774031787886,0.647947853550368,5.36119066166657,0,"CV_done",TRUE,1514,FALSE
10,"nig_cor",341,TRUE,332,0.0150102366278399,0.415540549330485,0.82731622948886,2.85074937125338,0.129914438627761,1.2482368493156,0,0.819445940670979,3.95285724619989,2.86093455792247,0.0651900240766187,0.296883418694575,-0.0730589337124549,4.10647008975623,0,"CV_done",TRUE,924,FALSE
10,"nig_cor",342,TRUE,416,0.0183580791820042,0.238014376262325,0.497365731815186,1.72677145135683,0.10007778294032,0.808082488105121,0,0.647679943728351,1.50967900853427,1.72212177461879,0.0827378805931233,0.329350350651659,0.18167258803096,4.13581983632788,0,"CV_done",TRUE,1634,FALSE
10,"nig_cor",343,TRUE,474,0.0467666028499589,0.569664994285796,0.196560127023026,1.28758909686203,0.42268469350166,1.40059536360837,0,0.631898483442022,1.18686927688725,1.79955246071798,0.0657446559190769,0.319879304281565,0.0628288810295697,4.49002224288053,0,"CV_done",TRUE,1493,FALSE
10,"nig_cor",344,TRUE,246,0.0887535364273344,0.23538570605349,0.140996522737181,0.971011388414371,0.571155432337023,0.668028094030467,0,0.544820982054321,1.08145093907506,0.736174717230335,0.0605494396610427,0.451201242322204,0.22419444355367,4.14403979101115,0,"CV_done",TRUE,1349,FALSE
10,"nig_cor",345,TRUE,420,-0.0200529058271842,0.0917531754169093,0.219040155726387,1.20984394829382,0.0768515839973051,0.358064243763079,0,0.563807740708699,0.712548268420588,1.19558398326357,0.0624278625476581,0.310508610782357,0.257484304098865,4.14537502388435,0,"CV_done",TRUE,1731,FALSE
10,"nig_cor",346,TRUE,596,-0.0571358672517412,0.0306902371046988,0.228209212331381,2.09356407952369,0.14859822079143,0.0830430063299467,0,0.294566042089129,1.34203120222098,1.69605073381762,0.0584307517679085,0.279729833758055,0.201597717138327,4.46445273525185,0,"CV_done",TRUE,1472,TRUE
10,"nig_cor",347,TRUE,361,-0.00369447142428676,0.0254248118845555,0.273586293916945,1.37161243825016,0.023392282299622,0.113741660673993,0,0.395459977607431,0.640768053210409,0.838890728773273,0.0686110805641203,0.421651560366313,0.381117494079847,4.42364241701033,0,"CV_done",TRUE,1009,FALSE
10,"nig_cor",348,TRUE,350,-0.00546735085196825,0.138612360259363,0.351848731454396,1.27661535817336,0.00586523302714834,1.22531029460967,0,0.611446897541295,0.980012822507825,1.47279821457824,0.0294509324864056,0.247485459161238,0.0839730024455753,4.25477410197534,0,"CV_done",TRUE,1113,FALSE
10,"nig_cor",349,TRUE,343,-0.00478558148230883,0.0906114326873279,0.453069750121954,1.41553914022828,0.00801231057151039,0.678615916720104,0,0.396278580961907,0.465031165353071,1.54345390999204,0.0130332671423079,0.107519925765146,-0.170912745008052,4.41126168884337,0,"CV_done",TRUE,1183,FALSE
10,"nig_cor",350,TRUE,667,0.00554978502547826,0.0491382789311481,0.451252985448602,1.75044686290685,0.0136149830649658,0.299110391491651,0,0.864149329876856,1.00921653906039,1.43888219714038,0.0228721121533279,0.215268737968716,0.0328474139587808,4.18522066497416,0,"CV_done",TRUE,1394,FALSE
10,"nig_cor",351,TRUE,345,0.0191829593040876,0.19139083984258,0.179098698380924,1.51615062031895,0.0993261678019403,0.42038310770274,0,0.940131844945199,0.955990637072141,1.3877145257366,0.0484470346885819,0.234660617517936,0.121649265696688,4.38571336529597,0,"CV_done",TRUE,1138,FALSE
10,"nig_cor",352,TRUE,387,-0.0923533904007501,-0.0790881173732645,0.204998425559535,0.8961077458909,0.231430830282515,0.703220309279255,0,0.516480145764398,0.475894316702737,0.720973326873245,0.0305114407993801,0.201702396921183,0.185036606949745,5.34684286581145,0,"CV_done",TRUE,517,FALSE
10,"nig_cor",353,TRUE,371,-0.0211762395361145,0.0653898035241404,0.150903756338808,0.764184178783383,0.145825570994374,0.392384450737235,0,0.462759218045279,0.611793296347587,0.732913465471251,0.028318792018873,0.254588051655046,0.213334949085158,4.41868933908641,0,"CV_done",TRUE,1407,FALSE
10,"nig_cor",354,TRUE,499,0.0222324585792733,0.071148067097472,0.170630006511173,1.05720868287916,0.121520662103696,0.602856964714134,0,0.777083789916144,1.47960376422419,1.06282139211072,0.0482086338382509,0.296660016923949,0.297856071817774,4.37769848533527,0,"CV_done",TRUE,1712,FALSE
10,"nig_cor",355,TRUE,717,0.03697716029865,0.0225844802002045,0.17844814723807,1.1984914222187,0.999200907301406,0.30510936284527,0,0.923343213184314,2.42116140080033,0.602715464631963,0.0677047026909145,0.453675855028962,0.485902388764776,4.39639378351746,0,"CV_done",TRUE,1805,FALSE
10,"nig_cor",356,TRUE,346,-0.101065829814227,0.123002311730727,0.133984020467216,1.0081866658372,0.609255312321548,0.298514349117433,0,0.797592835905308,0.948852048537717,0.474569759476947,0.0553076007344179,0.493817400044696,0.30509471099611,4.40856327835056,0,"CV_done",TRUE,1368,FALSE
10,"nig_cor",357,TRUE,500,0.10777700234722,0.132646246296725,0.123911913011769,1.4860145332201,0.763238622364478,0.405822430755828,0,0.378073490309578,1.98239480732924,1.31538505117383,0.0392675037105751,0.209325781791653,0.0859927279630627,4.45828443999368,0,"CV_done",TRUE,1470,FALSE
10,"nig_cor",358,TRUE,464,0.0133883108878119,0.143413062463516,0.139143944816141,1.25154317095046,0.167019442651493,0.618480233342063,0,0.386300738182021,2.00266108299029,1.05060255012967,0.0203447778787455,0.374511199956666,-0.0778161907027482,5.0567262650364,0,"CV_done",TRUE,1471,FALSE
10,"nig_cor",359,TRUE,349,0.0039895437689793,0.126279510303805,0.106516083673979,1.05818561152247,0.207332162313604,0.756325344047585,0,0.381675509004045,0.95766641634918,0.446791452044536,0.0223148847506874,0.524997039611045,-0.12223779742579,4.39138327376986,0,"CV_done",TRUE,1146,FALSE
10,"nig_cor",360,TRUE,333,-0.0362022162679204,0.301884334385417,0.0984299916955114,1.43712436587277,0.192332596611375,0.910524373651978,0,0.457844820506912,1.87117874351697,1.49523228223386,0.0197591089229498,0.286068935340559,-0.156814388312536,4.81279065017071,0,"CV_done",TRUE,1020,FALSE
10,"nig_cor",361,TRUE,250,-0.0187431838277346,0.611429034391912,0.0618002712832622,0.907587912521931,0.286404485732489,0.51797101392544,0,0.593403736826637,0.908526265495553,0.988013072471281,0.0177548362242236,0.321059697269593,-0.307845343676154,4.78849198727696,0,"CV_done",TRUE,983,FALSE
10,"nig_cor",362,TRUE,300,-0.106242192010163,0.0973619306945094,0.0491749385504719,0.755641970650478,0.249651990303083,0.480121474217604,0,-0.173233043165008,0.792227793919183,0.943144471950576,0.0143459886007952,0.42525907680989,-0.187165167810536,4.43011113152736,0,"CV_done",TRUE,1024,FALSE
10,"nig_cor",363,TRUE,229,-0.0374597299881676,0.0619246834109463,0.141814887821814,0.557027330032817,0.0192343452109905,0.438753045086593,0,-0.115160249335205,1.67653859998678,0.458021620527653,0.0205215826531084,0.470427079299964,-0.089409268921697,4.40919936170733,0,"CV_done",TRUE,745,FALSE
10,"nig_cor",365,TRUE,446,0.0190336739639005,0.0824754038466598,0.496330147527156,2.10491345667601,0.0210455125258769,0.231036775204199,0,0.647131611228364,1.16632034677043,1.17279910886902,0.0300741822141202,0.279223459736433,0.000550439128864141,4.47246825123551,0,"CV_done",TRUE,1318,FALSE
10,"nig_cor",366,TRUE,472,0.0190556716125449,0.101645108471911,0.26372831197669,1.40967961802426,0.0930347842069629,0.512089916026218,0,0.408751459014908,0.743045620166965,1.51347055744525,0.0453855246590373,0.20756663851617,0.0797205377058629,4.85589852351281,0,"CV_done",TRUE,1464,FALSE
10,"nig_cor",367,TRUE,401,0.0113200051760121,0.401264575457124,0.159066726642155,1.00630432115368,0.10636295141181,2.02394127365068,0,0.502838965437493,0.820328237376329,1.33997524371945,0.038323195339331,0.212100424904802,0.0724704662949455,4.60275594324977,0,"CV_done",TRUE,1177,FALSE
10,"nig_cor",368,TRUE,422,-0.0618293984631201,0.14663509024238,0.139033142103465,1.14204618471555,0.15005370365062,0.485769612508523,0,0.647414133734494,1.45544614902945,1.07367624587679,0.0234904961376472,0.210307469772715,0.00919378351578193,4.15948935764531,0,"CV_done",TRUE,1182,FALSE
10,"nig_cor",369,TRUE,412,-0.019213339214712,0.040128801366404,0.217233076226147,1.38469812804551,0.0691818598083361,0.18607054040667,0,0.353418682001763,1.15389654427604,0.907287859278239,0.0420492341018462,0.275428299852096,0.241141483577891,5.4330346470409,0,"CV_done",TRUE,1114,TRUE
10,"nig_cor",370,TRUE,145,-0.612777045525757,-0.0279130703497943,0.0766749670691994,0.644627865807255,0.722286726828444,1.31919159544632,0,0.429583196881416,0.733664047801233,1.33467629504398,0.0427418436726677,0.163378335062058,0.0614522135006547,2.39726582705975,0,"CV_done",TRUE,173,FALSE
10,"nig_cor",371,TRUE,125,-0.0373150774109801,-0.0901156586692016,0.0780602938990861,0.678577879758552,0.142706321606996,1.16056267416093,0,-0.156553832027535,0.822747836321169,2.04459225134064,0.0146716675880116,0.177234774247171,0.0610222224900054,5.61398992428901,0,"CV_done",TRUE,539,FALSE
10,"nig_cor",372,TRUE,201,-0.0283839685061691,-0.0878162418423085,0.103403729980803,0.953705260689891,0.153720412977655,1.15205287104304,0,0.0186676973007336,1.10848911425679,2.56099824262478,0.0118646731928697,0.212630492599534,0.247399093624411,5.33438109312068,0,"CV_done",TRUE,730,FALSE
10,"nig_cor",373,TRUE,293,-0.0623451546748399,-0.112111543479576,0.402530500879312,0.975820722699821,0.00868677594631499,1.6489597716848,0,0.152102173477477,1.47604583829766,1.27133931211178,0.0450141027700731,0.250362690455873,-0.152765555027001,4.21997362355391,0,"CV_done",TRUE,353,FALSE
10,"nig_cor",374,TRUE,491,-0.527444896855093,0.182280855305115,0.117769471637615,0.499816645650084,0.282566402147276,0.54752315560258,0,0.287588410453881,0.446608869264848,0.321802055950124,0.121026337076042,0.452525698277711,0.162517576076985,5.67724198606279,0,"CV_done",TRUE,576,FALSE
10,"nig_cor",375,TRUE,394,-0.0551500036936715,0.134508772582307,0.14021610794738,1.15713200696937,0.0386278896263926,0.739880659517596,0,0.395022613834478,0.824260794295422,1.49977360792506,0.0233237898730501,0.184092292464236,0.0772118160140183,5.68485928199633,0,"CV_done",TRUE,994,FALSE
10,"nig_cor",376,TRUE,421,0.0606112071370601,-0.139964373844227,0.159976870518766,1.30987736202104,0.485741334508322,1.78880381800055,0,1.00817645171491,1.34825531642855,2.04827912192083,0.0418246090791594,0.16950605401422,0.160091353013117,5.50594653914096,0,"CV_done",TRUE,1152,FALSE
10,"nig_cor",377,TRUE,536,0.0687277065215559,0.204370878197056,0.126961103303274,1.24520243279732,0.128054185349119,0.844700291210252,0,0.676480604931721,1.23007480495582,1.42886842238529,0.0396277903257239,0.116597684019095,-0.0111276126241993,5.5757173702176,0,"CV_done",TRUE,1249,FALSE
10,"nig_cor",378,TRUE,434,-0.0121037380698428,0.162637550130313,0.137489087013501,1.84076037638308,0.164149044310601,0.328416138359628,0,0.0527194161569493,0.593177398280067,1.95454435600767,0.0341453521958792,0.115560187592366,-0.107068721774255,5.3876688948384,0,"CV_done",TRUE,1091,FALSE
10,"nig_cor",379,TRUE,309,-0.0456403211242801,0.140627617360394,0.126605876901228,1.19412487256709,0.297339572267904,0.926768556038301,0,0.237735009831667,0.821429134284608,0.648776190652809,0.0280830458029992,0.361227229109955,-0.0848008360960789,5.53979479932399,0,"CV_done",TRUE,821,FALSE
10,"nig_cor",380,TRUE,381,-0.0580136281046802,0.194578053972347,0.0903024542385713,0.958496057553422,0.20000127919452,0.572267093537534,0,0.52413676099152,0.8645842641922,0.680684066808197,0.0168650029147472,0.296171678011751,-0.0302978977322773,5.50290730504802,0,"CV_done",TRUE,880,FALSE
10,"nig_cor",381,TRUE,355,-0.346542558265207,0.134069792845841,0.0544631195157982,0.790031005238615,1.07684335529804,0.493266238844975,0,0.267734661894439,0.657431585281749,0.596812552615627,0.0146590851567958,0.286533225205184,0.0345717008251493,5.48929101158071,0,"CV_done",TRUE,801,FALSE
10,"nig_cor",382,TRUE,377,-0.131507430590588,0.594949219787954,0.0811779408922117,0.748715411079761,0.176574951676301,2.13477826774399,0,-0.0401953491170795,0.883624985140256,1.44558715905225,0.0287617537808183,0.213335484013793,0.0172525592184214,5.52928862083013,0,"CV_done",TRUE,685,FALSE
10,"nig_cor",383,TRUE,356,-0.087903518865485,0.191438639539227,0.189937646041253,1.29388454161087,0.163587680174878,2.13013208487048,0,0.319015488814809,1.47430269836357,3.63000680300534,0.0414152863804479,0.194832916232617,-0.0123374090054938,5.66175126871853,0,"CV_done",TRUE,817,FALSE
10,"nig_cor",384,TRUE,276,-0.0834791963486219,0.0528040683344431,0.182373021904174,0.893734409994023,0.0764478013703877,1.04931832421268,0,0.0201116666507228,1.56605115869589,1.62678676637495,0.0456863234994485,0.185315235783024,0.0495100703604531,5.61481867927644,0,"CV_done",TRUE,812,FALSE
10,"nig_cor",385,TRUE,188,-0.164560955121899,0.523331820731654,0.133143335429265,0.749751254442768,0.206544433637051,1.58193139317082,0,0.142593793764254,0.870558500705781,2.16454915850089,0.0295579259775106,0.210161930774353,0.0836155118335439,5.44592527103921,0,"CV_done",TRUE,708,FALSE
10,"nig_cor",386,TRUE,233,-0.394277359792805,0.567240977891149,0.0976495964424748,0.577580842948527,0.434810139884267,1.12074374870037,0,0.0942911716566179,0.741781329893044,1.16617501871428,0.0267754410972859,0.256952351561818,-0.0933181284203373,5.51161481685661,0,"CV_done",TRUE,475,FALSE
10,"nig_cor",44,TRUE,168,-0.09499816950956,0.317672493150475,0.427304607982327,1.88387677965886,0.169679052795727,1.02212273647177,0,1.71971662352057,2.86075681769584,1.23924024005495,0.110439552182786,0.822935023100817,0.823205025967014,4.26889047519752,0,"CV_done",TRUE,1193,FALSE
10,"nig_cor",45,TRUE,490,-0.0136043457986848,0.253458405893231,0.222745654807899,0.989327445925471,0.0570194590457895,0.82186352771563,0,0.858155244344669,1.1752740689453,1.44202812865915,0.0499509975885771,0.35038348140559,0.361201417545717,4.25941456238705,0,"CV_done",TRUE,1420,FALSE
10,"nig_cor",46,TRUE,483,-0.0379598420839678,0.154928921834139,0.200327086905856,0.741990542327612,0.10779338725103,1.23999337433916,0,0.338634358406849,1.02527251429338,1.38720399416713,0.0403506378483051,0.239636526228804,0.139004352657474,4.26921617598721,0,"CV_done",TRUE,1477,FALSE
10,"nig_cor",47,TRUE,654,-0.060525119230841,0.118208346509606,0.195834789095549,0.79023884757281,0.175408732265375,0.573009458136999,0,-0.317270751172748,0.928294491777771,1.23425478176085,0.0317754766160151,0.232500512808865,-0.0888730839830241,9.25175977620814,0,"CV_done",TRUE,1536,TRUE
10,"nig_cor",48,TRUE,707,0.0402646748532713,0.262895381079021,0.143976236129815,0.703826907711551,0.429712054370364,0.362133632890756,0,-0.316582189602428,0.521831803526547,0.626537290389462,0.0338564072301078,0.26595968843763,-0.0947030714925523,16.9763337700897,0,"CV_done",TRUE,1752,TRUE
10,"nig_cor",49,TRUE,414,-0.0505614204116164,0.338013320148393,0.178510570157826,0.607485596034912,0.167245292237356,0.923534497938915,0,-0.15763919681,0.948639271170618,0.294284032341164,0.0365687780848381,0.335143327509307,0.0290140592065205,4.24196688022603,0,"CV_done",TRUE,1045,FALSE
10,"nig_cor",54,TRUE,359,-0.0179140121219346,-0.0224978930267002,1.02945982858235,2.97375955170961,0.0188076427370059,0.236662268768085,0,2.29107892266806,1.30081820956492,1.42695887661413,0.153796617792834,0.550992000198414,0.117811969514164,14.2090039515495,0,"CV_done",TRUE,1870,TRUE
10,"nig_cor",55,TRUE,871,-0.0165579893068596,-0.0019872414689533,0.346274723367444,1.63693892727432,0.021659665911929,0.0284409057585023,0,0.816972957615275,1.08680694926888,0.539540593110668,0.0803463252842726,0.48365438742467,0.782856888812967,4.31948402447557,0,"CV_done",TRUE,2450,FALSE
10,"nig_cor",56,TRUE,668,-0.0416872922153156,0.110201375120662,0.148136975982844,0.637966053592309,0.226549338110011,0.627720251693617,0,1.03731461414062,0.976396731516993,1.41364215863737,0.0305110832778379,0.2107459295362,0.610479895835967,4.32840595079793,0,"CV_done",TRUE,2056,FALSE
10,"nig_cor",57,TRUE,257,0.0321343470423717,0.107158570048403,0.139280486998513,0.741412632162918,0.102449234177348,0.543889942860985,0,-0.323390656281084,0.831891150066108,1.79935072684526,0.0615601063051104,0.254744479483276,-0.402008798219197,4.29992764154242,0,"CV_done",TRUE,1293,FALSE
10,"nig_cor",59,TRUE,323,-0.284973204753216,0.0438877499629905,0.161316624911284,1.25855692783981,0.643575876404655,0.41913928755666,0,0.301965852376516,1.24985633556704,1.16675584171955,0.0512218980020746,0.482269631637861,0.363889122371433,4.27288942677279,0,"CV_done",TRUE,1046,FALSE
10,"nig_cor",67,TRUE,688,-0.128730181220463,-0.0330341833060876,0.148135657822754,2.40956923231195,0.138540875366427,0.362345048756298,0,0.363751255647383,1.03036598794312,1.42159754921191,0.0692323167854467,0.73616488746781,0.393489173877033,8.23402622024218,0,"CV_done",TRUE,1480,TRUE
10,"nig_cor",68,TRUE,1145,-0.0828841746105009,0.00720521718864926,0.247746925242741,2.27779788018057,0.0666884055404536,0.56649105387852,0,0.977494699789679,1.05767475714937,1.43865461935545,0.0944633573532398,0.755977380660809,0.694339556412743,4.31146660619036,0,"CV_done",TRUE,2656,FALSE
10,"nig_cor",69,TRUE,631,-0.0324835835055946,0.520299368269525,0.213114185963355,1.67245073215765,0.179492426370527,2.51282363792102,0,1.38360152161001,0.974459220180444,1.66283536560325,0.0792724820230615,0.635154285044921,0.590827426153093,3.99518568369525,0,"CV_done",TRUE,2164,FALSE
10,"nig_cor",70,TRUE,395,0.0470070518831346,1.23104494040382,0.177677755482296,1.20861741775936,0.289480596837599,3.83046729355236,0,0.943508446480196,1.34858821761855,2.16037962176169,0.0430883179716578,0.312223633658635,0.255861103583946,4.01661703284968,0,"CV_done",TRUE,1612,FALSE
10,"nig_cor",71,TRUE,389,0.0373535236356638,0.150572091716591,0.149843628144221,0.792200952572028,0.545134727136595,1.45811353578375,0,0.913903274057674,0.571689594702237,0.357942364735314,0.059149766620477,0.461170433161158,0.509304914778095,7.06216087645955,0,"CV_done",TRUE,1736,TRUE
10,"nig_cor",72,TRUE,713,0.0273070039632818,0.097036446962745,0.166357260747237,0.686148988657294,0.424995535975887,0.676349608588785,0,0.659599840919882,0.366524213550134,0.241164394058414,0.0541326550477999,0.448416222768525,0.479448756073315,4.2446209228232,0,"CV_done",TRUE,2042,FALSE
10,"nig_cor",73,TRUE,410,0.0192687373621177,0.126920503931278,0.177462859749612,0.810406319351671,0.522942059422748,0.509125861520372,0,0.460825725880124,0.600386641356472,0.571795341430864,0.0644937818437919,0.358625223572771,0.444533293618912,15.1698802572489,0,"CV_done",TRUE,1864,TRUE
10,"nig_cor",74,TRUE,562,0.0242071805157741,0.0457396646663249,0.182516469755558,1.00794748696211,0.627032529049929,0.705301808320486,0,0.54286378816773,0.37405975229532,0.11808289330461,0.0771974909686236,0.428890866863162,0.501332143087381,4.33587156098198,0,"CV_done",TRUE,1790,FALSE
10,"nig_cor",79,TRUE,495,-0.0525560041781325,-0.0010280265711472,0.2573379787576,1.37922215096778,0.0105719959920516,0.137025471113877,0,-0.472112659804962,1.4040703062417,0.758857898672938,0.408601402244048,1.78179844939325,0.793060338415202,1.85030697133806,0,"CV_done",TRUE,660,FALSE
10,"nig_cor",80,TRUE,509,-0.102736087804988,0.00443014242852363,0.599028598808591,1.97697546650373,0.139514781426959,0.0592666553224363,0,1.22006528634784,1.81316959432948,0.653754857965082,0.377398833159161,1.36827418880084,0.894927027940345,1.75004908084869,0,"CV_done",TRUE,615,FALSE
10,"nig_cor",81,TRUE,408,-0.00703601662299985,-0.00942502893374654,0.617856225747727,2.84221486780501,0.0390251408692484,0.118206375210678,0,2.55092505077887,1.39503270434683,1.00413013660096,0.0772249638701586,0.42404359682807,0.692980721001099,3.92617365814745,0,"CV_done",TRUE,1530,FALSE
10,"nig_cor",82,TRUE,441,-0.0809881449331518,0.54308749651587,0.155401056594622,1.33287026997449,0.597917907876279,1.50764826064861,0,2.5100106931192,0.385248323143175,0.274083450506691,0.0671577825348942,0.320154006363136,0.676795189862609,12.6116875265704,0,"CV_done",TRUE,1830,TRUE
10,"nig_cor",83,TRUE,579,-0.0416364741423329,-0.0086909898215432,0.139766146521679,0.532120431531885,0.584781026840839,0.886707157406566,0,1.04544324126279,0.286197110298259,0.494208089571807,0.0517664188778131,0.284620491779488,0.409163855165752,3.98669960403884,0,"CV_done",TRUE,1783,FALSE
10,"nig_cor",84,TRUE,816,0.000910845557247752,0.248884752033612,0.232690546906962,0.891896960273264,0.26297894254991,0.748930719549252,0,-0.248943632952592,2.26209003717736,2.78404705665702,0.106703483138947,0.314529964514938,-0.331873773182938,4.04086476086742,0,"CV_done",TRUE,1739,FALSE
10,"nig_cor",85,TRUE,908,-0.123884446839451,0.664073682194036,0.274820295257833,1.09297033667652,0.414424666888579,0.938836069989143,0,-0.676290900255307,1.67754333021899,3.93557634837051,0.10812815572098,0.366076003835235,-0.186666636259704,4.03007860584116,0,"CV_done",TRUE,1550,FALSE
10,"nig_cor",86,TRUE,616,-0.149775846287824,-0.0371202729569655,0.19471819552976,1.68593424214239,0.379963315488048,0.367871666601748,0,0.168656158105796,1.2077260951342,3.81746942322471,0.0534862814435055,0.437652351276898,0.388488911953495,3.67476623423398,0,"CV_done",TRUE,1046,FALSE
10,"nig_cor",87,TRUE,101,-0.209076105887723,0.190948280839187,0.119153175308402,0.911902220963913,0.734206877437067,0.755677777462084,0,0.407467089243471,0.524708096830489,0.312380863526579,0.0524722573045541,0.450670056158165,0.491368079567409,59.7897869388262,0,"CV_done",TRUE,192,FALSE
10,"nig_cor",95,TRUE,617,-0.0749427841934139,-0.0127259789353614,0.148231269331525,1.91498325215555,0.11633969846881,0.130101825466446,0,-0.455851048136961,0.351184385406778,1.39246534614909,0.0532614230729527,0.534939806563263,-0.0968247732537212,12.2560521381431,0,"CV_done",TRUE,2645,TRUE
10,"nig_cor",96,TRUE,1009,-0.0265690277411577,-0.0414955273148709,0.182540562483113,2.337921058388,0.0292096575311949,0.15346956678611,0,0.736067570226884,0.632169990410192,1.66054215763995,0.0636018447345563,0.560599111582442,0.298258900072097,4.62657514234384,0,"CV_done",TRUE,3466,TRUE
10,"nig_cor",97,TRUE,592,-0.0566791191731371,-0.0274327789127464,0.148849844304447,1.76551462124036,0.282724413120093,0.256760352820481,0,0.766904712918604,0.791178280413007,1.68429271281757,0.0840877876812746,0.621568520908893,0.44185362053705,8.9810650367207,0,"CV_done",TRUE,2322,TRUE
10,"nig_cor",98,TRUE,450,-0.256435679249409,0.373766443817323,0.130386463416473,1.16328044237408,0.786541475174234,1.15610398684223,0,0.66687897376186,0.644624833324865,1.81811785067983,0.0627088139159604,0.56405084585603,0.25678795295231,3.64290962874062,0,"CV_done",TRUE,1541,FALSE
10,"nig_cor",99,TRUE,319,-0.297536364009951,0.466187178901243,0.135969825791034,1.04205642926286,0.811692070285749,1.48597767190613,0,0.505200953743252,0.623721213739212,1.4169570789367,0.0515787342320467,0.402819903554105,0.386997097453446,3.66761343039572,0,"CV_done",TRUE,1288,FALSE
10,"nig_indep",100,TRUE,428,-0.364967364986562,0.653173610195196,0.145893575211068,0.667118510944182,0.835018069065596,1.15965085473364,0,0.667050822078566,0.519452002989645,0.507735330241602,0.0556937570013872,0.511862705957957,0,1.83631504442957,0,"CV_done",TRUE,1539,TRUE
10,"nig_indep",101,TRUE,423,-0.12783725803171,0.177884137056377,0.188315869114204,0.709688304745867,0.790785952235088,1.05166989753412,0,0.621601368832163,0.325249403137183,0.33164688442188,0.0624362304149168,0.434192490893279,0,1.91403104821841,0,"CV_done",TRUE,2037,TRUE
10,"nig_indep",102,TRUE,457,-0.149001872792509,-0.316421382932688,0.203360460746366,0.714884573803573,0.861985378044538,0.988458091759613,0,0.597422725831664,0.351227852917853,0.272465546360956,0.0822960545953987,0.396677448665879,0,1.21676147527717,0,"CV_done",TRUE,1837,TRUE
10,"nig_indep",103,TRUE,426,-0.0675888761379059,-0.537991522229006,0.218768352670296,0.703911076242929,0.933893503519986,1.07754885070436,0,0.896125324980748,0.491578473022752,0.23686873353657,0.0978463327816358,0.398013352529312,0,3.03479159050518,0,"CV_done",TRUE,1494,TRUE
10,"nig_indep",104,TRUE,565,0.0254321639754357,-0.0666582758199274,0.241518662356198,0.916798661976527,0.586078920777396,0.970025731797627,0,0.898404352405969,0.905107123233826,0.618537034062356,0.0743165597069441,0.328710277336864,0,10.3600253548887,0,"CV_done",TRUE,1511,TRUE
10,"nig_indep",105,TRUE,239,0.0797560824306984,-0.266948500254486,0.227766838439812,1.14880493623149,0.697842814774696,0.853199465068432,0,0.816287872699626,1.01776677918122,0.907974744495607,0.0613297424344867,0.299282104665876,0,3.74558601221001,0,"CV_done",TRUE,844,FALSE
10,"nig_indep",107,TRUE,367,-0.0884847812340866,-0.379838998532708,0.31538229482306,1.10068416677445,0.122676083219099,1.38475464481236,0,0.0648619217157895,1.30733781714101,1.14009237031213,0.0918692316206308,0.501033192066751,0,17.5014331005017,0,"CV_done",TRUE,691,TRUE
10,"nig_indep",108,TRUE,404,-0.00463511174214707,-0.0274248238238894,0.380974211966004,1.8898370968535,0.00637627650410983,0.39651101268438,0,0.978198485868873,0.593643108565759,0.973210973303824,0.0934487750188996,0.604291929706125,0,2.28335622736149,0,"CV_done",TRUE,1422,TRUE
10,"nig_indep",109,TRUE,643,0.083105292688631,0.279978917734884,0.105530043933875,0.886638811200741,0.365805134648933,0.519110179079675,0,0.373777086266072,0.766994806438348,1.16527162125802,0.0419711961536792,0.385174900094757,0,15.4242217580477,0,"CV_done",TRUE,977,TRUE
10,"nig_indep",110,TRUE,555,-0.00868356185951421,0.358909282032255,0.300955512719827,1.33181451905405,0.0191665893366295,0.555639880593923,0,1.65020684752681,0.611849460518139,1.13800861219809,0.080680730214548,0.32072519709592,0,6.76572094453706,0,"CV_done",TRUE,1855,TRUE
10,"nig_indep",111,TRUE,342,0.00333231957459561,0.0738416499189114,0.289715246722167,1.05772929230016,0.0203367794748534,0.469276782364545,0,1.70959644436976,0.898399099668515,1.12263017220482,0.0571428297715049,0.296174638050371,0,3.78034141981491,0,"CV_done",TRUE,1544,FALSE
10,"nig_indep",112,TRUE,358,-0.00119376036613556,-0.102857664440157,0.141839949188184,0.641950085639924,0.733912686012591,1.27929295505951,0,1.6434293320959,1.03414914781059,0.362288524379639,0.0476063586729492,0.338051907513537,0,3.67801792406098,0,"CV_done",TRUE,1495,FALSE
10,"nig_indep",113,TRUE,523,-0.234910674716713,0.0873532506021803,0.147148664308294,0.79323834926102,0.85607827828143,0.950169700772362,0,1.66293304231095,0.681029328047228,0.462084864673776,0.0470519039585463,0.311316086784478,0,1.24123198723076,0,"CV_done",TRUE,1536,TRUE
10,"nig_indep",114,TRUE,163,0.226137873223672,-0.181909862456061,0.139310342883764,0.6574864098349,0.872726416298279,0.782386741667142,0,0.626345680489896,0.347375536131122,1.25665563816402,0.105418053003201,0.321901925312033,0,1.91457813468244,0,"CV_done",TRUE,879,TRUE
10,"nig_indep",120,TRUE,878,0.00299230632678071,-0.154417825932489,0.16546956303247,0.539495840596276,0.707103802709803,1.15537634746376,0,0.162620492741419,0.659415726814135,0.601080176658991,0.0952974040880555,0.322453855327256,0,3.72176747150443,0,"CV_done",TRUE,2239,FALSE
10,"nig_indep",121,TRUE,772,-0.0588366904150522,-0.269246006434045,0.242614964784825,0.517987646119692,0.0964491617129513,1.36369367841864,0,0.0691310246647373,1.01365485513182,0.663315333264831,0.106783508755777,0.3152375054648,0,3.82078726262958,0,"CV_done",TRUE,1949,FALSE
10,"nig_indep",123,TRUE,360,-0.740852367608435,-0.27762710532382,0.675738677288935,0.612129259664303,0.643354855255124,1.10386696744372,0,0.469931091491761,2.06533304996107,2.39170095966466,0.442645040916613,0.338623746494462,0,1.87421052204238,0,"CV_done",TRUE,1026,TRUE
10,"nig_indep",125,TRUE,442,-0.114788868317752,0.110377867145268,0.356568176779157,1.04934921252619,0.529780354603152,1.35498652965887,0,-0.753656187903203,1.29476303649094,1.21599607227547,0.100125167785837,0.346852059659864,0,3.6609966871032,0,"CV_done",TRUE,947,FALSE
10,"nig_indep",126,TRUE,898,-0.0526082033162655,-0.119500241625967,0.239131411373278,0.93326455479944,0.120916298452057,0.81416122814083,0,-0.549350663719395,0.700649390003204,1.29475614376612,0.0787659445605625,0.418266845076949,0,1.91081524299251,0,"CV_done",TRUE,2589,TRUE
10,"nig_indep",127,TRUE,971,-0.309852971064716,-0.195401762657746,0.138553123171896,0.8171566011403,0.665544909538909,0.894471785801991,0,-0.444944415616131,0.304159324693395,1.0460115009098,0.0671594428315199,0.458476773675909,0,1.88966901924875,0,"CV_done",TRUE,3229,TRUE
10,"nig_indep",128,TRUE,478,-0.061526108349882,-0.0523095895661022,0.140748604200542,0.71170203154734,0.704368695343594,0.68421995486693,0,-0.128090689541946,0.401913308004276,0.899637672180833,0.069439939466729,0.456222769142252,0,5.81412042664157,0,"CV_done",TRUE,2273,TRUE
10,"nig_indep",129,TRUE,321,0.257380882986145,-0.0236870245895594,0.153599440185705,1.05071111645052,1.06935641538664,0.284947645707814,0,-0.0137211461939315,0.357024603038379,3.42903295494145,0.0822661044884463,0.358622757834156,0,3.72884917076263,0,"CV_done",TRUE,1538,FALSE
10,"nig_indep",130,TRUE,331,-0.122492967286575,0.0108782788028556,0.166746292341462,1.04194276211791,0.856326269108271,0.185733912801361,0,-0.0231566913530209,0.334822080891202,3.56669582283982,0.0756507924372446,0.298966638336217,0,3.71491866685726,0,"CV_done",TRUE,1298,FALSE
10,"nig_indep",131,TRUE,294,-0.158969857649267,0.0209262981907786,0.179799064510371,0.462182479031776,0.750628034450197,0.594932707920172,0,-0.0235631672962565,0.348257212132656,0.501880521936041,0.0778816420348878,0.364189935520801,0,12.8803096506331,0,"CV_done",TRUE,1279,TRUE
10,"nig_indep",132,TRUE,374,-0.0759206640724931,0.0398334670813909,0.19917880282594,0.453235299543256,0.710187057859524,0.478620536472396,0,-0.0680575056712289,0.401450843230189,0.421862123079435,0.0830574121055843,0.336464578441503,0,3.97417033433914,0,"CV_done",TRUE,1453,TRUE
10,"nig_indep",133,TRUE,715,-0.0757735768853559,0.00228311795873209,0.197792980138237,0.472094980429485,0.347226318625781,0.397754025570045,0,-0.220637731868056,0.397100373603129,0.370924972299994,0.0874848486164642,0.312602772613498,0,20.6647198065784,0,"CV_done",TRUE,1866,TRUE
10,"nig_indep",134,TRUE,382,-0.284829142879367,-0.540732578500677,0.174049382918517,0.407043296095752,0.949537989727458,0.847000464897019,0,-0.334265309294855,0.391933660229024,0.304745028422181,0.100830819895283,0.307608066387161,0,3.69507001289891,0,"CV_done",TRUE,1667,FALSE
10,"nig_indep",135,TRUE,329,-0.215252893645967,-0.707546274617991,0.191671301239651,0.440141005275245,0.869801811611233,1.02980945444609,0,-0.306894939739348,0.43422872464191,0.247961147777033,0.111066288436389,0.302731081974258,0,3.70776266833698,0,"CV_done",TRUE,1212,FALSE
10,"nig_indep",136,TRUE,301,-0.253967939642492,-0.425325935297394,0.239335231191007,0.62017473694427,1.02520398319999,1.24474289291529,0,0.0484219735942509,0.432902946870354,0.246709941010905,0.115663255236911,0.329434403826252,0,3.68723536413025,0,"CV_done",TRUE,1334,FALSE
10,"nig_indep",137,TRUE,295,-0.176686505492228,-0.552164694149379,0.264407736829381,0.652641299535092,0.97405486923701,0.795007619992378,0,0.0201063657117729,0.503989184430612,0.366458911526969,0.116506723334459,0.340245794211566,0,3.72330905183874,0,"CV_done",TRUE,1296,FALSE
10,"nig_indep",138,TRUE,168,0.195335313576686,-0.519992627832581,0.228713591445258,0.626380093458278,0.882778806927624,0.743944593228792,0,-0.267862862937973,0.738759275757425,1.02939789506191,0.133186096892254,0.394243038783099,0,6.29979546407858,0,"CV_done",TRUE,783,TRUE
10,"nig_indep",139,TRUE,235,-0.0113015837506559,-0.391347347487883,0.353330250771203,0.909417622054896,0.114272213421377,1.08265589048053,0,-0.0926935500427884,1.10682238741446,1.00817502424293,0.10378628744259,0.506530410823148,0,3.84197389066219,0,"CV_done",TRUE,863,FALSE
10,"nig_indep",140,TRUE,182,-0.0283240997107391,-0.287241997191945,0.352098333265571,0.950484070935029,0.0943303355211468,1.08186035751456,0,-0.21075453279625,0.556488993738777,1.19187497702219,0.0892830431413053,0.424934469176152,0,3.71739711016417,0,"CV_done",TRUE,1014,FALSE
10,"nig_indep",141,TRUE,264,-0.0190475078856197,-0.002103323917475,0.297151011592174,0.733324688531292,0.0468714342525096,1.32597538481988,0,-0.414988561742402,0.697618743203809,0.987485893604948,0.101732749369659,0.323071035027027,0,3.72068786069475,0,"CV_done",TRUE,1182,FALSE
10,"nig_indep",142,TRUE,343,-0.0273149891354334,-0.16621288040345,0.375399351105747,0.428356505335169,0.0925005827254181,0.834354527373559,0,-0.213833252187382,1.08551456855155,0.381849484735336,0.105067733601645,0.345801230190935,0,8.09914315157467,0,"CV_done",TRUE,1445,TRUE
10,"nig_indep",143,TRUE,415,-0.0139882504354445,-0.162548635375181,0.451373573012942,0.289444884498077,0.0271996252084946,1.05546444243059,0,-0.0886458731714315,1.02021733313562,0.252445673596289,0.100127690730104,0.318835800863978,0,3.72735218329562,0,"CV_done",TRUE,1559,FALSE
10,"nig_indep",144,TRUE,473,-0.0740864507945894,-0.0146386711262572,0.235208772134119,0.283195192396229,0.097633935132899,1.17862909098679,0,0.0316345687799075,1.02856650877775,0.203992067547601,0.0850025012257193,0.344577927946004,0,3.78833688296102,0,"CV_done",TRUE,1465,FALSE
10,"nig_indep",145,TRUE,449,-0.143360584728298,-0.558838653705812,0.206521763415293,0.354351751212889,0.25339583092467,0.702840466877432,0,-0.225108330261393,1.24870648030265,0.199920777012352,0.0827181395168139,0.44408668562253,0,1.87710805575053,0,"CV_done",TRUE,1780,TRUE
10,"nig_indep",146,TRUE,303,-0.161373451946537,-0.693663860086832,0.200051834136662,0.490991489997431,0.282845334074741,0.659338305051133,0,-0.340235735747068,1.26817707552283,0.346372557120961,0.084703194515855,0.479746652812474,0,1.92339168455866,0,"CV_done",TRUE,1230,TRUE
10,"nig_indep",152,TRUE,171,0.161700589326739,0.186018992208596,0.161546010345531,0.603008887658629,0.839595233893706,0.977260156612048,0,-0.0389276380760699,0.734731021812174,0.356991386886716,0.076835711568832,0.336680426426898,0,3.61810935202296,0,"CV_done",TRUE,567,FALSE
10,"nig_indep",153,TRUE,412,-0.0395127143306937,0.0187473220949304,0.225420661749254,0.474926218613789,0.134929345410015,1.0798876706013,0,-0.0384123959775375,0.921963328530178,0.29971472444881,0.0905626964457457,0.334976935065235,0,3.41273274289513,0,"CV_done",TRUE,1607,FALSE
10,"nig_indep",154,TRUE,595,-0.033181902139095,-0.418630410422308,0.551981065697016,0.402457626916906,0.0172316088224126,1.04757158721963,0,0.0138890807880028,0.801944427420379,0.29224102727792,0.139057368439001,0.313577072529018,0,4.45422556947227,0,"CV_done",TRUE,1888,FALSE
10,"nig_indep",155,TRUE,118,-0.4365074475144,-0.437090301846849,0.483094544827888,0.42714629046658,0.319254917451167,0.92943843153642,0,0.388508826812255,1.32892204998405,0.416371881503026,0.268529960893086,0.266719549944408,0,2.59164188669788,0,"CV_done",TRUE,1559,TRUE
10,"nig_indep",156,TRUE,863,-0.493880132875927,-0.293643565203718,0.514125820947823,0.443395452427817,0.75595325961328,0.900676059457238,0,0.609176874544503,0.878461462386003,0.417321980314261,0.41712948678801,0.327632143491282,0,1.85835499578052,0,"CV_done",TRUE,1967,TRUE
10,"nig_indep",159,TRUE,199,-0.0527538382330755,-0.267429608685083,0.300991831523641,0.949287994980949,0.655530142146756,0.773026735325346,0,-0.724430599575666,0.952110517373959,1.56804885072295,0.0975771726267519,0.30092738004502,0,2.9146279009266,0,"CV_done",TRUE,1199,TRUE
10,"nig_indep",160,TRUE,555,-0.177074732290278,-0.322775773587923,0.207054705741221,0.513514571758688,0.347252422155277,0.478978549028843,0,-0.550303982185643,0.479145986440887,0.937818720515957,0.0934355065141472,0.36480652793519,0,1.8494196684493,0,"CV_done",TRUE,1763,TRUE
10,"nig_indep",161,TRUE,436,-0.366077821277432,-0.815922445772766,0.184023501093064,0.249183795654431,0.795987156449066,0.728143091378707,0,-0.3018654952055,0.343929444057213,0.250267446406533,0.0926527341279733,0.341413005155242,0,1.81327176027828,0,"CV_done",TRUE,1815,TRUE
10,"nig_indep",162,TRUE,314,0.187803200437741,0.165116087124191,0.203931254890047,0.302809076480352,0.973975371627582,0.828926859804618,0,-0.247432983749659,0.315910109842595,0.233363922639442,0.102182268135135,0.217108839680027,0,5.4169511038065,0,"CV_done",TRUE,1316,TRUE
10,"nig_indep",163,TRUE,295,0.692981289849991,-0.506499332482921,0.192712597036147,0.267769650891381,0.725691953427613,1.02348762563328,0,-0.399455309240364,0.291134433440833,0.210329785726102,0.112899141585955,0.190792902187309,0,3.67400224479812,0,"CV_done",TRUE,1364,FALSE
10,"nig_indep",164,TRUE,315,0.332918565462843,-0.496311651295016,0.25679083759956,0.382792003626905,0.75817874901756,0.89407287083145,0,-0.547163143288367,0.285427334773831,0.188103294521767,0.119290019275621,0.198784855275057,0,1.80386195904679,0,"CV_done",TRUE,1417,TRUE
10,"nig_indep",165,TRUE,437,0.130978167424512,-0.640028408400519,0.251099268543281,0.442810100364362,0.765276487478175,0.913070266324542,0,-0.422297430771298,0.280602906598284,0.15530651854424,0.124291105131209,0.230095373698884,0,1.75396826757325,0,"CV_done",TRUE,1499,TRUE
10,"nig_indep",166,TRUE,391,-0.132460751473174,-0.790116682561333,0.2300243338486,0.445922283424947,0.868996930666664,0.983144992558507,0,-0.109780035363135,0.279138254313757,0.141119016743994,0.128476283191513,0.258742560545758,0,3.5989009492734,0,"CV_done",TRUE,1564,FALSE
10,"nig_indep",167,TRUE,331,-0.375297855073686,-0.478658115820622,0.200999102076741,0.532292448296314,0.834278116678517,0.876327226880989,0,-0.124996318844765,0.300356592167902,0.142896926125921,0.128567482461918,0.295405720632089,0,2.13336412072182,0,"CV_done",TRUE,1678,TRUE
10,"nig_indep",168,TRUE,370,-0.53589517937699,-0.603634144914909,0.167872041613308,0.515941773557432,1.01616176367986,0.794712679734663,0,-0.251094873189248,0.305575834834326,0.180913114703462,0.130411088894078,0.329948656468779,0,1.19530491731509,0,"CV_done",TRUE,1546,TRUE
10,"nig_indep",169,TRUE,262,-0.0801531552639865,-0.562012385264179,0.176985812206466,0.54845999603817,1.18469388981783,0.872044154378666,0,-0.225621728249035,0.342989272659668,0.160457730784072,0.142893799159845,0.435398036964498,0,1.7476553662618,0,"CV_done",TRUE,1327,TRUE
10,"nig_indep",17,TRUE,191,0.0178229792954571,0.053399362293258,0.138057811152575,0.708151862206583,0.154468423764532,0.689150882653812,0,0.548445223793303,0.728358649031398,1.11200155966846,0.0348002350871679,0.265133172259613,0,22.4360111937258,0,"CV_done",TRUE,1014,TRUE
10,"nig_indep",170,TRUE,287,-0.472587249369588,-0.597235043401252,0.195017289933995,0.563876404686244,1.11559017186943,1.15306398703899,0,-0.306722375987046,0.323186381746327,0.150447333683362,0.158225710195252,0.480118686333292,0,1.85942988733451,0,"CV_done",TRUE,1333,TRUE
10,"nig_indep",171,TRUE,423,-0.721661621755223,-0.943068923897073,0.217058991977655,0.468094867760334,1.08362903485436,0.55601329845414,0,-0.570662789921898,0.382248054861816,0.203526301172492,0.175738389279058,0.440755847074038,0,3.60282653211444,0,"CV_done",TRUE,1433,FALSE
10,"nig_indep",172,TRUE,414,-0.261937337181101,-0.237504309922263,0.289710203636821,0.742397147628402,1.10086504118933,0.571521598409848,0,-0.744060884592132,0.520802870834565,0.33222178148989,0.198559955265653,0.449564802365076,0,1.82865419818295,0,"CV_done",TRUE,1518,TRUE
10,"nig_indep",173,TRUE,391,-0.159293955670967,-0.394928927569415,0.370495689866975,0.900641300104234,0.602921656123332,0.79160736196484,0,-1.3268917403895,0.569326906523526,0.354365762079667,0.247182857659953,0.618975768742955,0,3.62560831726977,0,"CV_done",TRUE,1262,FALSE
10,"nig_indep",175,TRUE,141,-0.117339510439488,-0.266388227796332,1.14887348178126,1.23152864673583,0.430532699617161,0.408652615460056,0,-0.944508172742788,1.42551264603928,0.513864453892614,0.281761034101725,0.443742313961658,0,3.07178202470144,0,"CV_done",TRUE,203,TRUE
10,"nig_indep",177,TRUE,202,-0.413753165722541,-0.200766996824148,0.390463835813897,0.258002760269637,0.828795890908735,1.06945733853009,0,-0.41616999949432,0.889189434800822,0.308130949961617,0.228938541073807,0.229022185926364,0,2.20186572710673,0,"CV_done",TRUE,694,TRUE
10,"nig_indep",178,TRUE,278,-0.113406281467231,-0.49250970967497,0.364473995630976,0.260411709410872,0.323504656885158,1.1059260631677,0,-0.362360930405331,1.00030301178803,0.378797806182691,0.162480640479713,0.235223289888307,0,3.51101527628523,0,"CV_done",TRUE,1041,FALSE
10,"nig_indep",179,TRUE,284,-0.52908012286389,-0.498086822498901,0.223087381315205,0.256934157930802,0.805577340245804,1.02133028086945,0,-0.425071936449201,0.655758682220109,0.212697234106442,0.134380443669734,0.323963648254878,0,6.55414214425617,0,"CV_done",TRUE,1358,TRUE
10,"nig_indep",18,TRUE,976,0.0259464831229363,0.195055428613465,0.143630646846241,0.742543125257694,0.10494803208582,0.910584396866117,0,0.438995618243522,0.430398316430777,0.919192605303989,0.0398862601031339,0.321252843965005,0,19.9939805224869,0,"CV_done",TRUE,1466,TRUE
10,"nig_indep",180,TRUE,627,-0.542082346118235,-0.920478608128211,0.236181483219661,0.322833213333336,0.856577507194399,0.375723346679345,0,-0.870655527295863,0.619207072161783,0.277784750702127,0.14791948862828,0.433544301913613,0,3.59969575898239,0,"CV_done",TRUE,1766,FALSE
10,"nig_indep",181,TRUE,204,-0.735785065588185,-0.927664596838136,0.205990827566544,0.436106464643908,0.928905435415514,0.618008210545466,0,-0.861407076285945,0.625340114305416,0.338776944190552,0.173161206097678,0.454391968683504,0,1.8293790810638,0,"CV_done",TRUE,1159,TRUE
10,"nig_indep",187,TRUE,128,0.193402763118769,-0.811195177472991,0.13071228831898,0.506735042712279,1.10773588303451,0.713259611386173,0,0.426086698307788,0.213846077261554,0.402168967627433,0.113427897322895,0.416992629962346,0,2.59844246666189,0,"CV_done",TRUE,483,TRUE
10,"nig_indep",188,TRUE,260,-0.741837357063717,-0.843137185418896,0.141840080667182,0.339553137206869,0.624462212388653,0.516251701407451,0,0.0650353614048638,0.31334195407068,0.255343461191247,0.138878683522379,0.397180949659962,0,3.87753803215645,0,"CV_done",TRUE,981,FALSE
10,"nig_indep",189,TRUE,346,-0.95667446172222,-0.943212294004676,0.185342485317153,0.270106841754731,0.598867202019163,0.606697294169419,0,-0.17359083361105,0.361197606150614,0.18529684238524,0.229117604198562,0.327900331684375,0,2.07808560291926,0,"CV_done",TRUE,1280,TRUE
10,"nig_indep",190,TRUE,452,-0.921071359079153,-1.0151168512649,0.263055229708236,0.250876693391125,0.557381397996922,0.647232726851954,0,0.158170069746825,0.586297705675985,0.226550980609562,0.243804577264458,0.263420991202766,0,2.10185848779149,0,"CV_done",TRUE,1632,TRUE
10,"nig_indep",191,TRUE,616,-0.526643470877036,-0.788704046077991,0.315955873715301,0.292223351339155,0.546259041772899,0.833441842629777,0,0.315269714816829,0.376181418014395,0.202928726164816,0.270033465605368,0.241067373720271,0,1.96826863269011,0,"CV_done",TRUE,1934,TRUE
10,"nig_indep",192,TRUE,351,-0.130824347366646,-0.340417687035422,0.291495057825453,0.304829653856078,1.03788752414765,1.14174219303568,0,-0.123071592058589,0.392504319257232,0.190783581511579,0.283331477537908,0.242499620108709,0,4.30145731779712,0,"CV_done",TRUE,1284,FALSE
10,"nig_indep",196,TRUE,182,-0.309401755588706,-0.590968886655784,0.238943855255247,0.347084258984856,0.858884409770373,0.961186317694957,0,-0.210883007791809,0.516527677954642,0.699919692951658,0.0848788866622106,0.203769812446725,0,3.04677454729875,0,"CV_done",TRUE,854,TRUE
10,"nig_indep",197,TRUE,273,-0.332002881730773,-0.721463197702733,0.247477448836564,0.26859926617514,0.605766320129832,0.958595694629947,0,-0.346587692422408,0.38264043064532,0.313536455583311,0.121982380716433,0.22267438988031,0,3.94600123459266,0,"CV_done",TRUE,952,FALSE
10,"nig_indep",198,TRUE,400,0.00556484827500187,-0.535325952591764,0.283094433545203,0.277376104265209,0.862605539023648,1.36447594313296,0,-0.50301171626439,0.28424541304139,0.214139144960312,0.151122931113395,0.227483691987409,0,3.87404085031538,0,"CV_done",TRUE,1311,FALSE
10,"nig_indep",199,TRUE,434,-0.0259912050334758,-0.613288113187306,0.296143720144264,0.330831899729344,1.21664895867521,0.666685157425791,0,-0.601038512230783,0.314094594094373,0.174480148975776,0.157854800895574,0.227326077314027,0,4.10734596970457,0,"CV_done",TRUE,1660,FALSE
10,"nig_indep",200,TRUE,474,-0.389722978558074,-1.00608638512633,0.263165424036649,0.308717717639424,0.838889469518565,0.590849070156477,0,-0.525970647163942,0.293938955084243,0.185548223533311,0.15063459755907,0.240070052170951,0,9.42048389414946,0,"CV_done",TRUE,1719,TRUE
10,"nig_indep",201,TRUE,442,-0.909980201956142,-0.980439167826964,0.160850590735804,0.358593148497001,0.746497959089393,0.51693157059219,0,-0.198056100180827,0.249691273485852,0.144791363885856,0.135777398983457,0.273283274534309,0,1.93266921096378,0,"CV_done",TRUE,1664,TRUE
10,"nig_indep",202,TRUE,407,-0.755920548599839,-0.89176113545615,0.145412970228283,0.481774226459515,0.722450614792327,0.861496332577537,0,0.01235082558993,0.254740973092945,0.139756129101904,0.126461612351231,0.305525962683086,0,3.95767670080618,0,"CV_done",TRUE,1609,FALSE
10,"nig_indep",203,TRUE,459,-0.643103480420612,-0.610656416071903,0.139269354533463,0.636425069805935,0.861667105275444,0.8469289782592,0,0.155921779351967,0.260465911622515,0.131277016717362,0.115173838535797,0.342378444723531,0,1.96630698031849,0,"CV_done",TRUE,1521,TRUE
10,"nig_indep",204,TRUE,422,-0.375796905239478,-0.54465740958677,0.136968966894797,0.660938921610346,1.09264543511844,0.89729143475141,0,0.337806656593426,0.209631722594717,0.126201497191152,0.126584419144862,0.408907571719009,0,1.92785459856192,0,"CV_done",TRUE,1560,TRUE
10,"nig_indep",205,TRUE,492,-0.459628852125827,-0.518742337555387,0.128547293750923,0.559451395835916,0.976419492425846,0.787353492897533,0,0.314602022548337,0.206000953059046,0.135681033852098,0.142435072514631,0.465472663090705,0,3.8820892415858,0,"CV_done",TRUE,1676,FALSE
10,"nig_indep",206,TRUE,415,-0.292702624059854,-0.905928830443552,0.144493415075986,0.438466752120338,0.941131501067106,0.609596658724919,0,-0.187153433381324,0.224733087179849,0.148131392231397,0.148753570774004,0.478266246663172,0,11.7099829404884,0,"CV_done",TRUE,1663,TRUE
10,"nig_indep",207,TRUE,482,-0.433852953301336,-0.403206480126833,0.196282608424795,0.66142941000986,0.835245044487014,0.498011361070735,0,-0.443408441489939,0.336803721907673,0.232112942561254,0.161257197848607,0.492855523990506,0,1.87216441777017,0,"CV_done",TRUE,1728,TRUE
10,"nig_indep",208,TRUE,551,-0.265946920003664,-0.545305503358265,0.259329998854584,0.782851494591451,0.675048035925234,0.422634450378461,0,-0.908956253757954,0.60337449641763,0.280939860416662,0.192193048565405,0.542111294346709,0,2.05529591414664,0,"CV_done",TRUE,1890,TRUE
10,"nig_indep",209,TRUE,462,-0.27541676018093,-0.862769913821811,0.344023034386565,0.862549044695829,0.52331805587988,0.461621798853515,0,-1.32561843427572,0.578065554356769,0.4081190552737,0.265488082327986,0.719947640575298,0,1.93584740466542,0,"CV_done",TRUE,1642,TRUE
10,"nig_indep",210,TRUE,259,-0.0670185269516201,-0.761468982480905,0.584917816108667,1.35126533741226,0.29114834008106,0.769380872636769,0,-1.40255498247783,0.803353141310421,0.688856712028821,0.384618091803882,0.910523339605884,0,2.05361675739288,0,"CV_done",TRUE,979,TRUE
10,"nig_indep",214,TRUE,100,0.102768280431526,-0.758293736110711,0.247371789753642,0.245504531727575,1.00645282261268,1.07837919724511,0,-0.246319134063006,0.369516529271058,0.35998006657436,0.186040548697224,0.195742320131132,0,4.08653949616408,0,"CV_done",TRUE,473,FALSE
10,"nig_indep",215,TRUE,254,-0.447835566288377,-0.505807335582841,0.18505806071732,0.258460998814258,0.833094130707224,1.18559409565218,0,-0.442984531936826,0.50797370595403,0.203305262057508,0.126979899153953,0.252635638754387,0,1.94113896873262,0,"CV_done",TRUE,1046,TRUE
10,"nig_indep",216,TRUE,431,-0.54607769902311,-0.477666298126572,0.190879115580596,0.306127000246916,0.711505445825786,1.05893382335661,0,-0.634836650240173,0.517020724099333,0.202877850602389,0.143363972063419,0.312556376416335,0,2.05194757594003,0,"CV_done",TRUE,1559,TRUE
10,"nig_indep",217,TRUE,400,-0.767393259928193,-0.587104258082705,0.16612317720031,0.323478337505111,0.715269627543854,1.01424374203541,0,-0.592784731317198,0.649950739576844,0.189897130138437,0.152758427482205,0.359854344617584,0,2.41651356344974,0,"CV_done",TRUE,1409,TRUE
10,"nig_indep",218,TRUE,312,-0.408816045004528,-0.213180221300117,0.240637636440081,0.376296441870064,0.650368896924353,1.22108602090419,0,-0.605170358044505,0.622313872588748,0.169920409036391,0.185803465808117,0.401600373643624,0,2.04948285679022,0,"CV_done",TRUE,1031,TRUE
10,"nig_indep",219,TRUE,226,-0.237381641006852,-0.491771057469789,0.493594353563726,0.434884546392462,0.35594580137467,1.06549490754951,0,-0.542838808112658,1.30409775998976,0.213069085843403,0.274041829107434,0.5189592991086,0,2.02983050180806,0,"CV_done",TRUE,630,TRUE
10,"nig_indep",223,TRUE,173,-0.574853392994074,-0.912227027557153,0.126845787262811,0.364486743289585,1.08699556722078,0.710731042214242,0,0.11408528442628,0.27518883397698,0.340707665379677,0.120193217873326,0.432285093531881,0,3.79127154628436,0,"CV_done",TRUE,616,TRUE
10,"nig_indep",224,TRUE,276,-0.484306150355977,-0.506298643789665,0.16234181878649,0.450376715366743,0.930313492297657,0.84474489976945,0,0.0955615491246082,0.299473401207647,0.286329976534493,0.120619683138215,0.386024250849303,0,1.79539855023225,0,"CV_done",TRUE,1021,TRUE
10,"nig_indep",225,TRUE,373,-0.338032991585839,-0.92411197507218,0.237976177633299,0.286337245322847,0.882857696889212,0.463767527594379,0,-0.211023276054955,0.494069078916891,0.289805303985279,0.127478208248722,0.343512603347512,0,1.84162700898117,0,"CV_done",TRUE,1245,TRUE
10,"nig_indep",226,TRUE,385,-0.22355537905913,-0.840183896532198,0.289870903231856,0.31177562177859,0.81704941358618,0.552275362224831,0,-0.408955490330514,0.515977427701868,0.320370748782622,0.140806209573309,0.314787920368166,0,1.78992876476712,0,"CV_done",TRUE,1627,TRUE
10,"nig_indep",227,TRUE,409,-0.413027210396129,-0.652236670177825,0.256158696182457,0.362617182819871,1.13283093406128,0.663848782467271,0,-0.413204242865797,0.392434134057503,0.249749899814663,0.162619089801269,0.302575143618443,0,1.78542200413015,0,"CV_done",TRUE,1579,TRUE
10,"nig_indep",228,TRUE,339,-0.175564120070309,-0.15879814033495,0.250012582867704,0.461891453221724,0.838499076046709,0.951135949207106,0,-0.498754152459047,0.378459558707617,0.266509984433006,0.185593134273644,0.331991782714509,0,2.93277398116059,0,"CV_done",TRUE,1195,TRUE
10,"nig_indep",229,TRUE,293,-0.174237862409094,-0.173873724484221,0.235566612090352,0.465354233078763,0.802373190169637,0.972768800924094,0,-0.250019414074,0.56773459008105,0.401440850687121,0.17268261911561,0.421335492261385,0,2.17351416435507,0,"CV_done",TRUE,935,TRUE
10,"nig_indep",230,TRUE,120,-0.364123030502617,0.286809099207085,0.187413440118834,0.552950008121322,0.851109106613949,1.04281821760513,0,-0.101815203847709,0.621640163073042,0.604946393989741,0.135096502516245,0.472407174814973,0,1.89174405025111,0,"CV_done",TRUE,413,TRUE
10,"nig_indep",233,TRUE,223,-0.47322564830246,0.302975134145966,0.24295192436534,0.303334761844994,0.794928427878109,1.09585867476132,0,-0.482649048304673,0.260928255204933,0.243371291883691,0.16656015112077,0.357736921709944,0,3.36133855344797,0,"CV_done",TRUE,990,FALSE
10,"nig_indep",234,TRUE,491,-0.0553618705461155,0.105611783420504,0.27556003528035,0.322000719516764,0.998531187082518,1.05970400818998,0,-0.694732353664188,0.214281976355902,0.168574910516366,0.154617644253749,0.353232200684485,0,3.63123747352097,0,"CV_done",TRUE,1717,FALSE
10,"nig_indep",235,TRUE,475,-0.618846886740264,-0.811398129640074,0.259785880431182,0.297087574433471,0.926129773863963,0.840982855811469,0,-0.537988482134718,0.205167003980042,0.13924974943463,0.147678060083372,0.349564802870433,0,1.79281438875805,0,"CV_done",TRUE,1796,TRUE
10,"nig_indep",236,TRUE,315,-0.7791305188129,-0.654199065943389,0.218662788194142,0.39662158166101,0.799613213443168,0.87394247181841,0,-0.278548348580348,0.260478183028938,0.104903686161177,0.130962755834008,0.368786359029842,0,12.1944775167439,0,"CV_done",TRUE,1662,TRUE
10,"nig_indep",237,TRUE,413,-0.652652059992824,-0.515037607974146,0.165714858279082,0.395721242163407,0.492466265319708,0.53343271222525,0,-0.186099592426832,0.378136257645622,0.257281684911842,0.111685287613325,0.333665693954161,0,1.73446726454629,0,"CV_done",TRUE,1557,TRUE
10,"nig_indep",238,TRUE,436,-0.943767091692387,-0.880000437881029,0.122628333445908,0.411746659107506,0.537741176096365,0.600425663866779,0,0.00123909782893718,0.272202251879493,0.09549733840134,0.104661927485367,0.307874143860848,0,3.47904307301122,0,"CV_done",TRUE,1617,FALSE
10,"nig_indep",239,TRUE,320,-0.56998899788548,-0.7688143363842,0.132671403477195,0.498028109710723,0.629479050011624,1.00752879723303,0,0.238730903383726,0.290162826952188,0.0913734252360092,0.0959750662590982,0.301501726484384,0,3.4165181138532,0,"CV_done",TRUE,1648,FALSE
10,"nig_indep",240,TRUE,434,-0.383155635303904,-0.43153877302258,0.117961056432046,0.53659084762497,0.894614412623496,1.04944875436211,0,0.293595546514575,0.277550945114407,0.0894344221628931,0.102673506533265,0.337518326055657,0,6.80599424289333,0,"CV_done",TRUE,1553,TRUE
10,"nig_indep",241,TRUE,437,0.126870757530504,-0.927092320247739,0.121176757438812,0.399319571567206,1.07897383788507,0.783702181833006,0,0.152020505160022,0.344321355257491,0.101967434131454,0.106431521361567,0.351389293789885,0,3.38348218402101,0,"CV_done",TRUE,1541,FALSE
10,"nig_indep",242,TRUE,298,-0.259581146996613,-0.519685331433283,0.124130997711606,0.502776475420411,0.8822482858325,0.703040233166073,0,0.053313987675816,0.395179339132055,0.121064354408793,0.101574985497267,0.395552557709511,0,3.62579313637206,0,"CV_done",TRUE,1483,FALSE
10,"nig_indep",243,TRUE,322,-0.684247820933266,-0.860614601206032,0.0981126380964664,0.453776345372355,0.781849761629523,0.731017021561025,0,-0.178143477630084,0.286842465837598,0.124722990587373,0.11683688984171,0.476924487369551,0,1.81910466339853,0,"CV_done",TRUE,1535,TRUE
10,"nig_indep",244,TRUE,394,-0.416268744116469,-0.692864716479183,0.160762236426734,0.627430801012077,0.629889397532589,0.610100882127606,0,-0.608805059126271,0.404771317064085,0.255378462711674,0.125796653687341,0.563171574070565,0,1.99851990871959,0,"CV_done",TRUE,1595,TRUE
10,"nig_indep",245,TRUE,395,-0.0488987104235924,-0.731926435345553,0.198528229810544,0.642990843612904,0.185263929925426,0.616839510516586,0,-0.349417333237803,0.853837450424866,0.285356751479918,0.106871388641976,0.792109975465541,0,1.82957142432531,0,"CV_done",TRUE,1476,TRUE
10,"nig_indep",246,TRUE,195,-0.0702820481212101,-0.653642324538968,0.191098335251937,0.696906392493276,0.287574457461264,0.976465443528829,0,0.626926857889946,1.1391766073809,0.310934281469418,0.0890524188625654,0.940539842112113,0,2.16120600620906,0,"CV_done",TRUE,795,TRUE
10,"nig_indep",250,TRUE,139,-0.491605901260768,-0.348749857931938,0.109322172844367,0.231804319272543,0.913336515627912,1.16858729826713,0,-0.290838558960044,0.794225829142974,0.138737481816502,0.0671662376063803,0.269310948150861,0,3.60966839649611,0,"CV_done",TRUE,718,FALSE
10,"nig_indep",251,TRUE,392,-0.395449601802416,-0.149159270080446,0.108439118826633,0.322092365837027,0.866241085656644,1.08044167733601,0,-0.304208507422066,0.848361032275496,0.133366683539331,0.0745815368859809,0.290707057794665,0,1.81589783966541,0,"CV_done",TRUE,1316,TRUE
10,"nig_indep",252,TRUE,289,-0.181506348175587,-0.323978741984466,0.162333998769266,0.364208240567093,0.311889178709148,1.12356498619344,0,-0.490719606325987,1.06550565946149,0.11394570634996,0.0644456737102437,0.375803173666121,0,1.74369806145076,0,"CV_done",TRUE,1338,TRUE
10,"nig_indep",253,TRUE,331,-0.0848912545301036,-0.249364371346752,0.30959193293157,0.348445614264625,0.172575072826571,1.14941240410641,0,-0.518056199124881,2.30350517745684,0.102455613057478,0.0533061492278901,0.492912522145051,0,2.43752592798736,0,"CV_done",TRUE,1287,TRUE
10,"nig_indep",254,TRUE,322,-0.0196758254695787,-0.235876430827732,0.436827738029851,0.505672134751911,0.0279668282111034,1.13612787493756,0,-0.807883335610422,0.884757049165641,0.147273268857141,0.145554348127513,0.598990174223805,0,3.3571118434353,0,"CV_done",TRUE,1033,TRUE
10,"nig_indep",255,TRUE,104,-0.26246787833834,-0.595059765719906,0.501355930710189,0.604798867866564,0.609773346182259,0.887584272370987,0,-0.540144187441689,2.8516692005972,0.363691996101137,0.204695116233777,0.600927634416248,0,1.61813693053193,0,"CV_done",TRUE,406,TRUE
10,"nig_indep",257,TRUE,125,-0.722923897240875,-0.330208803111253,0.118830956022251,0.67480947988,0.717181688309972,1.22352536468976,0,-0.0826140175273031,0.917957540691858,1.11684598540065,0.0703159489115695,0.467771864150362,0,3.71382450391573,0,"CV_done",TRUE,387,FALSE
10,"nig_indep",258,TRUE,174,-0.74073810703509,-0.0306838761506277,0.110369450498019,0.53020746562218,0.61368334884765,1.1653465896246,0,-0.12091487534851,0.564339613516212,0.305443752227244,0.0984859157498199,0.536320656827885,0,3.7078900234484,0,"CV_done",TRUE,944,FALSE
10,"nig_indep",259,TRUE,317,-0.411552577960138,-0.444968279924158,0.12944926647821,0.526817308841633,0.915787009514688,0.705873160246458,0,-0.214935059928594,0.361362808252013,0.232179705280536,0.108962835528227,0.480923583922774,0,7.83967749569151,0,"CV_done",TRUE,1235,TRUE
10,"nig_indep",26,TRUE,263,-0.132841853026655,-0.229883146157009,0.132334042693587,0.495879616060721,0.276256659998906,1.06261589913959,0,-0.271821212417615,1.04097442868452,0.480502770360215,0.0422782569583907,0.260610865424025,0,10.1430523843898,0,"CV_done",TRUE,668,TRUE
10,"nig_indep",260,TRUE,320,-0.139935455784205,-0.630379650399367,0.183461544490379,0.523439405853062,0.823170026293952,0.704802000680427,0,-0.403855898727065,0.494780854986181,0.247485788023025,0.103182641626065,0.462336811653573,0,1.8631974752744,0,"CV_done",TRUE,1289,TRUE
10,"nig_indep",261,TRUE,327,-0.102515624488675,-0.445413786866622,0.21235667845906,0.648098155143188,0.761910820388033,0.771463880972028,0,-0.789517493767442,0.414940085835071,0.320245499088989,0.108905468650941,0.408232377706519,0,1.86529629064931,0,"CV_done",TRUE,1282,TRUE
10,"nig_indep",262,TRUE,319,-0.102510073183127,-0.292068120270666,0.216669653159739,0.664324273069471,0.734333433237033,0.861706557706068,0,-0.960434394729056,0.478770140013049,0.402652717793825,0.107027066229377,0.348916406234777,0,1.85101536843512,0,"CV_done",TRUE,1246,TRUE
10,"nig_indep",263,TRUE,393,-0.177638891552149,0.0582115228576664,0.226823339594955,0.755382909114051,0.858083711680642,0.827487505106399,0,-1.31171665508209,0.368209734758041,0.454508211413126,0.113457728005039,0.402776895368871,0,3.99228627480015,0,"CV_done",TRUE,1449,FALSE
10,"nig_indep",264,TRUE,339,-0.197895480234745,-0.0582336669561094,0.196703114895852,0.579060130954894,0.761727972093645,1.06339006497115,0,-0.82759316790807,0.391357793260767,0.345615353030027,0.116027960976079,0.509538655953753,0,3.69484117719034,0,"CV_done",TRUE,1036,FALSE
10,"nig_indep",268,TRUE,358,-0.0404459837315441,-0.4996271629729,0.189910416121285,0.406290608037299,1.19096691293903,0.98076886540714,0,-0.820675278901985,0.226519369044303,0.256940105214564,0.143082501056447,0.448553744844762,0,3.73616921579396,0,"CV_done",TRUE,1235,FALSE
10,"nig_indep",269,TRUE,366,0.140394316514478,-0.240725623539228,0.206821928519179,0.425153445246223,1.14935024801873,1.0495173584748,0,-0.711228010600602,0.230614063345067,0.263480371461504,0.121728336133804,0.477482066740575,0,3.71998910307608,0,"CV_done",TRUE,1547,FALSE
10,"nig_indep",270,TRUE,422,-0.111620424087456,-0.00548236500612841,0.240364444091731,0.435117322187119,0.778506809018584,1.13947132538917,0,-0.57590313072063,0.278995444957555,0.260946473809643,0.106063950594645,0.51004181122933,0,3.71820748522878,0,"CV_done",TRUE,1467,FALSE
10,"nig_indep",271,TRUE,398,-0.302480713457127,0.278463741946644,0.221815540363035,0.470159039283969,0.791684880461609,0.956812946428293,0,-0.338761706512939,0.266251970527196,0.192878562745025,0.104869175262905,0.482516073222684,0,12.2409572557608,0,"CV_done",TRUE,1323,TRUE
10,"nig_indep",272,TRUE,395,-0.548685947565657,-0.428618258737219,0.178414439170856,0.486104064720452,0.853350570758836,0.954678497716378,0,-0.187668151626562,0.310609586601873,0.183353494238981,0.104613169727156,0.415631258678322,0,2.94419339809153,0,"CV_done",TRUE,1302,TRUE
10,"nig_indep",273,TRUE,301,-0.405380381865722,-0.556603344892646,0.159763741955744,0.439861007559685,0.834036536046685,0.86400692730245,0,0.0852912986668598,0.430942919822158,0.172815668729659,0.0951739225472379,0.361728097125565,0,4.08580209924115,0,"CV_done",TRUE,1188,TRUE
10,"nig_indep",274,TRUE,264,-0.194365429235301,0.0269804908668921,0.156654983482671,0.501031588334895,0.890633096512714,1.07001548827453,0,0.19206055608574,0.451368975481505,0.14237064565062,0.0936674449593226,0.358563986523525,0,3.68426626834329,0,"CV_done",TRUE,1052,FALSE
10,"nig_indep",275,TRUE,230,-0.281487086309138,-0.198030570535387,0.16527906608842,0.554482540460517,0.903618803973461,1.08144123083622,0,0.446641385814942,0.63748664227242,0.171278896921388,0.083246490263789,0.382187222084744,0,3.70980342430373,0,"CV_done",TRUE,1057,FALSE
10,"nig_indep",276,TRUE,254,-0.636133308272855,-0.19736518078222,0.13854886563149,0.508594433219654,0.90413061466449,0.930828456407044,0,0.466889607932324,0.574058383162331,0.159114533709601,0.0787712156394849,0.378664464540376,0,4.92416967305872,0,"CV_done",TRUE,1014,TRUE
10,"nig_indep",277,TRUE,372,-0.622329039147217,-0.136272366439504,0.116726580928825,0.446071643778259,0.887029576105194,1.10576940757245,0,0.605912175083822,0.4937741647597,0.163173857394475,0.0668888944679953,0.432883629174235,0,1.75512738062276,0,"CV_done",TRUE,1160,TRUE
10,"nig_indep",278,TRUE,354,-0.244597987548693,-0.092784657609849,0.121348857537036,0.411854980890547,1.04183632239257,1.26151250351358,0,0.633163499833008,0.486725019026681,0.163251654084563,0.0529498139009174,0.55104089174576,0,3.5775894986093,0,"CV_done",TRUE,1447,FALSE
10,"nig_indep",279,TRUE,399,-0.119290322236468,-0.203506948857462,0.133685742074138,0.603166881397527,0.84503320604705,0.8525120438019,0,0.749375901992514,0.693574395702473,0.287207253281137,0.0536150011515213,0.665119039360033,0,1.86032661954562,0,"CV_done",TRUE,1331,TRUE
10,"nig_indep",28,TRUE,161,-0.186897391305197,0.305995629994136,0.166331286374921,0.549597225349016,0.228814566301639,0.885073865892951,0,-0.919483685438925,1.03413199582221,0.37955000893406,0.0374807521823713,0.24714577483377,0,5.25896989006963,0,"CV_done",TRUE,751,FALSE
10,"nig_indep",280,TRUE,153,-0.324774411594185,-0.340377591999215,0.149796145821289,1.15056900276012,1.01624430541973,0.796775046284345,0,0.689776746371113,1.00959509392986,1.72025128501907,0.0646542034134838,0.620233104044869,0,3.57293672733009,0,"CV_done",TRUE,603,FALSE
10,"nig_indep",283,TRUE,151,-0.107701073228219,0.0114857100310178,0.248135770626465,0.481533347039543,0.53543571140773,1.08391511256899,0,0.534946273654625,1.53127784670198,0.19432363012985,0.0938439146564589,0.471587915804973,0,3.57652845472097,0,"CV_done",TRUE,704,FALSE
10,"nig_indep",284,TRUE,411,-0.142751283710347,-0.497475887418816,0.188843561187335,0.454443353238183,0.430006429645848,0.993560084383088,0,0.717551767820419,1.43939513245335,0.195522701287375,0.0710577831412596,0.513662713110277,0,3.93115356995828,0,"CV_done",TRUE,1436,FALSE
10,"nig_indep",285,TRUE,282,-0.0961175497915371,-0.0662061086738092,0.140411834062274,0.536271238119474,0.427226359520617,0.912228374712781,0,0.499413622525642,1.08008341055104,0.334596045608964,0.0595314393795086,0.524749999114997,0,2.14923197713163,0,"CV_done",TRUE,1342,TRUE
10,"nig_indep",286,TRUE,302,0.129273574952121,-0.125186371833144,0.110526808603219,0.469282530132883,0.953969611386233,1.07045400243627,0,0.526894956375516,0.837701835728864,0.101651194916557,0.0582519008807226,0.536347830244443,0,3.80502883851528,0,"CV_done",TRUE,1180,TRUE
10,"nig_indep",287,TRUE,437,-0.00404458481652037,-0.198341775239286,0.13654182156813,0.500324442096876,0.853080562820965,1.01169564605378,0,0.445678079025906,0.936098399048775,0.273959328497401,0.0689400280018681,0.563495331887011,0,3.68868928834796,0,"CV_done",TRUE,1370,FALSE
10,"nig_indep",290,TRUE,320,-0.13965596329615,-0.00161232022149292,0.121400595962405,1.1060767645381,0.17348778097864,1.29601810392142,0,0.100036138382969,1.34939139306903,1.15578477134645,0.0509864071072703,0.516850753167288,0,3.81185571679914,0,"CV_done",TRUE,910,FALSE
10,"nig_indep",291,TRUE,272,-0.0552161777950061,0.192555649689931,0.159034785456936,0.738529416766423,0.0668973721172586,1.2552682836886,0,0.11025771420379,1.06715957272505,0.483288413390584,0.0716633428575332,0.668643819349242,0,3.74549597564671,0,"CV_done",TRUE,1124,FALSE
10,"nig_indep",292,TRUE,309,-0.10613697498022,-0.0784037469033063,0.131843791560545,0.683458861865002,0.239431895139992,0.971791593321277,0,-0.147683807204391,0.788556690713593,0.243401020285014,0.0750376733739089,0.647042164839022,0,1.92513024177816,0,"CV_done",TRUE,1164,TRUE
10,"nig_indep",293,TRUE,281,-0.364371783129423,-0.398387324999106,0.125089434590233,0.638506658412311,0.853958328296967,1.20193090572629,0,-0.0612004370053737,0.931857843757498,0.220787614775058,0.0776032820809107,0.641474974955321,0,3.772477048859,0,"CV_done",TRUE,1165,FALSE
10,"nig_indep",294,TRUE,332,-0.236783883185578,-0.0262797090662452,0.158212203368259,0.68300298047771,0.654789947022534,0.921396133714908,0,-0.0432237642904333,1.07493428882305,0.361339099954448,0.0857526021369517,0.558149927540263,0,3.81684230889987,0,"CV_done",TRUE,1225,FALSE
10,"nig_indep",295,TRUE,380,-0.0914356352016781,0.0781433171137559,0.20276398020906,0.696215324860183,0.806248208766669,1.16910578333345,0,-0.0751381111854746,1.08539346127605,0.458100881300852,0.0715559884654495,0.473829523746224,0,3.80410466425397,0,"CV_done",TRUE,1558,FALSE
10,"nig_indep",296,TRUE,390,-0.0601276462405871,0.325949035641451,0.247238589081697,0.758496047951358,0.267317813488011,1.04465027881005,0,0.2717805179621,1.2307272884393,1.02466906684985,0.0617670393258732,0.449540287457549,0,3.7898344983602,0,"CV_done",TRUE,1575,FALSE
10,"nig_indep",300,TRUE,249,-0.712054260517077,0.336496223079157,0.0798758421798184,0.726074114703938,0.79445181416087,0.993614394239305,0,0.0297092077309224,0.251304143697424,0.672785942325387,0.0941572745223366,0.713478518493493,0,3.79948105302398,0,"CV_done",TRUE,848,FALSE
10,"nig_indep",301,TRUE,296,-0.145917322920352,-0.0844182961424832,0.134865599997878,0.721138564589591,0.298261521525597,0.865213105261646,0,-0.299495653948564,0.434778989720469,0.367586554612999,0.078466278213188,0.618262666076426,0,3.82659433308575,0,"CV_done",TRUE,1269,FALSE
10,"nig_indep",302,TRUE,301,-0.301949649630462,-0.445206027197442,0.152280855539726,0.506461543447609,0.868314854604714,0.926803673778433,0,-0.303637615124946,0.515649004363604,0.211139270353388,0.0775240472315838,0.643660599938061,0,5.12281792912218,0,"CV_done",TRUE,1089,TRUE
10,"nig_indep",303,TRUE,260,-0.186348256476222,0.0672451981321696,0.160462160733627,0.508494447737004,0.869342767664185,1.11397860517385,0,-0.182469984600655,0.384309106606572,0.157690273640812,0.082943086682274,0.689885281498767,0,2.00852674318684,0,"CV_done",TRUE,1192,TRUE
10,"nig_indep",304,TRUE,329,-0.143361392579103,0.254113223538716,0.159256463017727,0.537681948292524,0.809532515337483,1.07575629800867,0,0.127811563253339,0.589871544252864,0.161121242240245,0.0802790152029646,0.64556466028537,0,1.9017356055975,0,"CV_done",TRUE,1105,TRUE
10,"nig_indep",305,TRUE,174,-0.127622800842228,0.151897521003107,0.151106684378958,0.577689483586238,1.10611613628259,1.20049899546116,0,0.343291220985252,0.59491980363201,0.184349183657768,0.0867499583496032,0.602654572892915,0,3.78591022434334,0,"CV_done",TRUE,958,TRUE
10,"nig_indep",306,TRUE,189,-0.188017768914365,0.097627493564813,0.183717667404018,0.667174141067618,1.14243568197851,1.10390198701986,0,0.461360681055635,0.86846214153543,0.217169216337736,0.086760577813173,0.599263122739346,0,3.84917698130287,0,"CV_done",TRUE,856,FALSE
10,"nig_indep",307,TRUE,240,-0.115305660463425,-0.0471900600969954,0.191093655362303,0.755851119237751,1.1433211058199,1.11743016083622,0,0.492300461920718,0.706536114238718,0.208568243526188,0.095425557212075,0.575632995900209,0,3.02294564021958,0,"CV_done",TRUE,745,TRUE
10,"nig_indep",308,TRUE,240,-0.104588003624306,-0.109624068369895,0.167910446577783,0.698851186856605,1.06178397945685,1.14091760995418,0,0.688113389016325,0.804522873994227,0.16543686828869,0.0913196387202777,0.618568626687326,0,3.78652947630043,0,"CV_done",TRUE,861,FALSE
10,"nig_indep",309,TRUE,253,-0.0678485578958093,-0.0859600589622982,0.147330986733514,0.679606825864984,0.782914203436786,1.11088824793594,0,0.980445901106486,0.661504315711906,0.139047993024245,0.0705154347913949,0.660832878889227,0,5.50018630603949,0,"CV_done",TRUE,968,TRUE
10,"nig_indep",310,TRUE,246,-0.0568395893019,0.429494058838309,0.134652941359211,0.621789548209893,1.1046487335869,0.98901874342683,0,0.832764212912152,0.877023164649464,0.485376371638822,0.0562182107320085,0.647861193109866,0,3.98071061260998,0,"CV_done",TRUE,1043,FALSE
10,"nig_indep",311,TRUE,282,-0.0321801186801372,-0.786239173504589,0.136392842250962,0.546511229132954,1.30011779614887,0.479254945545539,0,0.910307114959812,1.08123357653142,0.249038566998433,0.0696631859166956,0.705020471584583,0,3.64729091031684,0,"CV_done",TRUE,888,FALSE
10,"nig_indep",314,TRUE,376,-0.135806055411812,0.172581615226799,0.5406740441597,1.0601175025248,0.278256942181026,0.579385464891538,0,0.459353581341466,2.38945681407171,1.17221857597164,0.107401910019785,0.600612728129067,0,4.29302588383357,0,"CV_done",TRUE,964,TRUE
10,"nig_indep",315,TRUE,378,-0.167709685581746,0.413300840993423,0.228741208722966,0.683749124809794,0.569981479121431,1.03850838070581,0,0.754907824429604,1.18430104386216,0.510699672741596,0.0878124062224092,0.66271312709392,0,23.3886028979222,0,"CV_done",TRUE,1458,TRUE
10,"nig_indep",316,TRUE,391,-0.0362293334269515,0.287624761876368,0.165090300874911,0.70477197054402,0.580399124364099,1.16830704915015,0,0.657210698473821,1.05942334662619,0.428023262905284,0.0755627011185784,0.675548681141875,0,3.66509297453143,0,"CV_done",TRUE,1442,FALSE
10,"nig_indep",317,TRUE,456,0.0511712757514507,0.187305357580402,0.150774292622489,0.809798959317079,0.745488864711851,1.27949883069229,0,0.989151395006913,0.917490482703429,0.467692879632306,0.068099703822607,0.576648996228593,0,3.81275909196723,0,"CV_done",TRUE,1307,FALSE
10,"nig_indep",318,TRUE,416,-0.0621705417100446,0.584398546998121,0.190185766154734,0.822216513403757,0.301033404641968,0.824305140553534,0,1.19720875770173,1.04024378006398,0.661771372204604,0.0686661478917276,0.524403084557497,0,3.77487730503082,0,"CV_done",TRUE,1669,FALSE
10,"nig_indep",319,TRUE,321,-0.0900976378421687,0.0688750170695481,0.208236672310324,1.11284496030689,0.187995663980373,0.365531761532836,0,0.740211941924299,1.17441078765159,1.11170696020467,0.0649057643308433,0.46809761461359,0,2.08380128602187,0,"CV_done",TRUE,1113,TRUE
10,"nig_indep",32,TRUE,761,-0.0252295404858332,0.201963946875343,0.430503566305449,1.265498554558,0.0566335223489695,0.381415034204866,0,1.12570871806042,1.16547799330842,0.968347806992108,0.036813221892706,0.267034999071491,0,7.7547995338175,0,"CV_done",TRUE,1325,TRUE
10,"nig_indep",320,TRUE,498,0.00212824284756203,0.287995689252362,0.23215480986106,1.39161999050715,0.0449777845086731,1.02558705993649,0,1.00518881232401,0.980100901144887,1.07008091144825,0.0757293726660578,0.712592523731834,0,4.3989665819401,0,"CV_done",TRUE,1035,FALSE
10,"nig_indep",321,TRUE,416,-0.00101806807331058,0.226049976494373,0.270323095667028,1.3285265900122,0.0181084033888798,0.899963452221386,0,0.990038619545506,1.04741135256721,1.02378114011929,0.0529848843668033,0.530467273455244,0,4.07540565008091,0,"CV_done",TRUE,1333,FALSE
10,"nig_indep",322,TRUE,379,-0.00741923714550843,0.395891540967242,0.434036560350274,1.47870103674177,0.00994557489817823,1.19441247158602,0,1.39544507932023,1.05357048293926,0.967643177944706,0.0313925638159527,0.545226742273576,0,3.84642501929568,0,"CV_done",TRUE,1149,FALSE
10,"nig_indep",323,TRUE,292,-0.0107079876538229,0.325795916033065,0.356606799059337,1.42690326647629,0.0529559401395205,1.16970080689379,0,1.03643123152984,1.10807429613143,1.07091840269904,0.0327896448582778,0.382566238503393,0,11.5399031641086,0,"CV_done",TRUE,1286,TRUE
10,"nig_indep",324,TRUE,375,-0.00205008815688821,0.218983735252719,0.264906428709358,1.20678307553211,0.198749578608565,1.21365253566292,0,1.12442281484599,1.21591823238781,0.905589189663404,0.0511303273197076,0.464759364799473,0,21.1053940961758,0,"CV_done",TRUE,1336,TRUE
10,"nig_indep",325,TRUE,469,-0.00863487404049069,0.292103882753342,0.28063434915763,1.10304900945419,0.143482509537969,1.28388469161193,0,1.27140158509543,1.35375498074553,1.0100185262115,0.0358601300389788,0.41684006833843,0,4.41156030591439,0,"CV_done",TRUE,1519,FALSE
10,"nig_indep",326,TRUE,596,-0.00966346627826651,0.238969811046052,0.311682524242168,1.05224023270643,0.116142872635244,0.671324485887489,0,1.47075258956151,1.47642548399342,1.05017404395229,0.027297054391243,0.368784643039431,0,4.50250669584506,0,"CV_done",TRUE,1747,FALSE
10,"nig_indep",327,TRUE,502,-0.043366324699225,0.201027765122566,0.199329867971667,0.818972669351607,0.214522794040973,0.6497592320031,0,1.32102208490132,1.31159437431667,0.953596764215755,0.0557652274364836,0.410359222157142,0,4.38095875887959,0,"CV_done",TRUE,1428,FALSE
10,"nig_indep",328,TRUE,573,0.0361995628268459,0.287285591023894,0.155927943456025,0.651520619445149,0.594046172388084,1.06989910027519,0,1.31867388168772,1.03407422818969,0.773695576662424,0.0615771683035331,0.446512416477656,0,4.39380061022385,0,"CV_done",TRUE,1306,FALSE
10,"nig_indep",329,TRUE,362,0.0527064611121057,0.182530156919281,0.174051364475201,0.975605171824152,0.491846822570383,0.704459380076852,0,0.858361474200247,1.15468174193235,1.1423288803082,0.0690147224301319,0.46937309144647,0,14.0128845657905,0,"CV_done",TRUE,1452,TRUE
10,"nig_indep",33,TRUE,969,-0.00900190021872769,0.0335948280151248,0.376589631847835,1.38857902558481,0.0140412013553162,0.196318791274913,0,1.65352401887031,1.35043450632383,0.865738574305165,0.0317695777243506,0.273955271727462,0,5.2938413984025,0,"CV_done",TRUE,2179,FALSE
10,"nig_indep",330,TRUE,573,-0.0368012674771345,0.750751000389158,0.133487005184324,0.843714979240126,0.39608492921022,0.649114237401677,0,1.22817806524134,0.702272095390453,0.460325162571917,0.0674505902833114,0.67644382779084,0,2.4043292712503,0,"CV_done",TRUE,1440,TRUE
10,"nig_indep",331,TRUE,144,-0.0930339710541181,0.618057288578279,0.139599034566058,0.95074870739079,0.504695363355161,0.961129619644371,0,0.783100519440967,1.12545079963809,0.870195733424247,0.0474435788297382,0.613434879820977,0,4.12316298718254,0,"CV_done",TRUE,956,FALSE
10,"nig_indep",332,TRUE,375,-0.0522655943468329,0.0851153644652834,0.149549870983264,0.83863063040529,0.863872399599989,1.11857601280003,0,0.589523720450172,1.04828550668204,0.560270212697081,0.0534182239820493,0.698326151050096,0,5.08186977161302,0,"CV_done",TRUE,1247,TRUE
10,"nig_indep",333,TRUE,431,-0.0270401189319633,0.640005028534784,0.127932737866877,0.585529347975898,0.276110079208837,1.26217661262993,0,0.652534458871201,0.9407533378253,0.247550046917338,0.048151428526483,0.679780669360227,0,4.45479477442249,0,"CV_done",TRUE,1393,FALSE
10,"nig_indep",334,TRUE,392,-0.00587276009567334,0.935622211892345,0.129922877612507,0.49353807023035,0.113720024440913,0.860967781247677,0,0.709193175401286,1.21990690619136,0.305738358201146,0.0447097049182666,0.660219507197569,0,4.43339960405672,0,"CV_done",TRUE,1227,FALSE
10,"nig_indep",335,TRUE,308,-0.00760752024154793,0.640795460064701,0.124876841542244,0.582130869425258,0.169658628362542,1.09078333628786,0,0.416445701811667,1.0805662506061,0.263935875487819,0.0471370360480421,0.603613441495005,0,1.49228500318196,0,"CV_done",TRUE,969,TRUE
10,"nig_indep",336,TRUE,181,-0.0129174763805512,0.308775944699999,0.129647738581828,0.753405138462858,0.0750636190341916,0.845255399723257,0,0.409972428966206,1.04004444204931,0.349293246803655,0.0503776675933911,0.580431691266227,0,4.3494196175977,0,"CV_done",TRUE,794,FALSE
10,"nig_indep",337,TRUE,289,0.0168709006819163,0.128659917006759,0.120373775694757,0.618938406325405,0.0433629934646279,1.08257345343207,0,0.188891882960388,0.905860747032751,0.274096956379667,0.0509979701782598,0.716159209738923,0,4.14038079310071,0,"CV_done",TRUE,976,FALSE
10,"nig_indep",338,TRUE,346,-0.00171930993523675,0.307859973333998,0.0954575783671552,0.593484551196445,0.0985091631949815,1.12510797496408,0,0.351615706905404,1.08560619577457,0.416097024599866,0.0384673789171304,0.76759202834896,0,10.430360074838,0,"CV_done",TRUE,1051,TRUE
10,"nig_indep",339,TRUE,302,-0.0149285484545681,-0.167939245401713,0.205355708223596,0.623159408382479,0.0590753711718768,0.674518338748518,0,0.0879266839261149,1.88009855453772,0.390779126767247,0.0530419240224992,0.747714021037839,0,4.09695644161767,0,"CV_done",TRUE,746,FALSE
10,"nig_indep",34,TRUE,492,-0.0438877883477367,-0.0744875188409801,0.116962732573245,0.620585146854843,0.182323426285013,0.328714081081262,0,0.833093907444081,0.809486739962114,0.935394691183168,0.0316710172946166,0.262347542875825,0,5.3506654228822,0,"CV_done",TRUE,1514,FALSE
10,"nig_indep",341,TRUE,332,0.0188914059217397,0.127531766605205,0.649277064578264,1.63539444351454,0.169127340614449,0.881160313946878,0,0.458944016884844,2.33314848334034,1.54184731408227,0.101838645287977,0.646423602148525,0,7.23424421462748,0,"CV_done",TRUE,924,TRUE
10,"nig_indep",342,TRUE,416,0.0162232960050992,0.450593137859917,0.437757985951405,1.21077774714363,0.131999104913184,0.882493066457303,0,0.968713764092899,1.61001520924106,0.79933959271106,0.0822188723259293,0.680055460741455,0,4.08538471771611,0,"CV_done",TRUE,1634,TRUE
10,"nig_indep",343,TRUE,474,0.0896344673275048,0.533860356601146,0.184023302051472,0.9228703407818,0.782649959169444,1.11451650353184,0,0.862928964453554,0.906221522501685,0.815763051266942,0.0719312496394563,0.579946669995182,0,2.01003755463494,0,"CV_done",TRUE,1493,TRUE
10,"nig_indep",344,TRUE,246,0.104969392820463,0.538797945994691,0.140008280663148,0.761072330375772,0.768174094751402,0.952655370247367,0,0.760735511433451,0.887819618902266,0.761536043014336,0.0637672338025621,0.564232008722519,0,2.07473533425066,0,"CV_done",TRUE,1349,TRUE
10,"nig_indep",345,TRUE,420,-0.0261119365461769,0.491736835709874,0.22522162487887,1.04584515087849,0.0885702066948921,1.14301153624666,0,1.19704935989501,1.12693624365543,0.839266007582086,0.0558443976470598,0.460702516812869,0,4.00432617654955,0,"CV_done",TRUE,1731,FALSE
10,"nig_indep",346,TRUE,596,-0.042683290432612,0.0952753052315606,0.27107544862962,1.43018116671598,0.0950972650234879,0.265326571564605,0,0.929856684915645,1.17847681980348,1.1695483554054,0.057194738660691,0.424596293510395,0,2.06548487166564,0,"CV_done",TRUE,1472,TRUE
10,"nig_indep",347,TRUE,361,-0.00505207141672128,0.0654298808209285,0.254418444341312,1.28135248156087,0.0501265629597284,0.28275320085314,0,0.856649559191713,1.24592736941702,1.19090391449911,0.0515921376940575,0.452688965719435,0,8.22253460215198,0,"CV_done",TRUE,1009,TRUE
10,"nig_indep",348,TRUE,350,-0.0059948939346773,0.0839226113668596,0.330722317149484,1.25888062348352,0.00770111700198424,0.99252056215125,0,1.33080956911926,1.01978170164874,0.970180064035616,0.030276893450728,0.420583758990848,0,4.40292588562325,0,"CV_done",TRUE,1113,FALSE
10,"nig_indep",349,TRUE,343,-0.00526207927135165,0.152702180350363,0.38109060506775,1.38771013983092,0.0118780749125841,1.12157777743773,0,1.02929273451607,1.04809318162022,1.23700919499524,0.0123423815301114,0.189707817649705,0,5.60551837702592,0,"CV_done",TRUE,1183,TRUE
10,"nig_indep",350,TRUE,667,0.00574881158574163,0.169101023710173,0.357658440913367,1.40811100982352,0.0296865143898131,1.15040159908043,0,1.10631926686751,1.13652250975637,1.22925348376686,0.023257161296166,0.278085064099793,0,4.85226355897056,0,"CV_done",TRUE,1394,TRUE
10,"nig_indep",351,TRUE,345,-0.00216124637931983,0.265093669037979,0.193485912694974,1.05172204476202,0.132717086559046,1.04883676961122,0,0.955275902004107,1.43699165997662,1.09882894288573,0.0339847858945292,0.398105049861098,0,4.36448132484048,0,"CV_done",TRUE,1138,FALSE
10,"nig_indep",352,TRUE,387,-0.110954801677573,-0.0286859747827542,0.192365575578071,0.718742724108842,0.411391912461852,0.516002279715945,0,0.375872790437308,0.522491916998622,0.524087479852867,0.0322090099409286,0.360341113626958,0,50.0305389722188,0,"CV_done",TRUE,517,TRUE
10,"nig_indep",353,TRUE,371,-0.0281409221033991,0.0545718140756703,0.13443303685706,0.759573793110371,0.372474426843046,1.06291568386605,0,0.94008621207698,0.70997792247101,0.572099483708122,0.0269019888567708,0.336997689961594,0,3.13572802378072,0,"CV_done",TRUE,1407,TRUE
10,"nig_indep",354,TRUE,499,0.017875095277756,0.0845884501853532,0.170547664698223,1.09917795873693,0.104669401265985,0.825326913721841,0,1.56210113699924,0.948305731299526,0.774454385315642,0.0505696419379046,0.381246674117469,0,4.51618891982845,0,"CV_done",TRUE,1712,FALSE
10,"nig_indep",355,TRUE,717,0.0045420112997086,0.115571898573536,0.188905167559016,1.16837965391059,0.32080860775715,0.997702483386448,0,1.53256170102112,0.96118850544165,0.825895369847205,0.0624807867540439,0.423231247325624,0,4.41611701635299,0,"CV_done",TRUE,1805,FALSE
10,"nig_indep",356,TRUE,346,-0.0856005232304884,0.437884005172265,0.134728966691948,1.16236010868913,0.524775725864079,0.734192443477965,0,1.50711815687643,0.946143945741745,0.5904247623033,0.0547390919240337,0.457717300218754,0,4.37823695696614,0,"CV_done",TRUE,1368,FALSE
10,"nig_indep",357,TRUE,500,0.0378100830899242,0.360193179952129,0.127640744913262,0.964941196196565,0.279953374565486,0.992490645680608,0,1.1986003892999,1.00866417280596,0.386657460075179,0.045869743916626,0.56359204617897,0,4.37518038912228,0,"CV_done",TRUE,1470,FALSE
10,"nig_indep",358,TRUE,464,0.0888084728050399,0.297078133802738,0.0991761600011493,0.82391876547011,0.504418891428472,1.19895928080861,0,0.486911451740935,0.8583250387642,0.539490506036784,0.0350792456986383,0.602369467590657,0,2.11773054725594,0,"CV_done",TRUE,1471,TRUE
10,"nig_indep",359,TRUE,349,-0.00321780336869551,0.532137972457578,0.106599136453334,0.710829485140382,0.214258602475968,1.01476628970999,0,0.453276011047367,1.0029703953551,0.359010725764768,0.0214549117212174,0.692702607970125,0,4.42893136674883,0,"CV_done",TRUE,1146,FALSE
10,"nig_indep",360,TRUE,333,0.00532349976756247,0.746780486290153,0.0866522859748795,0.646647019304041,0.166100155421683,1.02634688132775,0,0.501068440794541,0.796859987805683,0.362109518946157,0.021996226786126,0.575766693093227,0,2.34015254001651,0,"CV_done",TRUE,1020,TRUE
10,"nig_indep",361,TRUE,250,-0.0323943550476739,0.573522110740338,0.0624172323311782,0.534544898701383,0.446005818054748,0.916191196500809,0,0.135658035733078,0.732032003852264,0.379353099050032,0.015479483014227,0.498100966786639,0,3.92030057125621,0,"CV_done",TRUE,983,TRUE
10,"nig_indep",362,TRUE,300,-0.119742230514235,0.0941146966891016,0.0489523457519668,0.497743349390914,0.337693431716863,1.10125821833945,0,-0.157955081960661,0.728368765383484,0.387290165384314,0.0137903938418129,0.570447569719028,0,2.21262381388081,0,"CV_done",TRUE,1024,TRUE
10,"nig_indep",363,TRUE,229,-0.0329480068101119,0.0271630625440604,0.129420287784817,0.458273011939854,0.0155102223217071,1.09677439686924,0,-0.379218173797423,1.30029553323962,0.325890594028785,0.0238570088087262,0.564471151938604,0,4.43289491691523,0,"CV_done",TRUE,745,FALSE
10,"nig_indep",365,TRUE,446,0.0137122828988692,0.14503139874469,0.463728066743972,1.74190842016898,0.0257297116397436,0.569926963336694,0,1.03937406846904,1.22921141005212,1.18077570288333,0.0329453931489071,0.534152907908188,0,4.46384440289603,0,"CV_done",TRUE,1318,TRUE
10,"nig_indep",366,TRUE,472,0.0207670632071332,0.473094447330743,0.240849127221685,1.18672520344505,0.0926615538438534,1.41972277135697,0,0.941193496870476,1.11029092854304,0.87641354223538,0.0391742614503104,0.414633038738142,0,4.81505889392009,0,"CV_done",TRUE,1464,FALSE
10,"nig_indep",367,TRUE,401,0.0211808479403156,0.468252830337223,0.144168523184117,0.83577426646872,0.261745617209988,1.13262227498875,0,0.688658258362111,0.905370209969801,0.737835679764091,0.0344627315047585,0.384745503441703,0,7.06040661566787,0,"CV_done",TRUE,1177,TRUE
10,"nig_indep",368,TRUE,422,-0.0335229806436942,0.331844506902738,0.125169446718362,0.809845278931609,0.228217506216008,0.922097078480685,0,0.59768864635531,0.816143600737908,0.838165135660782,0.0242587959600105,0.328896850552476,0,3.27906082246039,0,"CV_done",TRUE,1182,TRUE
10,"nig_indep",369,TRUE,412,-0.0163465282679825,0.0891610807475648,0.265061428078384,1.31405918652947,0.0260614354793254,0.254315376778572,0,1.00974159681329,1.02744142622347,1.15585993364754,0.0404913505960076,0.342644537600406,0,5.14654570754755,0,"CV_done",TRUE,1114,FALSE
10,"nig_indep",370,TRUE,145,-0.386407123935044,-0.0189510428634269,0.0727333122923499,0.574623102120843,0.605714399963251,0.971840131190586,0,-0.0094929213789228,0.638051457232393,0.914654707948889,0.0334495544228477,0.278801987466425,0,6.58949998557292,0,"CV_done",TRUE,393,FALSE
10,"nig_indep",371,TRUE,125,-0.0320873558529704,-0.00526265787029535,0.0780704764594439,0.501415946225454,0.127185239536174,1.07672625546961,0,0.0401064542360126,0.809805973609031,0.834244132556632,0.0138295332361823,0.26848631478544,0,5.1672013422626,0,"CV_done",TRUE,539,FALSE
10,"nig_indep",372,TRUE,201,-0.0244528018739829,-0.0660177747984939,0.102470658611776,0.849295180077569,0.13175496436223,0.584818766290048,0,-0.0266272265706613,1.03663841434116,1.78511085324482,0.0122623506431797,0.255808606889305,0,6.27877047532135,0,"CV_done",TRUE,730,FALSE
10,"nig_indep",373,TRUE,293,-0.0687949122115492,-0.0950517852664877,0.372576497505208,0.737498964720963,0.0124056993958954,0.970017572342403,0,0.0448849037537464,1.50505394852625,0.522347411995667,0.0486558401773951,0.395374867460052,0,1.56133063601123,0,"CV_done",TRUE,353,TRUE
10,"nig_indep",374,TRUE,491,-0.421151711108291,0.0494650092331043,0.137669010313356,0.453573972124522,0.442297135662991,0.505591679992185,0,0.245622653793942,0.418175373518038,0.309002713180488,0.10876922849171,0.537809826963503,0,56.524520333608,0,"CV_done",TRUE,576,TRUE
10,"nig_indep",375,TRUE,394,-0.00239846849358643,0.0158833879675414,0.145228547821905,0.847592787430875,0.0289222522772942,1.26040238816872,0,0.779406168899515,0.93910607202857,0.85973898131444,0.0241113515112572,0.400684026755518,0,4.73600973223646,0,"CV_done",TRUE,994,FALSE
10,"nig_indep",376,TRUE,421,0.00529722275750129,-0.195470731217145,0.163799589986502,0.98684694367474,0.365821185233033,1.49681056714089,0,0.989101793666111,1.08608193482751,1.04742239607099,0.0407606617458711,0.344483984040778,0,5.27352044351399,0,"CV_done",TRUE,1152,FALSE
10,"nig_indep",377,TRUE,536,-0.00611669270412064,0.270964155291105,0.125521587869666,0.901577931650821,0.264603095436707,1.27274316424083,0,0.766120818350606,0.88473153412171,0.762484752146493,0.0360725457529968,0.325262924164915,0,1.34757291216265,0,"CV_done",TRUE,1249,TRUE
10,"nig_indep",378,TRUE,434,0.0367814271462726,0.339126193760608,0.119377274602782,0.956548399248859,0.272061529376275,1.07804372780571,0,0.52763993915819,0.872780220190436,0.7288847453237,0.0285708976194479,0.406947495234898,0,3.80126853512393,0,"CV_done",TRUE,1091,TRUE
10,"nig_indep",379,TRUE,309,-0.0570647589248676,0.198771260852026,0.121954463947726,0.931159171107181,0.345343678417347,1.09161923255824,0,0.381715464395055,0.88229073781169,0.562875932931281,0.0292247460866951,0.545216994264926,0,2.25926811443987,0,"CV_done",TRUE,821,TRUE
10,"nig_indep",380,TRUE,381,-0.0678466263521185,0.40602402580047,0.0877377613547332,0.761653896995835,0.230797684176437,1.02024841748177,0,0.509725671449045,0.820989396394157,0.564148431258747,0.0170752034433158,0.398790622046915,0,20.120877489845,0,"CV_done",TRUE,880,TRUE
10,"nig_indep",381,TRUE,355,-0.249193365402031,0.258034991931373,0.0557650141895847,0.671353686862449,0.604665724144979,1.03555907309359,0,0.355163859913,0.657995187387535,0.617422899817348,0.0149352017901777,0.325691320897245,0,3.96719374542987,0,"CV_done",TRUE,801,TRUE
10,"nig_indep",382,TRUE,377,-0.199905938215792,0.378779297973639,0.0692036139333736,0.640284364876244,0.34867835600073,0.891613334417566,0,0.225842291188157,0.771168027927521,0.765042064894335,0.0343438477569423,0.324590285217038,0,14.9042534612947,0,"CV_done",TRUE,685,TRUE
10,"nig_indep",383,TRUE,356,-0.134030520933591,0.168234221076574,0.136268156612698,0.839833614674707,0.418082480085896,1.0682202160095,0,0.392899852555492,0.967499055417359,0.839022144873867,0.0492494286029882,0.401623612303795,0,3.79814201560285,0,"CV_done",TRUE,817,TRUE
10,"nig_indep",384,TRUE,276,-0.130887722838898,0.100496112007707,0.144308720000515,0.690386674426189,0.196692624532689,1.18695495372031,0,0.0847540116097261,1.18188721608392,0.683288365103284,0.0544819186515766,0.316969505466829,0,2.82301128294733,0,"CV_done",TRUE,812,TRUE
10,"nig_indep",385,TRUE,188,-0.159585813569903,0.418447540952246,0.123407279398165,0.505772059108634,0.147083274258874,0.994363043964726,0,0.173259827075415,0.950128440933532,0.484768393623507,0.0310949109761412,0.360998160815421,0,5.50619813087914,0,"CV_done",TRUE,708,FALSE
10,"nig_indep",386,TRUE,233,-0.384614593829225,0.554165519113879,0.0960703296313793,0.441855224044758,0.433016152593535,1.03378741259607,0,0.141571751939747,0.716102318770236,0.664004841982695,0.0292301656125844,0.351854466333102,0,5.47719025588974,0,"CV_done",TRUE,475,FALSE
10,"nig_indep",44,TRUE,168,-0.0336917785269298,0.195325828102393,0.353042184821346,1.79993139306902,0.25034489236308,0.775881712774434,0,1.89615307234185,1.8780144250142,1.49580236330372,0.0919726811437079,0.710225638689218,0,8.32944676352872,0,"CV_done",TRUE,1193,TRUE
10,"nig_indep",45,TRUE,490,-0.0106039428319094,0.31275440052027,0.156373480462908,1.54094772436133,0.138795340700191,0.543186733393375,0,1.57167937410258,1.39748268225994,0.7733630798863,0.0611345470132727,0.355817747913879,0,6.2538364366028,0,"CV_done",TRUE,1420,TRUE
10,"nig_indep",46,TRUE,483,-0.0382299605262371,0.458953197745923,0.187904254250125,0.611763067687779,0.250353243794059,0.931934173024631,0,0.627362111663731,0.755050988018233,0.560333061145022,0.0417496954923337,0.319205473536883,0,2.26412493758731,0,"CV_done",TRUE,1477,TRUE
10,"nig_indep",47,TRUE,654,-0.074604720099884,0.452851504600478,0.185146205574294,0.52451349382409,0.236053825392881,0.605851053899709,0,-0.170190593087246,0.736127290052258,0.389497575928351,0.0336579685744313,0.299986671235258,0,2.14086403780513,0,"CV_done",TRUE,1536,TRUE
10,"nig_indep",48,TRUE,707,0.0271625358273751,0.968315749773012,0.154362025423142,0.47715878596283,0.362458381990221,0.96449921249911,0,-0.166542898662075,0.347125716094698,0.15064938847623,0.0361446900276071,0.330945438129522,0,2.73350173835677,0,"CV_done",TRUE,1752,TRUE
10,"nig_indep",49,TRUE,414,-0.0522066661663317,0.559572034133529,0.171110690448856,0.550151016694882,0.161584508048032,1.03210747514306,0,-0.153329743425494,0.759409022839162,0.259144454745043,0.0398022672020607,0.349609315325574,0,4.22258353461546,0,"CV_done",TRUE,1045,FALSE
10,"nig_indep",54,TRUE,359,-0.0172037620657318,-0.0204709112366713,1.06431439865418,3.06956463698327,0.0161589310964751,0.224340887454482,0,2.37136983831671,1.30776564381372,1.42891242128638,0.148758721906265,0.570097187290729,0,1.10026590995767,0,"CV_done",TRUE,1870,TRUE
10,"nig_indep",55,TRUE,871,-0.0024143980904618,-0.00621721604822092,0.597896386101416,1.65498768904881,0.011138608078899,0.0536808446835338,0,1.02476765043693,1.40361403270298,0.844293666419965,0.0515216558329769,0.386795108740068,0,1.52664608534563,0,"CV_done",TRUE,2450,TRUE
10,"nig_indep",56,TRUE,668,-0.0132120547005138,0.0695757532975451,0.167557467594155,0.749591754663505,0.141325098773415,0.798127229841815,0,1.66211941577873,1.01656523154327,0.765218291859687,0.0245295151025414,0.221306705448524,0,4.30456690951906,0,"CV_done",TRUE,2056,FALSE
10,"nig_indep",57,TRUE,257,0.0458818128325169,0.520119695061459,0.130732305383892,0.59336953247797,0.219354195100934,1.42074716893502,0,-0.541029324328837,0.979792436092963,1.31452387715522,0.0615108465435189,0.29253926335773,0,2.15561707847648,0,"CV_done",TRUE,1293,TRUE
10,"nig_indep",59,TRUE,323,-0.213702230737223,0.199473901947884,0.195878111467232,1.53354208127026,0.518661100004712,0.650612907052768,0,0.815890635675006,0.712873243058635,2.30183564590486,0.0560351044963059,0.438925779499561,0,2.12411367409759,0,"CV_done",TRUE,1046,TRUE
10,"nig_indep",67,TRUE,688,-0.45403455610259,-0.170750765792502,0.139635035973888,2.0266822145741,0.66255125330377,1.04396067060539,0,0.760634803863876,0.52449823993971,2.15009452173369,0.0783611227510985,0.812075044205964,0,6.27462510049343,0,"CV_done",TRUE,1480,TRUE
10,"nig_indep",68,TRUE,1145,-0.0824378193230347,-0.16255369910091,0.277286105901113,2.03550702463996,0.100837345023977,1.4846806516223,0,1.48438432160328,1.44465493933029,1.38002587276561,0.0857570070952336,0.769086227766173,0,2.02303150276343,0,"CV_done",TRUE,2656,TRUE
10,"nig_indep",69,TRUE,631,-0.0236810783929269,0.455278118243745,0.24436932241623,2.10760176830573,0.102786794732386,2.14617598271038,0,2.38163349430682,0.989970657924907,1.76757617522835,0.0747171456699291,0.563815873611595,0,3.97482346874144,0,"CV_done",TRUE,2164,FALSE
10,"nig_indep",70,TRUE,395,0.0456714737686097,0.443535310395128,0.182442934652513,1.20676507410069,0.322557560957507,1.50274610417863,0,1.13333300258793,1.03046693578919,1.35123865790661,0.0425710635763482,0.390754498983933,0,21.7855076044136,0,"CV_done",TRUE,1612,TRUE
10,"nig_indep",71,TRUE,389,-0.003239616671766,0.238378157280205,0.171721015180945,0.76649696451614,0.570274874727057,0.898574207611496,0,0.954852390381369,0.849557143789124,0.709832540583424,0.0493061745464283,0.442806780551431,0,10.0798041658931,0,"CV_done",TRUE,1736,TRUE
10,"nig_indep",72,TRUE,713,-0.0173466075151233,0.225706151624988,0.178196961690297,0.734026860549562,0.339463153117147,0.910810932475805,0,0.869995013383498,0.599319103183318,0.404430101134799,0.0489349579618608,0.405285094674623,0,3.9374200647959,0,"CV_done",TRUE,2042,FALSE
10,"nig_indep",73,TRUE,410,0.00971082894723901,-0.115910558685875,0.203926525854583,0.920929916411635,0.347880385507023,1.00074512309231,0,0.964108027545225,0.365012491113615,0.180752820247546,0.0651095996662535,0.403492557200001,0,3.99346963581112,0,"CV_done",TRUE,1864,FALSE
10,"nig_indep",74,TRUE,562,0.0157273446873393,0.858079584125354,0.183636808089849,0.701266147673354,0.460076548501276,1.28228976646973,0,0.590762418901412,0.547403569318346,0.137710572393117,0.0714660497155744,0.42626735997478,0,12.7264655445019,0,"CV_done",TRUE,1790,TRUE
10,"nig_indep",79,TRUE,495,-0.0258926729104455,0.292426184055337,0.700687920612827,2.24419846030814,0.0262081276312096,0.587822648490428,0,1.26754770185323,1.12367602604086,1.37942243016508,0.199165129859493,1.0155248952965,0,12.1951482534409,0,"CV_done",TRUE,660,TRUE
10,"nig_indep",80,TRUE,509,-0.0641922890996681,-0.087042552051571,0.863707083623344,2.14756047344738,0.0571935090068361,0.373891264547688,0,2.19705156830867,2.28092898708708,1.2762152273932,0.177917896260162,0.812390581467175,0,6.42982201178869,0,"CV_done",TRUE,615,TRUE
10,"nig_indep",81,TRUE,408,-0.0104028852815776,-0.0467974400273745,0.7920956607024,3.01859802493232,0.0201598107258103,0.241078478599275,0,3.69344621574792,1.69658097544871,0.875679716396817,0.0638087488384202,0.408611352947763,0,3.18340093427234,0,"CV_done",TRUE,1530,TRUE
10,"nig_indep",82,TRUE,441,-0.00192475427453453,0.361516628950547,0.191638893764946,0.901828015288979,0.315057828056599,1.02911889319843,0,2.4033878863499,1.3632089865025,0.783506483449315,0.0365927317673712,0.248283063576053,0,3.98506795601988,0,"CV_done",TRUE,1830,FALSE
10,"nig_indep",83,TRUE,579,-0.0778515559289346,0.270679692172833,0.146642451828898,0.589124839967028,1.01680104678183,0.737716616673948,0,1.48807019014787,0.451840170789085,0.75507074485457,0.0461564348174064,0.260444506367604,0,19.1299447548389,0,"CV_done",TRUE,1783,TRUE
10,"nig_indep",84,TRUE,816,0.00860617216951767,0.541997574464851,0.202861851755613,0.745558645046859,0.427867089699424,1.47132958592412,0,-0.515768565428064,1.45745552194077,2.27202506588757,0.107736304891622,0.329066969248728,0,12.8369047920571,0,"CV_done",TRUE,1739,TRUE
10,"nig_indep",85,TRUE,908,-0.43253396158322,0.571317417793101,0.237183414481876,0.827182492527113,1.79635383361683,0.812779219595281,0,-0.589679900192898,1.84005368946208,1.87810296536204,0.108796063841144,0.38250920561598,0,1.99803999827968,0,"CV_done",TRUE,1550,TRUE
10,"nig_indep",86,TRUE,616,-0.0837781919587033,0.135547246530545,0.223619697786686,1.52818434787601,0.34023882026615,0.586575745312156,0,0.697834964231175,1.0227842354008,3.80004607242662,0.0525667601988928,0.43790543288896,0,3.34165752442623,0,"CV_done",TRUE,1046,FALSE
10,"nig_indep",87,TRUE,101,-0.00932326441432625,0.0211678837661963,0.159971215175584,0.68323417931064,0.514378852026105,0.510179491890239,0,0.12369502350995,0.58283296036484,0.3026316008184,0.0422966632535335,0.45713188560637,0,1.55752925475438,0,"CV_done",TRUE,192,TRUE
10,"nig_indep",95,TRUE,617,-0.0477604324457505,-0.0150958408159689,0.159686220189187,1.34472411456877,0.0704434628844944,0.566405490819552,0,0.130706375828959,0.307897153265893,1.55047829210787,0.0523889722660826,0.600806768309448,0,3.72841092435574,0,"CV_done",TRUE,2645,FALSE
10,"nig_indep",96,TRUE,1009,-0.0293039632699325,-0.139730394572492,0.185318863663398,1.60181050873085,0.0422764462733369,1.0769806370493,0,0.958649476989099,0.579209634869934,1.46012350321929,0.0618970257901337,0.635441307577907,0,1.70448502726025,0,"CV_done",TRUE,3466,TRUE
10,"nig_indep",97,TRUE,592,-0.0551956600905727,0.301959747439906,0.173549224800278,2.07293323873172,0.135435610966541,1.21019565108247,0,2.32973079850428,0.769236106555536,1.48834836567586,0.0828282859791342,0.656743938758695,0,1.86029699577226,0,"CV_done",TRUE,2322,TRUE
10,"nig_indep",98,TRUE,450,-0.16393428566413,0.434405247336011,0.138372619457962,1.10790605654459,0.955352542915101,1.70626764754137,0,0.832785116176593,0.848075715967843,1.65840103660756,0.0602895289266041,0.572498846955228,0,3.63253480386127,0,"CV_done",TRUE,1541,FALSE
10,"nig_indep",99,TRUE,319,-0.255678345532001,0.663713773561771,0.16397782209075,0.970772210865171,1.04011930997889,1.06837810692167,0,1.0831051599144,0.328990095834733,1.68612166393996,0.0576026293769929,0.443033590781154,0,3.87442130483411,0,"CV_done",TRUE,1288,FALSE
NA,"gauss_indep",174,FALSE,154,NA,NA,0.598263769356752,1.11662739279882,NA,NA,0,-1.24628683198201,0.610550262952048,0.36735808769514,0.446039981441898,0.854842791672823,0,2.17839991172155,3.42,"CV_done",TRUE,903,FALSE
NA,"nig_cor",174,FALSE,154,-0.0937554804649325,-0.462853869840708,0.739999041406929,1.03702362595911,0.218169304595803,0.415213883029581,0,-1.06823905857169,0.881919482786257,0.412887538928886,0.357184452396271,0.728441390814638,-0.461718240426134,1.16061759981568,20.08,"CV_done",TRUE,903,FALSE
NA,"nig_indep",174,FALSE,154,-0.0519972676330223,-0.645092948425145,0.767563810216499,1.25834364693129,0.231719316379701,0.555630510224245,0,-1.88636107139356,0.764276086187769,0.416495644015268,0.352714348658777,0.755704314002994,0,1.05723792506589,20.33,"CV_done",TRUE,903,FALSE
